<dcds:descriptionSet xmlns:dcds="http://purl.org/dc/xmlns/2008/09/01/dc-ds-xml/" xmlns:xsi="http://www.w3.org/2001/XMLSchema-instance" xsi:schemaLocation="http://purl.org/dc/xmlns/2008/09/01/dc-ds-xml/ http://dublincore.org/schemas/xmls/2008/09/01/dc-ds-xml/dcds.xsd">
  <dcds:description dcds:resourceURI="http://orgprints.org/id/eprint/17449">
    <dcds:statement dcds:valueURI="http://voa3r.eu/class/Resource" dcds:propertyURI="http://www.w3.org/1999/02/22-rdf-syntax-ns#type" />
    <dcds:statement dcds:propertyURI="http://purl.org/dc/terms/title">
      <dcds:literalValueString xml:lang="de">Zertifizierung von Außer-Haus-Verpflegung - Offizielle Statements und Untersuchungsdaten einiger europäischer Zertifizierungsstellen</dcds:literalValueString>
    </dcds:statement>
    <dcds:statement dcds:propertyURI="http://purl.org/dc/terms/language" dcds:vesURI="http://purl.org/dc/terms/RFC5646">
      <dcds:valueString>de</dcds:valueString>
    </dcds:statement>
    <dcds:statement dcds:propertyURI="http://purl.org/dc/terms/abstract">
      <dcds:literalValueString xml:lang="de">Die neue EG-Öko-Regulierung wurde am 1. Januar 2009 wirksam. Sie schließt Außer-Haus-Verpflegung explizit aus (Kommissionsregulierung (EG) No 889/2008 vom 5. September). In der Folge befasst sich jeder Mitgliedstaat individuell mit dieser Thematik und entwickelt private Standards, regionale oder nationale Richtlinien für die Bio-Zertifizierung der Großküchen und Gastronomie. Dieser Überblick präsentiert die Situation in den iPOPY Ländern, Norwegen, Finnland, Dänemark und Italien, in denen Öko-Kontrollstellen um Information über ihre Systeme und Strategien zu diesem Sektor gebeten wurden. Die Studie offenbart sehr verschiedene Lösungswege, sich mit der "Nichtregulierung" zu befassen. In Norwegen werden die vielen Einheiten durch die einzelne nationale Kontrollstelle zertifiziert. In Finnland bezieht sich die finnische Nahrungsmittelsicherheitsorganisation auf das sog. "Step-by-step“ Programm, aber es wird betont, dass es keine offizielle Regulierung gibt. In Dänemark wurde im Januar 2009 ein Modell mit den Kategorien "Gold-Silber-Bronze" eingeführt. In Italien liegt der Fokus derzeit nicht auf der Zertifizierung, aber es gibt einige Bestrebungen, um Richtlinien dafür zu entwickeln. Die unterschiedlichen Landesbedingungen, die in diesem Sektor bestehen, macht verständlich, warum Länder individuelle Strategien entwickeln. Dennoch gibt es einige Punkte, z.B. Komponentenangebot oder Rohstoffaustausch, die über die Länder hinweg ähnlich sind.</dcds:literalValueString>
    </dcds:statement>
    <dcds:statement dcds:propertyURI="http://purl.org/dc/terms/bibliographicCitation" dcds:vesURI="http://www.openurl.info/registry/">
      <dcds:valueString dcds:sesURI="http://voa3r.eu/terms/EncodedSchema">BibTeX:@inproceedings{orgprints17449,
           title = {Zertifizierung von Au{\ss}er-Haus-Verpflegung - Offizielle Statements und Untersuchungsdaten einiger europ{\"a}ischer Zertifizierungsstellen},
          author = {Carola Strassner and Melanie Lukas},
            year = {2011},
        keywords = {Bio-Zertifizierung, Au{\ss}er-Haus-Verpflegung, Europa, iPOPY},
             url = {http://orgprints.org/17449/},
        abstract = {Die neue EG-{\"O}ko-Regulierung wurde am 1. Januar 2009 wirksam. Sie schlie{\ss}t Au{\ss}er-Haus-Verpflegung explizit aus (Kommissionsregulierung (EG) No 889/2008 vom 5. September). In der Folge befasst sich jeder Mitgliedstaat individuell mit dieser Thematik und entwickelt private Standards, regionale oder nationale Richtlinien f{\"u}r die Bio-Zertifizierung der Gro{\ss}k{\"u}chen und Gastronomie. Dieser {\"U}berblick pr{\"a}sentiert die Situation in den iPOPY L{\"a}ndern, Norwegen, Finnland, D{\"a}nemark und Italien, in denen {\"O}ko-Kontrollstellen um Information {\"u}ber ihre Systeme und Strategien zu diesem Sektor gebeten wurden. Die Studie offenbart sehr verschiedene L{\"o}sungswege, sich mit der "Nichtregulierung" zu befassen. In Norwegen werden die vielen Einheiten durch die einzelne nationale Kontrollstelle zertifiziert. In Finnland bezieht sich die finnische Nahrungsmittelsicherheitsorganisation auf das sog. "Step-by-step? Programm, aber es wird betont, dass es keine offizielle Regulierung gibt. In D{\"a}nemark wurde im Januar 2009 ein Modell mit den Kategorien "Gold-Silber-Bronze" eingef{\"u}hrt. In Italien liegt der Fokus derzeit nicht auf der Zertifizierung, aber es gibt einige Bestrebungen, um Richtlinien daf{\"u}r zu entwickeln. Die unterschiedlichen Landesbedingungen, die in diesem Sektor bestehen, macht verst{\"a}ndlich, warum L{\"a}nder individuelle Strategien entwickeln. Dennoch gibt es einige Punkte, z.B. Komponentenangebot oder Rohstoffaustausch, die {\"u}ber die L{\"a}nder hinweg {\"a}hnlich sind. }
}</dcds:valueString>
    </dcds:statement>
    <dcds:statement dcds:propertyURI="http://purl.org/dc/terms/type" dcds:vesURI="http://voa3r.eu/terms/ResourceType">
      <dcds:valueString>Conference Contribution</dcds:valueString>
    </dcds:statement>
    <dcds:statement dcds:propertyURI="http://voa3r.eu/terms/reviewStatus" dcds:vesURI="http://voa3r.eu/terms/ReviewStatus">
      <dcds:valueString>Peer Reviewed</dcds:valueString>
    </dcds:statement>
    <dcds:statement dcds:propertyURI="http://voa3r.eu/terms/publicationStatus" dcds:vesURI="http://voa3r.eu/terms/PublicationStatus">
      <dcds:valueString>Published</dcds:valueString>
    </dcds:statement>
    <dcds:statement dcds:propertyURI="http://purl.org/dc/terms/creator" dcds:valueRef="creator1" />
    <dcds:statement dcds:propertyURI="http://purl.org/dc/terms/creator" dcds:valueRef="creator2" />
    <dcds:statement dcds:propertyURI="http://purl.org/dc/terms/subject">
      <dcds:valueString xml:lang="en">Regulation</dcds:valueString>
    </dcds:statement>
    <dcds:statement dcds:valueURI="http://orgprints.org/17449/" dcds:propertyURI="http://www.europeana.eu/schemas/ese/isShownAt" />
    <dcds:statement dcds:valueURI="http://orgprints.org/17449/3/Strassner_17449.pdf" dcds:propertyURI="http://www.europeana.eu/schemas/ese/isShownBy" />
    <dcds:statement dcds:propertyURI="http://purl.org/dc/terms/rights">
      <dcds:literalValueString xml:lang="en">ICROFS rights: All of the entries, statements, results etc. contained in the Organic Eprints archive have been compiled by the authors according to their best knowledge and the metadata have been scrupulously checked by the International Centre for Research in Organic Food Systems (ICROFS) and the Research Institute of Organic Agriculture (FiBL). All depositors of eprints have agreed with the Deposit Agreement below. However, the possibility of mistakes can not be ruled out entirely. Therefore, the responsible partners behind Organic Eprints, the archive staff and the depositors are not subject to any obligation and make no guarantees whatsoever regarding any of the statements etc. on this website; neither do they accept responsibility or liability for any possible mistakes contained therein. The links to other websites on the Organic Eprints pages are for informational purposes only. ICROFS, FiBL and the depositors are not responsible for the availability or content of these sites. In addition, providing links to these sites should not be interpreted as endorsement or approval by ICROFS or FiBL.
Deposit Agreement
When depositing an eprint the depositors consents with the following agreement: "In depositing this eprint (a collection of files and associated metadata), I grant Organic Eprints the right to make it permanently available on-line, with open access to all or in accordance with any access restrictions that I have specified. I understand that Organic Eprints does not assume any responsibility if there is any breach of copyright in distributing these files or metadata. For work being deposited by its own first author: I declare that this eprint is my own intellectual property and that I have the right to make it available in Organic Eprints in the manner chosen. For work being deposited by someone other than its first author: I declare that I have gained the proper permissions from someone with the right to make this eprint available in Organic Eprints in the manner chosen - or that the material is in the public domain. Clicking on the deposit button indicates your agreement to these terms."</dcds:literalValueString>
    </dcds:statement>
    <dcds:statement dcds:valueURI="http://purl.org/eprint/accessRights/OpenAccess" dcds:propertyURI="http://purl.org/dc/terms/accessRights" />
    <dcds:statement dcds:propertyURI="http://purl.org/dc/terms/date">
      <dcds:literalValueString dcds:sesURI="http://purl.org/dc/terms/W3CDTF">2011</dcds:literalValueString>
    </dcds:statement>
    <dcds:statement dcds:propertyURI="http://voa3r.eu/terms/hasMetametadata" dcds:valueRef="metametadata" />
  </dcds:description>
  <dcds:description dcds:resourceId="creator1">
    <dcds:statement dcds:valueURI="http://xmlns.com/foaf/0.1/Agent" dcds:propertyURI="http://www.w3.org/1999/02/22-rdf-syntax-ns#type" />
    <dcds:statement dcds:valueURI="http://xmlns.com/foaf/0.1/Person" dcds:propertyURI="http://purl.org/dc/terms/type" />
    <dcds:statement dcds:propertyURI="http://xmlns.com/foaf/0.1/givenName">
      <dcds:literalValueString>Carola</dcds:literalValueString>
    </dcds:statement>
    <dcds:statement dcds:propertyURI="http://xmlns.com/foaf/0.1/firstName">
      <dcds:literalValueString>Carola</dcds:literalValueString>
    </dcds:statement>
    <dcds:statement dcds:propertyURI="http://xmlns.com/foaf/0.1/familyName">
      <dcds:literalValueString>Strassner</dcds:literalValueString>
    </dcds:statement>
    <dcds:statement dcds:propertyURI="http://xmlns.com/foaf/0.1/lastName">
      <dcds:literalValueString>Strassner</dcds:literalValueString>
    </dcds:statement>
    <dcds:statement dcds:valueURI="mailto:strassner@fh-muenster.de" dcds:propertyURI="http://xmlns.com/foaf/0.1/mbox" />
  </dcds:description>
  <dcds:description dcds:resourceId="creator2">
    <dcds:statement dcds:valueURI="http://xmlns.com/foaf/0.1/Agent" dcds:propertyURI="http://www.w3.org/1999/02/22-rdf-syntax-ns#type" />
    <dcds:statement dcds:valueURI="http://xmlns.com/foaf/0.1/Person" dcds:propertyURI="http://purl.org/dc/terms/type" />
    <dcds:statement dcds:propertyURI="http://xmlns.com/foaf/0.1/givenName">
      <dcds:literalValueString>Melanie</dcds:literalValueString>
    </dcds:statement>
    <dcds:statement dcds:propertyURI="http://xmlns.com/foaf/0.1/firstName">
      <dcds:literalValueString>Melanie</dcds:literalValueString>
    </dcds:statement>
    <dcds:statement dcds:propertyURI="http://xmlns.com/foaf/0.1/familyName">
      <dcds:literalValueString>Lukas</dcds:literalValueString>
    </dcds:statement>
    <dcds:statement dcds:propertyURI="http://xmlns.com/foaf/0.1/lastName">
      <dcds:literalValueString>Lukas</dcds:literalValueString>
    </dcds:statement>
    <dcds:statement dcds:valueURI="mailto:melanie.lukas@fh-muenster.de" dcds:propertyURI="http://xmlns.com/foaf/0.1/mbox" />
  </dcds:description>
  <dcds:description dcds:resourceId="metametadata">
    <dcds:statement dcds:valueURI="http://voa3r.eu/class/MetaMetadata" dcds:propertyURI="http://www.w3.org/1999/02/22-rdf-syntax-ns#type" />
    <dcds:statement dcds:propertyURI="http://purl.org/dc/terms/identifier">
      <dcds:valueString>oai:orgprints.org:17449</dcds:valueString>
    </dcds:statement>
    <dcds:statement dcds:propertyURI="http://purl.org/dc/terms/type">
      <dcds:literalValueString>voa3r_dcds v1.0</dcds:literalValueString>
    </dcds:statement>
    <dcds:statement dcds:propertyURI="http://purl.org/dc/terms/date">
      <dcds:literalValueString dcds:sesURI="http://purl.org/dc/terms/W3CDTF">2015-09-08</dcds:literalValueString>
    </dcds:statement>
    <dcds:statement dcds:propertyURI="http://purl.org/dc/terms/contributor" dcds:valueRef="metacontributor" />
  </dcds:description>
  <dcds:description dcds:resourceId="metacontributor">
    <dcds:statement dcds:valueURI="http://xmlns.com/foaf/0.1/Agent" dcds:propertyURI="http://www.w3.org/1999/02/22-rdf-syntax-ns#type" />
    <dcds:statement dcds:valueURI="http://xmlns.com/foaf/0.1/Organization" dcds:propertyURI="http://purl.org/dc/terms/type" />
    <dcds:statement dcds:propertyURI="http://xmlns.com/foaf/0.1/name">
      <dcds:literalValueString xml:lang="en">Organic eprints</dcds:literalValueString>
    </dcds:statement>
    <dcds:statement dcds:valueURI="mailto:eprints@orgprints.org" dcds:propertyURI="http://xmlns.com/foaf/0.1/mbox" />
  </dcds:description>
</dcds:descriptionSet>