<dcds:descriptionSet xmlns:dcds="http://purl.org/dc/xmlns/2008/09/01/dc-ds-xml/" xmlns:xsi="http://www.w3.org/2001/XMLSchema-instance" xsi:schemaLocation="http://purl.org/dc/xmlns/2008/09/01/dc-ds-xml/ http://dublincore.org/schemas/xmls/2008/09/01/dc-ds-xml/dcds.xsd">
  <dcds:description dcds:resourceURI="http://orgprints.org/id/eprint/21738">
    <dcds:statement dcds:valueURI="http://voa3r.eu/class/Resource" dcds:propertyURI="http://www.w3.org/1999/02/22-rdf-syntax-ns#type" />
    <dcds:statement dcds:propertyURI="http://purl.org/dc/terms/title">
      <dcds:literalValueString xml:lang="pt">Limites e possibilidades do ensino de agroecologia: um estudo de caso sobre o currculo do curso tcnico agrcola da escola agrotcnica federal do Rio do Sul/SC.</dcds:literalValueString>
    </dcds:statement>
    <dcds:statement dcds:propertyURI="http://purl.org/dc/terms/language" dcds:vesURI="http://purl.org/dc/terms/RFC5646">
      <dcds:valueString>pt</dcds:valueString>
    </dcds:statement>
    <dcds:statement dcds:propertyURI="http://purl.org/dc/terms/abstract">
      <dcds:literalValueString xml:lang="pt">A presente dissertao discute os limites e as possibilidades do ensino em Agroecologia no Curso Tcnico Agrcola de uma escola agrotcnica federal em Santa Catarina. Observou-se que a discusso e a reflexo sobre Agroecologia vm trazendo para o ensino agrcola a crtica ao comprometimento deste com os projetos de desenvolvimento econmico do pas e uma preocupao com o atendimento  realidade do pequeno agricultor, propondo uma viso mais ampla para a agricultura. Esta discusso influenciou o surgimento de um discurso com vocabulrio crtico, que est presente nas mudanas propostas para a construo do currculo do ensino tcnico agrcola. Este discurso define diferentes operacionalizaes para a Agroecologia, visto que estas operacionalizaes resultam de diferentes concepes de Agroecologia Considerando que o currculo vai alm da simples insero de disciplinas, buscou-se entender o seu desenvolvimento a partir dos trabalhos propostos, da organizao curricular, da estrutura fisica da escola e do desenvolvimento das aulas. Desta maneira buscou-se apresentar como se inseriu e como tem sido operacionalizada a Agroecologia no currculo. Apesar de ter verificado importantes possibilidades para o desenvolvimento da Agroecologia como proposta para o ensino tcnico agrcola voltado aos interesses do pequeno agricultor, ainda se observam alguns limites. Estes limites se traduzem na constatao de que a insero da Agroecologia foi feita com o objetivo de satisfazer um interesse imediato da escola, ao invs de uma reflexo feita sobre sua concepo. Observou-se que h diferentes concepes de Agroecologia entre professores, tcnicos, funcionrios e alunos, o que se reflete na dificuldade de operacionaliz-la. Percebeu-se, no entanto, que predomina a concepo que enfatiza a dimenso tcnica! ambiental da Agroecologia, fazendo-se reproduzir "velhos" modelos pedaggicos que do nfase ao conhecimento tcnico na agricultura. O ltimo limite verificado foi a poltica educacional que se desenvolve atualmente. Esta poltica no abrange a preocupao com as reais necessidades do ensino agrcola destinado aos pequenos agricultores. Desta maneira, o discurso que levanta a possibilidade de se obter um ensino afinado s idias da Agroecologia, no qual se obtm uma viso mais ampla da agricultura, traduz-se em um enSInO que reproduz a "velha" nfase nas prticas, sem o aprofundamento terico necessrio para a construo desta viso mais ampla da Agroecologia.</dcds:literalValueString>
    </dcds:statement>
    <dcds:statement dcds:propertyURI="http://purl.org/dc/terms/bibliographicCitation" dcds:vesURI="http://www.openurl.info/registry/">
      <dcds:valueString dcds:sesURI="http://voa3r.eu/terms/EncodedSchema">BibTeX:@mastersthesis{orgprints21738,           title = {Limites e possibilidades do ensino de agroecologia: um estudo de caso sobre o curr{\'i}culo do curso t{\'e}cnico agr{\'i}cola da escola agrot{\'e}cnica federal do Rio do Sul/SC.},          school = {Universidade Federal do Rio Grande do Sul},          author = {Marcia Lie Ayukawa},         address = {Porto Alegre},            year = {2005},           pages = {1--164},        keywords = {Agroecologia, Ensino t{\'e}cnico agr{\'i}cola, Pequeno agricultor.&#xD;Agroecology, Agricultural technical education, Small farmer.&#xD;},             url = {http://orgprints.org/21738/},        abstract = {A presente disserta{\cc}{\~a}o discute os limites e as possibilidades do ensino em Agroecologia no Curso T{\'e}cnico Agr{\'i}cola de uma escola agrot{\'e}cnica federal em Santa Catarina. Observou-se que a discuss{\~a}o e a reflex{\~a}o sobre Agroecologia v{\^e}m trazendo para o ensino agr{\'i}cola a cr{\'i}tica ao comprometimento deste com os projetos de desenvolvimento econ{\^o}mico do pa{\'i}s e uma preocupa{\cc}{\~a}o com o atendimento {\`a} realidade do pequeno agricultor, propondo uma vis{\~a}o mais ampla para a agricultura. Esta discuss{\~a}o influenciou o surgimento de um discurso com vocabul{\'a}rio cr{\'i}tico, que est{\'a} presente nas mudan{\cc}as propostas para a constru{\cc}{\~a}o do curr{\'i}culo do ensino t{\'e}cnico agr{\'i}cola. Este ?discurso define diferentes operacionaliza{\cc}{\~o}es para a Agroecologia, visto que estas operacionaliza{\cc}{\~o}es resultam de diferentes concep{\cc}{\~o}es de Agroecologia Considerando que o curr{\'i}culo vai al{\'e}m da simples inser{\cc}{\~a}o de disciplinas, buscou-se entender o seu desenvolvimento a partir dos trabalhos propostos, da organiza{\cc}{\~a}o curricular, da estrutura fisica da escola e do desenvolvimento das aulas. Desta maneira buscou-se apresentar como se inseriu e como tem sido operacionalizada a Agroecologia no curr{\'i}culo. Apesar de ter verificado importantes possibilidades para o desenvolvimento da Agroecologia como proposta para o ensino t{\'e}cnico agr{\'i}cola voltado aos interesses do pequeno agricultor, ainda se observam alguns limites. Estes limites se traduzem na constata{\cc}{\~a}o de que a inser{\cc}{\~a}o da Agroecologia foi feita com o objetivo de satisfazer um interesse imediato da escola, ao inv{\'e}s de uma reflex{\~a}o feita sobre sua concep{\cc}{\~a}o. Observou-se que h{\'a} diferentes concep{\cc}{\~o}es de Agroecologia entre professores, t{\'e}cnicos, funcion{\'a}rios e alunos, o que se reflete na dificuldade de operacionaliz{\'a}-la. Percebeu-se, no entanto, que predomina a concep{\cc}{\~a}o que enfatiza a dimens{\~a}o t{\'e}cnica! ambiental da Agroecologia, fazendo-se reproduzir "velhos" modelos pedag{\'o}gicos que d{\~a}o {\^e}nfase ao conhecimento t{\'e}cnico na agricultura. O {\'u}ltimo limite verificado foi a pol{\'i}tica educacional que se desenvolve atualmente. Esta pol{\'i}tica n{\~a}o abrange a preocupa{\cc}{\~a}o com as reais necessidades do ensino agr{\'i}cola destinado aos pequenos agricultores. Desta maneira, o discurso que levanta a possibilidade de se obter um ensino afinado {\`a}s id{\'e}ias da Agroecologia, no qual se obt{\'e}m uma vis{\~a}o mais ampla da agricultura, traduz-se em um enSInO que reproduz a "velha" {\^e}nfase nas pr{\'a}ticas, sem o aprofundamento te{\'o}rico necess{\'a}rio para a constru{\cc}{\~a}o desta vis{\~a}o mais ampla da Agroecologia.}}</dcds:valueString>
    </dcds:statement>
    <dcds:statement dcds:propertyURI="http://purl.org/dc/terms/type" dcds:vesURI="http://voa3r.eu/terms/ResourceType">
      <dcds:valueString>Thesis</dcds:valueString>
    </dcds:statement>
    <dcds:statement dcds:propertyURI="http://voa3r.eu/terms/reviewStatus" dcds:vesURI="http://voa3r.eu/terms/ReviewStatus">
      <dcds:valueString>NonReviewed</dcds:valueString>
    </dcds:statement>
    <dcds:statement dcds:propertyURI="http://voa3r.eu/terms/publicationStatus" dcds:vesURI="http://voa3r.eu/terms/PublicationStatus">
      <dcds:valueString>Published</dcds:valueString>
    </dcds:statement>
    <dcds:statement dcds:propertyURI="http://purl.org/dc/terms/creator" dcds:valueRef="creator1" />
    <dcds:statement dcds:propertyURI="http://purl.org/dc/terms/subject">
      <dcds:valueString xml:lang="en">Farm economics</dcds:valueString>
    </dcds:statement>
    <dcds:statement dcds:propertyURI="http://purl.org/dc/terms/subject">
      <dcds:valueString xml:lang="en">Social aspects</dcds:valueString>
    </dcds:statement>
    <dcds:statement dcds:propertyURI="http://purl.org/dc/terms/subject">
      <dcds:valueString xml:lang="en">Crop health, quality, protection</dcds:valueString>
    </dcds:statement>
    <dcds:statement dcds:propertyURI="http://purl.org/dc/terms/subject">
      <dcds:valueString xml:lang="en">Post harvest management and techniques</dcds:valueString>
    </dcds:statement>
    <dcds:statement dcds:valueURI="http://aims.fao.org/aos/agrovoc/c_92381" dcds:propertyURI="http://purl.org/dc/terms/subject">
      <dcds:valueString xml:lang="en">agroecology</dcds:valueString>
    </dcds:statement>
    <dcds:statement dcds:valueURI="http://aims.fao.org/aos/agrovoc/c_7113" dcds:propertyURI="http://purl.org/dc/terms/subject">
      <dcds:valueString xml:lang="en">small farms</dcds:valueString>
    </dcds:statement>
    <dcds:statement dcds:valueURI="http://aims.fao.org/aos/agrovoc/c_14343" dcds:propertyURI="http://purl.org/dc/terms/subject">
      <dcds:valueString xml:lang="en">smallholders</dcds:valueString>
    </dcds:statement>
    <dcds:statement dcds:valueURI="http://aims.fao.org/aos/agrovoc/c_28774" dcds:propertyURI="http://purl.org/dc/terms/subject">
      <dcds:valueString xml:lang="en">Technical colleges</dcds:valueString>
    </dcds:statement>
    <dcds:statement dcds:valueURI="http://orgprints.org/21738/" dcds:propertyURI="http://www.europeana.eu/schemas/ese/isShownAt" />
    <dcds:statement dcds:propertyURI="http://purl.org/dc/terms/rights">
      <dcds:literalValueString xml:lang="en">ICROFS rights: All of the entries, statements, results etc. contained in the Organic Eprints archive have been compiled by the authors according to their best knowledge and the metadata have been scrupulously checked by the International Centre for Research in Organic Food Systems (ICROFS) and the Research Institute of Organic Agriculture (FiBL). All depositors of eprints have agreed with the Deposit Agreement below. However, the possibility of mistakes can not be ruled out entirely. Therefore, the responsible partners behind Organic Eprints, the archive staff and the depositors are not subject to any obligation and make no guarantees whatsoever regarding any of the statements etc. on this website; neither do they accept responsibility or liability for any possible mistakes contained therein. The links to other websites on the Organic Eprints pages are for informational purposes only. ICROFS, FiBL and the depositors are not responsible for the availability or content of these sites. In addition, providing links to these sites should not be interpreted as endorsement or approval by ICROFS or FiBL.Deposit AgreementWhen depositing an eprint the depositors consents with the following agreement: "In depositing this eprint (a collection of files and associated metadata), I grant Organic Eprints the right to make it permanently available on-line, with open access to all or in accordance with any access restrictions that I have specified. I understand that Organic Eprints does not assume any responsibility if there is any breach of copyright in distributing these files or metadata. For work being deposited by its own first author: I declare that this eprint is my own intellectual property and that I have the right to make it available in Organic Eprints in the manner chosen. For work being deposited by someone other than its first author: I declare that I have gained the proper permissions from someone with the right to make this eprint available in Organic Eprints in the manner chosen - or that the material is in the public domain. Clicking on the deposit button indicates your agreement to these terms."</dcds:literalValueString>
    </dcds:statement>
    <dcds:statement dcds:valueURI="http://purl.org/eprint/accessRights/OpenAccess" dcds:propertyURI="http://purl.org/dc/terms/accessRights" />
    <dcds:statement dcds:propertyURI="http://purl.org/dc/terms/date">
      <dcds:literalValueString dcds:sesURI="http://purl.org/dc/terms/W3CDTF">2005</dcds:literalValueString>
    </dcds:statement>
    <dcds:statement dcds:propertyURI="http://voa3r.eu/terms/hasMetametadata" dcds:valueRef="metametadata" />
  </dcds:description>
  <dcds:description dcds:resourceId="creator1">
    <dcds:statement dcds:valueURI="http://xmlns.com/foaf/0.1/Agent" dcds:propertyURI="http://www.w3.org/1999/02/22-rdf-syntax-ns#type" />
    <dcds:statement dcds:valueURI="http://xmlns.com/foaf/0.1/Person" dcds:propertyURI="http://purl.org/dc/terms/type" />
    <dcds:statement dcds:propertyURI="http://xmlns.com/foaf/0.1/givenName">
      <dcds:literalValueString>Marcia Lie</dcds:literalValueString>
    </dcds:statement>
    <dcds:statement dcds:propertyURI="http://xmlns.com/foaf/0.1/firstName">
      <dcds:literalValueString>Marcia Lie</dcds:literalValueString>
    </dcds:statement>
    <dcds:statement dcds:propertyURI="http://xmlns.com/foaf/0.1/familyName">
      <dcds:literalValueString>Ayukawa</dcds:literalValueString>
    </dcds:statement>
    <dcds:statement dcds:propertyURI="http://xmlns.com/foaf/0.1/lastName">
      <dcds:literalValueString>Ayukawa</dcds:literalValueString>
    </dcds:statement>
  </dcds:description>
  <dcds:description dcds:resourceId="metametadata">
    <dcds:statement dcds:valueURI="http://voa3r.eu/class/MetaMetadata" dcds:propertyURI="http://www.w3.org/1999/02/22-rdf-syntax-ns#type" />
    <dcds:statement dcds:propertyURI="http://purl.org/dc/terms/identifier">
      <dcds:valueString>oai:orgprints.org:21738</dcds:valueString>
    </dcds:statement>
    <dcds:statement dcds:propertyURI="http://purl.org/dc/terms/type">
      <dcds:literalValueString>voa3r_dcds v1.0</dcds:literalValueString>
    </dcds:statement>
    <dcds:statement dcds:propertyURI="http://purl.org/dc/terms/date">
      <dcds:literalValueString dcds:sesURI="http://purl.org/dc/terms/W3CDTF">2015-09-08</dcds:literalValueString>
    </dcds:statement>
    <dcds:statement dcds:propertyURI="http://purl.org/dc/terms/contributor" dcds:valueRef="metacontributor" />
  </dcds:description>
  <dcds:description dcds:resourceId="metacontributor">
    <dcds:statement dcds:valueURI="http://xmlns.com/foaf/0.1/Agent" dcds:propertyURI="http://www.w3.org/1999/02/22-rdf-syntax-ns#type" />
    <dcds:statement dcds:valueURI="http://xmlns.com/foaf/0.1/Organization" dcds:propertyURI="http://purl.org/dc/terms/type" />
    <dcds:statement dcds:propertyURI="http://xmlns.com/foaf/0.1/name">
      <dcds:literalValueString xml:lang="en">Organic eprints</dcds:literalValueString>
    </dcds:statement>
    <dcds:statement dcds:valueURI="mailto:eprints@orgprints.org" dcds:propertyURI="http://xmlns.com/foaf/0.1/mbox" />
  </dcds:description>
</dcds:descriptionSet>