<dcds:descriptionSet xmlns:dcds="http://purl.org/dc/xmlns/2008/09/01/dc-ds-xml/" xmlns:xsi="http://www.w3.org/2001/XMLSchema-instance" xsi:schemaLocation="http://purl.org/dc/xmlns/2008/09/01/dc-ds-xml/ http://dublincore.org/schemas/xmls/2008/09/01/dc-ds-xml/dcds.xsd">
  <dcds:description dcds:resourceURI="http://orgprints.org/id/eprint/1362">
    <dcds:statement dcds:valueURI="http://voa3r.eu/class/Resource" dcds:propertyURI="http://www.w3.org/1999/02/22-rdf-syntax-ns#type" />
    <dcds:statement dcds:propertyURI="http://purl.org/dc/terms/title">
      <dcds:literalValueString xml:lang="en">A methodological framework for analysing landscape dynamics in relation to organic farming</dcds:literalValueString>
    </dcds:statement>
    <dcds:statement dcds:propertyURI="http://purl.org/dc/terms/language" dcds:vesURI="http://purl.org/dc/terms/RFC5646">
      <dcds:valueString>en</dcds:valueString>
    </dcds:statement>
    <dcds:statement dcds:propertyURI="http://purl.org/dc/terms/abstract">
      <dcds:literalValueString xml:lang="en">Since the mid-1980’ies Danish agriculture has been subject to a growing conversion into organic farming. Today roughly 6% of the cultivated land is farmed organically. Consequently, organic farming has a growing impact on the Danish agricultural landscape.&#xD;
It is generally expected that conversion to organic farming leads to landscapes with a rich and diverse nature. However, for organic farming in Denmark there exist no specific rules or guidelines concerning conservation and/or improvement of nature values at landscape scale. A positive effect of organic farming techniques on nature content within cultivated fields is relatively well documented. Yet, information about the relation between organic farming and nature values outside or surrounding cultivated land and at landscape level is very limited. &#xD;
Few empirical studies indicate a slight positive relation between organic farming and e.g. hedge density, permanent grassland and density of remnant biotopes. However, these studies are performed at farm scale and do thus lack the landscape context. Furthermore, due to short time scales, these studies can only to a limited degree unveil whether a positive effect on nature value can be subscribed to the conversion to organic farming or if the underlying factors have to be found elsewhere (e.g. farm structure, land use history, biophysical forces etc.).&#xD;
In the current study, focus is directed towards nature content composed by landscape elements outside the cultivated land (e.g. hedges, field boundaries, remnant biotopes and permanent grassland). These landscape elements will be registered on basis of aerial photos with help of a geographical information system (GIS). The registration will be performed for a 4-5 case areas (~5*5km each) and will cover period of roughly 35 years, with special focus on the last 5-10 years, where most conversions into organic farming occurred. The choice of time- and spatial scale should give the study the necessary landscape perspective and time horizon.&#xD;
Underlying forces and key factors for landscapes’ nature content can range from socio-economic, political and biophysical character. Information on such factors will be derived from both statistical data sources as well as questionnaires and interviews conducted with both organic and conventional farmers. As far as possible these data will be geo-related in a GIS database, in order to allow to draw a direct reference between nature content and underlying forces and key factors.</dcds:literalValueString>
    </dcds:statement>
    <dcds:statement dcds:propertyURI="http://purl.org/dc/terms/bibliographicCitation" dcds:vesURI="http://www.openurl.info/registry/">
      <dcds:valueString dcds:sesURI="http://voa3r.eu/terms/EncodedSchema">BibTeX:@inproceedings{orgprints1362,
           title = {A methodological framework for analysing landscape dynamics in relation to organic farming},
          author = {Gregor Levin},
            year = {2003},
        keywords = {landscape change, spatial dynamics, temporal dynamics, GIS},
             url = {http://orgprints.org/1362/},
        abstract = {Since the mid-1980?ies Danish agriculture has been subject to a growing conversion into organic farming. Today roughly 6\% of the cultivated land is farmed organically. Consequently, organic farming has a growing impact on the Danish agricultural landscape.&#xD;
It is generally expected that conversion to organic farming leads to landscapes with a rich and diverse nature. However, for organic farming in Denmark there exist no specific rules or guidelines concerning conservation and/or improvement of nature values at landscape scale. A positive effect of organic farming techniques on nature content within cultivated fields is relatively well documented. Yet, information about the relation between organic farming and nature values outside or surrounding cultivated land and at landscape level is very limited. &#xD;
Few empirical studies indicate a slight positive relation between organic farming and e.g. hedge density, permanent grassland and density of remnant biotopes. However, these studies are performed at farm scale and do thus lack the landscape context. Furthermore, due to short time scales, these studies can only to a limited degree unveil whether a positive effect on nature value can be subscribed to the conversion to organic farming or if the underlying factors have to be found elsewhere (e.g. farm structure, land use history, biophysical forces etc.).&#xD;
In the current study, focus is directed towards nature content composed by landscape elements outside the cultivated land (e.g. hedges, field boundaries, remnant biotopes and permanent grassland). These landscape elements will be registered on basis of aerial photos with help of a geographical information system (GIS). The registration will be performed for a 4-5 case areas ({\texttt{\char126}}5*5km each) and will cover period of roughly 35 years, with special focus on the last 5-10 years, where most conversions into organic farming occurred. The choice of time- and spatial scale should give the study the necessary landscape perspective and time horizon.&#xD;
Underlying forces and key factors for landscapes? nature content can range from socio-economic, political and biophysical character. Information on such factors will be derived from both statistical data sources as well as questionnaires and interviews conducted with both organic and conventional farmers. As far as possible these data will be geo-related in a GIS database, in order to allow to draw a direct reference between nature content and underlying forces and key factors.}
}</dcds:valueString>
    </dcds:statement>
    <dcds:statement dcds:propertyURI="http://purl.org/dc/terms/type" dcds:vesURI="http://voa3r.eu/terms/ResourceType">
      <dcds:valueString>Conference Contribution</dcds:valueString>
    </dcds:statement>
    <dcds:statement dcds:propertyURI="http://voa3r.eu/terms/reviewStatus" dcds:vesURI="http://voa3r.eu/terms/ReviewStatus">
      <dcds:valueString>Peer Reviewed</dcds:valueString>
    </dcds:statement>
    <dcds:statement dcds:propertyURI="http://voa3r.eu/terms/publicationStatus" dcds:vesURI="http://voa3r.eu/terms/PublicationStatus">
      <dcds:valueString />
    </dcds:statement>
    <dcds:statement dcds:propertyURI="http://purl.org/dc/terms/creator" dcds:valueRef="creator1" />
    <dcds:statement dcds:propertyURI="http://purl.org/dc/terms/subject">
      <dcds:valueString xml:lang="en">Landscape and recreation</dcds:valueString>
    </dcds:statement>
    <dcds:statement dcds:valueURI="http://orgprints.org/1362/" dcds:propertyURI="http://www.europeana.eu/schemas/ese/isShownAt" />
    <dcds:statement dcds:valueURI="http://orgprints.org/1362/1/eco_english%5B2%5D.ppt" dcds:propertyURI="http://www.europeana.eu/schemas/ese/isShownBy" />
    <dcds:statement dcds:propertyURI="http://purl.org/dc/terms/rights">
      <dcds:literalValueString xml:lang="en">ICROFS rights: All of the entries, statements, results etc. contained in the Organic Eprints archive have been compiled by the authors according to their best knowledge and the metadata have been scrupulously checked by the International Centre for Research in Organic Food Systems (ICROFS) and the Research Institute of Organic Agriculture (FiBL). All depositors of eprints have agreed with the Deposit Agreement below. However, the possibility of mistakes can not be ruled out entirely. Therefore, the responsible partners behind Organic Eprints, the archive staff and the depositors are not subject to any obligation and make no guarantees whatsoever regarding any of the statements etc. on this website; neither do they accept responsibility or liability for any possible mistakes contained therein. The links to other websites on the Organic Eprints pages are for informational purposes only. ICROFS, FiBL and the depositors are not responsible for the availability or content of these sites. In addition, providing links to these sites should not be interpreted as endorsement or approval by ICROFS or FiBL.
Deposit Agreement
When depositing an eprint the depositors consents with the following agreement: "In depositing this eprint (a collection of files and associated metadata), I grant Organic Eprints the right to make it permanently available on-line, with open access to all or in accordance with any access restrictions that I have specified. I understand that Organic Eprints does not assume any responsibility if there is any breach of copyright in distributing these files or metadata. For work being deposited by its own first author: I declare that this eprint is my own intellectual property and that I have the right to make it available in Organic Eprints in the manner chosen. For work being deposited by someone other than its first author: I declare that I have gained the proper permissions from someone with the right to make this eprint available in Organic Eprints in the manner chosen - or that the material is in the public domain. Clicking on the deposit button indicates your agreement to these terms."</dcds:literalValueString>
    </dcds:statement>
    <dcds:statement dcds:valueURI="http://purl.org/eprint/accessRights/OpenAccess" dcds:propertyURI="http://purl.org/dc/terms/accessRights" />
    <dcds:statement dcds:propertyURI="http://purl.org/dc/terms/date">
      <dcds:literalValueString dcds:sesURI="http://purl.org/dc/terms/W3CDTF">2003</dcds:literalValueString>
    </dcds:statement>
    <dcds:statement dcds:propertyURI="http://voa3r.eu/terms/hasMetametadata" dcds:valueRef="metametadata" />
  </dcds:description>
  <dcds:description dcds:resourceId="creator1">
    <dcds:statement dcds:valueURI="http://xmlns.com/foaf/0.1/Agent" dcds:propertyURI="http://www.w3.org/1999/02/22-rdf-syntax-ns#type" />
    <dcds:statement dcds:valueURI="http://xmlns.com/foaf/0.1/Person" dcds:propertyURI="http://purl.org/dc/terms/type" />
    <dcds:statement dcds:propertyURI="http://xmlns.com/foaf/0.1/givenName">
      <dcds:literalValueString>Gregor</dcds:literalValueString>
    </dcds:statement>
    <dcds:statement dcds:propertyURI="http://xmlns.com/foaf/0.1/firstName">
      <dcds:literalValueString>Gregor</dcds:literalValueString>
    </dcds:statement>
    <dcds:statement dcds:propertyURI="http://xmlns.com/foaf/0.1/familyName">
      <dcds:literalValueString>Levin</dcds:literalValueString>
    </dcds:statement>
    <dcds:statement dcds:propertyURI="http://xmlns.com/foaf/0.1/lastName">
      <dcds:literalValueString>Levin</dcds:literalValueString>
    </dcds:statement>
  </dcds:description>
  <dcds:description dcds:resourceId="metametadata">
    <dcds:statement dcds:valueURI="http://voa3r.eu/class/MetaMetadata" dcds:propertyURI="http://www.w3.org/1999/02/22-rdf-syntax-ns#type" />
    <dcds:statement dcds:propertyURI="http://purl.org/dc/terms/identifier">
      <dcds:valueString>oai:orgprints.org:1362</dcds:valueString>
    </dcds:statement>
    <dcds:statement dcds:propertyURI="http://purl.org/dc/terms/type">
      <dcds:literalValueString>voa3r_dcds v1.0</dcds:literalValueString>
    </dcds:statement>
    <dcds:statement dcds:propertyURI="http://purl.org/dc/terms/date">
      <dcds:literalValueString dcds:sesURI="http://purl.org/dc/terms/W3CDTF">2015-09-08</dcds:literalValueString>
    </dcds:statement>
    <dcds:statement dcds:propertyURI="http://purl.org/dc/terms/contributor" dcds:valueRef="metacontributor" />
  </dcds:description>
  <dcds:description dcds:resourceId="metacontributor">
    <dcds:statement dcds:valueURI="http://xmlns.com/foaf/0.1/Agent" dcds:propertyURI="http://www.w3.org/1999/02/22-rdf-syntax-ns#type" />
    <dcds:statement dcds:valueURI="http://xmlns.com/foaf/0.1/Organization" dcds:propertyURI="http://purl.org/dc/terms/type" />
    <dcds:statement dcds:propertyURI="http://xmlns.com/foaf/0.1/name">
      <dcds:literalValueString xml:lang="en">Organic eprints</dcds:literalValueString>
    </dcds:statement>
    <dcds:statement dcds:valueURI="mailto:eprints@orgprints.org" dcds:propertyURI="http://xmlns.com/foaf/0.1/mbox" />
  </dcds:description>
</dcds:descriptionSet>