<dcds:descriptionSet xmlns:dcds="http://purl.org/dc/xmlns/2008/09/01/dc-ds-xml/" xmlns:xsi="http://www.w3.org/2001/XMLSchema-instance" xsi:schemaLocation="http://purl.org/dc/xmlns/2008/09/01/dc-ds-xml/ http://dublincore.org/schemas/xmls/2008/09/01/dc-ds-xml/dcds.xsd">
  <dcds:description dcds:resourceURI="http://orgprints.org/id/eprint/18969">
    <dcds:statement dcds:valueURI="http://voa3r.eu/class/Resource" dcds:propertyURI="http://www.w3.org/1999/02/22-rdf-syntax-ns#type" />
    <dcds:statement dcds:propertyURI="http://purl.org/dc/terms/title">
      <dcds:literalValueString xml:lang="da">Korn og halm til bioethanol – råvarepotentiale, -kvalitet og konverteringsteknologier.</dcds:literalValueString>
    </dcds:statement>
    <dcds:statement dcds:propertyURI="http://purl.org/dc/terms/language" dcds:vesURI="http://purl.org/dc/terms/RFC5646">
      <dcds:valueString>da</dcds:valueString>
    </dcds:statement>
    <dcds:statement dcds:propertyURI="http://purl.org/dc/terms/abstract">
      <dcds:literalValueString xml:lang="da">Bioethanol kan få stor betydning som alternativ til benzin i transportsektoren, blandt andet fordi det kan benyttes i den eksisterende vognpark. I øjeblikket igangsættes om-fattende internationale satsninger for udvikling af biobrændstoffer til transportsekto-ren. I EU fokuseres på hvorledes andelen af vedvarende energi i Europa kan øges således olieafhængigheden reduceres, blandt andet via handlingsplan for biomasse og strategi for biobrændstoffer. &#xD;
Indenfor dyrkning og forarbejdning af cerealier er der en kolossal praktisk såvel som teoretisk viden og erfaring, som bør inddrages/udnyttes i diskussionerne omkring biobrændstoffer, som sandsynligvis bliver et betydeligt vækstområde i nærmeste fremtid. &#xD;
Ved fremstilling at bioethanol skelnes mellem første og anden generation. Ved første generation er råvaren kerner og teknologien er grundlæggende på plads. Stivelse bliver hydrolyseret via enzymer til sukker og sukkeret forgæres herefter ved hjælp af mikroorganismer (typisk bagegær). I anden generation er råvaren halm, som kræver en mere kompliceret teknologi og hvor der fortsat er behov for udvikling for at gøre produktionen rentabel. &#xD;
Det forventes, at dansk jordbrug vil komme til at spille en stadig større rolle for forsyning af samfundet med vedvarende energi. Reduktion af drivhusgas emissioner og optimering af biomasse produktionen under hensyntagen til miljøet og kulturlandskabet (herunder landdistriktsudvikling) vil ligeledes spille en væsentlig rolle.</dcds:literalValueString>
    </dcds:statement>
    <dcds:statement dcds:propertyURI="http://purl.org/dc/terms/bibliographicCitation" dcds:vesURI="http://www.openurl.info/registry/">
      <dcds:valueString dcds:sesURI="http://voa3r.eu/terms/EncodedSchema">BibTeX:@misc{orgprints18969,
           month = {November},
           title = {Korn og halm til bioethanol ? r{\ra}varepotentiale, -kvalitet og konverteringsteknologier.},
          author = {Henrik Hauggaard-Nielsen},
         address = {{\rA}rsm{\o}de Cerealienetv{\ae}rket, Hotel Frederik d. II, Slagelse},
            year = {2006},
             url = {http://orgprints.org/18969/},
        abstract = {Bioethanol kan f{\ra} stor betydning som alternativ til benzin i transportsektoren, blandt andet fordi det kan benyttes i den eksisterende vognpark. I {\o}jeblikket igangs{\ae}ttes om-fattende internationale satsninger for udvikling af biobr{\ae}ndstoffer til transportsekto-ren. I EU fokuseres p{\ra} hvorledes andelen af vedvarende energi i Europa kan {\o}ges s{\ra}ledes olieafh{\ae}ngigheden reduceres, blandt andet via handlingsplan for biomasse og strategi for biobr{\ae}ndstoffer. &#xD;
Indenfor dyrkning og forarbejdning af cerealier er der en kolossal praktisk s{\ra}vel som teoretisk viden og erfaring, som b{\o}r inddrages/udnyttes i diskussionerne omkring biobr{\ae}ndstoffer, som sandsynligvis bliver et betydeligt v{\ae}kstomr{\ra}de i n{\ae}rmeste fremtid. &#xD;
Ved fremstilling at bioethanol skelnes mellem f{\o}rste og anden generation. Ved f{\o}rste generation er r{\ra}varen kerner og teknologien er grundl{\ae}ggende p{\ra} plads. Stivelse bliver hydrolyseret via enzymer til sukker og sukkeret forg{\ae}res herefter ved hj{\ae}lp af mikroorganismer (typisk bageg{\ae}r). I anden generation er r{\ra}varen halm, som kr{\ae}ver en mere kompliceret teknologi og hvor der fortsat er behov for udvikling for at g{\o}re produktionen rentabel. &#xD;
Det forventes, at dansk jordbrug vil komme til at spille en stadig st{\o}rre rolle for forsyning af samfundet med vedvarende energi. Reduktion af drivhusgas emissioner og optimering af biomasse produktionen under hensyntagen til milj{\o}et og kulturlandskabet (herunder landdistriktsudvikling) vil ligeledes spille en v{\ae}sentlig rolle. }
}</dcds:valueString>
    </dcds:statement>
    <dcds:statement dcds:propertyURI="http://purl.org/dc/terms/type" dcds:vesURI="http://voa3r.eu/terms/ResourceType">
      <dcds:valueString>Learning Resource</dcds:valueString>
    </dcds:statement>
    <dcds:statement dcds:propertyURI="http://voa3r.eu/terms/reviewStatus" dcds:vesURI="http://voa3r.eu/terms/ReviewStatus">
      <dcds:valueString>NonReviewed</dcds:valueString>
    </dcds:statement>
    <dcds:statement dcds:propertyURI="http://voa3r.eu/terms/publicationStatus" dcds:vesURI="http://voa3r.eu/terms/PublicationStatus">
      <dcds:valueString>Published</dcds:valueString>
    </dcds:statement>
    <dcds:statement dcds:propertyURI="http://purl.org/dc/terms/creator" dcds:valueRef="creator1" />
    <dcds:statement dcds:propertyURI="http://purl.org/dc/terms/subject">
      <dcds:valueString xml:lang="en">Recycling, balancing and resource management</dcds:valueString>
    </dcds:statement>
    <dcds:statement dcds:propertyURI="http://purl.org/dc/terms/subject">
      <dcds:valueString xml:lang="en">Biodiversity and ecosystem services</dcds:valueString>
    </dcds:statement>
    <dcds:statement dcds:propertyURI="http://purl.org/dc/terms/subject">
      <dcds:valueString xml:lang="en">Farm nutrient management</dcds:valueString>
    </dcds:statement>
    <dcds:statement dcds:valueURI="http://orgprints.org/18969/" dcds:propertyURI="http://www.europeana.eu/schemas/ese/isShownAt" />
    <dcds:statement dcds:valueURI="http://orgprints.org/18969/4/18969.pdf" dcds:propertyURI="http://www.europeana.eu/schemas/ese/isShownBy" />
    <dcds:statement dcds:propertyURI="http://purl.org/dc/terms/rights">
      <dcds:literalValueString xml:lang="en">ICROFS rights: All of the entries, statements, results etc. contained in the Organic Eprints archive have been compiled by the authors according to their best knowledge and the metadata have been scrupulously checked by the International Centre for Research in Organic Food Systems (ICROFS) and the Research Institute of Organic Agriculture (FiBL). All depositors of eprints have agreed with the Deposit Agreement below. However, the possibility of mistakes can not be ruled out entirely. Therefore, the responsible partners behind Organic Eprints, the archive staff and the depositors are not subject to any obligation and make no guarantees whatsoever regarding any of the statements etc. on this website; neither do they accept responsibility or liability for any possible mistakes contained therein. The links to other websites on the Organic Eprints pages are for informational purposes only. ICROFS, FiBL and the depositors are not responsible for the availability or content of these sites. In addition, providing links to these sites should not be interpreted as endorsement or approval by ICROFS or FiBL.
Deposit Agreement
When depositing an eprint the depositors consents with the following agreement: "In depositing this eprint (a collection of files and associated metadata), I grant Organic Eprints the right to make it permanently available on-line, with open access to all or in accordance with any access restrictions that I have specified. I understand that Organic Eprints does not assume any responsibility if there is any breach of copyright in distributing these files or metadata. For work being deposited by its own first author: I declare that this eprint is my own intellectual property and that I have the right to make it available in Organic Eprints in the manner chosen. For work being deposited by someone other than its first author: I declare that I have gained the proper permissions from someone with the right to make this eprint available in Organic Eprints in the manner chosen - or that the material is in the public domain. Clicking on the deposit button indicates your agreement to these terms."</dcds:literalValueString>
    </dcds:statement>
    <dcds:statement dcds:valueURI="http://purl.org/eprint/accessRights/OpenAccess" dcds:propertyURI="http://purl.org/dc/terms/accessRights" />
    <dcds:statement dcds:propertyURI="http://purl.org/dc/terms/date">
      <dcds:literalValueString dcds:sesURI="http://purl.org/dc/terms/W3CDTF">2006-11-03</dcds:literalValueString>
    </dcds:statement>
    <dcds:statement dcds:propertyURI="http://voa3r.eu/terms/hasMetametadata" dcds:valueRef="metametadata" />
  </dcds:description>
  <dcds:description dcds:resourceId="creator1">
    <dcds:statement dcds:valueURI="http://xmlns.com/foaf/0.1/Agent" dcds:propertyURI="http://www.w3.org/1999/02/22-rdf-syntax-ns#type" />
    <dcds:statement dcds:valueURI="http://xmlns.com/foaf/0.1/Person" dcds:propertyURI="http://purl.org/dc/terms/type" />
    <dcds:statement dcds:propertyURI="http://xmlns.com/foaf/0.1/givenName">
      <dcds:literalValueString>Henrik</dcds:literalValueString>
    </dcds:statement>
    <dcds:statement dcds:propertyURI="http://xmlns.com/foaf/0.1/firstName">
      <dcds:literalValueString>Henrik</dcds:literalValueString>
    </dcds:statement>
    <dcds:statement dcds:propertyURI="http://xmlns.com/foaf/0.1/familyName">
      <dcds:literalValueString>Hauggaard-Nielsen</dcds:literalValueString>
    </dcds:statement>
    <dcds:statement dcds:propertyURI="http://xmlns.com/foaf/0.1/lastName">
      <dcds:literalValueString>Hauggaard-Nielsen</dcds:literalValueString>
    </dcds:statement>
    <dcds:statement dcds:valueURI="mailto:hnie@risoe.dtu.dk" dcds:propertyURI="http://xmlns.com/foaf/0.1/mbox" />
  </dcds:description>
  <dcds:description dcds:resourceId="metametadata">
    <dcds:statement dcds:valueURI="http://voa3r.eu/class/MetaMetadata" dcds:propertyURI="http://www.w3.org/1999/02/22-rdf-syntax-ns#type" />
    <dcds:statement dcds:propertyURI="http://purl.org/dc/terms/identifier">
      <dcds:valueString>oai:orgprints.org:18969</dcds:valueString>
    </dcds:statement>
    <dcds:statement dcds:propertyURI="http://purl.org/dc/terms/type">
      <dcds:literalValueString>voa3r_dcds v1.0</dcds:literalValueString>
    </dcds:statement>
    <dcds:statement dcds:propertyURI="http://purl.org/dc/terms/date">
      <dcds:literalValueString dcds:sesURI="http://purl.org/dc/terms/W3CDTF">2015-09-08</dcds:literalValueString>
    </dcds:statement>
    <dcds:statement dcds:propertyURI="http://purl.org/dc/terms/contributor" dcds:valueRef="metacontributor" />
  </dcds:description>
  <dcds:description dcds:resourceId="metacontributor">
    <dcds:statement dcds:valueURI="http://xmlns.com/foaf/0.1/Agent" dcds:propertyURI="http://www.w3.org/1999/02/22-rdf-syntax-ns#type" />
    <dcds:statement dcds:valueURI="http://xmlns.com/foaf/0.1/Organization" dcds:propertyURI="http://purl.org/dc/terms/type" />
    <dcds:statement dcds:propertyURI="http://xmlns.com/foaf/0.1/name">
      <dcds:literalValueString xml:lang="en">Organic eprints</dcds:literalValueString>
    </dcds:statement>
    <dcds:statement dcds:valueURI="mailto:eprints@orgprints.org" dcds:propertyURI="http://xmlns.com/foaf/0.1/mbox" />
  </dcds:description>
</dcds:descriptionSet>