<dcds:descriptionSet xmlns:dcds="http://purl.org/dc/xmlns/2008/09/01/dc-ds-xml/" xmlns:xsi="http://www.w3.org/2001/XMLSchema-instance" xsi:schemaLocation="http://purl.org/dc/xmlns/2008/09/01/dc-ds-xml/ http://dublincore.org/schemas/xmls/2008/09/01/dc-ds-xml/dcds.xsd">
  <dcds:description dcds:resourceURI="http://orgprints.org/id/eprint/931">
    <dcds:statement dcds:valueURI="http://voa3r.eu/class/Resource" dcds:propertyURI="http://www.w3.org/1999/02/22-rdf-syntax-ns#type" />
    <dcds:statement dcds:propertyURI="http://purl.org/dc/terms/title">
      <dcds:literalValueString xml:lang="de">Qualitätssicherung und Verbraucherschutz bei ökologisch erzeugtem Schweinefleisch (BÖL-Projekt Nr. 02OE453)</dcds:literalValueString>
    </dcds:statement>
    <dcds:statement dcds:propertyURI="http://purl.org/dc/terms/language" dcds:vesURI="http://purl.org/dc/terms/RFC5646">
      <dcds:valueString>de</dcds:valueString>
    </dcds:statement>
    <dcds:statement dcds:propertyURI="http://purl.org/dc/terms/abstract">
      <dcds:literalValueString xml:lang="de">Versuchsbeschreibung/Fragestellung:&#xD;
Aussagen von Schlachtunternehmen deuten darauf hin, dass Schlachtkörper von Schweinen aus ökologischer Erzeugung eine große Variation hinsichtlich der Qualitätskriterien und der pathologisch-anatomischen Organbefunde aufweisen. Ein erhöhtes Ausmaß von pathologisch-anatomischen Schlachtkörper- und Organbefunden läuft dem Anforderungsprofil der an ökologisch erzeugtem Schweinefleisch interessierten Verbraucherklientel zuwider. Auch steht eine große Variation bei den Schlachtkörperqualitäten dem Wunsch des Handels nach einem möglichst einheitlichen Produktsegment entgegen. Derzeit liegen in Deutschland keine fundierten Untersuchungen über die Qualitäten von Schlachtkörpern aus ökologischer Erzeugung vor. Für Handel und Verarbeitung bestehen daher erhebliche Unsicherheiten, die ein maßgebliches Hemmnis für die Ausweitung des Marktsegmentes darstellen.&#xD;
Ziel der Forschungsvorhabens ist es, die derzeit am Schlachthof Fulda für das Unternehmen tegutâ angelieferten Schweine von ca. 20 ökologisch wirtschaftenden Betrieben hinsichtlich der Schlachtkörperqualitäten und der Organbefunde systematisch zu erfassen. Parallel sollen auf den zuliefernden Erzeugerbetrieben Erhebungen zum jeweils praktizierten Tiergesundheitsmanagement durchgeführt werden. Anhand der Erhebungen sollen die spezifischen, für die ökologische Schweinehaltung bestehenden Risikofaktoren hinsichtlich der Tiergesundheit identifiziert werden. &#xD;
&#xD;
&#xD;
voraussichtliche Veröffentlichung der Ergebnisse: Januar 2004&#xD;
&#xD;
&#xD;
(Laufzeit: 1.10.2002 – 31.12.2003)</dcds:literalValueString>
    </dcds:statement>
    <dcds:statement dcds:propertyURI="http://purl.org/dc/terms/bibliographicCitation" dcds:vesURI="http://www.openurl.info/registry/">
      <dcds:valueString dcds:sesURI="http://voa3r.eu/terms/EncodedSchema">BibTeX:@misc{orgprints931,
           title = {Qualit{\"a}tssicherung und Verbraucherschutz bei {\"o}kologisch erzeugtem Schweinefleisch (B{\"O}L-Projekt Nr. 02OE453)},
          author = {Albert Sundrum},
            year = {2002},
        keywords = {B{\"O}L, BOEL, FKZ 02OE453, Tiergesundheit, Schweinefleisch, Qualit{\"a}t, Schlachtk{\"o}rper, animal health, pork meat, quality, carcass },
             url = {http://orgprints.org/931/},
        abstract = {Versuchsbeschreibung/Fragestellung:&#xD;
Aussagen von Schlachtunternehmen deuten darauf hin, dass Schlachtk{\"o}rper von Schweinen aus {\"o}kologischer Erzeugung eine gro{\ss}e Variation hinsichtlich der Qualit{\"a}tskriterien und der pathologisch-anatomischen Organbefunde aufweisen. Ein erh{\"o}htes Ausma{\ss} von pathologisch-anatomischen Schlachtk{\"o}rper- und Organbefunden l{\"a}uft dem Anforderungsprofil der an {\"o}kologisch erzeugtem Schweinefleisch interessierten Verbraucherklientel zuwider. Auch steht eine gro{\ss}e Variation bei den Schlachtk{\"o}rperqualit{\"a}ten dem Wunsch des Handels nach einem m{\"o}glichst einheitlichen Produktsegment entgegen. Derzeit liegen in Deutschland keine fundierten Untersuchungen {\"u}ber die Qualit{\"a}ten von Schlachtk{\"o}rpern aus {\"o}kologischer Erzeugung vor. F{\"u}r Handel und Verarbeitung bestehen daher erhebliche Unsicherheiten, die ein ma{\ss}gebliches Hemmnis f{\"u}r die Ausweitung des Marktsegmentes darstellen.&#xD;
Ziel der Forschungsvorhabens ist es, die derzeit am Schlachthof Fulda f{\"u}r das Unternehmen tegut{\^a} angelieferten Schweine von ca. 20 {\"o}kologisch wirtschaftenden Betrieben hinsichtlich der Schlachtk{\"o}rperqualit{\"a}ten und der Organbefunde systematisch zu erfassen. Parallel sollen auf den zuliefernden Erzeugerbetrieben Erhebungen zum jeweils praktizierten Tiergesundheitsmanagement durchgef{\"u}hrt werden. Anhand der Erhebungen sollen die spezifischen, f{\"u}r die {\"o}kologische Schweinehaltung bestehenden Risikofaktoren hinsichtlich der Tiergesundheit identifiziert werden. &#xD;
&#xD;
&#xD;
voraussichtliche Ver{\"o}ffentlichung der Ergebnisse: Januar 2004&#xD;
&#xD;
&#xD;
(Laufzeit: 1.10.2002 ? 31.12.2003)}
}</dcds:valueString>
    </dcds:statement>
    <dcds:statement dcds:propertyURI="http://purl.org/dc/terms/type" dcds:vesURI="http://voa3r.eu/terms/ResourceType">
      <dcds:valueString>Project</dcds:valueString>
    </dcds:statement>
    <dcds:statement dcds:propertyURI="http://voa3r.eu/terms/reviewStatus" dcds:vesURI="http://voa3r.eu/terms/ReviewStatus">
      <dcds:valueString>NonReviewed</dcds:valueString>
    </dcds:statement>
    <dcds:statement dcds:propertyURI="http://voa3r.eu/terms/publicationStatus" dcds:vesURI="http://voa3r.eu/terms/PublicationStatus">
      <dcds:valueString />
    </dcds:statement>
    <dcds:statement dcds:propertyURI="http://purl.org/dc/terms/creator" dcds:valueRef="creator1" />
    <dcds:statement dcds:propertyURI="http://purl.org/dc/terms/subject">
      <dcds:valueString xml:lang="en">Food security, food quality and human health</dcds:valueString>
    </dcds:statement>
    <dcds:statement dcds:propertyURI="http://purl.org/dc/terms/subject">
      <dcds:valueString xml:lang="en">Surveys and statistics</dcds:valueString>
    </dcds:statement>
    <dcds:statement dcds:propertyURI="http://purl.org/dc/terms/subject">
      <dcds:valueString xml:lang="en">Pigs</dcds:valueString>
    </dcds:statement>
    <dcds:statement dcds:valueURI="http://orgprints.org/931/" dcds:propertyURI="http://www.europeana.eu/schemas/ese/isShownAt" />
    <dcds:statement dcds:valueURI="http://orgprints.org/931/1/handbuch-kein-Dokument.pdf" dcds:propertyURI="http://www.europeana.eu/schemas/ese/isShownBy" />
    <dcds:statement dcds:propertyURI="http://purl.org/dc/terms/rights">
      <dcds:literalValueString xml:lang="en">ICROFS rights: All of the entries, statements, results etc. contained in the Organic Eprints archive have been compiled by the authors according to their best knowledge and the metadata have been scrupulously checked by the International Centre for Research in Organic Food Systems (ICROFS) and the Research Institute of Organic Agriculture (FiBL). All depositors of eprints have agreed with the Deposit Agreement below. However, the possibility of mistakes can not be ruled out entirely. Therefore, the responsible partners behind Organic Eprints, the archive staff and the depositors are not subject to any obligation and make no guarantees whatsoever regarding any of the statements etc. on this website; neither do they accept responsibility or liability for any possible mistakes contained therein. The links to other websites on the Organic Eprints pages are for informational purposes only. ICROFS, FiBL and the depositors are not responsible for the availability or content of these sites. In addition, providing links to these sites should not be interpreted as endorsement or approval by ICROFS or FiBL.
Deposit Agreement
When depositing an eprint the depositors consents with the following agreement: "In depositing this eprint (a collection of files and associated metadata), I grant Organic Eprints the right to make it permanently available on-line, with open access to all or in accordance with any access restrictions that I have specified. I understand that Organic Eprints does not assume any responsibility if there is any breach of copyright in distributing these files or metadata. For work being deposited by its own first author: I declare that this eprint is my own intellectual property and that I have the right to make it available in Organic Eprints in the manner chosen. For work being deposited by someone other than its first author: I declare that I have gained the proper permissions from someone with the right to make this eprint available in Organic Eprints in the manner chosen - or that the material is in the public domain. Clicking on the deposit button indicates your agreement to these terms."</dcds:literalValueString>
    </dcds:statement>
    <dcds:statement dcds:valueURI="http://purl.org/eprint/accessRights/OpenAccess" dcds:propertyURI="http://purl.org/dc/terms/accessRights" />
    <dcds:statement dcds:propertyURI="http://purl.org/dc/terms/date">
      <dcds:literalValueString dcds:sesURI="http://purl.org/dc/terms/W3CDTF">2002</dcds:literalValueString>
    </dcds:statement>
    <dcds:statement dcds:propertyURI="http://voa3r.eu/terms/hasMetametadata" dcds:valueRef="metametadata" />
  </dcds:description>
  <dcds:description dcds:resourceId="creator1">
    <dcds:statement dcds:valueURI="http://xmlns.com/foaf/0.1/Agent" dcds:propertyURI="http://www.w3.org/1999/02/22-rdf-syntax-ns#type" />
    <dcds:statement dcds:valueURI="http://xmlns.com/foaf/0.1/Person" dcds:propertyURI="http://purl.org/dc/terms/type" />
    <dcds:statement dcds:propertyURI="http://xmlns.com/foaf/0.1/givenName">
      <dcds:literalValueString>Albert</dcds:literalValueString>
    </dcds:statement>
    <dcds:statement dcds:propertyURI="http://xmlns.com/foaf/0.1/firstName">
      <dcds:literalValueString>Albert</dcds:literalValueString>
    </dcds:statement>
    <dcds:statement dcds:propertyURI="http://xmlns.com/foaf/0.1/familyName">
      <dcds:literalValueString>Sundrum</dcds:literalValueString>
    </dcds:statement>
    <dcds:statement dcds:propertyURI="http://xmlns.com/foaf/0.1/lastName">
      <dcds:literalValueString>Sundrum</dcds:literalValueString>
    </dcds:statement>
  </dcds:description>
  <dcds:description dcds:resourceId="metametadata">
    <dcds:statement dcds:valueURI="http://voa3r.eu/class/MetaMetadata" dcds:propertyURI="http://www.w3.org/1999/02/22-rdf-syntax-ns#type" />
    <dcds:statement dcds:propertyURI="http://purl.org/dc/terms/identifier">
      <dcds:valueString>oai:orgprints.org:931</dcds:valueString>
    </dcds:statement>
    <dcds:statement dcds:propertyURI="http://purl.org/dc/terms/type">
      <dcds:literalValueString>voa3r_dcds v1.0</dcds:literalValueString>
    </dcds:statement>
    <dcds:statement dcds:propertyURI="http://purl.org/dc/terms/date">
      <dcds:literalValueString dcds:sesURI="http://purl.org/dc/terms/W3CDTF">2015-09-08</dcds:literalValueString>
    </dcds:statement>
    <dcds:statement dcds:propertyURI="http://purl.org/dc/terms/contributor" dcds:valueRef="metacontributor" />
  </dcds:description>
  <dcds:description dcds:resourceId="metacontributor">
    <dcds:statement dcds:valueURI="http://xmlns.com/foaf/0.1/Agent" dcds:propertyURI="http://www.w3.org/1999/02/22-rdf-syntax-ns#type" />
    <dcds:statement dcds:valueURI="http://xmlns.com/foaf/0.1/Organization" dcds:propertyURI="http://purl.org/dc/terms/type" />
    <dcds:statement dcds:propertyURI="http://xmlns.com/foaf/0.1/name">
      <dcds:literalValueString xml:lang="en">Organic eprints</dcds:literalValueString>
    </dcds:statement>
    <dcds:statement dcds:valueURI="mailto:eprints@orgprints.org" dcds:propertyURI="http://xmlns.com/foaf/0.1/mbox" />
  </dcds:description>
</dcds:descriptionSet>