<dcds:descriptionSet xmlns:dcds="http://purl.org/dc/xmlns/2008/09/01/dc-ds-xml/" xmlns:xsi="http://www.w3.org/2001/XMLSchema-instance" xsi:schemaLocation="http://purl.org/dc/xmlns/2008/09/01/dc-ds-xml/ http://dublincore.org/schemas/xmls/2008/09/01/dc-ds-xml/dcds.xsd">
  <dcds:description dcds:resourceURI="http://orgprints.org/id/eprint/11203">
    <dcds:statement dcds:valueURI="http://voa3r.eu/class/Resource" dcds:propertyURI="http://www.w3.org/1999/02/22-rdf-syntax-ns#type" />
    <dcds:statement dcds:propertyURI="http://purl.org/dc/terms/title">
      <dcds:literalValueString xml:lang="de">Triticale mit verbesserter Stickstoffeffizienz für den ökologischen Landbau</dcds:literalValueString>
    </dcds:statement>
    <dcds:statement dcds:propertyURI="http://purl.org/dc/terms/language" dcds:vesURI="http://purl.org/dc/terms/RFC5646">
      <dcds:valueString>de</dcds:valueString>
    </dcds:statement>
    <dcds:statement dcds:propertyURI="http://purl.org/dc/terms/abstract">
      <dcds:literalValueString xml:lang="de">Die niedrige Stickstoff(N)-Versorgung im ökologischen Landbau kann als eines der Kernprobleme angesehen werden. Eine gezielte Züchtung von Triticalesorten, welche den zur Verfügung stehenden Stickstoff effizienter nutzen, kann daher einen wichtigen Beitrag zur Steigerung der Produktivität des ökologischen Landbaus leisten. &#xD;
&#xD;
Im Rahmen des Projektes sollten (1) quantitativ-genetische Parameter zur Analyse der genotypischen Variation für die N-Effizienz geschätzt, (2) eine geeignete Zuchtstrategie zur Verbesserung der N-Effizienz von Triticale unter Berücksichtigung der Besonderheiten des ökologischen Anbaus gewählt und (3) die Bedeutung die Komponenten der N-Aufnahme– und N-Verwertungseffizienz für den Gesamtkomplex N-Effizienz untersucht werden.&#xD;
&#xD;
Die Feldversuche wurden an zwei ökologisch bewirtschafteten Standorten durchgeführt. An jedem Standorte wurden zwei N-Stufen (gedüngt mit Hornmehl vs. ungedüngt) angelegt. &#xD;
&#xD;
Auf beiden N-Stufen wurde signifikante genotypische Variation für die erfassten Merkmale nachgewiesen. Die vorhandenen Unterschiede im aktuellen Triticalematerial sind sofort für die züchterische Selektion nutzbar. &#xD;
&#xD;
Es wurden drei Zuchtstrategien für die Verbesserung der N-Effizienz bei Triticale untersucht: Die indirekte Verbesserung (Auslese erfolgt nur auf der hohen N-Stufe), die kombinierte Verbesserung (Auslese basiert auf einem Index der gewichteten mittleren Leistung auf der niedrigen und der hohen N-Stufe) und die Auftrennung in zwei Zuchtprogramme. Entsprechend dieser Strategien wurde Triticalematerial mit unterschiedlicher Anpassung an die N-Versorgung entwickelt und im Feld geprüft. Langfristig ist eine kombinierte Selektion zu empfehlen. &#xD;
&#xD;
Für die Verbesserung der N-Effizienz unter ökologischen Anbaubedingungen sind sowohl die N-Aufnahme als auch die N-Verwertung von Bedeutung und sollten parallel züchterisch verbessert. Die bei Triticale gewonnenen Erkenntnisse können auf die beiden Elternarten Weizen und Roggen übertragen werden.</dcds:literalValueString>
    </dcds:statement>
    <dcds:statement dcds:propertyURI="http://purl.org/dc/terms/bibliographicCitation" dcds:vesURI="http://www.openurl.info/registry/">
      <dcds:valueString dcds:sesURI="http://voa3r.eu/terms/EncodedSchema">BibTeX:@unpublished{orgprints11203,
           title = {Triticale mit verbesserter Stickstoffeffizienz f{\"u}r den {\"o}kologischen Landbau},
          author = {Elisabeth Thiemt},
            year = {2006},
        keywords = {B{\"O}L, BOEL, FKZ 03OE617, Triticale, Stickstoffeffizienz, N-Effizienz, Sortenz{\"u}chtung, Zuchtstrategien, kombinierte Selektion, {\"o}kologischer Landbau, Weizen, Roggen},
             url = {http://orgprints.org/11203/},
        abstract = {Die niedrige Stickstoff(N)-Versorgung im {\"o}kologischen Landbau kann als eines der Kernprobleme angesehen werden. Eine gezielte Z{\"u}chtung von Triticalesorten, welche den zur Verf{\"u}gung stehenden Stickstoff effizienter nutzen, kann daher einen wichtigen Beitrag zur Steigerung der Produktivit{\"a}t des {\"o}kologischen Landbaus leisten. &#xD;
&#xD;
Im Rahmen des Projektes sollten (1) quantitativ-genetische Parameter zur Analyse der genotypischen Variation f{\"u}r die N-Effizienz gesch{\"a}tzt, (2) eine geeignete Zuchtstrategie zur Verbesserung der N-Effizienz von Triticale unter Ber{\"u}cksichtigung der Besonderheiten des {\"o}kologischen Anbaus gew{\"a}hlt und (3) die Bedeutung die Komponenten der N-Aufnahme? und N-Verwertungseffizienz f{\"u}r den Gesamtkomplex N-Effizienz untersucht werden.&#xD;
&#xD;
Die Feldversuche wurden an zwei {\"o}kologisch bewirtschafteten Standorten durchgef{\"u}hrt. An jedem Standorte wurden zwei N-Stufen (ged{\"u}ngt mit Hornmehl vs. unged{\"u}ngt) angelegt. &#xD;
&#xD;
Auf beiden N-Stufen wurde signifikante genotypische Variation f{\"u}r die erfassten Merkmale nachgewiesen. Die vorhandenen Unterschiede im aktuellen Triticalematerial sind sofort f{\"u}r die z{\"u}chterische Selektion nutzbar. &#xD;
&#xD;
Es wurden drei Zuchtstrategien f{\"u}r die Verbesserung der N-Effizienz bei Triticale untersucht: Die indirekte Verbesserung (Auslese erfolgt nur auf der hohen N-Stufe), die kombinierte Verbesserung (Auslese basiert auf einem Index der gewichteten mittleren Leistung auf der niedrigen und der hohen N-Stufe) und die Auftrennung in zwei Zuchtprogramme. Entsprechend dieser Strategien wurde Triticalematerial mit unterschiedlicher Anpassung an die N-Versorgung entwickelt und im Feld gepr{\"u}ft. Langfristig ist eine kombinierte Selektion zu empfehlen. &#xD;
&#xD;
F{\"u}r die Verbesserung der N-Effizienz unter {\"o}kologischen Anbaubedingungen sind sowohl die N-Aufnahme als auch die N-Verwertung von Bedeutung und sollten parallel z{\"u}chterisch verbessert. Die bei Triticale gewonnenen Erkenntnisse k{\"o}nnen auf die beiden Elternarten Weizen und Roggen {\"u}bertragen werden.}
}</dcds:valueString>
    </dcds:statement>
    <dcds:statement dcds:propertyURI="http://purl.org/dc/terms/type" dcds:vesURI="http://voa3r.eu/terms/ResourceType">
      <dcds:valueString>Research Report</dcds:valueString>
    </dcds:statement>
    <dcds:statement dcds:propertyURI="http://voa3r.eu/terms/reviewStatus" dcds:vesURI="http://voa3r.eu/terms/ReviewStatus">
      <dcds:valueString>Peer Reviewed</dcds:valueString>
    </dcds:statement>
    <dcds:statement dcds:propertyURI="http://voa3r.eu/terms/publicationStatus" dcds:vesURI="http://voa3r.eu/terms/PublicationStatus">
      <dcds:valueString>WorkingDraft</dcds:valueString>
    </dcds:statement>
    <dcds:statement dcds:propertyURI="http://purl.org/dc/terms/creator" dcds:valueRef="creator1" />
    <dcds:statement dcds:propertyURI="http://purl.org/dc/terms/subject">
      <dcds:valueString xml:lang="en">Cereals, pulses and oilseeds</dcds:valueString>
    </dcds:statement>
    <dcds:statement dcds:propertyURI="http://purl.org/dc/terms/subject">
      <dcds:valueString xml:lang="en">Breeding, genetics and propagation</dcds:valueString>
    </dcds:statement>
    <dcds:statement dcds:valueURI="http://orgprints.org/11203/" dcds:propertyURI="http://www.europeana.eu/schemas/ese/isShownAt" />
    <dcds:statement dcds:valueURI="http://orgprints.org/11203/1/11203-03OE617-uni-hohenheim-thiemt-2006-triticale.pdf" dcds:propertyURI="http://www.europeana.eu/schemas/ese/isShownBy" />
    <dcds:statement dcds:propertyURI="http://purl.org/dc/terms/rights">
      <dcds:literalValueString xml:lang="en">ICROFS rights: All of the entries, statements, results etc. contained in the Organic Eprints archive have been compiled by the authors according to their best knowledge and the metadata have been scrupulously checked by the International Centre for Research in Organic Food Systems (ICROFS) and the Research Institute of Organic Agriculture (FiBL). All depositors of eprints have agreed with the Deposit Agreement below. However, the possibility of mistakes can not be ruled out entirely. Therefore, the responsible partners behind Organic Eprints, the archive staff and the depositors are not subject to any obligation and make no guarantees whatsoever regarding any of the statements etc. on this website; neither do they accept responsibility or liability for any possible mistakes contained therein. The links to other websites on the Organic Eprints pages are for informational purposes only. ICROFS, FiBL and the depositors are not responsible for the availability or content of these sites. In addition, providing links to these sites should not be interpreted as endorsement or approval by ICROFS or FiBL.
Deposit Agreement
When depositing an eprint the depositors consents with the following agreement: "In depositing this eprint (a collection of files and associated metadata), I grant Organic Eprints the right to make it permanently available on-line, with open access to all or in accordance with any access restrictions that I have specified. I understand that Organic Eprints does not assume any responsibility if there is any breach of copyright in distributing these files or metadata. For work being deposited by its own first author: I declare that this eprint is my own intellectual property and that I have the right to make it available in Organic Eprints in the manner chosen. For work being deposited by someone other than its first author: I declare that I have gained the proper permissions from someone with the right to make this eprint available in Organic Eprints in the manner chosen - or that the material is in the public domain. Clicking on the deposit button indicates your agreement to these terms."</dcds:literalValueString>
    </dcds:statement>
    <dcds:statement dcds:valueURI="http://purl.org/eprint/accessRights/OpenAccess" dcds:propertyURI="http://purl.org/dc/terms/accessRights" />
    <dcds:statement dcds:propertyURI="http://purl.org/dc/terms/date">
      <dcds:literalValueString dcds:sesURI="http://purl.org/dc/terms/W3CDTF">2006</dcds:literalValueString>
    </dcds:statement>
    <dcds:statement dcds:propertyURI="http://voa3r.eu/terms/hasMetametadata" dcds:valueRef="metametadata" />
  </dcds:description>
  <dcds:description dcds:resourceId="creator1">
    <dcds:statement dcds:valueURI="http://xmlns.com/foaf/0.1/Agent" dcds:propertyURI="http://www.w3.org/1999/02/22-rdf-syntax-ns#type" />
    <dcds:statement dcds:valueURI="http://xmlns.com/foaf/0.1/Person" dcds:propertyURI="http://purl.org/dc/terms/type" />
    <dcds:statement dcds:propertyURI="http://xmlns.com/foaf/0.1/givenName">
      <dcds:literalValueString>Elisabeth</dcds:literalValueString>
    </dcds:statement>
    <dcds:statement dcds:propertyURI="http://xmlns.com/foaf/0.1/firstName">
      <dcds:literalValueString>Elisabeth</dcds:literalValueString>
    </dcds:statement>
    <dcds:statement dcds:propertyURI="http://xmlns.com/foaf/0.1/familyName">
      <dcds:literalValueString>Thiemt</dcds:literalValueString>
    </dcds:statement>
    <dcds:statement dcds:propertyURI="http://xmlns.com/foaf/0.1/lastName">
      <dcds:literalValueString>Thiemt</dcds:literalValueString>
    </dcds:statement>
  </dcds:description>
  <dcds:description dcds:resourceId="metametadata">
    <dcds:statement dcds:valueURI="http://voa3r.eu/class/MetaMetadata" dcds:propertyURI="http://www.w3.org/1999/02/22-rdf-syntax-ns#type" />
    <dcds:statement dcds:propertyURI="http://purl.org/dc/terms/identifier">
      <dcds:valueString>oai:orgprints.org:11203</dcds:valueString>
    </dcds:statement>
    <dcds:statement dcds:propertyURI="http://purl.org/dc/terms/type">
      <dcds:literalValueString>voa3r_dcds v1.0</dcds:literalValueString>
    </dcds:statement>
    <dcds:statement dcds:propertyURI="http://purl.org/dc/terms/date">
      <dcds:literalValueString dcds:sesURI="http://purl.org/dc/terms/W3CDTF">2015-09-08</dcds:literalValueString>
    </dcds:statement>
    <dcds:statement dcds:propertyURI="http://purl.org/dc/terms/contributor" dcds:valueRef="metacontributor" />
  </dcds:description>
  <dcds:description dcds:resourceId="metacontributor">
    <dcds:statement dcds:valueURI="http://xmlns.com/foaf/0.1/Agent" dcds:propertyURI="http://www.w3.org/1999/02/22-rdf-syntax-ns#type" />
    <dcds:statement dcds:valueURI="http://xmlns.com/foaf/0.1/Organization" dcds:propertyURI="http://purl.org/dc/terms/type" />
    <dcds:statement dcds:propertyURI="http://xmlns.com/foaf/0.1/name">
      <dcds:literalValueString xml:lang="en">Organic eprints</dcds:literalValueString>
    </dcds:statement>
    <dcds:statement dcds:valueURI="mailto:eprints@orgprints.org" dcds:propertyURI="http://xmlns.com/foaf/0.1/mbox" />
  </dcds:description>
</dcds:descriptionSet>