<dcds:descriptionSet xmlns:dcds="http://purl.org/dc/xmlns/2008/09/01/dc-ds-xml/" xmlns:xsi="http://www.w3.org/2001/XMLSchema-instance" xsi:schemaLocation="http://purl.org/dc/xmlns/2008/09/01/dc-ds-xml/ http://dublincore.org/schemas/xmls/2008/09/01/dc-ds-xml/dcds.xsd">
  <dcds:description dcds:resourceURI="http://orgprints.org/id/eprint/628">
    <dcds:statement dcds:valueURI="http://voa3r.eu/class/Resource" dcds:propertyURI="http://www.w3.org/1999/02/22-rdf-syntax-ns#type" />
    <dcds:statement dcds:propertyURI="http://purl.org/dc/terms/title">
      <dcds:literalValueString xml:lang="en">Annual report 2002 LBI organic fruit growing research</dcds:literalValueString>
    </dcds:statement>
    <dcds:statement dcds:propertyURI="http://purl.org/dc/terms/language" dcds:vesURI="http://purl.org/dc/terms/RFC5646">
      <dcds:valueString>en</dcds:valueString>
    </dcds:statement>
    <dcds:statement dcds:propertyURI="http://purl.org/dc/terms/abstract">
      <dcds:literalValueString xml:lang="en">Overview of projects, project results, funding bodies and partners in 2002 and plans for 2003&#xD;
&#xD;
Including:&#xD;
SOIL MANAGEMENT&#xD;
* Evaluation of leaf analysis in organic fruit growing as a tool for measuring the uptake of nutrients:&#xD;
Consultants and researchers exchanged practical experiences and the LBI hopes to work with target values. &#xD;
* Impact of sulphur stress: &#xD;
The fruit quality seemed to be better in the reduced sulphur treatment (27 kg /ha instead of 60 kg /ha after flowering). &#xD;
* Fertilisation: &#xD;
In a late summer fertilisation trial with Elstar, trees fertilised late summer/autumn have a higher nitrogen content in the bud the following spring. And fertilising just before winter leads to increased growth of weeds in the next season.&#xD;
* Ground cover: &#xD;
The key to white clover undergrowth is to ‘do it properly or not at all’. It is difficult for an organic grower to restore undergrowth which has been invaded by grasses to bare earth. Undergrowth is definitely not the answer for fruit growers who have any difficulty with mechanical weeding. The management of ground cover requires at least as much mechanisation as the bare tree strip.&#xD;
REGULATING GROWTH AND CROP&#xD;
* Steps to counter biennialism in Elstar: &#xD;
A trial was set up at three orchards combining various measures: thinning or not thinning with two or three applications of lime sulphur, adapted pruning, 3 levels of fruit bearing (30, 40, 50 tonne/ha) and early or late manual thinning. This trial should demonstrate the relative significance of the various measures. Flowering will be evaluated in the spring of 2003.&#xD;
* Fruiting spur pruning in Elstar: &#xD;
To obtain better insight into the effect of different pruning methods three pruning treatments were used:&#xD;
standard pruning,  removal of an extra large amount of fruiting spurs, and removal of extra fruiting spurs but sparing smooth one-year-old shoots.&#xD;
The production of the trees has been estimated and the blossom will be evaluated in the spring of 2003.&#xD;
* Effect of thinning times, fertilisation and bearing on regularity of production and fruit quality in Elstar:&#xD;
Ripening was delayed by the high nitrogen dose and associated higher acid content. Despite the late ripening&#xD;
the firmness was still lower, the calcium content lower and the nitrogen content higher. All three factors pro-&#xD;
duce a clear deterioration in quality. On the other hand, the sugar and acidity were higher in this case, but&#xD;
both these values fall within the target band. The trial will continue in 2003&#xD;
CANKER&#xD;
* Administering calcium hydroxide against Cancer through the sprinkler irrigation system:&#xD;
Despite its effectiveness, sprinkling with calcium hydroxide cannot as yet be generally recommended for practical&#xD;
application. All the difficulties stem from the fact that the agent does not really dissolve, and the suspension formed very rapidly settles out.&#xD;
FRUIT QUALITY&#xD;
* Optimum picking time for Santana:&#xD;
Santana is a relatively new variety, and further investigation is required into optimising cultivation and storage. The apples only developed their full flavour when picked some time after the point of physiological ripeness. &#xD;
* Sprinkling to combat sunscald:&#xD;
By sprinkling under specific conditions an average of 1.38 fruits per tree was protected from sunscald.&#xD;
Per hectare sprinkling on these three days yielded around € 621 per ha. (Assuming: 3000 trees/ha, 6&#xD;
fruits/kg, price € 1.10 or € 0.20 for industrial use). &#xD;
* Rot resistance test:&#xD;
The Louis Bolk Instituut is attempting to develop a test for the evaluation of the natural resistance of the fruit. This demonstrates, for example that apples with a high nitrogen content have more and larger areas of rot than apples with a lower nitrogen content.&#xD;
* Prospects offered by calcium chloride (CaCl2 ) before or after harvest:  A pilot experiment was carried out on a farm to look into the prospects of spraying with CaCl2 before the harvest or rinsing with CaCl2 after harvest to reduce fruit rot. Neither treatment led to a reduction in fruit rot, but rather to an increase. &#xD;
* International association for ‘Organic Food, Quality and Health’ (FQH):&#xD;
The purpose of the group of researchers and traders brought together under the FQH banner is to develop a&#xD;
new concept of quality based on life processes and to select and further develop relevant methods of measurement.</dcds:literalValueString>
    </dcds:statement>
    <dcds:statement dcds:propertyURI="http://purl.org/dc/terms/bibliographicCitation" dcds:vesURI="http://www.openurl.info/registry/">
      <dcds:valueString dcds:sesURI="http://voa3r.eu/terms/EncodedSchema">BibTeX:@misc{orgprints628,
           title = {Annual report 2002 LBI organic fruit growing research},
          author = {Joke Bloksma and PieterJans Jansonius and Marleen Zanen},
            year = {2003},
          series = {Louis Bolk Instituut Publications},
        keywords = {leaf analysis, sulphur stress, biennialism, Elstar, spur pruning, Tree canker (Nectria galligena), calcium hydroxide, fruit quality, sunscald, apple blossom weevil, fruit rot, FQH},
             url = {http://orgprints.org/628/},
        abstract = {Overview of projects, project results, funding bodies and partners in 2002 and plans for 2003&#xD;
&#xD;
Including:&#xD;
SOIL MANAGEMENT&#xD;
* Evaluation of leaf analysis in organic fruit growing as a tool for measuring the uptake of nutrients:&#xD;
Consultants and researchers exchanged practical experiences and the LBI hopes to work with target values. &#xD;
* Impact of sulphur stress: &#xD;
The fruit quality seemed to be better in the reduced sulphur treatment (27 kg /ha instead of 60 kg /ha after flowering). &#xD;
* Fertilisation: &#xD;
In a late summer fertilisation trial with Elstar, trees fertilised late summer/autumn have a higher nitrogen content in the bud the following spring. And fertilising just before winter leads to increased growth of weeds in the next season.&#xD;
* Ground cover: &#xD;
The key to white clover undergrowth is to ?do it properly or not at all?. It is difficult for an organic grower to restore undergrowth which has been invaded by grasses to bare earth. Undergrowth is definitely not the answer for fruit growers who have any difficulty with mechanical weeding. The management of ground cover requires at least as much mechanisation as the bare tree strip.&#xD;
REGULATING GROWTH AND CROP&#xD;
* Steps to counter biennialism in Elstar: &#xD;
A trial was set up at three orchards combining various measures: thinning or not thinning with two or three applications of lime sulphur, adapted pruning, 3 levels of fruit bearing (30, 40, 50 tonne/ha) and early or late manual thinning. This trial should demonstrate the relative significance of the various measures. Flowering will be evaluated in the spring of 2003.&#xD;
* Fruiting spur pruning in Elstar: &#xD;
To obtain better insight into the effect of different pruning methods three pruning treatments were used:&#xD;
standard pruning,  removal of an extra large amount of fruiting spurs, and removal of extra fruiting spurs but sparing smooth one-year-old shoots.&#xD;
The production of the trees has been estimated and the blossom will be evaluated in the spring of 2003.&#xD;
* Effect of thinning times, fertilisation and bearing on regularity of production and fruit quality in Elstar:&#xD;
Ripening was delayed by the high nitrogen dose and associated higher acid content. Despite the late ripening&#xD;
the firmness was still lower, the calcium content lower and the nitrogen content higher. All three factors pro-&#xD;
duce a clear deterioration in quality. On the other hand, the sugar and acidity were higher in this case, but&#xD;
both these values fall within the target band. The trial will continue in 2003&#xD;
CANKER&#xD;
* Administering calcium hydroxide against Cancer through the sprinkler irrigation system:&#xD;
Despite its effectiveness, sprinkling with calcium hydroxide cannot as yet be generally recommended for practical&#xD;
application. All the difficulties stem from the fact that the agent does not really dissolve, and the suspension formed very rapidly settles out.&#xD;
FRUIT QUALITY&#xD;
* Optimum picking time for Santana:&#xD;
Santana is a relatively new variety, and further investigation is required into optimising cultivation and storage. The apples only developed their full flavour when picked some time after the point of physiological ripeness. &#xD;
* Sprinkling to combat sunscald:&#xD;
By sprinkling under specific conditions an average of 1.38 fruits per tree was protected from sunscald.&#xD;
Per hectare sprinkling on these three days yielded around ? 621 per ha. (Assuming: 3000 trees/ha, 6&#xD;
fruits/kg, price ? 1.10 or ? 0.20 for industrial use). &#xD;
* Rot resistance test:&#xD;
The Louis Bolk Instituut is attempting to develop a test for the evaluation of the natural resistance of the fruit. This demonstrates, for example that apples with a high nitrogen content have more and larger areas of rot than apples with a lower nitrogen content.&#xD;
* Prospects offered by calcium chloride (CaCl2 ) before or after harvest:  A pilot experiment was carried out on a farm to look into the prospects of spraying with CaCl2 before the harvest or rinsing with CaCl2 after harvest to reduce fruit rot. Neither treatment led to a reduction in fruit rot, but rather to an increase. &#xD;
* International association for ?Organic Food, Quality and Health? (FQH):&#xD;
The purpose of the group of researchers and traders brought together under the FQH banner is to develop a&#xD;
new concept of quality based on life processes and to select and further develop relevant methods of measurement.&#xD;
}
}</dcds:valueString>
    </dcds:statement>
    <dcds:statement dcds:propertyURI="http://purl.org/dc/terms/type" dcds:vesURI="http://voa3r.eu/terms/ResourceType">
      <dcds:valueString>Research Report</dcds:valueString>
    </dcds:statement>
    <dcds:statement dcds:propertyURI="http://voa3r.eu/terms/reviewStatus" dcds:vesURI="http://voa3r.eu/terms/ReviewStatus">
      <dcds:valueString>Peer Reviewed</dcds:valueString>
    </dcds:statement>
    <dcds:statement dcds:propertyURI="http://voa3r.eu/terms/publicationStatus" dcds:vesURI="http://voa3r.eu/terms/PublicationStatus">
      <dcds:valueString>Published</dcds:valueString>
    </dcds:statement>
    <dcds:statement dcds:propertyURI="http://purl.org/dc/terms/creator" dcds:valueRef="creator1" />
    <dcds:statement dcds:propertyURI="http://purl.org/dc/terms/creator" dcds:valueRef="creator2" />
    <dcds:statement dcds:propertyURI="http://purl.org/dc/terms/creator" dcds:valueRef="creator3" />
    <dcds:statement dcds:propertyURI="http://purl.org/dc/terms/subject">
      <dcds:valueString xml:lang="en">Fruit and berries</dcds:valueString>
    </dcds:statement>
    <dcds:statement dcds:valueURI="http://orgprints.org/628/" dcds:propertyURI="http://www.europeana.eu/schemas/ese/isShownAt" />
    <dcds:statement dcds:valueURI="http://orgprints.org/628/1/lf73.pdf" dcds:propertyURI="http://www.europeana.eu/schemas/ese/isShownBy" />
    <dcds:statement dcds:propertyURI="http://purl.org/dc/terms/rights">
      <dcds:literalValueString xml:lang="en">ICROFS rights: All of the entries, statements, results etc. contained in the Organic Eprints archive have been compiled by the authors according to their best knowledge and the metadata have been scrupulously checked by the International Centre for Research in Organic Food Systems (ICROFS) and the Research Institute of Organic Agriculture (FiBL). All depositors of eprints have agreed with the Deposit Agreement below. However, the possibility of mistakes can not be ruled out entirely. Therefore, the responsible partners behind Organic Eprints, the archive staff and the depositors are not subject to any obligation and make no guarantees whatsoever regarding any of the statements etc. on this website; neither do they accept responsibility or liability for any possible mistakes contained therein. The links to other websites on the Organic Eprints pages are for informational purposes only. ICROFS, FiBL and the depositors are not responsible for the availability or content of these sites. In addition, providing links to these sites should not be interpreted as endorsement or approval by ICROFS or FiBL.
Deposit Agreement
When depositing an eprint the depositors consents with the following agreement: "In depositing this eprint (a collection of files and associated metadata), I grant Organic Eprints the right to make it permanently available on-line, with open access to all or in accordance with any access restrictions that I have specified. I understand that Organic Eprints does not assume any responsibility if there is any breach of copyright in distributing these files or metadata. For work being deposited by its own first author: I declare that this eprint is my own intellectual property and that I have the right to make it available in Organic Eprints in the manner chosen. For work being deposited by someone other than its first author: I declare that I have gained the proper permissions from someone with the right to make this eprint available in Organic Eprints in the manner chosen - or that the material is in the public domain. Clicking on the deposit button indicates your agreement to these terms."</dcds:literalValueString>
    </dcds:statement>
    <dcds:statement dcds:valueURI="http://purl.org/eprint/accessRights/OpenAccess" dcds:propertyURI="http://purl.org/dc/terms/accessRights" />
    <dcds:statement dcds:propertyURI="http://purl.org/dc/terms/date">
      <dcds:literalValueString dcds:sesURI="http://purl.org/dc/terms/W3CDTF">2003</dcds:literalValueString>
    </dcds:statement>
    <dcds:statement dcds:propertyURI="http://voa3r.eu/terms/hasMetametadata" dcds:valueRef="metametadata" />
  </dcds:description>
  <dcds:description dcds:resourceId="creator1">
    <dcds:statement dcds:valueURI="http://xmlns.com/foaf/0.1/Agent" dcds:propertyURI="http://www.w3.org/1999/02/22-rdf-syntax-ns#type" />
    <dcds:statement dcds:valueURI="http://xmlns.com/foaf/0.1/Person" dcds:propertyURI="http://purl.org/dc/terms/type" />
    <dcds:statement dcds:propertyURI="http://xmlns.com/foaf/0.1/givenName">
      <dcds:literalValueString>Joke</dcds:literalValueString>
    </dcds:statement>
    <dcds:statement dcds:propertyURI="http://xmlns.com/foaf/0.1/firstName">
      <dcds:literalValueString>Joke</dcds:literalValueString>
    </dcds:statement>
    <dcds:statement dcds:propertyURI="http://xmlns.com/foaf/0.1/familyName">
      <dcds:literalValueString>Bloksma</dcds:literalValueString>
    </dcds:statement>
    <dcds:statement dcds:propertyURI="http://xmlns.com/foaf/0.1/lastName">
      <dcds:literalValueString>Bloksma</dcds:literalValueString>
    </dcds:statement>
  </dcds:description>
  <dcds:description dcds:resourceId="creator2">
    <dcds:statement dcds:valueURI="http://xmlns.com/foaf/0.1/Agent" dcds:propertyURI="http://www.w3.org/1999/02/22-rdf-syntax-ns#type" />
    <dcds:statement dcds:valueURI="http://xmlns.com/foaf/0.1/Person" dcds:propertyURI="http://purl.org/dc/terms/type" />
    <dcds:statement dcds:propertyURI="http://xmlns.com/foaf/0.1/givenName">
      <dcds:literalValueString>PieterJans</dcds:literalValueString>
    </dcds:statement>
    <dcds:statement dcds:propertyURI="http://xmlns.com/foaf/0.1/firstName">
      <dcds:literalValueString>PieterJans</dcds:literalValueString>
    </dcds:statement>
    <dcds:statement dcds:propertyURI="http://xmlns.com/foaf/0.1/familyName">
      <dcds:literalValueString>Jansonius</dcds:literalValueString>
    </dcds:statement>
    <dcds:statement dcds:propertyURI="http://xmlns.com/foaf/0.1/lastName">
      <dcds:literalValueString>Jansonius</dcds:literalValueString>
    </dcds:statement>
  </dcds:description>
  <dcds:description dcds:resourceId="creator3">
    <dcds:statement dcds:valueURI="http://xmlns.com/foaf/0.1/Agent" dcds:propertyURI="http://www.w3.org/1999/02/22-rdf-syntax-ns#type" />
    <dcds:statement dcds:valueURI="http://xmlns.com/foaf/0.1/Person" dcds:propertyURI="http://purl.org/dc/terms/type" />
    <dcds:statement dcds:propertyURI="http://xmlns.com/foaf/0.1/givenName">
      <dcds:literalValueString>Marleen</dcds:literalValueString>
    </dcds:statement>
    <dcds:statement dcds:propertyURI="http://xmlns.com/foaf/0.1/firstName">
      <dcds:literalValueString>Marleen</dcds:literalValueString>
    </dcds:statement>
    <dcds:statement dcds:propertyURI="http://xmlns.com/foaf/0.1/familyName">
      <dcds:literalValueString>Zanen</dcds:literalValueString>
    </dcds:statement>
    <dcds:statement dcds:propertyURI="http://xmlns.com/foaf/0.1/lastName">
      <dcds:literalValueString>Zanen</dcds:literalValueString>
    </dcds:statement>
  </dcds:description>
  <dcds:description dcds:resourceId="metametadata">
    <dcds:statement dcds:valueURI="http://voa3r.eu/class/MetaMetadata" dcds:propertyURI="http://www.w3.org/1999/02/22-rdf-syntax-ns#type" />
    <dcds:statement dcds:propertyURI="http://purl.org/dc/terms/identifier">
      <dcds:valueString>oai:orgprints.org:628</dcds:valueString>
    </dcds:statement>
    <dcds:statement dcds:propertyURI="http://purl.org/dc/terms/type">
      <dcds:literalValueString>voa3r_dcds v1.0</dcds:literalValueString>
    </dcds:statement>
    <dcds:statement dcds:propertyURI="http://purl.org/dc/terms/date">
      <dcds:literalValueString dcds:sesURI="http://purl.org/dc/terms/W3CDTF">2015-09-08</dcds:literalValueString>
    </dcds:statement>
    <dcds:statement dcds:propertyURI="http://purl.org/dc/terms/contributor" dcds:valueRef="metacontributor" />
  </dcds:description>
  <dcds:description dcds:resourceId="metacontributor">
    <dcds:statement dcds:valueURI="http://xmlns.com/foaf/0.1/Agent" dcds:propertyURI="http://www.w3.org/1999/02/22-rdf-syntax-ns#type" />
    <dcds:statement dcds:valueURI="http://xmlns.com/foaf/0.1/Organization" dcds:propertyURI="http://purl.org/dc/terms/type" />
    <dcds:statement dcds:propertyURI="http://xmlns.com/foaf/0.1/name">
      <dcds:literalValueString xml:lang="en">Organic eprints</dcds:literalValueString>
    </dcds:statement>
    <dcds:statement dcds:valueURI="mailto:eprints@orgprints.org" dcds:propertyURI="http://xmlns.com/foaf/0.1/mbox" />
  </dcds:description>
</dcds:descriptionSet>