<dcds:descriptionSet xmlns:dcds="http://purl.org/dc/xmlns/2008/09/01/dc-ds-xml/" xmlns:xsi="http://www.w3.org/2001/XMLSchema-instance" xsi:schemaLocation="http://purl.org/dc/xmlns/2008/09/01/dc-ds-xml/ http://dublincore.org/schemas/xmls/2008/09/01/dc-ds-xml/dcds.xsd">
  <dcds:description dcds:resourceURI="http://orgprints.org/id/eprint/16341">
    <dcds:statement dcds:valueURI="http://voa3r.eu/class/Resource" dcds:propertyURI="http://www.w3.org/1999/02/22-rdf-syntax-ns#type" />
    <dcds:statement dcds:propertyURI="http://purl.org/dc/terms/title">
      <dcds:literalValueString xml:lang="de">Einsatz von Raufuttermitteln (Silage, Weidelgras, Topinambur und Stoppelrüben) im Vegetationsverlauf in der ganzjährigen Freilandhaltung von Mastschweinen</dcds:literalValueString>
    </dcds:statement>
    <dcds:statement dcds:propertyURI="http://purl.org/dc/terms/language" dcds:vesURI="http://purl.org/dc/terms/RFC5646">
      <dcds:valueString>de</dcds:valueString>
    </dcds:statement>
    <dcds:statement dcds:propertyURI="http://purl.org/dc/terms/abstract">
      <dcds:literalValueString xml:lang="de">Im Forschungsvorhaben sollte die Aufnahme verschiedener Feldfrüchte durch Mastschweine im Freiland mittels Titandioxid als Marker und anhand von in vitro Verdaulichkeitsbestimmungen quantifiziert werden. In vier Mastdurchgängen hatten die Tiere der Versuchsvarianten freien Zugang zu den Feldfrüchten, während die Kraftfutterzuteilung um 15% (Anfangsmast) bzw. 30% (Endmast) gegenüber den Kontrollvarianten reduziert war.&#xD;
Die Tageszunahmen variierten erheblich zwischen und innerhalb der Fütterungsvarianten. Mit Topinambur als Feldfrucht konnten gegenüber den Kontrollvarianten deutlich höhere Tageszunahmen erzielt werden, während diese bei den übrigen Raufutterkomponenten zum Teil deutlich abfielen. Die Schlachtkörper wiesen im Mittel hohe Muskelfleischanteile auf.&#xD;
Untersuchungen zur Verdaulichkeit der Futtermittel führten zwischen den drei in vitro Verfahren (enzymatische Inkubation, Fermentation und enzymatische Vorbehandlung vor der Fermentation) zu vergleichbaren Resultaten und lassen alle Verfahren als geeignet erscheinen.&#xD;
Mit im Mittel 41,2% ± 5,1% wiesen die Kotproben sehr hohe Gehalte an Rohasche auf. Die Übereinstimmung der Elementmuster der Seltenen Erden zwischen den Kot- und Bodenproben legt den Schluss nahe, dass die Gehalte im Kot nahezu ausschließlich aus der aufgenommenen Erde herrührten. Die Analyse von Titandioxid im Kot nach Kjeldahl-Aufschluss führte nicht zu validen Ergebnissen. Diese wurden erst nach wiederholtem Druckaufschluss und Messung mittels ICP-OES erzielt.&#xD;
Aufgrund der hohen Aufnahmemengen von Erdmineralien sowie deren Interferenz mit Titandioxid wird geschlussfolgert, dass die Titandioxidgehalte im Kot keine belastbaren Rückschlüsse auf die Raufutteraufnahme zulassen und Titandioxid als Marker unter Freilandbedingungen nicht geeignet ist. Mögliche Risiken hinsichtlich des Verbraucherschutzes bei der Haltung von Schweinen auf potentiell rückstandsbelasteten Böden bedürfen weiterer Untersuchungen.</dcds:literalValueString>
    </dcds:statement>
    <dcds:statement dcds:propertyURI="http://purl.org/dc/terms/bibliographicCitation" dcds:vesURI="http://www.openurl.info/registry/">
      <dcds:valueString dcds:sesURI="http://voa3r.eu/terms/EncodedSchema">BibTeX:@unpublished{orgprints16341,
           title = {Einsatz von Raufuttermitteln (Silage, Weidelgras, Topinambur und Stoppelr{\"u}ben) im Vegetationsverlauf in der ganzj{\"a}hrigen Freilandhaltung von Mastschweinen},
          author = {Mascha Sappok and Wilbert Pellikaan and Hans Schenkel and Albert Sundrum},
            year = {2008},
        keywords = {B{\"O}L, BOEL, FKZ 03OE407, Mastschweine, Freilandhaltung, F{\"u}tterung, Feldfr{\"u}chte, Raufutter, in vitro Verdaulichkeitsbestimmungen, Tageszunahmen, Topinambur, Titandioxid, r{\"u}ckstandsbelasteter Boden},
             url = {http://orgprints.org/16341/},
        abstract = {Im Forschungsvorhaben sollte die Aufnahme verschiedener Feldfr{\"u}chte durch Mastschweine im Freiland mittels Titandioxid als Marker und anhand von in vitro Verdaulichkeitsbestimmungen quantifiziert werden. In vier Mastdurchg{\"a}ngen hatten die Tiere der Versuchsvarianten freien Zugang zu den Feldfr{\"u}chten, w{\"a}hrend die Kraftfutterzuteilung um 15\% (Anfangsmast) bzw. 30\% (Endmast) gegen{\"u}ber den Kontrollvarianten reduziert war.&#xD;
Die Tageszunahmen variierten erheblich zwischen und innerhalb der F{\"u}tterungsvarianten. Mit Topinambur als Feldfrucht konnten gegen{\"u}ber den Kontrollvarianten deutlich h{\"o}here Tageszunahmen erzielt werden, w{\"a}hrend diese bei den {\"u}brigen Raufutterkomponenten zum Teil deutlich abfielen. Die Schlachtk{\"o}rper wiesen im Mittel hohe Muskelfleischanteile auf.&#xD;
Untersuchungen zur Verdaulichkeit der Futtermittel f{\"u}hrten zwischen den drei in vitro Verfahren (enzymatische Inkubation, Fermentation und enzymatische Vorbehandlung vor der Fermentation) zu vergleichbaren Resultaten und lassen alle Verfahren als geeignet erscheinen.&#xD;
Mit im Mittel 41,2\% {$\pm$} 5,1\% wiesen die Kotproben sehr hohe Gehalte an Rohasche auf. Die {\"U}bereinstimmung der Elementmuster der Seltenen Erden zwischen den Kot- und Bodenproben legt den Schluss nahe, dass die Gehalte im Kot nahezu ausschlie{\ss}lich aus der aufgenommenen Erde herr{\"u}hrten. Die Analyse von Titandioxid im Kot nach Kjeldahl-Aufschluss f{\"u}hrte nicht zu validen Ergebnissen. Diese wurden erst nach wiederholtem Druckaufschluss und Messung mittels ICP-OES erzielt.&#xD;
Aufgrund der hohen Aufnahmemengen von Erdmineralien sowie deren Interferenz mit Titandioxid wird geschlussfolgert, dass die Titandioxidgehalte im Kot keine belastbaren R{\"u}ckschl{\"u}sse auf die Raufutteraufnahme zulassen und Titandioxid als Marker unter Freilandbedingungen nicht geeignet ist. M{\"o}gliche Risiken hinsichtlich des Verbraucherschutzes bei der Haltung von Schweinen auf potentiell r{\"u}ckstandsbelasteten B{\"o}den bed{\"u}rfen weiterer Untersuchungen.}
}</dcds:valueString>
    </dcds:statement>
    <dcds:statement dcds:propertyURI="http://purl.org/dc/terms/type" dcds:vesURI="http://voa3r.eu/terms/ResourceType">
      <dcds:valueString>Research Report</dcds:valueString>
    </dcds:statement>
    <dcds:statement dcds:propertyURI="http://voa3r.eu/terms/reviewStatus" dcds:vesURI="http://voa3r.eu/terms/ReviewStatus">
      <dcds:valueString>Peer Reviewed</dcds:valueString>
    </dcds:statement>
    <dcds:statement dcds:propertyURI="http://voa3r.eu/terms/publicationStatus" dcds:vesURI="http://voa3r.eu/terms/PublicationStatus">
      <dcds:valueString>WorkingDraft</dcds:valueString>
    </dcds:statement>
    <dcds:statement dcds:propertyURI="http://purl.org/dc/terms/creator" dcds:valueRef="creator1" />
    <dcds:statement dcds:propertyURI="http://purl.org/dc/terms/creator" dcds:valueRef="creator2" />
    <dcds:statement dcds:propertyURI="http://purl.org/dc/terms/creator" dcds:valueRef="creator3" />
    <dcds:statement dcds:propertyURI="http://purl.org/dc/terms/creator" dcds:valueRef="creator4" />
    <dcds:statement dcds:propertyURI="http://purl.org/dc/terms/subject">
      <dcds:valueString xml:lang="en">Pigs</dcds:valueString>
    </dcds:statement>
    <dcds:statement dcds:propertyURI="http://purl.org/dc/terms/subject">
      <dcds:valueString xml:lang="en">Feeding and growth</dcds:valueString>
    </dcds:statement>
    <dcds:statement dcds:valueURI="http://orgprints.org/16341/" dcds:propertyURI="http://www.europeana.eu/schemas/ese/isShownAt" />
    <dcds:statement dcds:valueURI="http://orgprints.org/16341/1/16341-03OE407-uni_kassel-sundrum-2008-mastschweinefuetterung.pdf" dcds:propertyURI="http://www.europeana.eu/schemas/ese/isShownBy" />
    <dcds:statement dcds:propertyURI="http://purl.org/dc/terms/rights">
      <dcds:literalValueString xml:lang="en">ICROFS rights: All of the entries, statements, results etc. contained in the Organic Eprints archive have been compiled by the authors according to their best knowledge and the metadata have been scrupulously checked by the International Centre for Research in Organic Food Systems (ICROFS) and the Research Institute of Organic Agriculture (FiBL). All depositors of eprints have agreed with the Deposit Agreement below. However, the possibility of mistakes can not be ruled out entirely. Therefore, the responsible partners behind Organic Eprints, the archive staff and the depositors are not subject to any obligation and make no guarantees whatsoever regarding any of the statements etc. on this website; neither do they accept responsibility or liability for any possible mistakes contained therein. The links to other websites on the Organic Eprints pages are for informational purposes only. ICROFS, FiBL and the depositors are not responsible for the availability or content of these sites. In addition, providing links to these sites should not be interpreted as endorsement or approval by ICROFS or FiBL.
Deposit Agreement
When depositing an eprint the depositors consents with the following agreement: "In depositing this eprint (a collection of files and associated metadata), I grant Organic Eprints the right to make it permanently available on-line, with open access to all or in accordance with any access restrictions that I have specified. I understand that Organic Eprints does not assume any responsibility if there is any breach of copyright in distributing these files or metadata. For work being deposited by its own first author: I declare that this eprint is my own intellectual property and that I have the right to make it available in Organic Eprints in the manner chosen. For work being deposited by someone other than its first author: I declare that I have gained the proper permissions from someone with the right to make this eprint available in Organic Eprints in the manner chosen - or that the material is in the public domain. Clicking on the deposit button indicates your agreement to these terms."</dcds:literalValueString>
    </dcds:statement>
    <dcds:statement dcds:valueURI="http://purl.org/eprint/accessRights/OpenAccess" dcds:propertyURI="http://purl.org/dc/terms/accessRights" />
    <dcds:statement dcds:propertyURI="http://purl.org/dc/terms/date">
      <dcds:literalValueString dcds:sesURI="http://purl.org/dc/terms/W3CDTF">2008</dcds:literalValueString>
    </dcds:statement>
    <dcds:statement dcds:propertyURI="http://voa3r.eu/terms/hasMetametadata" dcds:valueRef="metametadata" />
  </dcds:description>
  <dcds:description dcds:resourceId="creator1">
    <dcds:statement dcds:valueURI="http://xmlns.com/foaf/0.1/Agent" dcds:propertyURI="http://www.w3.org/1999/02/22-rdf-syntax-ns#type" />
    <dcds:statement dcds:valueURI="http://xmlns.com/foaf/0.1/Person" dcds:propertyURI="http://purl.org/dc/terms/type" />
    <dcds:statement dcds:propertyURI="http://xmlns.com/foaf/0.1/givenName">
      <dcds:literalValueString>Mascha</dcds:literalValueString>
    </dcds:statement>
    <dcds:statement dcds:propertyURI="http://xmlns.com/foaf/0.1/firstName">
      <dcds:literalValueString>Mascha</dcds:literalValueString>
    </dcds:statement>
    <dcds:statement dcds:propertyURI="http://xmlns.com/foaf/0.1/familyName">
      <dcds:literalValueString>Sappok</dcds:literalValueString>
    </dcds:statement>
    <dcds:statement dcds:propertyURI="http://xmlns.com/foaf/0.1/lastName">
      <dcds:literalValueString>Sappok</dcds:literalValueString>
    </dcds:statement>
  </dcds:description>
  <dcds:description dcds:resourceId="creator2">
    <dcds:statement dcds:valueURI="http://xmlns.com/foaf/0.1/Agent" dcds:propertyURI="http://www.w3.org/1999/02/22-rdf-syntax-ns#type" />
    <dcds:statement dcds:valueURI="http://xmlns.com/foaf/0.1/Person" dcds:propertyURI="http://purl.org/dc/terms/type" />
    <dcds:statement dcds:propertyURI="http://xmlns.com/foaf/0.1/givenName">
      <dcds:literalValueString>Wilbert</dcds:literalValueString>
    </dcds:statement>
    <dcds:statement dcds:propertyURI="http://xmlns.com/foaf/0.1/firstName">
      <dcds:literalValueString>Wilbert</dcds:literalValueString>
    </dcds:statement>
    <dcds:statement dcds:propertyURI="http://xmlns.com/foaf/0.1/familyName">
      <dcds:literalValueString>Pellikaan</dcds:literalValueString>
    </dcds:statement>
    <dcds:statement dcds:propertyURI="http://xmlns.com/foaf/0.1/lastName">
      <dcds:literalValueString>Pellikaan</dcds:literalValueString>
    </dcds:statement>
  </dcds:description>
  <dcds:description dcds:resourceId="creator3">
    <dcds:statement dcds:valueURI="http://xmlns.com/foaf/0.1/Agent" dcds:propertyURI="http://www.w3.org/1999/02/22-rdf-syntax-ns#type" />
    <dcds:statement dcds:valueURI="http://xmlns.com/foaf/0.1/Person" dcds:propertyURI="http://purl.org/dc/terms/type" />
    <dcds:statement dcds:propertyURI="http://xmlns.com/foaf/0.1/givenName">
      <dcds:literalValueString>Hans</dcds:literalValueString>
    </dcds:statement>
    <dcds:statement dcds:propertyURI="http://xmlns.com/foaf/0.1/firstName">
      <dcds:literalValueString>Hans</dcds:literalValueString>
    </dcds:statement>
    <dcds:statement dcds:propertyURI="http://xmlns.com/foaf/0.1/familyName">
      <dcds:literalValueString>Schenkel</dcds:literalValueString>
    </dcds:statement>
    <dcds:statement dcds:propertyURI="http://xmlns.com/foaf/0.1/lastName">
      <dcds:literalValueString>Schenkel</dcds:literalValueString>
    </dcds:statement>
  </dcds:description>
  <dcds:description dcds:resourceId="creator4">
    <dcds:statement dcds:valueURI="http://xmlns.com/foaf/0.1/Agent" dcds:propertyURI="http://www.w3.org/1999/02/22-rdf-syntax-ns#type" />
    <dcds:statement dcds:valueURI="http://xmlns.com/foaf/0.1/Person" dcds:propertyURI="http://purl.org/dc/terms/type" />
    <dcds:statement dcds:propertyURI="http://xmlns.com/foaf/0.1/givenName">
      <dcds:literalValueString>Albert</dcds:literalValueString>
    </dcds:statement>
    <dcds:statement dcds:propertyURI="http://xmlns.com/foaf/0.1/firstName">
      <dcds:literalValueString>Albert</dcds:literalValueString>
    </dcds:statement>
    <dcds:statement dcds:propertyURI="http://xmlns.com/foaf/0.1/familyName">
      <dcds:literalValueString>Sundrum</dcds:literalValueString>
    </dcds:statement>
    <dcds:statement dcds:propertyURI="http://xmlns.com/foaf/0.1/lastName">
      <dcds:literalValueString>Sundrum</dcds:literalValueString>
    </dcds:statement>
  </dcds:description>
  <dcds:description dcds:resourceId="metametadata">
    <dcds:statement dcds:valueURI="http://voa3r.eu/class/MetaMetadata" dcds:propertyURI="http://www.w3.org/1999/02/22-rdf-syntax-ns#type" />
    <dcds:statement dcds:propertyURI="http://purl.org/dc/terms/identifier">
      <dcds:valueString>oai:orgprints.org:16341</dcds:valueString>
    </dcds:statement>
    <dcds:statement dcds:propertyURI="http://purl.org/dc/terms/type">
      <dcds:literalValueString>voa3r_dcds v1.0</dcds:literalValueString>
    </dcds:statement>
    <dcds:statement dcds:propertyURI="http://purl.org/dc/terms/date">
      <dcds:literalValueString dcds:sesURI="http://purl.org/dc/terms/W3CDTF">2015-09-08</dcds:literalValueString>
    </dcds:statement>
    <dcds:statement dcds:propertyURI="http://purl.org/dc/terms/contributor" dcds:valueRef="metacontributor" />
  </dcds:description>
  <dcds:description dcds:resourceId="metacontributor">
    <dcds:statement dcds:valueURI="http://xmlns.com/foaf/0.1/Agent" dcds:propertyURI="http://www.w3.org/1999/02/22-rdf-syntax-ns#type" />
    <dcds:statement dcds:valueURI="http://xmlns.com/foaf/0.1/Organization" dcds:propertyURI="http://purl.org/dc/terms/type" />
    <dcds:statement dcds:propertyURI="http://xmlns.com/foaf/0.1/name">
      <dcds:literalValueString xml:lang="en">Organic eprints</dcds:literalValueString>
    </dcds:statement>
    <dcds:statement dcds:valueURI="mailto:eprints@orgprints.org" dcds:propertyURI="http://xmlns.com/foaf/0.1/mbox" />
  </dcds:description>
</dcds:descriptionSet>