<dcds:descriptionSet xmlns:dcds="http://purl.org/dc/xmlns/2008/09/01/dc-ds-xml/" xmlns:xsi="http://www.w3.org/2001/XMLSchema-instance" xsi:schemaLocation="http://purl.org/dc/xmlns/2008/09/01/dc-ds-xml/ http://dublincore.org/schemas/xmls/2008/09/01/dc-ds-xml/dcds.xsd">
  <dcds:description dcds:resourceURI="http://orgprints.org/id/eprint/4264">
    <dcds:statement dcds:valueURI="http://voa3r.eu/class/Resource" dcds:propertyURI="http://www.w3.org/1999/02/22-rdf-syntax-ns#type" />
    <dcds:statement dcds:propertyURI="http://purl.org/dc/terms/title">
      <dcds:literalValueString xml:lang="en">Organic Food Subscription Schemes in Germany, Denmark, The Netherlands and The United Kingdom. Definitions and Patterns of Development in an International Context.</dcds:literalValueString>
    </dcds:statement>
    <dcds:statement dcds:propertyURI="http://purl.org/dc/terms/language" dcds:vesURI="http://purl.org/dc/terms/RFC5646">
      <dcds:valueString>en</dcds:valueString>
    </dcds:statement>
    <dcds:statement dcds:propertyURI="http://purl.org/dc/terms/abstract">
      <dcds:literalValueString xml:lang="en">This research investigates the phenomenon of organic food subscription schemes in four European countries. It aims to provide an international developmental framework for Organic Food Subscription Schemes (OFFS). It identifies driving forces of the organic food subscription markets and describes and defines different types of OFSS by their development and by their most important operational features.&#xD;
&#xD;
&#xD;
Based on a database of 800 OFSS companies, twenty in-depth, semi-structured interviews and company visits have been conducted during January and March 2004 in Germany, Denmark, The Netherlands and The United Kingdom. Market information from experts, strategic suppliers, consumers and consultants has been gathered through interviews. The outcomes were analysed in four national case studies, arriving at important conclusions for the national markets and the development of the OFSS. Common patterns have been identified through an international cross-case analysis. The outcome has been threefold:&#xD;
(1)Firstly, distinctive definitions of the organic food subscription schemes, distinguishing OFSS from shops, and the diversification of OFSS into boxschemes, bag-schemes and supportive-schemes &#xD;
(2)Secondly, three clusters of OFSS with common features have been identified as &#xD;
- OFSS with up to 2.000 orders per week&#xD;
- OFSS with more than 10.000 orders weekly&#xD;
- OFSS, which operate a B2B system&#xD;
(3)Thirdly, a Development Model for the first group, representing more than 80% of the OFSS companies has been suggested.&#xD;
&#xD;
The Box-Scheme Development Model describes how companies will develop their movement towards individualisation of the subscription through five sequential stages indicated by issues of marketing and operations. The most important aspect is seen as the benefit to the customer. It has been identified and discussed from a consumer perspective by the added value concept, and was supplemented by an operational perspective. The product and service features were analysed according to their tangible and intangible parts, their importance for purchase (Order winner &amp; Qualifier) and the perception of customers (Quality).&#xD;
This paper enables practitioners to anticipate their company’s position in the stage of market development by their operational features and their customer demands, and to predict likely future developments.&#xD;
Gaps of knowledge and have been found and further research is suggested in order to:&#xD;
-Understand the growth of OFSS companies with more than 10.000 orders weekly&#xD;
-Decide on the success factors of bag-schemes and new developments in an international context&#xD;
-Extend the Box-Scheme Development Model towards supportive OFSS in emerging markets&#xD;
-Collect basic quantitative data of the OFFS companies, customers and market figures.</dcds:literalValueString>
    </dcds:statement>
    <dcds:statement dcds:propertyURI="http://purl.org/dc/terms/bibliographicCitation" dcds:vesURI="http://www.openurl.info/registry/">
      <dcds:valueString dcds:sesURI="http://voa3r.eu/terms/EncodedSchema">BibTeX:@phdthesis{orgprints4264,
           title = {Organic Food Subscription Schemes in Germany, Denmark, The Netherlands and The United Kingdom. Definitions and Patterns of Development in an International Context.},
          school = {Klein Management Consulting, Darmstadt, Germany},
          author = {MBA Hanns-Michael Haldy},
       publisher = {ASTON BUSINESS SCHOOL / Birmingham / UK},
            year = {2004},
        keywords = {Boxschemes, Bagschemes, Organic Food Subscription Schemes, Home Delievery Service, CSA, TEI-KEI, Direct Marketing, BOX SCHEMES},
             url = {http://orgprints.org/4264/},
        abstract = {This research investigates the phenomenon of organic food subscription schemes in four European countries. It aims to provide an international developmental framework for Organic Food Subscription Schemes (OFFS). It identifies driving forces of the organic food subscription markets and describes and defines different types of OFSS by their development and by their most important operational features.&#xD;
&#xD;
&#xD;
Based on a database of 800 OFSS companies, twenty in-depth, semi-structured interviews and company visits have been conducted during January and March 2004 in Germany, Denmark, The Netherlands and The United Kingdom. Market information from experts, strategic suppliers, consumers and consultants has been gathered through interviews. The outcomes were analysed in four national case studies, arriving at important conclusions for the national markets and the development of the OFSS. Common patterns have been identified through an international cross-case analysis. The outcome has been threefold:&#xD;
(1)Firstly, distinctive definitions of the organic food subscription schemes, distinguishing OFSS from shops, and the diversification of OFSS into boxschemes, bag-schemes and supportive-schemes &#xD;
(2)Secondly, three clusters of OFSS with common features have been identified as &#xD;
- OFSS with up to 2.000 orders per week&#xD;
- OFSS with more than 10.000 orders weekly&#xD;
- OFSS, which operate a B2B system&#xD;
(3)Thirdly, a Development Model for the first group, representing more than 80\% of the OFSS companies has been suggested.&#xD;
&#xD;
The Box-Scheme Development Model describes how companies will develop their movement towards individualisation of the subscription through five sequential stages indicated by issues of marketing and operations. The most important aspect is seen as the benefit to the customer. It has been identified and discussed from a consumer perspective by the added value concept, and was supplemented by an operational perspective. The product and service features were analysed according to their tangible and intangible parts, their importance for purchase (Order winner \&amp; Qualifier) and the perception of customers (Quality).&#xD;
This paper enables practitioners to anticipate their company?s position in the stage of market development by their operational features and their customer demands, and to predict likely future developments.&#xD;
Gaps of knowledge and have been found and further research is suggested in order to:&#xD;
-Understand the growth of OFSS companies with more than 10.000 orders weekly&#xD;
-Decide on the success factors of bag-schemes and new developments in an international context&#xD;
-Extend the Box-Scheme Development Model towards supportive OFSS in emerging markets&#xD;
-Collect basic quantitative data of the OFFS companies, customers and market figures.}
}</dcds:valueString>
    </dcds:statement>
    <dcds:statement dcds:propertyURI="http://purl.org/dc/terms/type" dcds:vesURI="http://voa3r.eu/terms/ResourceType">
      <dcds:valueString>Thesis</dcds:valueString>
    </dcds:statement>
    <dcds:statement dcds:propertyURI="http://voa3r.eu/terms/reviewStatus" dcds:vesURI="http://voa3r.eu/terms/ReviewStatus">
      <dcds:valueString>Peer Reviewed</dcds:valueString>
    </dcds:statement>
    <dcds:statement dcds:propertyURI="http://voa3r.eu/terms/publicationStatus" dcds:vesURI="http://voa3r.eu/terms/PublicationStatus">
      <dcds:valueString>Published</dcds:valueString>
    </dcds:statement>
    <dcds:statement dcds:propertyURI="http://purl.org/dc/terms/creator" dcds:valueRef="creator1" />
    <dcds:statement dcds:propertyURI="http://purl.org/dc/terms/publisher" dcds:valueRef="publisher" />
    <dcds:statement dcds:propertyURI="http://purl.org/dc/terms/subject">
      <dcds:valueString xml:lang="en">Markets and trade</dcds:valueString>
    </dcds:statement>
    <dcds:statement dcds:propertyURI="http://purl.org/dc/terms/subject">
      <dcds:valueString xml:lang="en">Processing, packaging and transportation</dcds:valueString>
    </dcds:statement>
    <dcds:statement dcds:propertyURI="http://purl.org/dc/terms/subject">
      <dcds:valueString xml:lang="en">Farm economics</dcds:valueString>
    </dcds:statement>
    <dcds:statement dcds:valueURI="http://orgprints.org/4264/" dcds:propertyURI="http://www.europeana.eu/schemas/ese/isShownAt" />
    <dcds:statement dcds:valueURI="http://orgprints.org/4264/1/Organic_Food_Subscription_Schemes_Dissertation_by_HM_HALDY.pdf" dcds:propertyURI="http://www.europeana.eu/schemas/ese/isShownBy" />
    <dcds:statement dcds:propertyURI="http://purl.org/dc/terms/rights">
      <dcds:literalValueString xml:lang="en">ICROFS rights: All of the entries, statements, results etc. contained in the Organic Eprints archive have been compiled by the authors according to their best knowledge and the metadata have been scrupulously checked by the International Centre for Research in Organic Food Systems (ICROFS) and the Research Institute of Organic Agriculture (FiBL). All depositors of eprints have agreed with the Deposit Agreement below. However, the possibility of mistakes can not be ruled out entirely. Therefore, the responsible partners behind Organic Eprints, the archive staff and the depositors are not subject to any obligation and make no guarantees whatsoever regarding any of the statements etc. on this website; neither do they accept responsibility or liability for any possible mistakes contained therein. The links to other websites on the Organic Eprints pages are for informational purposes only. ICROFS, FiBL and the depositors are not responsible for the availability or content of these sites. In addition, providing links to these sites should not be interpreted as endorsement or approval by ICROFS or FiBL.
Deposit Agreement
When depositing an eprint the depositors consents with the following agreement: "In depositing this eprint (a collection of files and associated metadata), I grant Organic Eprints the right to make it permanently available on-line, with open access to all or in accordance with any access restrictions that I have specified. I understand that Organic Eprints does not assume any responsibility if there is any breach of copyright in distributing these files or metadata. For work being deposited by its own first author: I declare that this eprint is my own intellectual property and that I have the right to make it available in Organic Eprints in the manner chosen. For work being deposited by someone other than its first author: I declare that I have gained the proper permissions from someone with the right to make this eprint available in Organic Eprints in the manner chosen - or that the material is in the public domain. Clicking on the deposit button indicates your agreement to these terms."</dcds:literalValueString>
    </dcds:statement>
    <dcds:statement dcds:valueURI="http://purl.org/eprint/accessRights/OpenAccess" dcds:propertyURI="http://purl.org/dc/terms/accessRights" />
    <dcds:statement dcds:propertyURI="http://purl.org/dc/terms/date">
      <dcds:literalValueString dcds:sesURI="http://purl.org/dc/terms/W3CDTF">2004</dcds:literalValueString>
    </dcds:statement>
    <dcds:statement dcds:propertyURI="http://voa3r.eu/terms/hasMetametadata" dcds:valueRef="metametadata" />
  </dcds:description>
  <dcds:description dcds:resourceId="creator1">
    <dcds:statement dcds:valueURI="http://xmlns.com/foaf/0.1/Agent" dcds:propertyURI="http://www.w3.org/1999/02/22-rdf-syntax-ns#type" />
    <dcds:statement dcds:valueURI="http://xmlns.com/foaf/0.1/Person" dcds:propertyURI="http://purl.org/dc/terms/type" />
    <dcds:statement dcds:propertyURI="http://xmlns.com/foaf/0.1/givenName">
      <dcds:literalValueString>Hanns-Michael</dcds:literalValueString>
    </dcds:statement>
    <dcds:statement dcds:propertyURI="http://xmlns.com/foaf/0.1/firstName">
      <dcds:literalValueString>Hanns-Michael</dcds:literalValueString>
    </dcds:statement>
    <dcds:statement dcds:propertyURI="http://xmlns.com/foaf/0.1/familyName">
      <dcds:literalValueString>Haldy</dcds:literalValueString>
    </dcds:statement>
    <dcds:statement dcds:propertyURI="http://xmlns.com/foaf/0.1/lastName">
      <dcds:literalValueString>Haldy</dcds:literalValueString>
    </dcds:statement>
  </dcds:description>
  <dcds:description dcds:resourceId="publisher">
    <dcds:statement dcds:valueURI="http://xmlns.com/foaf/0.1/Agent" dcds:propertyURI="http://www.w3.org/1999/02/22-rdf-syntax-ns#type" />
    <dcds:statement dcds:valueURI="http://xmlns.com/foaf/0.1/Organization" dcds:propertyURI="http://purl.org/dc/terms/type" />
    <dcds:statement dcds:propertyURI="http://xmlns.com/foaf/0.1/name">
      <dcds:literalValueString>ASTON BUSINESS SCHOOL / Birmingham / UK</dcds:literalValueString>
    </dcds:statement>
  </dcds:description>
  <dcds:description dcds:resourceId="metametadata">
    <dcds:statement dcds:valueURI="http://voa3r.eu/class/MetaMetadata" dcds:propertyURI="http://www.w3.org/1999/02/22-rdf-syntax-ns#type" />
    <dcds:statement dcds:propertyURI="http://purl.org/dc/terms/identifier">
      <dcds:valueString>oai:orgprints.org:4264</dcds:valueString>
    </dcds:statement>
    <dcds:statement dcds:propertyURI="http://purl.org/dc/terms/type">
      <dcds:literalValueString>voa3r_dcds v1.0</dcds:literalValueString>
    </dcds:statement>
    <dcds:statement dcds:propertyURI="http://purl.org/dc/terms/date">
      <dcds:literalValueString dcds:sesURI="http://purl.org/dc/terms/W3CDTF">2015-09-08</dcds:literalValueString>
    </dcds:statement>
    <dcds:statement dcds:propertyURI="http://purl.org/dc/terms/contributor" dcds:valueRef="metacontributor" />
  </dcds:description>
  <dcds:description dcds:resourceId="metacontributor">
    <dcds:statement dcds:valueURI="http://xmlns.com/foaf/0.1/Agent" dcds:propertyURI="http://www.w3.org/1999/02/22-rdf-syntax-ns#type" />
    <dcds:statement dcds:valueURI="http://xmlns.com/foaf/0.1/Organization" dcds:propertyURI="http://purl.org/dc/terms/type" />
    <dcds:statement dcds:propertyURI="http://xmlns.com/foaf/0.1/name">
      <dcds:literalValueString xml:lang="en">Organic eprints</dcds:literalValueString>
    </dcds:statement>
    <dcds:statement dcds:valueURI="mailto:eprints@orgprints.org" dcds:propertyURI="http://xmlns.com/foaf/0.1/mbox" />
  </dcds:description>
</dcds:descriptionSet>