<dcds:descriptionSet xmlns:dcds="http://purl.org/dc/xmlns/2008/09/01/dc-ds-xml/" xmlns:xsi="http://www.w3.org/2001/XMLSchema-instance" xsi:schemaLocation="http://purl.org/dc/xmlns/2008/09/01/dc-ds-xml/ http://dublincore.org/schemas/xmls/2008/09/01/dc-ds-xml/dcds.xsd">
  <dcds:description dcds:resourceURI="http://orgprints.org/id/eprint/4653">
    <dcds:statement dcds:valueURI="http://voa3r.eu/class/Resource" dcds:propertyURI="http://www.w3.org/1999/02/22-rdf-syntax-ns#type" />
    <dcds:statement dcds:propertyURI="http://purl.org/dc/terms/title">
      <dcds:literalValueString xml:lang="da">Nitratudvaskning fra økologiske og konventionelle planteavlsbedrifter - simuleringer med FASSET bedriftsmodellen</dcds:literalValueString>
    </dcds:statement>
    <dcds:statement dcds:propertyURI="http://purl.org/dc/terms/language" dcds:vesURI="http://purl.org/dc/terms/RFC5646">
      <dcds:valueString>da</dcds:valueString>
    </dcds:statement>
    <dcds:statement dcds:propertyURI="http://purl.org/dc/terms/abstract">
      <dcds:literalValueString xml:lang="da">Med udgangspunkt i regnskabsdata fra Fødevareøkonomisk Institut (FØI) og data fra Centrale Registre (CR) blev importen af kvælstof (N) i gødning til marken til konventionelle og økologiske planteavlere&#xD;
estimeret til hhv. 129 og 51 kg N ha-1 år-1. Desuden blev der med udgangspunkt i den aktuelle afgrødefordeling opstillet et generelt sædskifte for hver af de to systemer. Det opstillede sædskifte for den økologiske planteavl havde en høj andel af vårsæd og desuden 20% kløvergræs, mens den konventionelle planteavl var domineret af kornafgrøder primært i form af vintersæd. &#xD;
Med baggrund i disse model-sædskifter blev N-balancen på markniveau beregnet ved anvendelse af FASSET modellen. Dette inkluderede også N-udvaskning og ændring i jordens N-pulje. Alle beregninger blev foretaget for tre jordtyper, der repræsenterer variationen i danske jordtyper. Disse tre jordtyper blev ydermere delt op i lav og høj frugtbarhed, repræsenteret ved et lavt og højt indhold af organisk N i jorden.&#xD;
Modelresultaterne viste, at den økologiske planteavl havde en højere markbalance end den konventionelle planteavl (61 mod 40 kg N ha-1 år-1). Men da indbygningen i jordens N-pulje samtidig var højere for de økologiske brug, gav dette ikke anledning til forskelle i niveauet for udvaskning. De økologiske bedrifter øgede deres jordfrugtbarhed ved årligt i gennemsnit at indbygge 13 kg N ha-1 i jorden, mens de konventionelle reducerede frugtbarheden ved i gennemsnit at tære 6 kg N ha-1 år-1 på jordens indhold af organisk N. Dette kan primært tillægges forskelle i afgrødevalg.&#xD;
Desuden blev en række driftsmæssige tiltag analyseret, herunder efterafgrøder, halmnedmuldning, reduceret gødningstilførsel og ændringer i sædskiftet. Disse analyser viste, at etablering af efterafgrøder er det klart mest effektive virkemiddel til at reducere N-udvaskningen, med en effekt på sædskifteniveau på ca. 9 kg N ha-1 år-1. Det fulde potentiale ved dyrkning af efterafgrøder vil dog ikke kunne udnyttes i praksis, da der af hensyn til bekæmpelse af især rodukrudt, er nødvendigt med en jordbearbejdning i&#xD;
efteråret, der kan give anledning til en betydelig øget N-udvaskning. Andre tiltag, som f.eks. halmnedmuldning, havde mindre effekt på N-udvaskningen, men en markant effekt på jordens indhold af organisk N. Således øgede halmnedmuldningen ved den økologiske planteavl jordens indhold af organisk N med 14 kg N ha-1 år-1 mere end i basis-scenariet.&#xD;
På basis af simuleringerne blev det konkluderet at der ikke er nogen forskel i udvaskningsniveauet mellem økologisk og konventionel planteavl. Da N-udvaskningen fra konventionel planteavl blev simuleret at være faldet 4 kg N ha-1 år-1 som følge af implementeringen af VMP II blev det vurderet, at der har været ca. 4 kg N ha-1 år-1 mere N-udvaskning fra konventionel planteproduktion i forhold til niveauet for økologisk planteavl før VMP II.</dcds:literalValueString>
    </dcds:statement>
    <dcds:statement dcds:propertyURI="http://purl.org/dc/terms/bibliographicCitation" dcds:vesURI="http://www.openurl.info/registry/">
      <dcds:valueString dcds:sesURI="http://voa3r.eu/terms/EncodedSchema">BibTeX:@misc{orgprints4653,
           title = {Nitratudvaskning fra {\o}kologiske og konventionelle planteavlsbedrifter - simuleringer med FASSET bedriftsmodellen},
          author = {J. Berntsen and B.M. Petersen and I.S. Kristensen and J.E. Olesen},
            year = {2004},
          series = {Intern rapport},
             url = {http://orgprints.org/4653/},
        abstract = {Med udgangspunkt i regnskabsdata fra F{\o}devare{\o}konomisk Institut (F{\O}I) og data fra Centrale Registre (CR) blev importen af kv{\ae}lstof (N) i g{\o}dning til marken til konventionelle og {\o}kologiske planteavlere&#xD;
estimeret til hhv. 129 og 51 kg N ha-1 {\ra}r-1. Desuden blev der med udgangspunkt i den aktuelle afgr{\o}defordeling opstillet et generelt s{\ae}dskifte for hver af de to systemer. Det opstillede s{\ae}dskifte for den {\o}kologiske planteavl havde en h{\o}j andel af v{\ra}rs{\ae}d og desuden 20\% kl{\o}vergr{\ae}s, mens den konventionelle planteavl var domineret af kornafgr{\o}der prim{\ae}rt i form af vinters{\ae}d. &#xD;
Med baggrund i disse model-s{\ae}dskifter blev N-balancen p{\ra} markniveau beregnet ved anvendelse af FASSET modellen. Dette inkluderede ogs{\ra} N-udvaskning og {\ae}ndring i jordens N-pulje. Alle beregninger blev foretaget for tre jordtyper, der repr{\ae}senterer variationen i danske jordtyper. Disse tre jordtyper blev ydermere delt op i lav og h{\o}j frugtbarhed, repr{\ae}senteret ved et lavt og h{\o}jt indhold af organisk N i jorden.&#xD;
Modelresultaterne viste, at den {\o}kologiske planteavl havde en h{\o}jere markbalance end den konventionelle planteavl (61 mod 40 kg N ha-1 {\ra}r-1). Men da indbygningen i jordens N-pulje samtidig var h{\o}jere for de {\o}kologiske brug, gav dette ikke anledning til forskelle i niveauet for udvaskning. De {\o}kologiske bedrifter {\o}gede deres jordfrugtbarhed ved {\ra}rligt i gennemsnit at indbygge 13 kg N ha-1 i jorden, mens de konventionelle reducerede frugtbarheden ved i gennemsnit at t{\ae}re 6 kg N ha-1 {\ra}r-1 p{\ra} jordens indhold af organisk N. Dette kan prim{\ae}rt till{\ae}gges forskelle i afgr{\o}devalg.&#xD;
Desuden blev en r{\ae}kke driftsm{\ae}ssige tiltag analyseret, herunder efterafgr{\o}der, halmnedmuldning, reduceret g{\o}dningstilf{\o}rsel og {\ae}ndringer i s{\ae}dskiftet. Disse analyser viste, at etablering af efterafgr{\o}der er det klart mest effektive virkemiddel til at reducere N-udvaskningen, med en effekt p{\ra} s{\ae}dskifteniveau p{\ra} ca. 9 kg N ha-1 {\ra}r-1. Det fulde potentiale ved dyrkning af efterafgr{\o}der vil dog ikke kunne udnyttes i praksis, da der af hensyn til bek{\ae}mpelse af is{\ae}r rodukrudt, er n{\o}dvendigt med en jordbearbejdning i&#xD;
efter{\ra}ret, der kan give anledning til en betydelig {\o}get N-udvaskning. Andre tiltag, som f.eks. halmnedmuldning, havde mindre effekt p{\ra} N-udvaskningen, men en markant effekt p{\ra} jordens indhold af organisk N. S{\ra}ledes {\o}gede halmnedmuldningen ved den {\o}kologiske planteavl jordens indhold af organisk N med 14 kg N ha-1 {\ra}r-1 mere end i basis-scenariet.&#xD;
P{\ra} basis af simuleringerne blev det konkluderet at der ikke er nogen forskel i udvaskningsniveauet mellem {\o}kologisk og konventionel planteavl. Da N-udvaskningen fra konventionel planteavl blev simuleret at v{\ae}re faldet 4 kg N ha-1 {\ra}r-1 som f{\o}lge af implementeringen af VMP II blev det vurderet, at der har v{\ae}ret ca. 4 kg N ha-1 {\ra}r-1 mere N-udvaskning fra konventionel planteproduktion i forhold til niveauet for {\o}kologisk planteavl f{\o}r VMP II.}
}</dcds:valueString>
    </dcds:statement>
    <dcds:statement dcds:propertyURI="http://purl.org/dc/terms/type" dcds:vesURI="http://voa3r.eu/terms/ResourceType">
      <dcds:valueString>Research Report</dcds:valueString>
    </dcds:statement>
    <dcds:statement dcds:propertyURI="http://voa3r.eu/terms/reviewStatus" dcds:vesURI="http://voa3r.eu/terms/ReviewStatus">
      <dcds:valueString>Peer Reviewed</dcds:valueString>
    </dcds:statement>
    <dcds:statement dcds:propertyURI="http://voa3r.eu/terms/publicationStatus" dcds:vesURI="http://voa3r.eu/terms/PublicationStatus">
      <dcds:valueString>Published</dcds:valueString>
    </dcds:statement>
    <dcds:statement dcds:propertyURI="http://purl.org/dc/terms/creator" dcds:valueRef="creator1" />
    <dcds:statement dcds:propertyURI="http://purl.org/dc/terms/creator" dcds:valueRef="creator2" />
    <dcds:statement dcds:propertyURI="http://purl.org/dc/terms/creator" dcds:valueRef="creator3" />
    <dcds:statement dcds:propertyURI="http://purl.org/dc/terms/creator" dcds:valueRef="creator4" />
    <dcds:statement dcds:propertyURI="http://purl.org/dc/terms/subject">
      <dcds:valueString xml:lang="en">Nutrient turnover</dcds:valueString>
    </dcds:statement>
    <dcds:statement dcds:propertyURI="http://purl.org/dc/terms/subject">
      <dcds:valueString xml:lang="en">Soil</dcds:valueString>
    </dcds:statement>
    <dcds:statement dcds:propertyURI="http://purl.org/dc/terms/subject">
      <dcds:valueString xml:lang="en">Soil biology</dcds:valueString>
    </dcds:statement>
    <dcds:statement dcds:propertyURI="http://purl.org/dc/terms/subject">
      <dcds:valueString xml:lang="en">Soil quality</dcds:valueString>
    </dcds:statement>
    <dcds:statement dcds:propertyURI="http://purl.org/dc/terms/subject">
      <dcds:valueString xml:lang="en">Air and water emissions</dcds:valueString>
    </dcds:statement>
    <dcds:statement dcds:valueURI="http://orgprints.org/4653/" dcds:propertyURI="http://www.europeana.eu/schemas/ese/isShownAt" />
    <dcds:statement dcds:valueURI="http://orgprints.org/4653/1/4653.pdf" dcds:propertyURI="http://www.europeana.eu/schemas/ese/isShownBy" />
    <dcds:statement dcds:propertyURI="http://purl.org/dc/terms/rights">
      <dcds:literalValueString xml:lang="en">ICROFS rights: All of the entries, statements, results etc. contained in the Organic Eprints archive have been compiled by the authors according to their best knowledge and the metadata have been scrupulously checked by the International Centre for Research in Organic Food Systems (ICROFS) and the Research Institute of Organic Agriculture (FiBL). All depositors of eprints have agreed with the Deposit Agreement below. However, the possibility of mistakes can not be ruled out entirely. Therefore, the responsible partners behind Organic Eprints, the archive staff and the depositors are not subject to any obligation and make no guarantees whatsoever regarding any of the statements etc. on this website; neither do they accept responsibility or liability for any possible mistakes contained therein. The links to other websites on the Organic Eprints pages are for informational purposes only. ICROFS, FiBL and the depositors are not responsible for the availability or content of these sites. In addition, providing links to these sites should not be interpreted as endorsement or approval by ICROFS or FiBL.
Deposit Agreement
When depositing an eprint the depositors consents with the following agreement: "In depositing this eprint (a collection of files and associated metadata), I grant Organic Eprints the right to make it permanently available on-line, with open access to all or in accordance with any access restrictions that I have specified. I understand that Organic Eprints does not assume any responsibility if there is any breach of copyright in distributing these files or metadata. For work being deposited by its own first author: I declare that this eprint is my own intellectual property and that I have the right to make it available in Organic Eprints in the manner chosen. For work being deposited by someone other than its first author: I declare that I have gained the proper permissions from someone with the right to make this eprint available in Organic Eprints in the manner chosen - or that the material is in the public domain. Clicking on the deposit button indicates your agreement to these terms."</dcds:literalValueString>
    </dcds:statement>
    <dcds:statement dcds:valueURI="http://purl.org/eprint/accessRights/OpenAccess" dcds:propertyURI="http://purl.org/dc/terms/accessRights" />
    <dcds:statement dcds:propertyURI="http://purl.org/dc/terms/date">
      <dcds:literalValueString dcds:sesURI="http://purl.org/dc/terms/W3CDTF">2004</dcds:literalValueString>
    </dcds:statement>
    <dcds:statement dcds:propertyURI="http://voa3r.eu/terms/hasMetametadata" dcds:valueRef="metametadata" />
  </dcds:description>
  <dcds:description dcds:resourceId="creator1">
    <dcds:statement dcds:valueURI="http://xmlns.com/foaf/0.1/Agent" dcds:propertyURI="http://www.w3.org/1999/02/22-rdf-syntax-ns#type" />
    <dcds:statement dcds:valueURI="http://xmlns.com/foaf/0.1/Person" dcds:propertyURI="http://purl.org/dc/terms/type" />
    <dcds:statement dcds:propertyURI="http://xmlns.com/foaf/0.1/givenName">
      <dcds:literalValueString>J.</dcds:literalValueString>
    </dcds:statement>
    <dcds:statement dcds:propertyURI="http://xmlns.com/foaf/0.1/firstName">
      <dcds:literalValueString>J.</dcds:literalValueString>
    </dcds:statement>
    <dcds:statement dcds:propertyURI="http://xmlns.com/foaf/0.1/familyName">
      <dcds:literalValueString>Berntsen</dcds:literalValueString>
    </dcds:statement>
    <dcds:statement dcds:propertyURI="http://xmlns.com/foaf/0.1/lastName">
      <dcds:literalValueString>Berntsen</dcds:literalValueString>
    </dcds:statement>
  </dcds:description>
  <dcds:description dcds:resourceId="creator2">
    <dcds:statement dcds:valueURI="http://xmlns.com/foaf/0.1/Agent" dcds:propertyURI="http://www.w3.org/1999/02/22-rdf-syntax-ns#type" />
    <dcds:statement dcds:valueURI="http://xmlns.com/foaf/0.1/Person" dcds:propertyURI="http://purl.org/dc/terms/type" />
    <dcds:statement dcds:propertyURI="http://xmlns.com/foaf/0.1/givenName">
      <dcds:literalValueString>B.M.</dcds:literalValueString>
    </dcds:statement>
    <dcds:statement dcds:propertyURI="http://xmlns.com/foaf/0.1/firstName">
      <dcds:literalValueString>B.M.</dcds:literalValueString>
    </dcds:statement>
    <dcds:statement dcds:propertyURI="http://xmlns.com/foaf/0.1/familyName">
      <dcds:literalValueString>Petersen</dcds:literalValueString>
    </dcds:statement>
    <dcds:statement dcds:propertyURI="http://xmlns.com/foaf/0.1/lastName">
      <dcds:literalValueString>Petersen</dcds:literalValueString>
    </dcds:statement>
  </dcds:description>
  <dcds:description dcds:resourceId="creator3">
    <dcds:statement dcds:valueURI="http://xmlns.com/foaf/0.1/Agent" dcds:propertyURI="http://www.w3.org/1999/02/22-rdf-syntax-ns#type" />
    <dcds:statement dcds:valueURI="http://xmlns.com/foaf/0.1/Person" dcds:propertyURI="http://purl.org/dc/terms/type" />
    <dcds:statement dcds:propertyURI="http://xmlns.com/foaf/0.1/givenName">
      <dcds:literalValueString>I.S.</dcds:literalValueString>
    </dcds:statement>
    <dcds:statement dcds:propertyURI="http://xmlns.com/foaf/0.1/firstName">
      <dcds:literalValueString>I.S.</dcds:literalValueString>
    </dcds:statement>
    <dcds:statement dcds:propertyURI="http://xmlns.com/foaf/0.1/familyName">
      <dcds:literalValueString>Kristensen</dcds:literalValueString>
    </dcds:statement>
    <dcds:statement dcds:propertyURI="http://xmlns.com/foaf/0.1/lastName">
      <dcds:literalValueString>Kristensen</dcds:literalValueString>
    </dcds:statement>
  </dcds:description>
  <dcds:description dcds:resourceId="creator4">
    <dcds:statement dcds:valueURI="http://xmlns.com/foaf/0.1/Agent" dcds:propertyURI="http://www.w3.org/1999/02/22-rdf-syntax-ns#type" />
    <dcds:statement dcds:valueURI="http://xmlns.com/foaf/0.1/Person" dcds:propertyURI="http://purl.org/dc/terms/type" />
    <dcds:statement dcds:propertyURI="http://xmlns.com/foaf/0.1/givenName">
      <dcds:literalValueString>J.E.</dcds:literalValueString>
    </dcds:statement>
    <dcds:statement dcds:propertyURI="http://xmlns.com/foaf/0.1/firstName">
      <dcds:literalValueString>J.E.</dcds:literalValueString>
    </dcds:statement>
    <dcds:statement dcds:propertyURI="http://xmlns.com/foaf/0.1/familyName">
      <dcds:literalValueString>Olesen</dcds:literalValueString>
    </dcds:statement>
    <dcds:statement dcds:propertyURI="http://xmlns.com/foaf/0.1/lastName">
      <dcds:literalValueString>Olesen</dcds:literalValueString>
    </dcds:statement>
  </dcds:description>
  <dcds:description dcds:resourceId="metametadata">
    <dcds:statement dcds:valueURI="http://voa3r.eu/class/MetaMetadata" dcds:propertyURI="http://www.w3.org/1999/02/22-rdf-syntax-ns#type" />
    <dcds:statement dcds:propertyURI="http://purl.org/dc/terms/identifier">
      <dcds:valueString>oai:orgprints.org:4653</dcds:valueString>
    </dcds:statement>
    <dcds:statement dcds:propertyURI="http://purl.org/dc/terms/type">
      <dcds:literalValueString>voa3r_dcds v1.0</dcds:literalValueString>
    </dcds:statement>
    <dcds:statement dcds:propertyURI="http://purl.org/dc/terms/date">
      <dcds:literalValueString dcds:sesURI="http://purl.org/dc/terms/W3CDTF">2015-09-08</dcds:literalValueString>
    </dcds:statement>
    <dcds:statement dcds:propertyURI="http://purl.org/dc/terms/contributor" dcds:valueRef="metacontributor" />
  </dcds:description>
  <dcds:description dcds:resourceId="metacontributor">
    <dcds:statement dcds:valueURI="http://xmlns.com/foaf/0.1/Agent" dcds:propertyURI="http://www.w3.org/1999/02/22-rdf-syntax-ns#type" />
    <dcds:statement dcds:valueURI="http://xmlns.com/foaf/0.1/Organization" dcds:propertyURI="http://purl.org/dc/terms/type" />
    <dcds:statement dcds:propertyURI="http://xmlns.com/foaf/0.1/name">
      <dcds:literalValueString xml:lang="en">Organic eprints</dcds:literalValueString>
    </dcds:statement>
    <dcds:statement dcds:valueURI="mailto:eprints@orgprints.org" dcds:propertyURI="http://xmlns.com/foaf/0.1/mbox" />
  </dcds:description>
</dcds:descriptionSet>