<dcds:descriptionSet xmlns:dcds="http://purl.org/dc/xmlns/2008/09/01/dc-ds-xml/" xmlns:xsi="http://www.w3.org/2001/XMLSchema-instance" xsi:schemaLocation="http://purl.org/dc/xmlns/2008/09/01/dc-ds-xml/ http://dublincore.org/schemas/xmls/2008/09/01/dc-ds-xml/dcds.xsd">
  <dcds:description dcds:resourceURI="http://orgprints.org/id/eprint/400">
    <dcds:statement dcds:valueURI="http://voa3r.eu/class/Resource" dcds:propertyURI="http://www.w3.org/1999/02/22-rdf-syntax-ns#type" />
    <dcds:statement dcds:propertyURI="http://purl.org/dc/terms/title">
      <dcds:literalValueString xml:lang="da">Økologisk mælkeproduktion - økonomiske analyser</dcds:literalValueString>
    </dcds:statement>
    <dcds:statement dcds:propertyURI="http://purl.org/dc/terms/language" dcds:vesURI="http://purl.org/dc/terms/RFC5646">
      <dcds:valueString>da</dcds:valueString>
    </dcds:statement>
    <dcds:statement dcds:propertyURI="http://purl.org/dc/terms/abstract">
      <dcds:literalValueString xml:lang="da">Økologisk mælkeproduktion udgør både som driftsgren og hvad angår omsætning langt den største del af den økologiske jordbrugsproduktion i Danmark. Afsætningen af økologisk mælk til forbrugerne har dog ikke kunnet følge med udvidelsen af produktionen, og her i 2002 afsættes således under 50 pct. af den indvejede økologiske mælke som økologisk. Mejeriselskabet Arla Foods aftager langt den største del af den økologiske mælk i Danmark. I år 2001 tog selskabet konsekvensen af den manglende afsætning og satte merprisen til producenterne ned fra 20 til 15 pct. Samtidig indførte man et koncept med 100 pct. økologisk fodring, hvilket forøgede foderomkostningen.&#xD;
&#xD;
I de gennemførte analyser ses derfor på "den nye økonomi" i økologisk mælkeproduktion ved 100 pct. økologisk fodring sammenlignet med økonomien i konventionel mælkeproduktion. Merprisen på den økologiske mælk forudsættes at være 15 pct. De økonomiske analyser laves ud fra modelbrug ved 6 forskellige belægninger rækkende fra 0,50 DE pr. ha til 1,75 DE pr. ha. Én årsko inkl. opdræt sættes til 1,5 dyreenheder (DE). Analyserne tager således udgangspunkt i store malkekvægsracer (SDM eller RDM). De økonomiske analyseresultater kan derfor ikke umiddelbart overføres til besætninger med Jerseykøer, hvor produktionsbetingelserne er anderledes. Besætningen holdes som udgangspunkt fast på 100 årskøer inkl. opdræt. De forskellige belægningsgrader opnås som følge heraf ved at ændre det tilhørende areal fra 87 ha op til 300 ha.&#xD;
&#xD;
Det forudsættes, at der bygges ny stald på bar mark, men investeringen er i øvrigt uafhængig af, om der er tale om konventionel eller økologisk mælkeproduktion. Ligeledes forudsættes arbejdsbehovet ved pasning af kvægholdet at være det samme. Alt markarbejde foretages til maskinstationstakster. Det betyder, at arbejdsløn, investering og afskrivning og vedligehold m.m. vedrørende markbruget ikke er blevet udspecificeret.&#xD;
&#xD;
Mælkeydelsen forudsættes at gå ned med 1.000 kg EKM ved overgangen til økologisk drift. Ved konventionel drift forudsættes en ydelse på 8.700 kg EKM og ved økologisk drift dermed 7.700 kg EKM.&#xD;
&#xD;
Til gennemførelse af de økonomiske analyser er udviklet modellen Ø-plan Kvæg, som er et regnearksprogram til økologiplanlægning. Ø-plan Kvæg er endnu et modul til det modelapparat, som Fødevareøkonomisk Institut gennem de sidste tre år har opbygget til konsekvensanalyser inden for økologisk jordbrug. Modellen Ø-plan er et dynamisk planlægningsprogram, der kan beregne de fremtidige økonomiske resultater under varierende forudsætninger som foderpriser, tilskud og afsætningspriser i de enkelte planlægningsår.&#xD;
&#xD;
Økonomien belyses igennem en 6 årig periode, hvor år 1 og 2 udgør omlægningsperioden, idet det forudsættes, at bedriften omlægges efter reglerne for "samtidig omlægning". Det betyder, at mælken afsættes som økologisk 24 mdr. efter, at omlægningen blev påbegyndt i markbruget og 3 mdr. efter, at kvægholdet er overgået til økologisk fodring. I det andet omlægningsår udnyttes muligheden for at sælge omlægningsfoder (korn og bælgsæd) og i stedet indkøbe det nødvendige korn og protein til køerne som konventionelt foder.&#xD;
&#xD;
I beregningerne forudsættes de aktuelle økologitilskud at være på 600 kr. pr. ha i grundtilskud og et omlægningstilskud på 450 kr. pr. ha i år 1 og 2. Desuden udnyttes fra år 3 (efter omlægningen af kvægholdet), at kløvergræsmarker til afgræsning og slæt kan opnå brakpræmie svarende til en maksimal andel på 21,6 pct. af arealet med reformafgrøder. For bedriften med en belægning på 0,50 DE pr. ha betyder det, at der opnås brakpræmie/hektarpræmie til alle markerne. Ved den laveste belægning medfører ordningen, at brakforpligtigelsen forsvinder helt, og at der gives hektarpræmie til kløvergræsmarkerne.&#xD;
&#xD;
År 3 til 6 praktiseres økologisk drift, hvor den økologisk foderpris forudsættes at falde. År 3 tages udgangspunkt i foderpriser lig de aktuelle i høsten anno 2001, hvorefter alle priser falder frem til år 5. Fx falder prisen på økologisk byg fra 167 til 148 kr. pr. hkg. Fra år 5 til 6 falder kun prisen på lupin, der bruges som proteinkilde i foderplanen. Foderpriserne er fastsat som landmandspriser, ligesom der forudsættes hjemmeblanding af alt foder. Den mindste foderomkostning pr. årsko opnås ved den laveste belægning, hvor der spares ca. 1.000 kr. ved økologisk drift i forhold til den højeste belægning. Til høsten 2002 er der udsigt til betydelige prisfald på økologisk korn. Betydningen af dette omtales sidst i afsnittet.&#xD;
&#xD;
Som økonomisk resultatmål er blevet anvendt "Rest til ledelse og risiko". Her er alle produktionsfaktorer blevet aflønnet, herunder forrentning af jorden. Dette giver mulighed for direkte at sammenligne de økonomiske resultater mellem de forskellige bedriftstyper. Da det krævede arbejdsforbrug aflønnes med en fastsat timeløn, indgår der ikke noget privatforbrug. Skat, moms og finansieringsforhold er ligeledes holdt uden for beregningerne.&#xD;
&#xD;
Det beregnede økonomiske resultat er blevet opdelt imellem markbruget og kvægbruget ved at anvende interne overførselspriser på foderet. Overførselspriserne er fastsat ud fra fodermidlernes alternative omtrentlige salgspris ab gård. Gennem analyserne ses der et tydeligt billede af, at der ved konventionel drift er en god økonomi i malkekøerne og en dårlig økonomi i markbruget, mens det ved økologisk drift forholder sig omvendt.&#xD;
&#xD;
Det samlede økonomiske resultat for både konventionel drift og økologisk drift er vist i tabel 1 (se side 9 i rapporten). &#xD;
&#xD;
Resultaterne fremkommet ved en fast besætning på 100 årskøer og med et areal varierende fra 300 ha (0,50 DE pr. ha) til 87 ha (1,75 DE pr. ha). Som følge heraf kan resultaterne primært bruges til at belyse økonomien mellem konventionel drift og økologisk drift ved de respektive belægninger. Ved konventionel drift er resultatet konstant ca. 100.000 kr. Variationerne skyldes små forskydninger mht. afgrødefordeling.&#xD;
&#xD;
Set over hele perioden viser resultaterne, at økonomien vender ved omkring 1,25 DE pr. ha (1,2 ha pr. årsko inkl. opdræt). Beregningerne viser endvidere, at billedet er omvendt i det første omlægningsår, hvor resultatet forringes ved den lave belægning. Det skyldes, at der dyrkes forholdsvist meget korn ved den lave belægning og her kan økologitilskuddene ikke kompensere for udbyttenedgangene ved overgangen til økologisk drift. Billedet vender dog allerede igen år 2, hvor det forudsættes, at der kan sælges "omlægningsfoder".&#xD;
&#xD;
Økologiske bedrifter med høj belægning bør ud fra de gennemførte beregninger og opstillede forudsætninger skaffe sig mere jord ved tilkøb eller forpagtninger. Alternativt kan det vælges at indgå i samarbejde med økologiske planteavlere, hvorved nogle af de samme fordele kan opnås. Hvis ingen af delene er muligt, bør kvægbedrifter med belægninger over 1,25 DE pr. ha ud fra en økonomisk synsvinkel lægges tilbage til  konventionel drift. Det skal dog samtidig nævnes, at denne konklusion bygger på en gennemsnitsbetragtning. I praksis vil den specifikke driftsledelse på de økologiske bedrifter kunne rykke væsentlig ved denne vurdering. I forhold til konventionel drift stiller økologisk malkekvæg højere krav til især grovfoderkvaliteten, hvorfor økonomien er meget afhængig af, om den nødvendige foderkvalitet kan fremstilles.&#xD;
&#xD;
Endelig kan det konkluderes, at ved en merpris for mælken på 15 pct. og ved 100 pct. økologisk fodring er der stadigvæk et økonomisk incitament for konventionelle mælkeproducenter til at omlægge, når belægningen er 1,00 DE pr. ha eller derunder.&#xD;
&#xD;
De sammenfattede konklusioner er udledt ud fra et prisniveau på økologisk korn, som er højere end det aktuelle i høsten 2002. Ved brug af de aktuelle foderpriser reduceres foderomkostningen med ca. 20 pct. i forhold til analysens "år 5". Dette forhold forbedrer økonomien på bedriften med 1,75 DE pr. ha med 138.000 kr. og forringer økonomien for bedriften med 0,5 DE pr. ha med 204.000 kr. Forskellen på bedriftens økonomiske resultat indskrænkes altså fra 650.000 kr. til 308.000 kr. Konklusionen er dog stadigvæk, at bedriften med den lave belægning har den bedste økonomi. Det må dog anses for værende meget usikkert, om prisen på økologisk korn forbliver på det lave niveau. Prisen på konventionelt korn er tilsvarende faldet med ca. 20 pct. til høsten 2002. De samtidige prisfald på økologisk og konventionelt korn ændrer derfor ikke konklusionerne ved økonomiske sammenligninger af de to produktionsformer.</dcds:literalValueString>
    </dcds:statement>
    <dcds:statement dcds:propertyURI="http://purl.org/dc/terms/bibliographicCitation" dcds:vesURI="http://www.openurl.info/registry/">
      <dcds:valueString dcds:sesURI="http://voa3r.eu/terms/EncodedSchema">BibTeX:@misc{orgprints400,
           month = {December},
           title = {{\O}kologisk m{\ae}lkeproduktion - {\o}konomiske analyser},
          author = {Niels Tvedegaard},
            year = {2002},
          series = {FOI report},
        keywords = {{\o}kologi, m{\ae}lkeproduktion, {\o}konomi, {\O}-plan },
             url = {http://orgprints.org/400/},
        abstract = {{\O}kologisk m{\ae}lkeproduktion udg{\o}r b{\ra}de som driftsgren og hvad ang{\ra}r oms{\ae}tning langt den st{\o}rste del af den {\o}kologiske jordbrugsproduktion i Danmark. Afs{\ae}tningen af {\o}kologisk m{\ae}lk til forbrugerne har dog ikke kunnet f{\o}lge med udvidelsen af produktionen, og her i 2002 afs{\ae}ttes s{\ra}ledes under 50 pct. af den indvejede {\o}kologiske m{\ae}lke som {\o}kologisk. Mejeriselskabet Arla Foods aftager langt den st{\o}rste del af den {\o}kologiske m{\ae}lk i Danmark. I {\ra}r 2001 tog selskabet konsekvensen af den manglende afs{\ae}tning og satte merprisen til producenterne ned fra 20 til 15 pct. Samtidig indf{\o}rte man et koncept med 100 pct. {\o}kologisk fodring, hvilket for{\o}gede foderomkostningen.&#xD;
&#xD;
I de gennemf{\o}rte analyser ses derfor p{\ra} "den nye {\o}konomi" i {\o}kologisk m{\ae}lkeproduktion ved 100 pct. {\o}kologisk fodring sammenlignet med {\o}konomien i konventionel m{\ae}lkeproduktion. Merprisen p{\ra} den {\o}kologiske m{\ae}lk foruds{\ae}ttes at v{\ae}re 15 pct. De {\o}konomiske analyser laves ud fra modelbrug ved 6 forskellige bel{\ae}gninger r{\ae}kkende fra 0,50 DE pr. ha til 1,75 DE pr. ha. {\'E}n {\ra}rsko inkl. opdr{\ae}t s{\ae}ttes til 1,5 dyreenheder (DE). Analyserne tager s{\ra}ledes udgangspunkt i store malkekv{\ae}gsracer (SDM eller RDM). De {\o}konomiske analyseresultater kan derfor ikke umiddelbart overf{\o}res til bes{\ae}tninger med Jerseyk{\o}er, hvor produktionsbetingelserne er anderledes. Bes{\ae}tningen holdes som udgangspunkt fast p{\ra} 100 {\ra}rsk{\o}er inkl. opdr{\ae}t. De forskellige bel{\ae}gningsgrader opn{\ra}s som f{\o}lge heraf ved at {\ae}ndre det tilh{\o}rende areal fra 87 ha op til 300 ha.&#xD;
&#xD;
Det foruds{\ae}ttes, at der bygges ny stald p{\ra} bar mark, men investeringen er i {\o}vrigt uafh{\ae}ngig af, om der er tale om konventionel eller {\o}kologisk m{\ae}lkeproduktion. Ligeledes foruds{\ae}ttes arbejdsbehovet ved pasning af kv{\ae}gholdet at v{\ae}re det samme. Alt markarbejde foretages til maskinstationstakster. Det betyder, at arbejdsl{\o}n, investering og afskrivning og vedligehold m.m. vedr{\o}rende markbruget ikke er blevet udspecificeret.&#xD;
&#xD;
M{\ae}lkeydelsen foruds{\ae}ttes at g{\ra} ned med 1.000 kg EKM ved overgangen til {\o}kologisk drift. Ved konventionel drift foruds{\ae}ttes en ydelse p{\ra} 8.700 kg EKM og ved {\o}kologisk drift dermed 7.700 kg EKM.&#xD;
&#xD;
Til gennemf{\o}relse af de {\o}konomiske analyser er udviklet modellen {\O}-plan Kv{\ae}g, som er et regnearksprogram til {\o}kologiplanl{\ae}gning. {\O}-plan Kv{\ae}g er endnu et modul til det modelapparat, som F{\o}devare{\o}konomisk Institut gennem de sidste tre {\ra}r har opbygget til konsekvensanalyser inden for {\o}kologisk jordbrug. Modellen {\O}-plan er et dynamisk planl{\ae}gningsprogram, der kan beregne de fremtidige {\o}konomiske resultater under varierende foruds{\ae}tninger som foderpriser, tilskud og afs{\ae}tningspriser i de enkelte planl{\ae}gnings{\ra}r.&#xD;
&#xD;
{\O}konomien belyses igennem en 6 {\ra}rig periode, hvor {\ra}r 1 og 2 udg{\o}r oml{\ae}gningsperioden, idet det foruds{\ae}ttes, at bedriften oml{\ae}gges efter reglerne for "samtidig oml{\ae}gning". Det betyder, at m{\ae}lken afs{\ae}ttes som {\o}kologisk 24 mdr. efter, at oml{\ae}gningen blev p{\ra}begyndt i markbruget og 3 mdr. efter, at kv{\ae}gholdet er overg{\ra}et til {\o}kologisk fodring. I det andet oml{\ae}gnings{\ra}r udnyttes muligheden for at s{\ae}lge oml{\ae}gningsfoder (korn og b{\ae}lgs{\ae}d) og i stedet indk{\o}be det n{\o}dvendige korn og protein til k{\o}erne som konventionelt foder.&#xD;
&#xD;
I beregningerne foruds{\ae}ttes de aktuelle {\o}kologitilskud at v{\ae}re p{\ra} 600 kr. pr. ha i grundtilskud og et oml{\ae}gningstilskud p{\ra} 450 kr. pr. ha i {\ra}r 1 og 2. Desuden udnyttes fra {\ra}r 3 (efter oml{\ae}gningen af kv{\ae}gholdet), at kl{\o}vergr{\ae}smarker til afgr{\ae}sning og sl{\ae}t kan opn{\ra} brakpr{\ae}mie svarende til en maksimal andel p{\ra} 21,6 pct. af arealet med reformafgr{\o}der. For bedriften med en bel{\ae}gning p{\ra} 0,50 DE pr. ha betyder det, at der opn{\ra}s brakpr{\ae}mie/hektarpr{\ae}mie til alle markerne. Ved den laveste bel{\ae}gning medf{\o}rer ordningen, at brakforpligtigelsen forsvinder helt, og at der gives hektarpr{\ae}mie til kl{\o}vergr{\ae}smarkerne.&#xD;
&#xD;
{\rA}r 3 til 6 praktiseres {\o}kologisk drift, hvor den {\o}kologisk foderpris foruds{\ae}ttes at falde. {\rA}r 3 tages udgangspunkt i foderpriser lig de aktuelle i h{\o}sten anno 2001, hvorefter alle priser falder frem til {\ra}r 5. Fx falder prisen p{\ra} {\o}kologisk byg fra 167 til 148 kr. pr. hkg. Fra {\ra}r 5 til 6 falder kun prisen p{\ra} lupin, der bruges som proteinkilde i foderplanen. Foderpriserne er fastsat som landmandspriser, ligesom der foruds{\ae}ttes hjemmeblanding af alt foder. Den mindste foderomkostning pr. {\ra}rsko opn{\ra}s ved den laveste bel{\ae}gning, hvor der spares ca. 1.000 kr. ved {\o}kologisk drift i forhold til den h{\o}jeste bel{\ae}gning. Til h{\o}sten 2002 er der udsigt til betydelige prisfald p{\ra} {\o}kologisk korn. Betydningen af dette omtales sidst i afsnittet.&#xD;
&#xD;
Som {\o}konomisk resultatm{\ra}l er blevet anvendt "Rest til ledelse og risiko". Her er alle produktionsfaktorer blevet afl{\o}nnet, herunder forrentning af jorden. Dette giver mulighed for direkte at sammenligne de {\o}konomiske resultater mellem de forskellige bedriftstyper. Da det kr{\ae}vede arbejdsforbrug afl{\o}nnes med en fastsat timel{\o}n, indg{\ra}r der ikke noget privatforbrug. Skat, moms og finansieringsforhold er ligeledes holdt uden for beregningerne.&#xD;
&#xD;
Det beregnede {\o}konomiske resultat er blevet opdelt imellem markbruget og kv{\ae}gbruget ved at anvende interne overf{\o}rselspriser p{\ra} foderet. Overf{\o}rselspriserne er fastsat ud fra fodermidlernes alternative omtrentlige salgspris ab g{\ra}rd. Gennem analyserne ses der et tydeligt billede af, at der ved konventionel drift er en god {\o}konomi i malkek{\o}erne og en d{\ra}rlig {\o}konomi i markbruget, mens det ved {\o}kologisk drift forholder sig omvendt.&#xD;
&#xD;
Det samlede {\o}konomiske resultat for b{\ra}de konventionel drift og {\o}kologisk drift er vist i tabel 1 (se side 9 i rapporten). &#xD;
&#xD;
Resultaterne fremkommet ved en fast bes{\ae}tning p{\ra} 100 {\ra}rsk{\o}er og med et areal varierende fra 300 ha (0,50 DE pr. ha) til 87 ha (1,75 DE pr. ha). Som f{\o}lge heraf kan resultaterne prim{\ae}rt bruges til at belyse {\o}konomien mellem konventionel drift og {\o}kologisk drift ved de respektive bel{\ae}gninger. Ved konventionel drift er resultatet konstant ca. 100.000 kr. Variationerne skyldes sm{\ra} forskydninger mht. afgr{\o}defordeling.&#xD;
&#xD;
Set over hele perioden viser resultaterne, at {\o}konomien vender ved omkring 1,25 DE pr. ha (1,2 ha pr. {\ra}rsko inkl. opdr{\ae}t). Beregningerne viser endvidere, at billedet er omvendt i det f{\o}rste oml{\ae}gnings{\ra}r, hvor resultatet forringes ved den lave bel{\ae}gning. Det skyldes, at der dyrkes forholdsvist meget korn ved den lave bel{\ae}gning og her kan {\o}kologitilskuddene ikke kompensere for udbyttenedgangene ved overgangen til {\o}kologisk drift. Billedet vender dog allerede igen {\ra}r 2, hvor det foruds{\ae}ttes, at der kan s{\ae}lges "oml{\ae}gningsfoder".&#xD;
&#xD;
{\O}kologiske bedrifter med h{\o}j bel{\ae}gning b{\o}r ud fra de gennemf{\o}rte beregninger og opstillede foruds{\ae}tninger skaffe sig mere jord ved tilk{\o}b eller forpagtninger. Alternativt kan det v{\ae}lges at indg{\ra} i samarbejde med {\o}kologiske planteavlere, hvorved nogle af de samme fordele kan opn{\ra}s. Hvis ingen af delene er muligt, b{\o}r kv{\ae}gbedrifter med bel{\ae}gninger over 1,25 DE pr. ha ud fra en {\o}konomisk synsvinkel l{\ae}gges tilbage til  konventionel drift. Det skal dog samtidig n{\ae}vnes, at denne konklusion bygger p{\ra} en gennemsnitsbetragtning. I praksis vil den specifikke driftsledelse p{\ra} de {\o}kologiske bedrifter kunne rykke v{\ae}sentlig ved denne vurdering. I forhold til konventionel drift stiller {\o}kologisk malkekv{\ae}g h{\o}jere krav til is{\ae}r grovfoderkvaliteten, hvorfor {\o}konomien er meget afh{\ae}ngig af, om den n{\o}dvendige foderkvalitet kan fremstilles.&#xD;
&#xD;
Endelig kan det konkluderes, at ved en merpris for m{\ae}lken p{\ra} 15 pct. og ved 100 pct. {\o}kologisk fodring er der stadigv{\ae}k et {\o}konomisk incitament for konventionelle m{\ae}lkeproducenter til at oml{\ae}gge, n{\ra}r bel{\ae}gningen er 1,00 DE pr. ha eller derunder.&#xD;
&#xD;
De sammenfattede konklusioner er udledt ud fra et prisniveau p{\ra} {\o}kologisk korn, som er h{\o}jere end det aktuelle i h{\o}sten 2002. Ved brug af de aktuelle foderpriser reduceres foderomkostningen med ca. 20 pct. i forhold til analysens "{\ra}r 5". Dette forhold forbedrer {\o}konomien p{\ra} bedriften med 1,75 DE pr. ha med 138.000 kr. og forringer {\o}konomien for bedriften med 0,5 DE pr. ha med 204.000 kr. Forskellen p{\ra} bedriftens {\o}konomiske resultat indskr{\ae}nkes alts{\ra} fra 650.000 kr. til 308.000 kr. Konklusionen er dog stadigv{\ae}k, at bedriften med den lave bel{\ae}gning har den bedste {\o}konomi. Det m{\ra} dog anses for v{\ae}rende meget usikkert, om prisen p{\ra} {\o}kologisk korn forbliver p{\ra} det lave niveau. Prisen p{\ra} konventionelt korn er tilsvarende faldet med ca. 20 pct. til h{\o}sten 2002. De samtidige prisfald p{\ra} {\o}kologisk og konventionelt korn {\ae}ndrer derfor ikke konklusionerne ved {\o}konomiske sammenligninger af de to produktionsformer.&#xD;
&#xD;
}
}</dcds:valueString>
    </dcds:statement>
    <dcds:statement dcds:propertyURI="http://purl.org/dc/terms/type" dcds:vesURI="http://voa3r.eu/terms/ResourceType">
      <dcds:valueString>Research Report</dcds:valueString>
    </dcds:statement>
    <dcds:statement dcds:propertyURI="http://voa3r.eu/terms/reviewStatus" dcds:vesURI="http://voa3r.eu/terms/ReviewStatus">
      <dcds:valueString>Peer Reviewed</dcds:valueString>
    </dcds:statement>
    <dcds:statement dcds:propertyURI="http://voa3r.eu/terms/publicationStatus" dcds:vesURI="http://voa3r.eu/terms/PublicationStatus">
      <dcds:valueString>Published</dcds:valueString>
    </dcds:statement>
    <dcds:statement dcds:propertyURI="http://purl.org/dc/terms/creator" dcds:valueRef="creator1" />
    <dcds:statement dcds:propertyURI="http://purl.org/dc/terms/subject">
      <dcds:valueString xml:lang="en">Farm economics</dcds:valueString>
    </dcds:statement>
    <dcds:statement dcds:valueURI="http://orgprints.org/400/" dcds:propertyURI="http://www.europeana.eu/schemas/ese/isShownAt" />
    <dcds:statement dcds:valueURI="http://orgprints.org/400/1/Rapport137_Schultz.pdf" dcds:propertyURI="http://www.europeana.eu/schemas/ese/isShownBy" />
    <dcds:statement dcds:propertyURI="http://purl.org/dc/terms/rights">
      <dcds:literalValueString xml:lang="en">ICROFS rights: All of the entries, statements, results etc. contained in the Organic Eprints archive have been compiled by the authors according to their best knowledge and the metadata have been scrupulously checked by the International Centre for Research in Organic Food Systems (ICROFS) and the Research Institute of Organic Agriculture (FiBL). All depositors of eprints have agreed with the Deposit Agreement below. However, the possibility of mistakes can not be ruled out entirely. Therefore, the responsible partners behind Organic Eprints, the archive staff and the depositors are not subject to any obligation and make no guarantees whatsoever regarding any of the statements etc. on this website; neither do they accept responsibility or liability for any possible mistakes contained therein. The links to other websites on the Organic Eprints pages are for informational purposes only. ICROFS, FiBL and the depositors are not responsible for the availability or content of these sites. In addition, providing links to these sites should not be interpreted as endorsement or approval by ICROFS or FiBL.
Deposit Agreement
When depositing an eprint the depositors consents with the following agreement: "In depositing this eprint (a collection of files and associated metadata), I grant Organic Eprints the right to make it permanently available on-line, with open access to all or in accordance with any access restrictions that I have specified. I understand that Organic Eprints does not assume any responsibility if there is any breach of copyright in distributing these files or metadata. For work being deposited by its own first author: I declare that this eprint is my own intellectual property and that I have the right to make it available in Organic Eprints in the manner chosen. For work being deposited by someone other than its first author: I declare that I have gained the proper permissions from someone with the right to make this eprint available in Organic Eprints in the manner chosen - or that the material is in the public domain. Clicking on the deposit button indicates your agreement to these terms."</dcds:literalValueString>
    </dcds:statement>
    <dcds:statement dcds:valueURI="http://purl.org/eprint/accessRights/OpenAccess" dcds:propertyURI="http://purl.org/dc/terms/accessRights" />
    <dcds:statement dcds:propertyURI="http://purl.org/dc/terms/date">
      <dcds:literalValueString dcds:sesURI="http://purl.org/dc/terms/W3CDTF">2002-12</dcds:literalValueString>
    </dcds:statement>
    <dcds:statement dcds:propertyURI="http://voa3r.eu/terms/hasMetametadata" dcds:valueRef="metametadata" />
  </dcds:description>
  <dcds:description dcds:resourceId="creator1">
    <dcds:statement dcds:valueURI="http://xmlns.com/foaf/0.1/Agent" dcds:propertyURI="http://www.w3.org/1999/02/22-rdf-syntax-ns#type" />
    <dcds:statement dcds:valueURI="http://xmlns.com/foaf/0.1/Person" dcds:propertyURI="http://purl.org/dc/terms/type" />
    <dcds:statement dcds:propertyURI="http://xmlns.com/foaf/0.1/givenName">
      <dcds:literalValueString>Niels</dcds:literalValueString>
    </dcds:statement>
    <dcds:statement dcds:propertyURI="http://xmlns.com/foaf/0.1/firstName">
      <dcds:literalValueString>Niels</dcds:literalValueString>
    </dcds:statement>
    <dcds:statement dcds:propertyURI="http://xmlns.com/foaf/0.1/familyName">
      <dcds:literalValueString>Tvedegaard</dcds:literalValueString>
    </dcds:statement>
    <dcds:statement dcds:propertyURI="http://xmlns.com/foaf/0.1/lastName">
      <dcds:literalValueString>Tvedegaard</dcds:literalValueString>
    </dcds:statement>
  </dcds:description>
  <dcds:description dcds:resourceId="metametadata">
    <dcds:statement dcds:valueURI="http://voa3r.eu/class/MetaMetadata" dcds:propertyURI="http://www.w3.org/1999/02/22-rdf-syntax-ns#type" />
    <dcds:statement dcds:propertyURI="http://purl.org/dc/terms/identifier">
      <dcds:valueString>oai:orgprints.org:400</dcds:valueString>
    </dcds:statement>
    <dcds:statement dcds:propertyURI="http://purl.org/dc/terms/type">
      <dcds:literalValueString>voa3r_dcds v1.0</dcds:literalValueString>
    </dcds:statement>
    <dcds:statement dcds:propertyURI="http://purl.org/dc/terms/date">
      <dcds:literalValueString dcds:sesURI="http://purl.org/dc/terms/W3CDTF">2015-09-08</dcds:literalValueString>
    </dcds:statement>
    <dcds:statement dcds:propertyURI="http://purl.org/dc/terms/contributor" dcds:valueRef="metacontributor" />
  </dcds:description>
  <dcds:description dcds:resourceId="metacontributor">
    <dcds:statement dcds:valueURI="http://xmlns.com/foaf/0.1/Agent" dcds:propertyURI="http://www.w3.org/1999/02/22-rdf-syntax-ns#type" />
    <dcds:statement dcds:valueURI="http://xmlns.com/foaf/0.1/Organization" dcds:propertyURI="http://purl.org/dc/terms/type" />
    <dcds:statement dcds:propertyURI="http://xmlns.com/foaf/0.1/name">
      <dcds:literalValueString xml:lang="en">Organic eprints</dcds:literalValueString>
    </dcds:statement>
    <dcds:statement dcds:valueURI="mailto:eprints@orgprints.org" dcds:propertyURI="http://xmlns.com/foaf/0.1/mbox" />
  </dcds:description>
</dcds:descriptionSet>