<dcds:descriptionSet xmlns:dcds="http://purl.org/dc/xmlns/2008/09/01/dc-ds-xml/" xmlns:xsi="http://www.w3.org/2001/XMLSchema-instance" xsi:schemaLocation="http://purl.org/dc/xmlns/2008/09/01/dc-ds-xml/ http://dublincore.org/schemas/xmls/2008/09/01/dc-ds-xml/dcds.xsd">
  <dcds:description dcds:resourceURI="http://orgprints.org/id/eprint/15343">
    <dcds:statement dcds:valueURI="http://voa3r.eu/class/Resource" dcds:propertyURI="http://www.w3.org/1999/02/22-rdf-syntax-ns#type" />
    <dcds:statement dcds:propertyURI="http://purl.org/dc/terms/title">
      <dcds:literalValueString>Entwicklung eines Standardkontrollprogramms mit Leitfaden nach VO (EWG) Nr. 2092/91 in Einrichtungen der Ausser-Haus-Verpflegung (AHV)</dcds:literalValueString>
    </dcds:statement>
    <dcds:statement dcds:propertyURI="http://purl.org/dc/terms/language" dcds:vesURI="http://purl.org/dc/terms/RFC5646">
      <dcds:valueString />
    </dcds:statement>
    <dcds:statement dcds:propertyURI="http://purl.org/dc/terms/abstract">
      <dcds:literalValueString>Die EU-Verordnung Ökologischer Landbau (VO (EWG) Nr. 2092/91) regelt seit 1991 die Erzeugung, Verarbeitung und den Import von Lebensmitteln aus ökologischem Landbau. Auch in der Außer-Haus-Verpflegung (AHV) gewinnen Produkte des Ökologischen Landbaus zunehmend an Bedeutung. Neuesten Regelungen zufolge gelten AHV-Unternehmen als „Aufbereiter“ im Sinne des Artikel 4 Nr. 3 der EG-Öko-VO, daher müssen sie sich dem in Artikel 9 in Verbindung mit Anhang III vorgesehenen Kontrollverfahren unterziehen. Die Umsetzung der Etikettierungsanforderungen des Artikel 5, die Dokumentationsanforderungen und die Mindestkontrollanforderungen des Anhang III EG-Öko-VO stoßen in der Außer-Haus-Verpflegung auf besondere Probleme. Bisher liegen kaum Erfahrungen mit der Zertifizierung von Einrichtungen der Außer-Haus-Verpflegung bei den zugelassenen Kontrollstellen und den Überwachungsbehörden vor. Im Rahmen dieses Projektes sollen daher die Vorgaben der EG-Öko-VO für Einrichtungen der Außer-Haus-Verpflegung sektorspezifisch interpretiert und auf den gesetzlichen Anforderungen basierende Qualitätssicherungskonzepte und externe Kontrollkonzepte entwickelt werden. Zielgruppe des Projektes sind damit Einrichtungen der Außer-Haus-Verpflegung, staatlich zugelassene Kontrollstellen, die Überwachungsbehörden der Länder sowie BLE und BMVEL.</dcds:literalValueString>
    </dcds:statement>
    <dcds:statement dcds:propertyURI="http://purl.org/dc/terms/bibliographicCitation" dcds:vesURI="http://www.openurl.info/registry/">
      <dcds:valueString dcds:sesURI="http://voa3r.eu/terms/EncodedSchema">BibTeX:@misc{orgprints15343,
           title = {Entwicklung eines Standardkontrollprogramms mit Leitfaden nach VO (EWG) Nr. 2092/91 in Einrichtungen der Ausser-Haus-Verpflegung (AHV)},
        keywords = {B{\"O}L, BOEL, FKZ 03OE016, AHV, Au{\ss}er-Haus-Verpflegung, Kontrolle, Kontrollprogramm, K{\"u}chenleitfaden, Gro{\ss}k{\"u}chen, Verpflegung},
             url = {http://orgprints.org/15343/},
        abstract = {Die EU-Verordnung {\"O}kologischer Landbau (VO (EWG) Nr. 2092/91) regelt seit 1991 die Erzeugung, Verarbeitung und den Import von Lebensmitteln aus {\"o}kologischem Landbau. Auch in der Au{\ss}er-Haus-Verpflegung (AHV) gewinnen Produkte des {\"O}kologischen Landbaus zunehmend an Bedeutung. Neuesten Regelungen zufolge gelten AHV-Unternehmen als ?Aufbereiter? im Sinne des Artikel 4 Nr. 3 der EG-{\"O}ko-VO, daher m{\"u}ssen sie sich dem in Artikel 9 in Verbindung mit Anhang III vorgesehenen Kontrollverfahren unterziehen. Die Umsetzung der Etikettierungsanforderungen des Artikel 5, die Dokumentationsanforderungen und die Mindestkontrollanforderungen des Anhang III EG-{\"O}ko-VO sto{\ss}en in der Au{\ss}er-Haus-Verpflegung auf besondere Probleme. Bisher liegen kaum Erfahrungen mit der Zertifizierung von Einrichtungen der Au{\ss}er-Haus-Verpflegung bei den zugelassenen Kontrollstellen und den {\"U}berwachungsbeh{\"o}rden vor. Im Rahmen dieses Projektes sollen daher die Vorgaben der EG-{\"O}ko-VO f{\"u}r Einrichtungen der Au{\ss}er-Haus-Verpflegung sektorspezifisch interpretiert und auf den gesetzlichen Anforderungen basierende Qualit{\"a}tssicherungskonzepte und externe Kontrollkonzepte entwickelt werden. Zielgruppe des Projektes sind damit Einrichtungen der Au{\ss}er-Haus-Verpflegung, staatlich zugelassene Kontrollstellen, die {\"U}berwachungsbeh{\"o}rden der L{\"a}nder sowie BLE und BMVEL.}
}</dcds:valueString>
    </dcds:statement>
    <dcds:statement dcds:propertyURI="http://purl.org/dc/terms/type" dcds:vesURI="http://voa3r.eu/terms/ResourceType">
      <dcds:valueString>Project</dcds:valueString>
    </dcds:statement>
    <dcds:statement dcds:propertyURI="http://voa3r.eu/terms/reviewStatus" dcds:vesURI="http://voa3r.eu/terms/ReviewStatus">
      <dcds:valueString>NonReviewed</dcds:valueString>
    </dcds:statement>
    <dcds:statement dcds:propertyURI="http://voa3r.eu/terms/publicationStatus" dcds:vesURI="http://voa3r.eu/terms/PublicationStatus">
      <dcds:valueString />
    </dcds:statement>
    <dcds:statement dcds:propertyURI="http://purl.org/dc/terms/subject">
      <dcds:valueString xml:lang="en">Regulation</dcds:valueString>
    </dcds:statement>
    <dcds:statement dcds:propertyURI="http://purl.org/dc/terms/subject">
      <dcds:valueString xml:lang="en">Values, standards and certification</dcds:valueString>
    </dcds:statement>
    <dcds:statement dcds:propertyURI="http://purl.org/dc/terms/subject">
      <dcds:valueString xml:lang="en">Processing, packaging and transportation</dcds:valueString>
    </dcds:statement>
    <dcds:statement dcds:valueURI="http://orgprints.org/15343/" dcds:propertyURI="http://www.europeana.eu/schemas/ese/isShownAt" />
    <dcds:statement dcds:propertyURI="http://purl.org/dc/terms/rights">
      <dcds:literalValueString xml:lang="en">ICROFS rights: All of the entries, statements, results etc. contained in the Organic Eprints archive have been compiled by the authors according to their best knowledge and the metadata have been scrupulously checked by the International Centre for Research in Organic Food Systems (ICROFS) and the Research Institute of Organic Agriculture (FiBL). All depositors of eprints have agreed with the Deposit Agreement below. However, the possibility of mistakes can not be ruled out entirely. Therefore, the responsible partners behind Organic Eprints, the archive staff and the depositors are not subject to any obligation and make no guarantees whatsoever regarding any of the statements etc. on this website; neither do they accept responsibility or liability for any possible mistakes contained therein. The links to other websites on the Organic Eprints pages are for informational purposes only. ICROFS, FiBL and the depositors are not responsible for the availability or content of these sites. In addition, providing links to these sites should not be interpreted as endorsement or approval by ICROFS or FiBL.
Deposit Agreement
When depositing an eprint the depositors consents with the following agreement: "In depositing this eprint (a collection of files and associated metadata), I grant Organic Eprints the right to make it permanently available on-line, with open access to all or in accordance with any access restrictions that I have specified. I understand that Organic Eprints does not assume any responsibility if there is any breach of copyright in distributing these files or metadata. For work being deposited by its own first author: I declare that this eprint is my own intellectual property and that I have the right to make it available in Organic Eprints in the manner chosen. For work being deposited by someone other than its first author: I declare that I have gained the proper permissions from someone with the right to make this eprint available in Organic Eprints in the manner chosen - or that the material is in the public domain. Clicking on the deposit button indicates your agreement to these terms."</dcds:literalValueString>
    </dcds:statement>
    <dcds:statement dcds:valueURI="http://purl.org/eprint/accessRights/OpenAccess" dcds:propertyURI="http://purl.org/dc/terms/accessRights" />
    <dcds:statement dcds:propertyURI="http://purl.org/dc/terms/date">
      <dcds:literalValueString dcds:sesURI="http://purl.org/dc/terms/W3CDTF" />
    </dcds:statement>
    <dcds:statement dcds:propertyURI="http://voa3r.eu/terms/hasMetametadata" dcds:valueRef="metametadata" />
  </dcds:description>
  <dcds:description dcds:resourceId="metametadata">
    <dcds:statement dcds:valueURI="http://voa3r.eu/class/MetaMetadata" dcds:propertyURI="http://www.w3.org/1999/02/22-rdf-syntax-ns#type" />
    <dcds:statement dcds:propertyURI="http://purl.org/dc/terms/identifier">
      <dcds:valueString>oai:orgprints.org:15343</dcds:valueString>
    </dcds:statement>
    <dcds:statement dcds:propertyURI="http://purl.org/dc/terms/type">
      <dcds:literalValueString>voa3r_dcds v1.0</dcds:literalValueString>
    </dcds:statement>
    <dcds:statement dcds:propertyURI="http://purl.org/dc/terms/date">
      <dcds:literalValueString dcds:sesURI="http://purl.org/dc/terms/W3CDTF">2015-09-08</dcds:literalValueString>
    </dcds:statement>
    <dcds:statement dcds:propertyURI="http://purl.org/dc/terms/contributor" dcds:valueRef="metacontributor" />
  </dcds:description>
  <dcds:description dcds:resourceId="metacontributor">
    <dcds:statement dcds:valueURI="http://xmlns.com/foaf/0.1/Agent" dcds:propertyURI="http://www.w3.org/1999/02/22-rdf-syntax-ns#type" />
    <dcds:statement dcds:valueURI="http://xmlns.com/foaf/0.1/Organization" dcds:propertyURI="http://purl.org/dc/terms/type" />
    <dcds:statement dcds:propertyURI="http://xmlns.com/foaf/0.1/name">
      <dcds:literalValueString xml:lang="en">Organic eprints</dcds:literalValueString>
    </dcds:statement>
    <dcds:statement dcds:valueURI="mailto:eprints@orgprints.org" dcds:propertyURI="http://xmlns.com/foaf/0.1/mbox" />
  </dcds:description>
</dcds:descriptionSet>