<dcds:descriptionSet xmlns:dcds="http://purl.org/dc/xmlns/2008/09/01/dc-ds-xml/" xmlns:xsi="http://www.w3.org/2001/XMLSchema-instance" xsi:schemaLocation="http://purl.org/dc/xmlns/2008/09/01/dc-ds-xml/ http://dublincore.org/schemas/xmls/2008/09/01/dc-ds-xml/dcds.xsd">
  <dcds:description dcds:resourceURI="http://orgprints.org/id/eprint/810">
    <dcds:statement dcds:valueURI="http://voa3r.eu/class/Resource" dcds:propertyURI="http://www.w3.org/1999/02/22-rdf-syntax-ns#type" />
    <dcds:statement dcds:propertyURI="http://purl.org/dc/terms/title">
      <dcds:literalValueString xml:lang="de">Quantitative Analyse der sektoralen Auswirkungen einer Ausdehnung des ökologischen Landbaus in der EU</dcds:literalValueString>
    </dcds:statement>
    <dcds:statement dcds:propertyURI="http://purl.org/dc/terms/language" dcds:vesURI="http://purl.org/dc/terms/RFC5646">
      <dcds:valueString>de</dcds:valueString>
    </dcds:statement>
    <dcds:statement dcds:propertyURI="http://purl.org/dc/terms/abstract">
      <dcds:literalValueString xml:lang="de">Der ökologische Landbau hat sich in der Europäischen Union im letzten Jahrzehnt äußerst dynamisch entwickelt. In Anbetracht der agrar- und gesellschaftspolitischen Rahmenbedingungen und der steigenden Nachfrage nach ökologisch erzeugten Produkten ist eine weitere Ausdehnung zu erwarten. Vor diesem Hintergrund untersucht diese Arbeit, welche Folgen eine deutliche Ausdehnung ökologischer Landbausysteme in der Europäischen Union im Hinblick auf Landnutzung, Agrarproduktion, Märkte und Umwelt hat. Für die quantitative Analyse wird das komparativ-statisches Agrarsektormodell CAPRI erweitert und angepasst. &#xD;
Eine Ausdehnung des ökologischen Landbaus auf 10 oder 20 % der LF wirkt sich auf eine Reihe von politikrelevanten Parametern des EU-Agrarsektors aus. Die Effekte fallen jedoch zum Teil deutlich geringer aus, als dies ausgehend von einzelbetrieblichen Vergleichsrechnungen prognostiziert wird. Folgende Auswirkungen einer Ausdehnung des ökologischen Landbaus auf 10 oder 20 % der LF lassen sich festhalten:&#xD;
-	Änderungen bei den Produktionsstrukturen &#xD;
-	Die Erzeugung fast aller Produkte geht bei steigender Bedeutung des ökologischen Landbaus zurück, Quotenprodukte stellen hier eine wichtige Ausnahme dar&#xD;
-	Für eine Reihe von landwirtschaftlichen Erzeugnissen ist aufgrund des Produktionsrückgangs mit einem leichten Anstieg der Erzeugerpreise zu rechnen. Eine Ausnahme stellen die Preise für Getreide und Kälber dar. &#xD;
-	Im Hinblick auf die Umweltwirkungen einer Ausdehnung des ökologischen Landbaus weist die quantitative Analyse ausgewählter Agrarumweltindikatoren auf eine positive Gesamtentwicklung bei Nährstoffüberschüssen, bei der Verwendung von Pflanzenschutzmitteln und bei der Emission von Treibhausgasen hin. &#xD;
In einem zweiten Arbeitsschritt untersucht die vorliegende Arbeit, inwieweit sich innerhalb des gewählten Modellansatzes Aspekte der Prognose und Politikfolgenabschätzung für den ökologischen Landbau integrieren lassen. &#xD;
Dazu werden die Auswirkungen der Änderungen verschiedener exogener Einflussfaktoren auf die Ausdehnung des ökologischen Landbaus analysiert. Neben der derzeit viel diskutierten Erhöhung der Förderung für den ökologischen Landbau und einer Finanzierung durch den gleichzeitigen Abbau der Stützung in anderen Bereichen des Agrarsektors werden auch die Folgen eines vollständigen Abbaus der Preisaufschläge für ökologisch erzeugte Produkte betrachtet. &#xD;
Die Ergebnisse der Modellrechnungen belegen, dass die Auswirkungen einer Ausdehnung des ökologischen Landbaus in erheblichem Maße von der regionalen Verteilung und der Produktionsrichtung der umstellenden Betriebe abhängen. Damit eröffnet sich für die Politik die Möglichkeit, über die Ausgestaltung der Förderung aktiv die Erreichung definierter Ziele effizienter zu verfolgen. Um für eine zielorientierte Ausgestaltung der Förderung weitergehende Empfehlungen geben zu können, sollten zukünftige Untersuchungen neben der Folgenabschätzung und der Analyse geeigneter Maßnahmen zur Förderung einer Ausdehnung des ökologischen Landbaus auch die Diskussion des „optimalen“ Anteils des ökologischen Landbaus vor dem Hintergrund der jeweiligen Ziele im Rahmen einer Zielanalyse bzw. Ziel-Mittel-Analyse umfassen. Angesichts der Vielzahl der agrarpolitischen Ziele und der komplexen Wechselbeziehungen bei gleichzeitig noch unvollständiger Informationslage stellt die Bearbeitung dieser Fragestellung allerdings ein ambitiöses Vorhaben dar, das voraussichtlich nur schrittweise zu lösen sein wird.&#xD;
&#xD;
Kurzfassung der Zusammenfassung aus: Offermann, F. (2003): Quantitative Analyse der sektoralen Auswirkungen einer Ausdehnung des ökologischen Landbaus in der EU. Berliner Schriften zur Agrar- und Umweltökonomik, Band 5. Aachen: Shaker Verlag.</dcds:literalValueString>
    </dcds:statement>
    <dcds:statement dcds:propertyURI="http://purl.org/dc/terms/bibliographicCitation" dcds:vesURI="http://www.openurl.info/registry/">
      <dcds:valueString dcds:sesURI="http://voa3r.eu/terms/EncodedSchema">BibTeX:@book{orgprints810,
           title = {Quantitative Analyse der sektoralen Auswirkungen einer Ausdehnung des {\"o}kologischen Landbaus in der EU},
          author = {Frank Offermann},
       publisher = {Shaker Verlag, Aachen},
            year = {2003},
          series = {Berliner Schriften zur Agrar- und Umwelt{\"o}konomik},
        keywords = {Europ{\"a}ische Union, Analyse, Ausdehnung, CAPRI, Modell, Szenarien, Produktionsstrukturen, Umweltwirkungen, Politikfolgenabsch{\"a}tzung, Fl{\"a}chenpr{\"a}mie, Modulation, F{\"o}rderpr{\"a}mie},
             url = {http://orgprints.org/810/},
        abstract = {Der {\"o}kologische Landbau hat sich in der Europ{\"a}ischen Union im letzten Jahrzehnt {\"a}u{\ss}erst dynamisch entwickelt. In Anbetracht der agrar- und gesellschaftspolitischen Rahmenbedingungen und der steigenden Nachfrage nach {\"o}kologisch erzeugten Produkten ist eine weitere Ausdehnung zu erwarten. Vor diesem Hintergrund untersucht diese Arbeit, welche Folgen eine deutliche Ausdehnung {\"o}kologischer Landbausysteme in der Europ{\"a}ischen Union im Hinblick auf Landnutzung, Agrarproduktion, M{\"a}rkte und Umwelt hat. F{\"u}r die quantitative Analyse wird das komparativ-statisches Agrarsektormodell CAPRI erweitert und angepasst. &#xD;
Eine Ausdehnung des {\"o}kologischen Landbaus auf 10 oder 20 \% der LF wirkt sich auf eine Reihe von politikrelevanten Parametern des EU-Agrarsektors aus. Die Effekte fallen jedoch zum Teil deutlich geringer aus, als dies ausgehend von einzelbetrieblichen Vergleichsrechnungen prognostiziert wird. Folgende Auswirkungen einer Ausdehnung des {\"o}kologischen Landbaus auf 10 oder 20 \% der LF lassen sich festhalten:&#xD;
-	{\"A}nderungen bei den Produktionsstrukturen &#xD;
-	Die Erzeugung fast aller Produkte geht bei steigender Bedeutung des {\"o}kologischen Landbaus zur{\"u}ck, Quotenprodukte stellen hier eine wichtige Ausnahme dar&#xD;
-	F{\"u}r eine Reihe von landwirtschaftlichen Erzeugnissen ist aufgrund des Produktionsr{\"u}ckgangs mit einem leichten Anstieg der Erzeugerpreise zu rechnen. Eine Ausnahme stellen die Preise f{\"u}r Getreide und K{\"a}lber dar. &#xD;
-	Im Hinblick auf die Umweltwirkungen einer Ausdehnung des {\"o}kologischen Landbaus weist die quantitative Analyse ausgew{\"a}hlter Agrarumweltindikatoren auf eine positive Gesamtentwicklung bei N{\"a}hrstoff{\"u}bersch{\"u}ssen, bei der Verwendung von Pflanzenschutzmitteln und bei der Emission von Treibhausgasen hin. &#xD;
In einem zweiten Arbeitsschritt untersucht die vorliegende Arbeit, inwieweit sich innerhalb des gew{\"a}hlten Modellansatzes Aspekte der Prognose und Politikfolgenabsch{\"a}tzung f{\"u}r den {\"o}kologischen Landbau integrieren lassen. &#xD;
Dazu werden die Auswirkungen der {\"A}nderungen verschiedener exogener Einflussfaktoren auf die Ausdehnung des {\"o}kologischen Landbaus analysiert. Neben der derzeit viel diskutierten Erh{\"o}hung der F{\"o}rderung f{\"u}r den {\"o}kologischen Landbau und einer Finanzierung durch den gleichzeitigen Abbau der St{\"u}tzung in anderen Bereichen des Agrarsektors werden auch die Folgen eines vollst{\"a}ndigen Abbaus der Preisaufschl{\"a}ge f{\"u}r {\"o}kologisch erzeugte Produkte betrachtet. &#xD;
Die Ergebnisse der Modellrechnungen belegen, dass die Auswirkungen einer Ausdehnung des {\"o}kologischen Landbaus in erheblichem Ma{\ss}e von der regionalen Verteilung und der Produktionsrichtung der umstellenden Betriebe abh{\"a}ngen. Damit er{\"o}ffnet sich f{\"u}r die Politik die M{\"o}glichkeit, {\"u}ber die Ausgestaltung der F{\"o}rderung aktiv die Erreichung definierter Ziele effizienter zu verfolgen. Um f{\"u}r eine zielorientierte Ausgestaltung der F{\"o}rderung weitergehende Empfehlungen geben zu k{\"o}nnen, sollten zuk{\"u}nftige Untersuchungen neben der Folgenabsch{\"a}tzung und der Analyse geeigneter Ma{\ss}nahmen zur F{\"o}rderung einer Ausdehnung des {\"o}kologischen Landbaus auch die Diskussion des ?optimalen? Anteils des {\"o}kologischen Landbaus vor dem Hintergrund der jeweiligen Ziele im Rahmen einer Zielanalyse bzw. Ziel-Mittel-Analyse umfassen. Angesichts der Vielzahl der agrarpolitischen Ziele und der komplexen Wechselbeziehungen bei gleichzeitig noch unvollst{\"a}ndiger Informationslage stellt die Bearbeitung dieser Fragestellung allerdings ein ambiti{\"o}ses Vorhaben dar, das voraussichtlich nur schrittweise zu l{\"o}sen sein wird.&#xD;
&#xD;
Kurzfassung der Zusammenfassung aus: Offermann, F. (2003): Quantitative Analyse der sektoralen Auswirkungen einer Ausdehnung des {\"o}kologischen Landbaus in der EU. Berliner Schriften zur Agrar- und Umwelt{\"o}konomik, Band 5. Aachen: Shaker Verlag.}
}</dcds:valueString>
    </dcds:statement>
    <dcds:statement dcds:propertyURI="http://purl.org/dc/terms/type" dcds:vesURI="http://voa3r.eu/terms/ResourceType">
      <dcds:valueString>Book</dcds:valueString>
    </dcds:statement>
    <dcds:statement dcds:propertyURI="http://voa3r.eu/terms/reviewStatus" dcds:vesURI="http://voa3r.eu/terms/ReviewStatus">
      <dcds:valueString>Peer Reviewed</dcds:valueString>
    </dcds:statement>
    <dcds:statement dcds:propertyURI="http://voa3r.eu/terms/publicationStatus" dcds:vesURI="http://voa3r.eu/terms/PublicationStatus">
      <dcds:valueString>Published</dcds:valueString>
    </dcds:statement>
    <dcds:statement dcds:propertyURI="http://purl.org/dc/terms/creator" dcds:valueRef="creator1" />
    <dcds:statement dcds:propertyURI="http://purl.org/dc/terms/publisher" dcds:valueRef="publisher" />
    <dcds:statement dcds:propertyURI="http://purl.org/dc/terms/subject">
      <dcds:valueString xml:lang="en">Policy environments and social economy</dcds:valueString>
    </dcds:statement>
    <dcds:statement dcds:valueURI="http://orgprints.org/810/" dcds:propertyURI="http://www.europeana.eu/schemas/ese/isShownAt" />
    <dcds:statement dcds:valueURI="http://orgprints.org/810/2/820-offermann-f-2003-quantitative-analyse-EU-zusammenfassung.pdf" dcds:propertyURI="http://purl.org/dc/terms/hasPart">
      <dcds:valueString>/ 820-offermann-f-2003-quantitative-analyse-EU-zusammenfassung.pdf</dcds:valueString>
    </dcds:statement>
    <dcds:statement dcds:valueURI="http://orgprints.org/810/3/820-offermann-f-2003-quantitative-analyse-EU-summary.pdf" dcds:propertyURI="http://purl.org/dc/terms/hasPart">
      <dcds:valueString>/ 820-offermann-f-2003-quantitative-analyse-EU-summary.pdf</dcds:valueString>
    </dcds:statement>
    <dcds:statement dcds:propertyURI="http://purl.org/dc/terms/rights">
      <dcds:literalValueString xml:lang="en">ICROFS rights: All of the entries, statements, results etc. contained in the Organic Eprints archive have been compiled by the authors according to their best knowledge and the metadata have been scrupulously checked by the International Centre for Research in Organic Food Systems (ICROFS) and the Research Institute of Organic Agriculture (FiBL). All depositors of eprints have agreed with the Deposit Agreement below. However, the possibility of mistakes can not be ruled out entirely. Therefore, the responsible partners behind Organic Eprints, the archive staff and the depositors are not subject to any obligation and make no guarantees whatsoever regarding any of the statements etc. on this website; neither do they accept responsibility or liability for any possible mistakes contained therein. The links to other websites on the Organic Eprints pages are for informational purposes only. ICROFS, FiBL and the depositors are not responsible for the availability or content of these sites. In addition, providing links to these sites should not be interpreted as endorsement or approval by ICROFS or FiBL.
Deposit Agreement
When depositing an eprint the depositors consents with the following agreement: "In depositing this eprint (a collection of files and associated metadata), I grant Organic Eprints the right to make it permanently available on-line, with open access to all or in accordance with any access restrictions that I have specified. I understand that Organic Eprints does not assume any responsibility if there is any breach of copyright in distributing these files or metadata. For work being deposited by its own first author: I declare that this eprint is my own intellectual property and that I have the right to make it available in Organic Eprints in the manner chosen. For work being deposited by someone other than its first author: I declare that I have gained the proper permissions from someone with the right to make this eprint available in Organic Eprints in the manner chosen - or that the material is in the public domain. Clicking on the deposit button indicates your agreement to these terms."</dcds:literalValueString>
    </dcds:statement>
    <dcds:statement dcds:valueURI="http://purl.org/eprint/accessRights/OpenAccess" dcds:propertyURI="http://purl.org/dc/terms/accessRights" />
    <dcds:statement dcds:propertyURI="http://purl.org/dc/terms/date">
      <dcds:literalValueString dcds:sesURI="http://purl.org/dc/terms/W3CDTF">2003</dcds:literalValueString>
    </dcds:statement>
    <dcds:statement dcds:propertyURI="http://voa3r.eu/terms/hasMetametadata" dcds:valueRef="metametadata" />
  </dcds:description>
  <dcds:description dcds:resourceId="creator1">
    <dcds:statement dcds:valueURI="http://xmlns.com/foaf/0.1/Agent" dcds:propertyURI="http://www.w3.org/1999/02/22-rdf-syntax-ns#type" />
    <dcds:statement dcds:valueURI="http://xmlns.com/foaf/0.1/Person" dcds:propertyURI="http://purl.org/dc/terms/type" />
    <dcds:statement dcds:propertyURI="http://xmlns.com/foaf/0.1/givenName">
      <dcds:literalValueString>Frank</dcds:literalValueString>
    </dcds:statement>
    <dcds:statement dcds:propertyURI="http://xmlns.com/foaf/0.1/firstName">
      <dcds:literalValueString>Frank</dcds:literalValueString>
    </dcds:statement>
    <dcds:statement dcds:propertyURI="http://xmlns.com/foaf/0.1/familyName">
      <dcds:literalValueString>Offermann</dcds:literalValueString>
    </dcds:statement>
    <dcds:statement dcds:propertyURI="http://xmlns.com/foaf/0.1/lastName">
      <dcds:literalValueString>Offermann</dcds:literalValueString>
    </dcds:statement>
  </dcds:description>
  <dcds:description dcds:resourceId="publisher">
    <dcds:statement dcds:valueURI="http://xmlns.com/foaf/0.1/Agent" dcds:propertyURI="http://www.w3.org/1999/02/22-rdf-syntax-ns#type" />
    <dcds:statement dcds:valueURI="http://xmlns.com/foaf/0.1/Organization" dcds:propertyURI="http://purl.org/dc/terms/type" />
    <dcds:statement dcds:propertyURI="http://xmlns.com/foaf/0.1/name">
      <dcds:literalValueString>Shaker Verlag, Aachen</dcds:literalValueString>
    </dcds:statement>
  </dcds:description>
  <dcds:description dcds:resourceId="metametadata">
    <dcds:statement dcds:valueURI="http://voa3r.eu/class/MetaMetadata" dcds:propertyURI="http://www.w3.org/1999/02/22-rdf-syntax-ns#type" />
    <dcds:statement dcds:propertyURI="http://purl.org/dc/terms/identifier">
      <dcds:valueString>oai:orgprints.org:810</dcds:valueString>
    </dcds:statement>
    <dcds:statement dcds:propertyURI="http://purl.org/dc/terms/type">
      <dcds:literalValueString>voa3r_dcds v1.0</dcds:literalValueString>
    </dcds:statement>
    <dcds:statement dcds:propertyURI="http://purl.org/dc/terms/date">
      <dcds:literalValueString dcds:sesURI="http://purl.org/dc/terms/W3CDTF">2015-09-08</dcds:literalValueString>
    </dcds:statement>
    <dcds:statement dcds:propertyURI="http://purl.org/dc/terms/contributor" dcds:valueRef="metacontributor" />
  </dcds:description>
  <dcds:description dcds:resourceId="metacontributor">
    <dcds:statement dcds:valueURI="http://xmlns.com/foaf/0.1/Agent" dcds:propertyURI="http://www.w3.org/1999/02/22-rdf-syntax-ns#type" />
    <dcds:statement dcds:valueURI="http://xmlns.com/foaf/0.1/Organization" dcds:propertyURI="http://purl.org/dc/terms/type" />
    <dcds:statement dcds:propertyURI="http://xmlns.com/foaf/0.1/name">
      <dcds:literalValueString xml:lang="en">Organic eprints</dcds:literalValueString>
    </dcds:statement>
    <dcds:statement dcds:valueURI="mailto:eprints@orgprints.org" dcds:propertyURI="http://xmlns.com/foaf/0.1/mbox" />
  </dcds:description>
</dcds:descriptionSet>