<dcds:descriptionSet xmlns:dcds="http://purl.org/dc/xmlns/2008/09/01/dc-ds-xml/" xmlns:xsi="http://www.w3.org/2001/XMLSchema-instance" xsi:schemaLocation="http://purl.org/dc/xmlns/2008/09/01/dc-ds-xml/ http://dublincore.org/schemas/xmls/2008/09/01/dc-ds-xml/dcds.xsd">
  <dcds:description dcds:resourceURI="http://orgprints.org/id/eprint/7683">
    <dcds:statement dcds:valueURI="http://voa3r.eu/class/Resource" dcds:propertyURI="http://www.w3.org/1999/02/22-rdf-syntax-ns#type" />
    <dcds:statement dcds:propertyURI="http://purl.org/dc/terms/title">
      <dcds:literalValueString xml:lang="de">Tagungsreader: Statusseminar "Das Neuste aus der Ressortforschung für den Ökologischen Landbau 2006"</dcds:literalValueString>
    </dcds:statement>
    <dcds:statement dcds:propertyURI="http://purl.org/dc/terms/language" dcds:vesURI="http://purl.org/dc/terms/RFC5646">
      <dcds:valueString>de</dcds:valueString>
    </dcds:statement>
    <dcds:statement dcds:propertyURI="http://purl.org/dc/terms/abstract">
      <dcds:literalValueString xml:lang="de">INHALTSVERZEICHNIS:&#xD;
.&#xD;
VORWORT&#xD;
Gerold Rahmann und Rainer Oppermann (FAL-OEL): Ökolandbau und Biomärkte 2005&#xD;
.&#xD;
BODEN/PFLANZE&#xD;
Corinna Rüfer (BFEL-KA): Sekundäre Pflanzenstoffe in ökologisch und konventionell angebautem Gemüse und Obst. &#xD;
Rita Grosch (IGZ): Selektion von Antagonisten gegen Rhizoctonia solani.&#xD;
Uta Schnock (BSA): Wertprüfungen für den Ökolandbau der Arten Winterweichweizen, Sommergerste und Kartoffel.&#xD;
Bärbel Jansen (BfR): Potentielle Allergenität von konventionell versus ökologisch produziertem Gemüse.&#xD;
Stefan Kühne (BBA): Feldversuche der Biologischen Bundesanstalt für Land- und Forstwirtschaft zum Pflanzenschutz im Ökologischen Landbau.&#xD;
Ulrich Darsow (BAZ): Prebreeding auf Phytophthora-Resistenz der Kartoffel - Ergebnisse eines Langzeitprojekts und Aussichten für den Ökologischen Landbau&#xD;
.&#xD;
TIER&#xD;
Kerstin Barth (FAL): Aufzucht von Schaf- und Ziegenlämmern: arteigene oder artfremde natürliche Milch?&#xD;
Joachim Molkentin (BFEL-KI) Untersuchungen zur analytischen Unterscheidung ökologisch und konventionell erzeugter Milch.&#xD;
Matthias Moje (BFEL-Kulmbach): Erfassung des Gesundheitsstatus von Schweinen und Rindern aus ökologischer sowie konventioneller Produktion anhand differenzierter klinischer und pathologisch-anatomischer Befunde am Schlachthof.&#xD;
Henrike Glawatz (FBN): Versuchsplanung zum Vergleich von Legehybridherkünften unter den Bedingungen des ökologischen Landbaus.&#xD;
.&#xD;
MENSCH&#xD;
Heinz Wendt (FAL): Mögliche Auswirkungen einer weltweiten Zollfreiheit für Ökoprodukte auf den deutschen Ökomarkt&#xD;
Katrin Zander (FAL): Entwicklung des ökologischen Landbaus in Osteuropa</dcds:literalValueString>
    </dcds:statement>
    <dcds:statement dcds:propertyURI="http://purl.org/dc/terms/bibliographicCitation" dcds:vesURI="http://www.openurl.info/registry/">
      <dcds:valueString dcds:sesURI="http://voa3r.eu/terms/EncodedSchema">BibTeX:@unpublished{orgprints7683,
          editor = {Gerold Rahmann},
           title = {Tagungsreader: Statusseminar "Das Neuste aus der Ressortforschung f{\"u}r den {\"O}kologischen Landbau 2006"},
       publisher = {Senatsarbeitsgruppe {\"O}kologischer Landbau},
            year = {2006},
        keywords = {FAL, Kolloquium, OEL, Ressortforschung, Bundesforschungsanstalt, Statusseminar, FAL},
             url = {http://orgprints.org/7683/},
        abstract = {INHALTSVERZEICHNIS:&#xD;
.&#xD;
VORWORT&#xD;
Gerold Rahmann und Rainer Oppermann (FAL-OEL): {\"O}kolandbau und Biom{\"a}rkte 2005&#xD;
.&#xD;
BODEN/PFLANZE&#xD;
Corinna R{\"u}fer (BFEL-KA): Sekund{\"a}re Pflanzenstoffe in {\"o}kologisch und konventionell angebautem Gem{\"u}se und Obst. &#xD;
Rita Grosch (IGZ): Selektion von Antagonisten gegen Rhizoctonia solani.&#xD;
Uta Schnock (BSA): Wertpr{\"u}fungen f{\"u}r den {\"O}kolandbau der Arten Winterweichweizen, Sommergerste und Kartoffel.&#xD;
B{\"a}rbel Jansen (BfR): Potentielle Allergenit{\"a}t von konventionell versus {\"o}kologisch produziertem Gem{\"u}se.&#xD;
Stefan K{\"u}hne (BBA): Feldversuche der Biologischen Bundesanstalt f{\"u}r Land- und Forstwirtschaft zum Pflanzenschutz im {\"O}kologischen Landbau.&#xD;
Ulrich Darsow (BAZ): Prebreeding auf Phytophthora-Resistenz der Kartoffel - Ergebnisse eines Langzeitprojekts und Aussichten f{\"u}r den {\"O}kologischen Landbau&#xD;
.&#xD;
TIER&#xD;
Kerstin Barth (FAL): Aufzucht von Schaf- und Ziegenl{\"a}mmern: arteigene oder artfremde nat{\"u}rliche Milch?&#xD;
Joachim Molkentin (BFEL-KI) Untersuchungen zur analytischen Unterscheidung {\"o}kologisch und konventionell erzeugter Milch.&#xD;
Matthias Moje (BFEL-Kulmbach): Erfassung des Gesundheitsstatus von Schweinen und Rindern aus {\"o}kologischer sowie konventioneller Produktion anhand differenzierter klinischer und pathologisch-anatomischer Befunde am Schlachthof.&#xD;
Henrike Glawatz (FBN): Versuchsplanung zum Vergleich von Legehybridherk{\"u}nften unter den Bedingungen des {\"o}kologischen Landbaus.&#xD;
.&#xD;
MENSCH&#xD;
Heinz Wendt (FAL): M{\"o}gliche Auswirkungen einer weltweiten Zollfreiheit f{\"u}r {\"O}koprodukte auf den deutschen {\"O}komarkt&#xD;
Katrin Zander (FAL): Entwicklung des {\"o}kologischen Landbaus in Osteuropa&#xD;
}
}</dcds:valueString>
    </dcds:statement>
    <dcds:statement dcds:propertyURI="http://purl.org/dc/terms/type" dcds:vesURI="http://voa3r.eu/terms/ResourceType">
      <dcds:valueString>Conference Proccedings</dcds:valueString>
    </dcds:statement>
    <dcds:statement dcds:propertyURI="http://voa3r.eu/terms/reviewStatus" dcds:vesURI="http://voa3r.eu/terms/ReviewStatus">
      <dcds:valueString>Peer Reviewed</dcds:valueString>
    </dcds:statement>
    <dcds:statement dcds:propertyURI="http://voa3r.eu/terms/publicationStatus" dcds:vesURI="http://voa3r.eu/terms/PublicationStatus">
      <dcds:valueString>WorkingDraft</dcds:valueString>
    </dcds:statement>
    <dcds:statement dcds:propertyURI="http://id.loc.gov/vocabulary/relators/edt" dcds:valueRef="editor1" />
    <dcds:statement dcds:propertyURI="http://purl.org/dc/terms/publisher" dcds:valueRef="publisher" />
    <dcds:statement dcds:propertyURI="http://purl.org/dc/terms/subject">
      <dcds:valueString xml:lang="en">Breeding, genetics and propagation</dcds:valueString>
    </dcds:statement>
    <dcds:statement dcds:propertyURI="http://purl.org/dc/terms/subject">
      <dcds:valueString xml:lang="en">Germany</dcds:valueString>
    </dcds:statement>
    <dcds:statement dcds:propertyURI="http://purl.org/dc/terms/subject">
      <dcds:valueString xml:lang="en">Sheep and goats</dcds:valueString>
    </dcds:statement>
    <dcds:statement dcds:propertyURI="http://purl.org/dc/terms/subject">
      <dcds:valueString xml:lang="en">Health and welfare</dcds:valueString>
    </dcds:statement>
    <dcds:statement dcds:propertyURI="http://purl.org/dc/terms/subject">
      <dcds:valueString xml:lang="en">Breeding and genetics</dcds:valueString>
    </dcds:statement>
    <dcds:statement dcds:propertyURI="http://purl.org/dc/terms/subject">
      <dcds:valueString xml:lang="en">Food security, food quality and human health</dcds:valueString>
    </dcds:statement>
    <dcds:statement dcds:propertyURI="http://purl.org/dc/terms/subject">
      <dcds:valueString xml:lang="en">Crop health, quality, protection</dcds:valueString>
    </dcds:statement>
    <dcds:statement dcds:propertyURI="http://purl.org/dc/terms/subject">
      <dcds:valueString xml:lang="en">Markets and trade</dcds:valueString>
    </dcds:statement>
    <dcds:statement dcds:valueURI="http://orgprints.org/7683/" dcds:propertyURI="http://www.europeana.eu/schemas/ese/isShownAt" />
    <dcds:statement dcds:valueURI="http://orgprints.org/7683/1/7683-rahmann-g-2006-Statusseminar.pdf" dcds:propertyURI="http://www.europeana.eu/schemas/ese/isShownBy" />
    <dcds:statement dcds:propertyURI="http://purl.org/dc/terms/rights">
      <dcds:literalValueString xml:lang="en">ICROFS rights: All of the entries, statements, results etc. contained in the Organic Eprints archive have been compiled by the authors according to their best knowledge and the metadata have been scrupulously checked by the International Centre for Research in Organic Food Systems (ICROFS) and the Research Institute of Organic Agriculture (FiBL). All depositors of eprints have agreed with the Deposit Agreement below. However, the possibility of mistakes can not be ruled out entirely. Therefore, the responsible partners behind Organic Eprints, the archive staff and the depositors are not subject to any obligation and make no guarantees whatsoever regarding any of the statements etc. on this website; neither do they accept responsibility or liability for any possible mistakes contained therein. The links to other websites on the Organic Eprints pages are for informational purposes only. ICROFS, FiBL and the depositors are not responsible for the availability or content of these sites. In addition, providing links to these sites should not be interpreted as endorsement or approval by ICROFS or FiBL.
Deposit Agreement
When depositing an eprint the depositors consents with the following agreement: "In depositing this eprint (a collection of files and associated metadata), I grant Organic Eprints the right to make it permanently available on-line, with open access to all or in accordance with any access restrictions that I have specified. I understand that Organic Eprints does not assume any responsibility if there is any breach of copyright in distributing these files or metadata. For work being deposited by its own first author: I declare that this eprint is my own intellectual property and that I have the right to make it available in Organic Eprints in the manner chosen. For work being deposited by someone other than its first author: I declare that I have gained the proper permissions from someone with the right to make this eprint available in Organic Eprints in the manner chosen - or that the material is in the public domain. Clicking on the deposit button indicates your agreement to these terms."</dcds:literalValueString>
    </dcds:statement>
    <dcds:statement dcds:valueURI="http://purl.org/eprint/accessRights/OpenAccess" dcds:propertyURI="http://purl.org/dc/terms/accessRights" />
    <dcds:statement dcds:propertyURI="http://purl.org/dc/terms/date">
      <dcds:literalValueString dcds:sesURI="http://purl.org/dc/terms/W3CDTF">2006</dcds:literalValueString>
    </dcds:statement>
    <dcds:statement dcds:propertyURI="http://voa3r.eu/terms/hasMetametadata" dcds:valueRef="metametadata" />
  </dcds:description>
  <dcds:description dcds:resourceId="editor1">
    <dcds:statement dcds:valueURI="http://xmlns.com/foaf/0.1/Agent" dcds:propertyURI="http://www.w3.org/1999/02/22-rdf-syntax-ns#type" />
    <dcds:statement dcds:valueURI="http://xmlns.com/foaf/0.1/Person" dcds:propertyURI="http://purl.org/dc/terms/type" />
    <dcds:statement dcds:propertyURI="http://xmlns.com/foaf/0.1/givenName">
      <dcds:literalValueString>Gerold</dcds:literalValueString>
    </dcds:statement>
    <dcds:statement dcds:propertyURI="http://xmlns.com/foaf/0.1/firstName">
      <dcds:literalValueString>Gerold</dcds:literalValueString>
    </dcds:statement>
    <dcds:statement dcds:propertyURI="http://xmlns.com/foaf/0.1/familyName">
      <dcds:literalValueString>Rahmann</dcds:literalValueString>
    </dcds:statement>
    <dcds:statement dcds:propertyURI="http://xmlns.com/foaf/0.1/lastName">
      <dcds:literalValueString>Rahmann</dcds:literalValueString>
    </dcds:statement>
  </dcds:description>
  <dcds:description dcds:resourceId="publisher">
    <dcds:statement dcds:valueURI="http://xmlns.com/foaf/0.1/Agent" dcds:propertyURI="http://www.w3.org/1999/02/22-rdf-syntax-ns#type" />
    <dcds:statement dcds:valueURI="http://xmlns.com/foaf/0.1/Organization" dcds:propertyURI="http://purl.org/dc/terms/type" />
    <dcds:statement dcds:propertyURI="http://xmlns.com/foaf/0.1/name">
      <dcds:literalValueString>Senatsarbeitsgruppe Ökologischer Landbau</dcds:literalValueString>
    </dcds:statement>
  </dcds:description>
  <dcds:description dcds:resourceId="metametadata">
    <dcds:statement dcds:valueURI="http://voa3r.eu/class/MetaMetadata" dcds:propertyURI="http://www.w3.org/1999/02/22-rdf-syntax-ns#type" />
    <dcds:statement dcds:propertyURI="http://purl.org/dc/terms/identifier">
      <dcds:valueString>oai:orgprints.org:7683</dcds:valueString>
    </dcds:statement>
    <dcds:statement dcds:propertyURI="http://purl.org/dc/terms/type">
      <dcds:literalValueString>voa3r_dcds v1.0</dcds:literalValueString>
    </dcds:statement>
    <dcds:statement dcds:propertyURI="http://purl.org/dc/terms/date">
      <dcds:literalValueString dcds:sesURI="http://purl.org/dc/terms/W3CDTF">2015-09-08</dcds:literalValueString>
    </dcds:statement>
    <dcds:statement dcds:propertyURI="http://purl.org/dc/terms/contributor" dcds:valueRef="metacontributor" />
  </dcds:description>
  <dcds:description dcds:resourceId="metacontributor">
    <dcds:statement dcds:valueURI="http://xmlns.com/foaf/0.1/Agent" dcds:propertyURI="http://www.w3.org/1999/02/22-rdf-syntax-ns#type" />
    <dcds:statement dcds:valueURI="http://xmlns.com/foaf/0.1/Organization" dcds:propertyURI="http://purl.org/dc/terms/type" />
    <dcds:statement dcds:propertyURI="http://xmlns.com/foaf/0.1/name">
      <dcds:literalValueString xml:lang="en">Organic eprints</dcds:literalValueString>
    </dcds:statement>
    <dcds:statement dcds:valueURI="mailto:eprints@orgprints.org" dcds:propertyURI="http://xmlns.com/foaf/0.1/mbox" />
  </dcds:description>
</dcds:descriptionSet>