<dcds:descriptionSet xmlns:dcds="http://purl.org/dc/xmlns/2008/09/01/dc-ds-xml/" xmlns:xsi="http://www.w3.org/2001/XMLSchema-instance" xsi:schemaLocation="http://purl.org/dc/xmlns/2008/09/01/dc-ds-xml/ http://dublincore.org/schemas/xmls/2008/09/01/dc-ds-xml/dcds.xsd">
  <dcds:description dcds:resourceURI="http://orgprints.org/id/eprint/3179">
    <dcds:statement dcds:valueURI="http://voa3r.eu/class/Resource" dcds:propertyURI="http://www.w3.org/1999/02/22-rdf-syntax-ns#type" />
    <dcds:statement dcds:propertyURI="http://purl.org/dc/terms/title">
      <dcds:literalValueString xml:lang="da">Hvordan undgs svovlmangel i kologiske sdskifter</dcds:literalValueString>
    </dcds:statement>
    <dcds:statement dcds:propertyURI="http://purl.org/dc/terms/language" dcds:vesURI="http://purl.org/dc/terms/RFC5646">
      <dcds:valueString>da</dcds:valueString>
    </dcds:statement>
    <dcds:statement dcds:propertyURI="http://purl.org/dc/terms/abstract">
      <dcds:literalValueString xml:lang="da">I det seneste rti har der vret stigende opmrksomhed p gdskning med svovl i det konventionelle landbrug. Tidligere, hvor nedfaldet af svovl fra atmosfren var op imod 40 kg pr. ha, var det tilstrkkeligt til at dkke planternes behov. En reduktion af forureningen fra afbrnding af olie og kul har snket dette til under 10 kg pr. ha, og planterne har derfor i dag et reelt behov for supplerende tilfrsel af svovl. En tilstrkkelig forsyning med svovl er vigtig, ikke alene for udbyttet, men ogs for kvaliteten af foder og brdhvede. Det har desuden vist sig, at svovl har betydning for planternes N-udnyttelse. Disse forhold glder naturligvis ogs under kologiske betingelser, hvor behovet dog er mindre pga. et lavere udbytteniveau. Isr bedrifter uden mulighed for vanding br i fremtiden vre opmrksomme p svovlforsyningen. Grundvand indeholder typisk 15 mg svovl pr. liter, hvilket svarer til, at 100 mm giver afgrden en svovltilfrsel p 15 kg svovl pr. ha. Under kologiske forhold vil dette typisk dkke afgrdernes behov. Husdyrgdning er en ringe svovlkilde. Selvom der typisk er 0,5 kg svovl pr. tons kvggylle, s er det kun en meget lille andel af dette, som er tilgngeligt for afgrderne. &#xD; &#xD;Ved konstatering af S-mangelsymptomer i korn er det i nogen grad muligt at reparere skaden selv p et relativt sent tidspunkt. I forsg med byg, der viste S-mangelsymptomer allerede ved stadie 20 (begyndende buskning), var S-tilfrsel helt frem til stadie 37 (synligt faneblad) istand til at kompensere herfor og forhindre udbyttenedgang i forhold til, nr S blev tilfrt ved sning. Selv nr S blev tilfrt ved halv gennemskridning (stadie 55), var udbyttet hjere end uden S-tilfrsel. Kernernes indhold af den S-holdige aminosyre methionin blev forget ved S-tilfrsel senere i vkstperioden end ved sning. Svovl kan tilfres i form af vinasse, som ogs bidrager til at dkke afgrdernes behov for kalium. &#xD;&#xD;Udvaskning er en vigtig post p svovlbalancen. Sulfat, som er den plante-tilgngelige form af svovl, udvaskes meget let, og der er stor risiko for at miste svovl i lbet af efterret og vinteren. Det har dog vist sig, at efterafgrder kan vre srdeles effektive til at forhindre ikke blot udvaskning af nitrat, men ogs udvaskning af sulfat. Dette glder isr de korsblomstrede arter som olierddike, men ogs rajgrs, der efter nedmuldning om forret igen frigiver svovlet. Efterafgrder er sledes vigtige for at fastholde plante-tilgngeligt svovl i kologiske sdskifter og gre det tilgngeligt for hovedafgrden p det rette tidspunkt.</dcds:literalValueString>
    </dcds:statement>
    <dcds:statement dcds:propertyURI="http://purl.org/dc/terms/bibliographicCitation" dcds:vesURI="http://www.openurl.info/registry/">
      <dcds:valueString dcds:sesURI="http://voa3r.eu/terms/EncodedSchema">BibTeX:@inproceedings{orgprints3179,          number = {1},           title = {Hvordan undg{\ra}s svovlmangel i {\o}kologiske s{\ae}dskifter},          author = {J. Eriksen},            year = {2004},           pages = {1},         journal = {M{\ra}nedsmagasinet Mark},             url = {http://orgprints.org/3179/},        abstract = {I det seneste {\ra}rti har der v{\ae}ret stigende opm{\ae}rksomhed p{\ra} g{\o}dskning med svovl i det konventionelle landbrug. Tidligere, hvor nedfaldet af svovl fra atmosf{\ae}ren var op imod 40 kg pr. ha, var det tilstr{\ae}kkeligt til at d{\ae}kke planternes behov. En reduktion af forureningen fra afbr{\ae}nding af olie og kul har s{\ae}nket dette til under 10 kg pr. ha, og planterne har derfor i dag et reelt behov for supplerende tilf{\o}rsel af svovl. En tilstr{\ae}kkelig forsyning med svovl er vigtig, ikke alene for udbyttet, men ogs{\ra} for kvaliteten af foder og br{\o}dhvede. Det har desuden vist sig, at svovl har betydning for planternes N-udnyttelse. Disse forhold g{\ae}lder naturligvis ogs{\ra} under {\o}kologiske betingelser, hvor behovet dog er mindre pga. et lavere udbytteniveau. Is{\ae}r bedrifter uden mulighed for vanding b{\o}r i fremtiden v{\ae}re opm{\ae}rksomme p{\ra} svovlforsyningen. Grundvand indeholder typisk 15 mg svovl pr. liter, hvilket svarer til, at 100 mm giver afgr{\o}den en svovltilf{\o}rsel p{\ra} 15 kg svovl pr. ha. Under {\o}kologiske forhold vil dette typisk d{\ae}kke afgr{\o}dernes behov. Husdyrg{\o}dning er en ringe svovlkilde. Selvom der typisk er 0,5 kg svovl pr. tons kv{\ae}ggylle, s{\ra} er det kun en meget lille andel af dette, som er tilg{\ae}ngeligt for afgr{\o}derne. &#xD; &#xD;Ved konstatering af S-mangelsymptomer i korn er det i nogen grad muligt at ?reparere skaden? selv p{\ra} et relativt sent tidspunkt. I fors{\o}g med byg, der viste S-mangelsymptomer allerede ved stadie 20 (begyndende buskning), var S-tilf{\o}rsel helt frem til stadie 37 (synligt faneblad) istand til at kompensere herfor og forhindre udbyttenedgang i forhold til, n{\ra}r S blev tilf{\o}rt ved s{\ra}ning. Selv n{\ra}r S blev tilf{\o}rt ved halv gennemskridning (stadie 55), var udbyttet h{\o}jere end uden S-tilf{\o}rsel. Kernernes indhold af den S-holdige aminosyre methionin blev for{\o}get ved S-tilf{\o}rsel senere i v{\ae}kstperioden end ved s{\ra}ning. Svovl kan tilf{\o}res i form af vinasse, som ogs{\ra} bidrager til at d{\ae}kke afgr{\o}dernes behov for kalium. &#xD;&#xD;Udvaskning er en vigtig post p{\ra} svovlbalancen. Sulfat, som er den plante-tilg{\ae}ngelige form af svovl, udvaskes meget let, og der er stor risiko for at miste svovl i l{\o}bet af efter{\ra}ret og vinteren. Det har dog vist sig, at efterafgr{\o}der kan v{\ae}re s{\ae}rdeles effektive til at forhindre ikke blot udvaskning af nitrat, men ogs{\ra} udvaskning af sulfat. Dette g{\ae}lder is{\ae}r de korsblomstrede arter som olier{\ae}ddike, men ogs{\ra} rajgr{\ae}s, der efter nedmuldning om for{\ra}ret igen frigiver svovlet. Efterafgr{\o}der er s{\ra}ledes vigtige for at fastholde plante-tilg{\ae}ngeligt svovl i {\o}kologiske s{\ae}dskifter og g{\o}re det tilg{\ae}ngeligt for hovedafgr{\o}den p{\ra} det rette tidspunkt.&#xD;&#xD;}}</dcds:valueString>
    </dcds:statement>
    <dcds:statement dcds:propertyURI="http://purl.org/dc/terms/type" dcds:vesURI="http://voa3r.eu/terms/ResourceType">
      <dcds:valueString>Conference Contribution</dcds:valueString>
    </dcds:statement>
    <dcds:statement dcds:propertyURI="http://voa3r.eu/terms/reviewStatus" dcds:vesURI="http://voa3r.eu/terms/ReviewStatus">
      <dcds:valueString>Peer Reviewed</dcds:valueString>
    </dcds:statement>
    <dcds:statement dcds:propertyURI="http://voa3r.eu/terms/publicationStatus" dcds:vesURI="http://voa3r.eu/terms/PublicationStatus">
      <dcds:valueString>Published</dcds:valueString>
    </dcds:statement>
    <dcds:statement dcds:propertyURI="http://purl.org/dc/terms/creator" dcds:valueRef="creator1" />
    <dcds:statement dcds:propertyURI="http://purl.org/dc/terms/subject">
      <dcds:valueString xml:lang="en">Nutrient turnover</dcds:valueString>
    </dcds:statement>
    <dcds:statement dcds:valueURI="http://orgprints.org/3179/" dcds:propertyURI="http://www.europeana.eu/schemas/ese/isShownAt" />
    <dcds:statement dcds:valueURI="http://orgprints.org/3179/1/Dokument.doc" dcds:propertyURI="http://www.europeana.eu/schemas/ese/isShownBy" />
    <dcds:statement dcds:propertyURI="http://purl.org/dc/terms/rights">
      <dcds:literalValueString xml:lang="en">ICROFS rights: All of the entries, statements, results etc. contained in the Organic Eprints archive have been compiled by the authors according to their best knowledge and the metadata have been scrupulously checked by the International Centre for Research in Organic Food Systems (ICROFS) and the Research Institute of Organic Agriculture (FiBL). All depositors of eprints have agreed with the Deposit Agreement below. However, the possibility of mistakes can not be ruled out entirely. Therefore, the responsible partners behind Organic Eprints, the archive staff and the depositors are not subject to any obligation and make no guarantees whatsoever regarding any of the statements etc. on this website; neither do they accept responsibility or liability for any possible mistakes contained therein. The links to other websites on the Organic Eprints pages are for informational purposes only. ICROFS, FiBL and the depositors are not responsible for the availability or content of these sites. In addition, providing links to these sites should not be interpreted as endorsement or approval by ICROFS or FiBL.Deposit AgreementWhen depositing an eprint the depositors consents with the following agreement: "In depositing this eprint (a collection of files and associated metadata), I grant Organic Eprints the right to make it permanently available on-line, with open access to all or in accordance with any access restrictions that I have specified. I understand that Organic Eprints does not assume any responsibility if there is any breach of copyright in distributing these files or metadata. For work being deposited by its own first author: I declare that this eprint is my own intellectual property and that I have the right to make it available in Organic Eprints in the manner chosen. For work being deposited by someone other than its first author: I declare that I have gained the proper permissions from someone with the right to make this eprint available in Organic Eprints in the manner chosen - or that the material is in the public domain. Clicking on the deposit button indicates your agreement to these terms."</dcds:literalValueString>
    </dcds:statement>
    <dcds:statement dcds:valueURI="http://purl.org/eprint/accessRights/OpenAccess" dcds:propertyURI="http://purl.org/dc/terms/accessRights" />
    <dcds:statement dcds:propertyURI="http://purl.org/dc/terms/date">
      <dcds:literalValueString dcds:sesURI="http://purl.org/dc/terms/W3CDTF">2004</dcds:literalValueString>
    </dcds:statement>
    <dcds:statement dcds:propertyURI="http://voa3r.eu/terms/hasMetametadata" dcds:valueRef="metametadata" />
  </dcds:description>
  <dcds:description dcds:resourceId="creator1">
    <dcds:statement dcds:valueURI="http://xmlns.com/foaf/0.1/Agent" dcds:propertyURI="http://www.w3.org/1999/02/22-rdf-syntax-ns#type" />
    <dcds:statement dcds:valueURI="http://xmlns.com/foaf/0.1/Person" dcds:propertyURI="http://purl.org/dc/terms/type" />
    <dcds:statement dcds:propertyURI="http://xmlns.com/foaf/0.1/givenName">
      <dcds:literalValueString>J.</dcds:literalValueString>
    </dcds:statement>
    <dcds:statement dcds:propertyURI="http://xmlns.com/foaf/0.1/firstName">
      <dcds:literalValueString>J.</dcds:literalValueString>
    </dcds:statement>
    <dcds:statement dcds:propertyURI="http://xmlns.com/foaf/0.1/familyName">
      <dcds:literalValueString>Eriksen</dcds:literalValueString>
    </dcds:statement>
    <dcds:statement dcds:propertyURI="http://xmlns.com/foaf/0.1/lastName">
      <dcds:literalValueString>Eriksen</dcds:literalValueString>
    </dcds:statement>
  </dcds:description>
  <dcds:description dcds:resourceId="metametadata">
    <dcds:statement dcds:valueURI="http://voa3r.eu/class/MetaMetadata" dcds:propertyURI="http://www.w3.org/1999/02/22-rdf-syntax-ns#type" />
    <dcds:statement dcds:propertyURI="http://purl.org/dc/terms/identifier">
      <dcds:valueString>oai:orgprints.org:3179</dcds:valueString>
    </dcds:statement>
    <dcds:statement dcds:propertyURI="http://purl.org/dc/terms/type">
      <dcds:literalValueString>voa3r_dcds v1.0</dcds:literalValueString>
    </dcds:statement>
    <dcds:statement dcds:propertyURI="http://purl.org/dc/terms/date">
      <dcds:literalValueString dcds:sesURI="http://purl.org/dc/terms/W3CDTF">2015-09-08</dcds:literalValueString>
    </dcds:statement>
    <dcds:statement dcds:propertyURI="http://purl.org/dc/terms/contributor" dcds:valueRef="metacontributor" />
  </dcds:description>
  <dcds:description dcds:resourceId="metacontributor">
    <dcds:statement dcds:valueURI="http://xmlns.com/foaf/0.1/Agent" dcds:propertyURI="http://www.w3.org/1999/02/22-rdf-syntax-ns#type" />
    <dcds:statement dcds:valueURI="http://xmlns.com/foaf/0.1/Organization" dcds:propertyURI="http://purl.org/dc/terms/type" />
    <dcds:statement dcds:propertyURI="http://xmlns.com/foaf/0.1/name">
      <dcds:literalValueString xml:lang="en">Organic eprints</dcds:literalValueString>
    </dcds:statement>
    <dcds:statement dcds:valueURI="mailto:eprints@orgprints.org" dcds:propertyURI="http://xmlns.com/foaf/0.1/mbox" />
  </dcds:description>
</dcds:descriptionSet>