<dcds:descriptionSet xmlns:dcds="http://purl.org/dc/xmlns/2008/09/01/dc-ds-xml/" xmlns:xsi="http://www.w3.org/2001/XMLSchema-instance" xsi:schemaLocation="http://purl.org/dc/xmlns/2008/09/01/dc-ds-xml/ http://dublincore.org/schemas/xmls/2008/09/01/dc-ds-xml/dcds.xsd">
  <dcds:description dcds:resourceURI="http://orgprints.org/id/eprint/29025">
    <dcds:statement dcds:valueURI="http://voa3r.eu/class/Resource" dcds:propertyURI="http://www.w3.org/1999/02/22-rdf-syntax-ns#type" />
    <dcds:statement dcds:propertyURI="http://purl.org/dc/terms/title">
      <dcds:literalValueString xml:lang="pt">Atitudes e motivaes em relao ao consumo de alimentos orgnicos em Belo Horizonte, MG.</dcds:literalValueString>
    </dcds:statement>
    <dcds:statement dcds:propertyURI="http://purl.org/dc/terms/language" dcds:vesURI="http://purl.org/dc/terms/RFC5646">
      <dcds:valueString>pt</dcds:valueString>
    </dcds:statement>
    <dcds:statement dcds:propertyURI="http://purl.org/dc/terms/abstract">
      <dcds:literalValueString xml:lang="pt">O objetivo deste estudo foi caracterizar o mercado consumidor de alimentos orgnicos em Belo Horizonte-MG, incluindo o perfil socioeconmico e o comportamento dos consumidores, sua percepo e seu conhecimento sobre alimentos orgnicos, alm das principais motivaes e limitaes em relao ao consumo desses produtos. Uma pesquisa descritiva direta e estruturada (survey) foi realizada com 400 consumidores de alimentos orgnicos, por meio da aplicao de questionrios semiestruturados. A maioria dos consumidores era do gnero feminino (76,0%), com idade superior a 30 anos (90,3%), em unio estvel (81,3%), graduados (81,5%) e com renda familiar elevada (acima de 12 S.M./ms) (78,7%). A maioria definiu alimento orgnico como um alimento isento de resduos de agrotxicos (69,7%). Alimentos orgnicos foram mencionados conter maiores nveis de nutrientes do que os convencionais (82,0%), alm de serem isentos de organismos geneticamente modificados (75,0%) e produtos qumicos sintticos (86,0%). A maioria mostrou preocupao em manter hbitos de vida saudveis, sendo que 80,5% exercitavam-se regularmente e 49,2% j haviam feito alguma dieta ou recebido orientaes nutricionais. Todos acreditavam nos benefcios  sade advindos do consumo dos produtos orgnicos e quase a totalidade (98,8%) j havia percebido melhorias na sade em decorrncia desse consumo. Somente 16,3% consumiam outros alimentos orgnicos alm de frutas e hortalias. A preocupao com a sade, assim como o maior contedo de nutrientes e o sabor mais pronunciado do que os alimentos convencionais, foram as maiores motivaes para o consumo de frutas e hortalias orgnicas. Grande parte dos consumidores apresentou conhecimento superficial sobre a temtica, o que evidenciou a necessidade de maiores esclarecimentos sobre o assunto. Uma demanda reprimida por tais produtos pde ser observada, pois, apesar do grande interesse por alimentos orgnicos, fatores como preo elevado e baixa qualidade limitaram o consumo destes produtos em Belo Horizonte.</dcds:literalValueString>
    </dcds:statement>
    <dcds:statement dcds:propertyURI="http://purl.org/dc/terms/bibliographicCitation" dcds:vesURI="http://www.openurl.info/registry/">
      <dcds:valueString dcds:sesURI="http://voa3r.eu/terms/EncodedSchema">BibTeX:@misc{orgprints29025,          volume = {15},          number = {spe.},           month = {May},          author = {Lu{\'i}sa Mol Senna  Andrade and Michele Corr{\^e}a  Bertoldi},           title = {Atitudes e motiva{\cc}{\~o}es em rela{\cc}{\~a}o ao consumo de alimentos org{\^a}nicos em Belo Horizonte, MG.},         journal = {Brazilian Journal of Food Technology},           pages = {31--40},            year = {2012},        keywords = {Organic food; Behavior; Fruit; Vegetables; Perception.&#xD;&#xD;Alimento org{\^a}nico; Comportamento; Frutas; Hortali{\cc}as; Percep{\cc}{\~a}o.},             url = {http://orgprints.org/29025/},        abstract = {O objetivo deste estudo foi caracterizar o mercado consumidor de alimentos org{\^a}nicos em Belo Horizonte-MG, incluindo o perfil socioecon{\^o}mico e o comportamento dos consumidores, sua percep{\cc}{\~a}o e seu conhecimento sobre alimentos org{\^a}nicos, al{\'e}m das principais motiva{\cc}{\~o}es e limita{\cc}{\~o}es em rela{\cc}{\~a}o ao consumo desses produtos. Uma pesquisa descritiva direta e estruturada (survey) foi realizada com 400 consumidores de alimentos org{\^a}nicos, por meio da aplica{\cc}{\~a}o de question{\'a}rios semiestruturados. A maioria dos consumidores era do g{\^e}nero feminino (76,0\%), com idade superior a 30 anos (90,3\%), em uni{\~a}o est{\'a}vel (81,3\%), graduados (81,5\%) e com renda familiar elevada (acima de 12 S.M./m{\^e}s) (78,7\%). A maioria definiu alimento org{\^a}nico como um alimento isento de res{\'i}duos de agrot{\'o}xicos (69,7\%). Alimentos org{\^a}nicos foram mencionados conter maiores n{\'i}veis de nutrientes do que os convencionais (82,0\%), al{\'e}m de serem isentos de organismos geneticamente modificados (75,0\%) e produtos qu{\'i}micos sint{\'e}ticos (86,0\%). A maioria mostrou preocupa{\cc}{\~a}o em manter h{\'a}bitos de vida saud{\'a}veis, sendo que 80,5\% exercitavam-se regularmente e 49,2\% j{\'a} haviam feito alguma dieta ou recebido orienta{\cc}{\~o}es nutricionais. Todos acreditavam nos benef{\'i}cios {\`a} sa{\'u}de advindos do consumo dos produtos org{\^a}nicos e quase a totalidade (98,8\%) j{\'a} havia percebido melhorias na sa{\'u}de em decorr{\^e}ncia desse consumo. Somente 16,3\% consumiam outros alimentos org{\^a}nicos al{\'e}m de frutas e hortali{\cc}as. A preocupa{\cc}{\~a}o com a sa{\'u}de, assim como o maior conte{\'u}do de nutrientes e o sabor mais pronunciado do que os alimentos convencionais, foram as maiores motiva{\cc}{\~o}es para o consumo de frutas e hortali{\cc}as org{\^a}nicas. Grande parte dos consumidores apresentou conhecimento superficial sobre a tem{\'a}tica, o que evidenciou a necessidade de maiores esclarecimentos sobre o assunto. Uma demanda reprimida por tais produtos p{\^o}de ser observada, pois, apesar do grande interesse por alimentos org{\^a}nicos, fatores como pre{\cc}o elevado e baixa qualidade limitaram o consumo destes produtos em Belo Horizonte.}}</dcds:valueString>
    </dcds:statement>
    <dcds:statement dcds:propertyURI="http://purl.org/dc/terms/type" dcds:vesURI="http://voa3r.eu/terms/ResourceType">
      <dcds:valueString>Article</dcds:valueString>
    </dcds:statement>
    <dcds:statement dcds:propertyURI="http://voa3r.eu/terms/reviewStatus" dcds:vesURI="http://voa3r.eu/terms/ReviewStatus">
      <dcds:valueString>Peer Reviewed</dcds:valueString>
    </dcds:statement>
    <dcds:statement dcds:propertyURI="http://voa3r.eu/terms/publicationStatus" dcds:vesURI="http://voa3r.eu/terms/PublicationStatus">
      <dcds:valueString>Published</dcds:valueString>
    </dcds:statement>
    <dcds:statement dcds:propertyURI="http://purl.org/dc/terms/creator" dcds:valueRef="creator1" />
    <dcds:statement dcds:propertyURI="http://purl.org/dc/terms/creator" dcds:valueRef="creator2" />
    <dcds:statement dcds:propertyURI="http://purl.org/dc/terms/subject">
      <dcds:valueString xml:lang="en">Food security, food quality and human health</dcds:valueString>
    </dcds:statement>
    <dcds:statement dcds:propertyURI="http://purl.org/dc/terms/subject">
      <dcds:valueString xml:lang="en">Values, standards and certification</dcds:valueString>
    </dcds:statement>
    <dcds:statement dcds:propertyURI="http://purl.org/dc/terms/subject">
      <dcds:valueString xml:lang="en">Consumer issues</dcds:valueString>
    </dcds:statement>
    <dcds:statement dcds:propertyURI="http://purl.org/dc/terms/subject">
      <dcds:valueString xml:lang="en">Food systems</dcds:valueString>
    </dcds:statement>
    <dcds:statement dcds:propertyURI="http://purl.org/dc/terms/subject">
      <dcds:valueString xml:lang="en">Quality and evaluation of inputs</dcds:valueString>
    </dcds:statement>
    <dcds:statement dcds:valueURI="http://aims.fao.org/aos/agrovoc/c_29261" dcds:propertyURI="http://purl.org/dc/terms/subject">
      <dcds:valueString xml:lang="en">Organic foods</dcds:valueString>
    </dcds:statement>
    <dcds:statement dcds:valueURI="http://aims.fao.org/aos/agrovoc/c_3131" dcds:propertyURI="http://purl.org/dc/terms/subject">
      <dcds:valueString xml:lang="en">Fruits</dcds:valueString>
    </dcds:statement>
    <dcds:statement dcds:valueURI="http://aims.fao.org/aos/agrovoc/c_8174" dcds:propertyURI="http://purl.org/dc/terms/subject">
      <dcds:valueString xml:lang="en">Vegetables</dcds:valueString>
    </dcds:statement>
    <dcds:statement dcds:valueURI="http://orgprints.org/29025/" dcds:propertyURI="http://www.europeana.eu/schemas/ese/isShownAt" />
    <dcds:statement dcds:valueURI="http://orgprints.org/29025/1/Andrade_Atitudes.pdf" dcds:propertyURI="http://www.europeana.eu/schemas/ese/isShownBy" />
    <dcds:statement dcds:propertyURI="http://purl.org/dc/terms/rights">
      <dcds:literalValueString xml:lang="en">ICROFS rights: All of the entries, statements, results etc. contained in the Organic Eprints archive have been compiled by the authors according to their best knowledge and the metadata have been scrupulously checked by the International Centre for Research in Organic Food Systems (ICROFS) and the Research Institute of Organic Agriculture (FiBL). All depositors of eprints have agreed with the Deposit Agreement below. However, the possibility of mistakes can not be ruled out entirely. Therefore, the responsible partners behind Organic Eprints, the archive staff and the depositors are not subject to any obligation and make no guarantees whatsoever regarding any of the statements etc. on this website; neither do they accept responsibility or liability for any possible mistakes contained therein. The links to other websites on the Organic Eprints pages are for informational purposes only. ICROFS, FiBL and the depositors are not responsible for the availability or content of these sites. In addition, providing links to these sites should not be interpreted as endorsement or approval by ICROFS or FiBL.Deposit AgreementWhen depositing an eprint the depositors consents with the following agreement: "In depositing this eprint (a collection of files and associated metadata), I grant Organic Eprints the right to make it permanently available on-line, with open access to all or in accordance with any access restrictions that I have specified. I understand that Organic Eprints does not assume any responsibility if there is any breach of copyright in distributing these files or metadata. For work being deposited by its own first author: I declare that this eprint is my own intellectual property and that I have the right to make it available in Organic Eprints in the manner chosen. For work being deposited by someone other than its first author: I declare that I have gained the proper permissions from someone with the right to make this eprint available in Organic Eprints in the manner chosen - or that the material is in the public domain. Clicking on the deposit button indicates your agreement to these terms."</dcds:literalValueString>
    </dcds:statement>
    <dcds:statement dcds:valueURI="http://purl.org/eprint/accessRights/OpenAccess" dcds:propertyURI="http://purl.org/dc/terms/accessRights" />
    <dcds:statement dcds:propertyURI="http://purl.org/dc/terms/date">
      <dcds:literalValueString dcds:sesURI="http://purl.org/dc/terms/W3CDTF">2012-05</dcds:literalValueString>
    </dcds:statement>
    <dcds:statement dcds:propertyURI="http://voa3r.eu/terms/hasMetametadata" dcds:valueRef="metametadata" />
  </dcds:description>
  <dcds:description dcds:resourceId="creator1">
    <dcds:statement dcds:valueURI="http://xmlns.com/foaf/0.1/Agent" dcds:propertyURI="http://www.w3.org/1999/02/22-rdf-syntax-ns#type" />
    <dcds:statement dcds:valueURI="http://xmlns.com/foaf/0.1/Person" dcds:propertyURI="http://purl.org/dc/terms/type" />
    <dcds:statement dcds:propertyURI="http://xmlns.com/foaf/0.1/givenName">
      <dcds:literalValueString>Lusa Mol Senna</dcds:literalValueString>
    </dcds:statement>
    <dcds:statement dcds:propertyURI="http://xmlns.com/foaf/0.1/firstName">
      <dcds:literalValueString>Lusa Mol Senna</dcds:literalValueString>
    </dcds:statement>
    <dcds:statement dcds:propertyURI="http://xmlns.com/foaf/0.1/familyName">
      <dcds:literalValueString>Andrade</dcds:literalValueString>
    </dcds:statement>
    <dcds:statement dcds:propertyURI="http://xmlns.com/foaf/0.1/lastName">
      <dcds:literalValueString>Andrade</dcds:literalValueString>
    </dcds:statement>
    <dcds:statement dcds:valueURI="mailto:luisamlandrade@gmail.com" dcds:propertyURI="http://xmlns.com/foaf/0.1/mbox" />
  </dcds:description>
  <dcds:description dcds:resourceId="creator2">
    <dcds:statement dcds:valueURI="http://xmlns.com/foaf/0.1/Agent" dcds:propertyURI="http://www.w3.org/1999/02/22-rdf-syntax-ns#type" />
    <dcds:statement dcds:valueURI="http://xmlns.com/foaf/0.1/Person" dcds:propertyURI="http://purl.org/dc/terms/type" />
    <dcds:statement dcds:propertyURI="http://xmlns.com/foaf/0.1/givenName">
      <dcds:literalValueString>Michele Corra</dcds:literalValueString>
    </dcds:statement>
    <dcds:statement dcds:propertyURI="http://xmlns.com/foaf/0.1/firstName">
      <dcds:literalValueString>Michele Corra</dcds:literalValueString>
    </dcds:statement>
    <dcds:statement dcds:propertyURI="http://xmlns.com/foaf/0.1/familyName">
      <dcds:literalValueString>Bertoldi</dcds:literalValueString>
    </dcds:statement>
    <dcds:statement dcds:propertyURI="http://xmlns.com/foaf/0.1/lastName">
      <dcds:literalValueString>Bertoldi</dcds:literalValueString>
    </dcds:statement>
    <dcds:statement dcds:valueURI="mailto:mibertoldi@yahoo.com.br" dcds:propertyURI="http://xmlns.com/foaf/0.1/mbox" />
  </dcds:description>
  <dcds:description dcds:resourceId="metametadata">
    <dcds:statement dcds:valueURI="http://voa3r.eu/class/MetaMetadata" dcds:propertyURI="http://www.w3.org/1999/02/22-rdf-syntax-ns#type" />
    <dcds:statement dcds:propertyURI="http://purl.org/dc/terms/identifier">
      <dcds:valueString>oai:orgprints.org:29025</dcds:valueString>
    </dcds:statement>
    <dcds:statement dcds:propertyURI="http://purl.org/dc/terms/type">
      <dcds:literalValueString>voa3r_dcds v1.0</dcds:literalValueString>
    </dcds:statement>
    <dcds:statement dcds:propertyURI="http://purl.org/dc/terms/date">
      <dcds:literalValueString dcds:sesURI="http://purl.org/dc/terms/W3CDTF">2015-09-08</dcds:literalValueString>
    </dcds:statement>
    <dcds:statement dcds:propertyURI="http://purl.org/dc/terms/contributor" dcds:valueRef="metacontributor" />
  </dcds:description>
  <dcds:description dcds:resourceId="metacontributor">
    <dcds:statement dcds:valueURI="http://xmlns.com/foaf/0.1/Agent" dcds:propertyURI="http://www.w3.org/1999/02/22-rdf-syntax-ns#type" />
    <dcds:statement dcds:valueURI="http://xmlns.com/foaf/0.1/Organization" dcds:propertyURI="http://purl.org/dc/terms/type" />
    <dcds:statement dcds:propertyURI="http://xmlns.com/foaf/0.1/name">
      <dcds:literalValueString xml:lang="en">Organic eprints</dcds:literalValueString>
    </dcds:statement>
    <dcds:statement dcds:valueURI="mailto:eprints@orgprints.org" dcds:propertyURI="http://xmlns.com/foaf/0.1/mbox" />
  </dcds:description>
</dcds:descriptionSet>