<dcds:descriptionSet xmlns:dcds="http://purl.org/dc/xmlns/2008/09/01/dc-ds-xml/" xmlns:xsi="http://www.w3.org/2001/XMLSchema-instance" xsi:schemaLocation="http://purl.org/dc/xmlns/2008/09/01/dc-ds-xml/ http://dublincore.org/schemas/xmls/2008/09/01/dc-ds-xml/dcds.xsd">
  <dcds:description dcds:resourceURI="http://orgprints.org/id/eprint/17942">
    <dcds:statement dcds:valueURI="http://voa3r.eu/class/Resource" dcds:propertyURI="http://www.w3.org/1999/02/22-rdf-syntax-ns#type" />
    <dcds:statement dcds:propertyURI="http://purl.org/dc/terms/title">
      <dcds:literalValueString xml:lang="en">Development of criteria and procedures for the evaluation of the European Action Plan for Organic Agriculture</dcds:literalValueString>
    </dcds:statement>
    <dcds:statement dcds:propertyURI="http://purl.org/dc/terms/language" dcds:vesURI="http://purl.org/dc/terms/RFC5646">
      <dcds:valueString>en</dcds:valueString>
    </dcds:statement>
    <dcds:statement dcds:propertyURI="http://purl.org/dc/terms/abstract">
      <dcds:literalValueString xml:lang="en">This final report provides a synthesis of the results of the EU-funded ORGAP project, with the title “European Action Plan of Organic Food and Farming - Development of criteria and procedures for the evaluation of the EU Action Plan for Organic Agriculture”. This project started in May 2005 and was completed in April 2008. The overall objective of this project was to give scientific support to the implementation of the EU Organic Action Plan (EUOAP) by the development of an evaluation toolbox. In the project 10 partners from 9 countries (CH, UK, DE, IT, DK, SI, CZ, NL, ES) participated, as well as the European umbrella organisation of the Organic Agricultural Movements (IFOAM EU Regional group), ensuring a broad stakeholder consultation process and dissemination all over Europe.&#xD;
Chapter 1 describes the background and the objectives, structure and the outcome of the ORGAP Project. It shows that since the late 1980s, organic farming development in the European Union (EU) has been stimulated mainly by two factors, one related to strong consumer demand, supported by the EU regulation defining organic food, and the other to policy support for the provision of public goods. Responding to concerns that area payments as ‘supply-push’ measures can impact negatively on the markets for organic products, policy-makers have started to take a more integrated approach to policy using the ‘action plan’ mechanism.&#xD;
Action plans can be found in most EU member states. At national level, action plans provide a mechanism to ensure a balanced policy mix, reflecting different aims and the various supply-push and demand-pull policy instruments available, tailored to local conditions.&#xD;
In 2004 the European Commission launched the European Action Plan for Organic Food and Farming. The plan contained 21 action points, which relate to the following areas:&#xD;
• Consumer information and promotion campaigns;&#xD;
• Improved research, market intelligence and statistical data collection;&#xD;
• Full utilisation of the rural development programme and other existing options to support organic farming;&#xD;
• Improving the transparency, scope and implementation of the regulation defining organic farming&#xD;
In the meantime, the European Commission has started to implemented most of the actions.&#xD;
In chapter 2 a brief history about organic action plan development is given, in particular about the European as well as national organic action plan for organic food and farming.&#xD;
The European Action Plan for Organic Food and Farming (EC 2004) is the result of a three-year process of developing the Action Plan, starting in 2001. This process led to: a Commission staff paper exploring the options for an action plan in 2001; the establishment of an independent expert working group in 2002, a public internet consultation on specific options in February 2003; a European Parliament hearing on the action plan options in June 2003; and a public hearing on the action plan options in January 2004. In June 2004 the action plan was decided by the EU Council in June 2004, following significant internal debate within the Commission and the EU Parliament.&#xD;
The involvement of stakeholders in the development of the EUOAP was mainly in the explorative phases involving identification of organic sector development needs and possible solution &#xD;
phase. The actual action plan was prepared after the public hearing in January 2004, so that stakeholders were not able to comment on the action plan document or the balance of individual actual action points.&#xD;
During the subsequent implementation phase, primary responsibility also rests with the EU Commission, with input from the EU Council, EU Parliament and member-state government representatives, with only limited input from other stakeholder groups.&#xD;
The European Commission has started to implement the actions of the European Organic Action Plan, many of which have been achieved or are at an advanced stage of completion. The most significant initiatives are the publication of the new Council regulation (EC) 834/2004 on organic production and labelling of organic products and the consumer information campaign.&#xD;
The development of national organic action plans started in Europe in 1995 when Denmark introduced its first organic action plan. Denmark thus acted as a forerunner and pioneer in this field. Nowadays, most EU Member States have organic action plans for organic food and farming. Of those that don’t, some have plans in preparation.&#xD;
Under the framework of the ORGAP Project, six national (CZ, DK, DE, IT, NL, SI) and two regional (Andalucia (AND), England (ENG) action plans for organic food and farming were com-pared. As a consequence of the very different situation in the eight case-study countries, the action plans studied vary in their scope. The English and the Dutch action plans represent market-driven and demand-led approaches with a clear focus on market development measures. The German Federal Organic Farming Scheme on the other hand puts a distinct emphasis on informational policy instruments to strengthen the organic sector through consumer information as well as through research and development. Finally, the Andalusian, Czech, Danish, Italian and the Slovenian action plans represent quite broad approaches integrating a broad portfolio of measures targeted to supply and market development as well as to information and research.&#xD;
Apart from the Andalusian Action Plan, all other action plans studied include quantitative tar-gets. Most typically targets for organic adoption are set (CZ, DK, NL, SI and DE). However, the Dutch and Slovenian action plans include a combination of targets addressing the share of nationally produced organic products, the domestic organic market share in general, organic sales per capita and the development of tourist farms. The English action plan target was defined in terms of the proportion of the organic market for indigenous products supplied by domestic producers.&#xD;
To conclude, the case study action plans vary with regard to the development process, targets, objectives and the emphasis of measures on certain areas. This is due to quite different political and socio-economic framework conditions for organic farming in these countries. The comparison revealed that the weaknesses identified in the status quo analyses have only partly been translated to the targets and measures included in the action plan documents. This is on the one side a result of the national priority and budget setting and on the other side on the interdependency between EU policies and national policies. However, as all action plans were developed together with stakeholders, the composition of the stakeholder groups and the power of the initiating actor are crucial to the target and priority setting.&#xD;
In chapter 3 the authors write about organic action plans – what we know and do not know. This includes success factors, stakeholder involvement, coherence and consistency issues and the how to evaluate organic action plans with ORGAPET.&#xD;
What makes a successful action plan? This question is much more difficult to answer than it looks at first sight. Many other economic, social and policy developments influence the organic sector and often instances occur which have not been foreseen when a certain action plan was devised. Because of this a simple measurement of the state of a specific objective might be too simplistic. Under certain circumstances an organic action plan could already be regarded as a success if the measures contribute substantially to a development in the right direction. The point of reference would be here: What would have happened if the organic action plan would have not been in place?&#xD;
The second point to keep in mind in judging the success of an organic action plan is to be aware of the fact that such action plans are often not complete in a sense that they fully include all political measures directly relevant for organic farming. In such cases it is important to keep in mind and to analyse the broader policy and market environment relevant to organic farming in order to judge success of the action plan.&#xD;
Organic farming policies can of course only be successful if they are successfully implemented and need sufficient care and knowledge with respect to the often numerously legal conditions outside the specific organic farming area that influence implementation. It also means that a clear mission of implementation agencies and qualified and motivated personal involved are a key to successful organic policies and to successful organic action plans.&#xD;
Is the concept of an organic action plan an outdate concept? Some policy makers believe that it has been a fashion and its time is over. The authors of this report are convinced that any at-tempt to unify elements that influence organic farming and organic farming policies and to bring policies into an integrated, coherent framework will still be necessary and welcome in the future. Whether such attempts in the future will be called organic action plans is a different issue.&#xD;
Currently some key challenges include the question whether the general trend in agricultural prices has actually been reversed. If agricultural prices which tended to decrease in real terms throughout the 20th century are actually moving upwards due to factors such as increased demand for agricultural products, climate change and a possible slowdown of technological progress. Such general developments will also influence the development of organic farming and the development of suitable measures to support it. Some of the implications of a higher price level for conventional agriculture and a higher volatility of prices both in the conventional and organic markets might challenge the continuation of the traditional per hectare organic support policies. If climate change is actually perceived as the key challenge for decades to come then effects with respect to mitigate climate change of organic farming and with respect to the adaptive capacity of organic farming are quite important for any policy justification in support of organic farming. And finally, there is the productivity issue. If the actually demand for food stuff is increasing rapidly throughout the world then the obvious limitations of organic farming in this respect reported from industrial countries become more serious. In that context research and development supporting increasing productivity in organic farming might become much more important than in the past.&#xD;
It is clear that just looking at the originally envisaged targets and objectives might not be sufficient to judge whether or not an action plan has been successful. One key argument going be-yond clear targets and well balanced measures is that embedding action plan development in the wider policy area seems to be absolutely essential to be successful. However, there are a number of other issues to be dealt with which are also quite important prerequisites for successful organic action plans such as stakeholder involvement, coherence and consistency of action plans and an evaluation monitoring capacity.&#xD;
Stakeholder involvement may be understood and carried out in quite different ways including the provision of information, providing opportunities to comment on proposals, and empowering stakeholders to make their own choices.&#xD;
When preparing the toolbox aimed for evaluating the European Organic Action Plan in the OR-GAP project, attempts were made to involve both organic and mixed stakeholders in various steps in eight different national/regional settings and with different methods. These experiences form the background for recommending stakeholders with a purely organic and/or mixed portfolio to involve through group discussions in order to increase and optimize their analytical capacities and thereby their delivery of relevant information regarding the preconditions for implementing the EUOAP and for assessing its policy impacts. Parallel to this, relevant non-organic stake-holders could be involved on the basis of individual interviews or small group interviews.&#xD;
When deciding on which stakeholders to involve in any stage it is thus necessary to identify all stakeholders considered relevant to the issue and to clarify for each of them which perspective they represent in first priority. Therefore a general model for analysing stakeholder involvement in public policy on organic food and farming has been developed in the project. It includes a distinction of expertise involved in the three main perspectives of organic action plans realised in Europe up to now: the specific values defining organic food and farming; the market perspective as organic food in most plans is expected to develop in response to consumer demand; and a political recognition of the public goods delivered as a consequence of performing organic farming practices. With regard to each of these three perspectives, it is possible to specify expertise of stakeholders acting in the core or periphery of the perspective and to distinguish expertise of purely organic stakeholders and other stakeholders with a mixed or even non-organic expertise relevant for the development of policies in support of organic food and farming.&#xD;
The degree to which participatory methods realise their potential contribution depends critically on how carefully they are used and in what context. There is no one set of techniques to be mechanically applied in all contexts for all participants, but a diverse range of possible techniques which need to be flexibly adapted to particular situations and needs.&#xD;
Stakeholder involvement helps improving the information basis and the legitimacy of public policies. This is especially important on complex issues such as organic action plans, which involves actors with stakes in issues as different as the values of organic food and farming, the food market and the public goods of organic food and farming at one and the same time.&#xD;
Successful stakeholder involvement thus demands: careful preparations of which stakeholders to include at any stage of the policy process and of the methods used to promote participation; sufficient time for the stakeholder to react; this means at least 8-12 weeks of time for allowing substantial and broad participation, in particular in the case of involvement of farmers organisations, and good communication and transparency in each of the five stages of the policy process. Although this results in higher costs and more resources for those administrating the process, the outcome of such a process will improve the legitimacy and acceptability of the decisions and will facilitate very much the implementation (e.g. through public private partnerships). Such a more participative, transparent and time-balanced process helps to avoid unnecessary discussions and misunderstandings, which at the end might be more effective and cost-efficient. Project Synthesis &#xD;
For an evaluation of the internal and external coherence of the EU Organic Action Plan (OAP), the ORGAP project team generally made use of empirical methods and techniques suggested for analysing the synergy of programmes as well as their cross-impacts.&#xD;
A policy analysis of key synergies (positive and negative) was performed by means of a matrix of cross impacts as specified in the MEANS framework (EC, 1999). Two separate matrices were constructed: to appraise the internal coherence between the various measures of the EU Organic Action Plan; and to appraise the external coherence between the EUOAP and some national organic action plans. Experts involved in this evaluation process (Evaluation team) identified any synergy which may exist between pairs of measures or categories of measures. The effects of synergies or conflicts have been rated with the help of 2 electronic consultation rounds. After validation of these ratings, the calculation of the “synthetic” coefficient of synergy was performed, in order to evaluate the overall level of synergy/conflict within the European Organic Action Plan. The analysis suggests that Actions 9 (ensure integrity) and 10 (harmonisation of standards) are essential for the success of the EUOAP, given their synergetic effects. They in addition enter into synergy with many other actions. Interesting is also Action 13 (risked based-inspections) with</dcds:literalValueString>
    </dcds:statement>
    <dcds:statement dcds:propertyURI="http://purl.org/dc/terms/bibliographicCitation" dcds:vesURI="http://www.openurl.info/registry/">
      <dcds:valueString dcds:sesURI="http://voa3r.eu/terms/EncodedSchema">BibTeX:@misc{orgprints17942,
           title = {Development of criteria and procedures for the evaluation of the European Action Plan for Organic Agriculture},
          author = {Otto Schmid and Nicolas Lampkin and Stephan Dabbert and Raffaele Zanoli and Johannes Michelsen and Victor Gonzalvez},
            year = {2008},
           pages = {250--253},
         journal = {Culitvate the future and Cultivating the future based on science},
        keywords = {Socio-economics, ORGAP, agripolicy, action plan, Sozio-{\"O}konomie, Politikfolgenabsch{\"a}tzung, Agrarpolitik},
             url = {http://orgprints.org/17942/},
        abstract = {This final report provides a synthesis of the results of the EU-funded ORGAP project, with the title ?European Action Plan of Organic Food and Farming - Development of criteria and procedures for the evaluation of the EU Action Plan for Organic Agriculture?. This project started in May 2005 and was completed in April 2008. The overall objective of this project was to give scientific support to the implementation of the EU Organic Action Plan (EUOAP) by the development of an evaluation toolbox. In the project 10 partners from 9 countries (CH, UK, DE, IT, DK, SI, CZ, NL, ES) participated, as well as the European umbrella organisation of the Organic Agricultural Movements (IFOAM EU Regional group), ensuring a broad stakeholder consultation process and dissemination all over Europe.&#xD;
Chapter 1 describes the background and the objectives, structure and the outcome of the ORGAP Project. It shows that since the late 1980s, organic farming development in the European Union (EU) has been stimulated mainly by two factors, one related to strong consumer demand, supported by the EU regulation defining organic food, and the other to policy support for the provision of public goods. Responding to concerns that area payments as ?supply-push? measures can impact negatively on the markets for organic products, policy-makers have started to take a more integrated approach to policy using the ?action plan? mechanism.&#xD;
Action plans can be found in most EU member states. At national level, action plans provide a mechanism to ensure a balanced policy mix, reflecting different aims and the various supply-push and demand-pull policy instruments available, tailored to local conditions.&#xD;
In 2004 the European Commission launched the European Action Plan for Organic Food and Farming. The plan contained 21 action points, which relate to the following areas:&#xD;
? Consumer information and promotion campaigns;&#xD;
? Improved research, market intelligence and statistical data collection;&#xD;
? Full utilisation of the rural development programme and other existing options to support organic farming;&#xD;
? Improving the transparency, scope and implementation of the regulation defining organic farming&#xD;
In the meantime, the European Commission has started to implemented most of the actions.&#xD;
In chapter 2 a brief history about organic action plan development is given, in particular about the European as well as national organic action plan for organic food and farming.&#xD;
The European Action Plan for Organic Food and Farming (EC 2004) is the result of a three-year process of developing the Action Plan, starting in 2001. This process led to: a Commission staff paper exploring the options for an action plan in 2001; the establishment of an independent expert working group in 2002, a public internet consultation on specific options in February 2003; a European Parliament hearing on the action plan options in June 2003; and a public hearing on the action plan options in January 2004. In June 2004 the action plan was decided by the EU Council in June 2004, following significant internal debate within the Commission and the EU Parliament.&#xD;
The involvement of stakeholders in the development of the EUOAP was mainly in the explorative phases involving identification of organic sector development needs and possible solution &#xD;
phase. The actual action plan was prepared after the public hearing in January 2004, so that stakeholders were not able to comment on the action plan document or the balance of individual actual action points.&#xD;
During the subsequent implementation phase, primary responsibility also rests with the EU Commission, with input from the EU Council, EU Parliament and member-state government representatives, with only limited input from other stakeholder groups.&#xD;
The European Commission has started to implement the actions of the European Organic Action Plan, many of which have been achieved or are at an advanced stage of completion. The most significant initiatives are the publication of the new Council regulation (EC) 834/2004 on organic production and labelling of organic products and the consumer information campaign.&#xD;
The development of national organic action plans started in Europe in 1995 when Denmark introduced its first organic action plan. Denmark thus acted as a forerunner and pioneer in this field. Nowadays, most EU Member States have organic action plans for organic food and farming. Of those that don?t, some have plans in preparation.&#xD;
Under the framework of the ORGAP Project, six national (CZ, DK, DE, IT, NL, SI) and two regional (Andalucia (AND), England (ENG) action plans for organic food and farming were com-pared. As a consequence of the very different situation in the eight case-study countries, the action plans studied vary in their scope. The English and the Dutch action plans represent market-driven and demand-led approaches with a clear focus on market development measures. The German Federal Organic Farming Scheme on the other hand puts a distinct emphasis on informational policy instruments to strengthen the organic sector through consumer information as well as through research and development. Finally, the Andalusian, Czech, Danish, Italian and the Slovenian action plans represent quite broad approaches integrating a broad portfolio of measures targeted to supply and market development as well as to information and research.&#xD;
Apart from the Andalusian Action Plan, all other action plans studied include quantitative tar-gets. Most typically targets for organic adoption are set (CZ, DK, NL, SI and DE). However, the Dutch and Slovenian action plans include a combination of targets addressing the share of nationally produced organic products, the domestic organic market share in general, organic sales per capita and the development of tourist farms. The English action plan target was defined in terms of the proportion of the organic market for indigenous products supplied by domestic producers.&#xD;
To conclude, the case study action plans vary with regard to the development process, targets, objectives and the emphasis of measures on certain areas. This is due to quite different political and socio-economic framework conditions for organic farming in these countries. The comparison revealed that the weaknesses identified in the status quo analyses have only partly been translated to the targets and measures included in the action plan documents. This is on the one side a result of the national priority and budget setting and on the other side on the interdependency between EU policies and national policies. However, as all action plans were developed together with stakeholders, the composition of the stakeholder groups and the power of the initiating actor are crucial to the target and priority setting.&#xD;
In chapter 3 the authors write about organic action plans ? what we know and do not know. This includes success factors, stakeholder involvement, coherence and consistency issues and the how to evaluate organic action plans with ORGAPET.&#xD;
What makes a successful action plan? This question is much more difficult to answer than it looks at first sight. Many other economic, social and policy developments influence the organic sector and often instances occur which have not been foreseen when a certain action plan was devised. Because of this a simple measurement of the state of a specific objective might be too simplistic. Under certain circumstances an organic action plan could already be regarded as a success if the measures contribute substantially to a development in the right direction. The point of reference would be here: What would have happened if the organic action plan would have not been in place?&#xD;
The second point to keep in mind in judging the success of an organic action plan is to be aware of the fact that such action plans are often not complete in a sense that they fully include all political measures directly relevant for organic farming. In such cases it is important to keep in mind and to analyse the broader policy and market environment relevant to organic farming in order to judge success of the action plan.&#xD;
Organic farming policies can of course only be successful if they are successfully implemented and need sufficient care and knowledge with respect to the often numerously legal conditions outside the specific organic farming area that influence implementation. It also means that a clear mission of implementation agencies and qualified and motivated personal involved are a key to successful organic policies and to successful organic action plans.&#xD;
Is the concept of an organic action plan an outdate concept? Some policy makers believe that it has been a fashion and its time is over. The authors of this report are convinced that any at-tempt to unify elements that influence organic farming and organic farming policies and to bring policies into an integrated, coherent framework will still be necessary and welcome in the future. Whether such attempts in the future will be called organic action plans is a different issue.&#xD;
Currently some key challenges include the question whether the general trend in agricultural prices has actually been reversed. If agricultural prices which tended to decrease in real terms throughout the 20th century are actually moving upwards due to factors such as increased demand for agricultural products, climate change and a possible slowdown of technological progress. Such general developments will also influence the development of organic farming and the development of suitable measures to support it. Some of the implications of a higher price level for conventional agriculture and a higher volatility of prices both in the conventional and organic markets might challenge the continuation of the traditional per hectare organic support policies. If climate change is actually perceived as the key challenge for decades to come then effects with respect to mitigate climate change of organic farming and with respect to the adaptive capacity of organic farming are quite important for any policy justification in support of organic farming. And finally, there is the productivity issue. If the actually demand for food stuff is increasing rapidly throughout the world then the obvious limitations of organic farming in this respect reported from industrial countries become more serious. In that context research and development supporting increasing productivity in organic farming might become much more important than in the past.&#xD;
It is clear that just looking at the originally envisaged targets and objectives might not be sufficient to judge whether or not an action plan has been successful. One key argument going be-yond clear targets and well balanced measures is that embedding action plan development in the wider policy area seems to be absolutely essential to be successful. However, there are a number of other issues to be dealt with which are also quite important prerequisites for successful organic action plans such as stakeholder involvement, coherence and consistency of action plans and an evaluation monitoring capacity.&#xD;
Stakeholder involvement may be understood and carried out in quite different ways including the provision of information, providing opportunities to comment on proposals, and empowering stakeholders to make their own choices.&#xD;
When preparing the toolbox aimed for evaluating the European Organic Action Plan in the OR-GAP project, attempts were made to involve both organic and mixed stakeholders in various steps in eight different national/regional settings and with different methods. These experiences form the background for recommending stakeholders with a purely organic and/or mixed portfolio to involve through group discussions in order to increase and optimize their analytical capacities and thereby their delivery of relevant information regarding the preconditions for implementing the EUOAP and for assessing its policy impacts. Parallel to this, relevant non-organic stake-holders could be involved on the basis of individual interviews or small group interviews.&#xD;
When deciding on which stakeholders to involve in any stage it is thus necessary to identify all stakeholders considered relevant to the issue and to clarify for each of them which perspective they represent in first priority. Therefore a general model for analysing stakeholder involvement in public policy on organic food and farming has been developed in the project. It includes a distinction of expertise involved in the three main perspectives of organic action plans realised in Europe up to now: the specific values defining organic food and farming; the market perspective as organic food in most plans is expected to develop in response to consumer demand; and a political recognition of the public goods delivered as a consequence of performing organic farming practices. With regard to each of these three perspectives, it is possible to specify expertise of stakeholders acting in the core or periphery of the perspective and to distinguish expertise of purely organic stakeholders and other stakeholders with a mixed or even non-organic expertise relevant for the development of policies in support of organic food and farming.&#xD;
The degree to which participatory methods realise their potential contribution depends critically on how carefully they are used and in what context. There is no one set of techniques to be mechanically applied in all contexts for all participants, but a diverse range of possible techniques which need to be flexibly adapted to particular situations and needs.&#xD;
Stakeholder involvement helps improving the information basis and the legitimacy of public policies. This is especially important on complex issues such as organic action plans, which involves actors with stakes in issues as different as the values of organic food and farming, the food market and the public goods of organic food and farming at one and the same time.&#xD;
Successful stakeholder involvement thus demands: careful preparations of which stakeholders to include at any stage of the policy process and of the methods used to promote participation; sufficient time for the stakeholder to react; this means at least 8-12 weeks of time for allowing substantial and broad participation, in particular in the case of involvement of farmers organisations, and good communication and transparency in each of the five stages of the policy process. Although this results in higher costs and more resources for those administrating the process, the outcome of such a process will improve the legitimacy and acceptability of the decisions and will facilitate very much the implementation (e.g. through public private partnerships). Such a more participative, transparent and time-balanced process helps to avoid unnecessary discussions and misunderstandings, which at the end might be more effective and cost-efficient. Project Synthesis &#xD;
For an evaluation of the internal and external coherence of the EU Organic Action Plan (OAP), the ORGAP project team generally made use of empirical methods and techniques suggested for analysing the synergy of programmes as well as their cross-impacts.&#xD;
A policy analysis of key synergies (positive and negative) was performed by means of a matrix of cross impacts as specified in the MEANS framework (EC, 1999). Two separate matrices were constructed: to appraise the internal coherence between the various measures of the EU Organic Action Plan; and to appraise the external coherence between the EUOAP and some national organic action plans. Experts involved in this evaluation process (Evaluation team) identified any synergy which may exist between pairs of measures or categories of measures. The effects of synergies or conflicts have been rated with the help of 2 electronic consultation rounds. After validation of these ratings, the calculation of the ?synthetic? coefficient of synergy was performed, in order to evaluate the overall level of synergy/conflict within the European Organic Action Plan. The analysis suggests that Actions 9 (ensure integrity) and 10 (harmonisation of standards) are essential for the success of the EUOAP, given their synergetic effects. They in addition enter into synergy with many other actions. Interesting is also Action 13 (risked based-inspections) with}
}</dcds:valueString>
    </dcds:statement>
    <dcds:statement dcds:propertyURI="http://purl.org/dc/terms/type" dcds:vesURI="http://voa3r.eu/terms/ResourceType">
      <dcds:valueString>Research Report</dcds:valueString>
    </dcds:statement>
    <dcds:statement dcds:propertyURI="http://voa3r.eu/terms/reviewStatus" dcds:vesURI="http://voa3r.eu/terms/ReviewStatus">
      <dcds:valueString>Peer Reviewed</dcds:valueString>
    </dcds:statement>
    <dcds:statement dcds:propertyURI="http://voa3r.eu/terms/publicationStatus" dcds:vesURI="http://voa3r.eu/terms/PublicationStatus">
      <dcds:valueString>Published</dcds:valueString>
    </dcds:statement>
    <dcds:statement dcds:propertyURI="http://purl.org/dc/terms/creator" dcds:valueRef="creator1" />
    <dcds:statement dcds:propertyURI="http://purl.org/dc/terms/creator" dcds:valueRef="creator2" />
    <dcds:statement dcds:propertyURI="http://purl.org/dc/terms/creator" dcds:valueRef="creator3" />
    <dcds:statement dcds:propertyURI="http://purl.org/dc/terms/creator" dcds:valueRef="creator4" />
    <dcds:statement dcds:propertyURI="http://purl.org/dc/terms/creator" dcds:valueRef="creator5" />
    <dcds:statement dcds:propertyURI="http://purl.org/dc/terms/creator" dcds:valueRef="creator6" />
    <dcds:statement dcds:propertyURI="http://purl.org/dc/terms/subject">
      <dcds:valueString xml:lang="en">Policy environments and social economy</dcds:valueString>
    </dcds:statement>
    <dcds:statement dcds:propertyURI="http://purl.org/dc/terms/subject">
      <dcds:valueString xml:lang="en">Europe</dcds:valueString>
    </dcds:statement>
    <dcds:statement dcds:valueURI="http://orgprints.org/17942/" dcds:propertyURI="http://www.europeana.eu/schemas/ese/isShownAt" />
    <dcds:statement dcds:valueURI="http://orgprints.org/17942/1/schmid-etal-2008-organic-action-plan.pdf" dcds:propertyURI="http://www.europeana.eu/schemas/ese/isShownBy" />
    <dcds:statement dcds:propertyURI="http://purl.org/dc/terms/rights">
      <dcds:literalValueString xml:lang="en">ICROFS rights: All of the entries, statements, results etc. contained in the Organic Eprints archive have been compiled by the authors according to their best knowledge and the metadata have been scrupulously checked by the International Centre for Research in Organic Food Systems (ICROFS) and the Research Institute of Organic Agriculture (FiBL). All depositors of eprints have agreed with the Deposit Agreement below. However, the possibility of mistakes can not be ruled out entirely. Therefore, the responsible partners behind Organic Eprints, the archive staff and the depositors are not subject to any obligation and make no guarantees whatsoever regarding any of the statements etc. on this website; neither do they accept responsibility or liability for any possible mistakes contained therein. The links to other websites on the Organic Eprints pages are for informational purposes only. ICROFS, FiBL and the depositors are not responsible for the availability or content of these sites. In addition, providing links to these sites should not be interpreted as endorsement or approval by ICROFS or FiBL.
Deposit Agreement
When depositing an eprint the depositors consents with the following agreement: "In depositing this eprint (a collection of files and associated metadata), I grant Organic Eprints the right to make it permanently available on-line, with open access to all or in accordance with any access restrictions that I have specified. I understand that Organic Eprints does not assume any responsibility if there is any breach of copyright in distributing these files or metadata. For work being deposited by its own first author: I declare that this eprint is my own intellectual property and that I have the right to make it available in Organic Eprints in the manner chosen. For work being deposited by someone other than its first author: I declare that I have gained the proper permissions from someone with the right to make this eprint available in Organic Eprints in the manner chosen - or that the material is in the public domain. Clicking on the deposit button indicates your agreement to these terms."</dcds:literalValueString>
    </dcds:statement>
    <dcds:statement dcds:valueURI="http://purl.org/eprint/accessRights/OpenAccess" dcds:propertyURI="http://purl.org/dc/terms/accessRights" />
    <dcds:statement dcds:propertyURI="http://purl.org/dc/terms/date">
      <dcds:literalValueString dcds:sesURI="http://purl.org/dc/terms/W3CDTF">2008</dcds:literalValueString>
    </dcds:statement>
    <dcds:statement dcds:propertyURI="http://voa3r.eu/terms/hasMetametadata" dcds:valueRef="metametadata" />
  </dcds:description>
  <dcds:description dcds:resourceId="creator1">
    <dcds:statement dcds:valueURI="http://xmlns.com/foaf/0.1/Agent" dcds:propertyURI="http://www.w3.org/1999/02/22-rdf-syntax-ns#type" />
    <dcds:statement dcds:valueURI="http://xmlns.com/foaf/0.1/Person" dcds:propertyURI="http://purl.org/dc/terms/type" />
    <dcds:statement dcds:propertyURI="http://xmlns.com/foaf/0.1/givenName">
      <dcds:literalValueString>Otto</dcds:literalValueString>
    </dcds:statement>
    <dcds:statement dcds:propertyURI="http://xmlns.com/foaf/0.1/firstName">
      <dcds:literalValueString>Otto</dcds:literalValueString>
    </dcds:statement>
    <dcds:statement dcds:propertyURI="http://xmlns.com/foaf/0.1/familyName">
      <dcds:literalValueString>Schmid</dcds:literalValueString>
    </dcds:statement>
    <dcds:statement dcds:propertyURI="http://xmlns.com/foaf/0.1/lastName">
      <dcds:literalValueString>Schmid</dcds:literalValueString>
    </dcds:statement>
  </dcds:description>
  <dcds:description dcds:resourceId="creator2">
    <dcds:statement dcds:valueURI="http://xmlns.com/foaf/0.1/Agent" dcds:propertyURI="http://www.w3.org/1999/02/22-rdf-syntax-ns#type" />
    <dcds:statement dcds:valueURI="http://xmlns.com/foaf/0.1/Person" dcds:propertyURI="http://purl.org/dc/terms/type" />
    <dcds:statement dcds:propertyURI="http://xmlns.com/foaf/0.1/givenName">
      <dcds:literalValueString>Nicolas</dcds:literalValueString>
    </dcds:statement>
    <dcds:statement dcds:propertyURI="http://xmlns.com/foaf/0.1/firstName">
      <dcds:literalValueString>Nicolas</dcds:literalValueString>
    </dcds:statement>
    <dcds:statement dcds:propertyURI="http://xmlns.com/foaf/0.1/familyName">
      <dcds:literalValueString>Lampkin</dcds:literalValueString>
    </dcds:statement>
    <dcds:statement dcds:propertyURI="http://xmlns.com/foaf/0.1/lastName">
      <dcds:literalValueString>Lampkin</dcds:literalValueString>
    </dcds:statement>
  </dcds:description>
  <dcds:description dcds:resourceId="creator3">
    <dcds:statement dcds:valueURI="http://xmlns.com/foaf/0.1/Agent" dcds:propertyURI="http://www.w3.org/1999/02/22-rdf-syntax-ns#type" />
    <dcds:statement dcds:valueURI="http://xmlns.com/foaf/0.1/Person" dcds:propertyURI="http://purl.org/dc/terms/type" />
    <dcds:statement dcds:propertyURI="http://xmlns.com/foaf/0.1/givenName">
      <dcds:literalValueString>Stephan</dcds:literalValueString>
    </dcds:statement>
    <dcds:statement dcds:propertyURI="http://xmlns.com/foaf/0.1/firstName">
      <dcds:literalValueString>Stephan</dcds:literalValueString>
    </dcds:statement>
    <dcds:statement dcds:propertyURI="http://xmlns.com/foaf/0.1/familyName">
      <dcds:literalValueString>Dabbert</dcds:literalValueString>
    </dcds:statement>
    <dcds:statement dcds:propertyURI="http://xmlns.com/foaf/0.1/lastName">
      <dcds:literalValueString>Dabbert</dcds:literalValueString>
    </dcds:statement>
  </dcds:description>
  <dcds:description dcds:resourceId="creator4">
    <dcds:statement dcds:valueURI="http://xmlns.com/foaf/0.1/Agent" dcds:propertyURI="http://www.w3.org/1999/02/22-rdf-syntax-ns#type" />
    <dcds:statement dcds:valueURI="http://xmlns.com/foaf/0.1/Person" dcds:propertyURI="http://purl.org/dc/terms/type" />
    <dcds:statement dcds:propertyURI="http://xmlns.com/foaf/0.1/givenName">
      <dcds:literalValueString>Raffaele</dcds:literalValueString>
    </dcds:statement>
    <dcds:statement dcds:propertyURI="http://xmlns.com/foaf/0.1/firstName">
      <dcds:literalValueString>Raffaele</dcds:literalValueString>
    </dcds:statement>
    <dcds:statement dcds:propertyURI="http://xmlns.com/foaf/0.1/familyName">
      <dcds:literalValueString>Zanoli</dcds:literalValueString>
    </dcds:statement>
    <dcds:statement dcds:propertyURI="http://xmlns.com/foaf/0.1/lastName">
      <dcds:literalValueString>Zanoli</dcds:literalValueString>
    </dcds:statement>
  </dcds:description>
  <dcds:description dcds:resourceId="creator5">
    <dcds:statement dcds:valueURI="http://xmlns.com/foaf/0.1/Agent" dcds:propertyURI="http://www.w3.org/1999/02/22-rdf-syntax-ns#type" />
    <dcds:statement dcds:valueURI="http://xmlns.com/foaf/0.1/Person" dcds:propertyURI="http://purl.org/dc/terms/type" />
    <dcds:statement dcds:propertyURI="http://xmlns.com/foaf/0.1/givenName">
      <dcds:literalValueString>Johannes</dcds:literalValueString>
    </dcds:statement>
    <dcds:statement dcds:propertyURI="http://xmlns.com/foaf/0.1/firstName">
      <dcds:literalValueString>Johannes</dcds:literalValueString>
    </dcds:statement>
    <dcds:statement dcds:propertyURI="http://xmlns.com/foaf/0.1/familyName">
      <dcds:literalValueString>Michelsen</dcds:literalValueString>
    </dcds:statement>
    <dcds:statement dcds:propertyURI="http://xmlns.com/foaf/0.1/lastName">
      <dcds:literalValueString>Michelsen</dcds:literalValueString>
    </dcds:statement>
  </dcds:description>
  <dcds:description dcds:resourceId="creator6">
    <dcds:statement dcds:valueURI="http://xmlns.com/foaf/0.1/Agent" dcds:propertyURI="http://www.w3.org/1999/02/22-rdf-syntax-ns#type" />
    <dcds:statement dcds:valueURI="http://xmlns.com/foaf/0.1/Person" dcds:propertyURI="http://purl.org/dc/terms/type" />
    <dcds:statement dcds:propertyURI="http://xmlns.com/foaf/0.1/givenName">
      <dcds:literalValueString>Victor</dcds:literalValueString>
    </dcds:statement>
    <dcds:statement dcds:propertyURI="http://xmlns.com/foaf/0.1/firstName">
      <dcds:literalValueString>Victor</dcds:literalValueString>
    </dcds:statement>
    <dcds:statement dcds:propertyURI="http://xmlns.com/foaf/0.1/familyName">
      <dcds:literalValueString>Gonzalvez</dcds:literalValueString>
    </dcds:statement>
    <dcds:statement dcds:propertyURI="http://xmlns.com/foaf/0.1/lastName">
      <dcds:literalValueString>Gonzalvez</dcds:literalValueString>
    </dcds:statement>
  </dcds:description>
  <dcds:description dcds:resourceId="metametadata">
    <dcds:statement dcds:valueURI="http://voa3r.eu/class/MetaMetadata" dcds:propertyURI="http://www.w3.org/1999/02/22-rdf-syntax-ns#type" />
    <dcds:statement dcds:propertyURI="http://purl.org/dc/terms/identifier">
      <dcds:valueString>oai:orgprints.org:17942</dcds:valueString>
    </dcds:statement>
    <dcds:statement dcds:propertyURI="http://purl.org/dc/terms/type">
      <dcds:literalValueString>voa3r_dcds v1.0</dcds:literalValueString>
    </dcds:statement>
    <dcds:statement dcds:propertyURI="http://purl.org/dc/terms/date">
      <dcds:literalValueString dcds:sesURI="http://purl.org/dc/terms/W3CDTF">2015-09-08</dcds:literalValueString>
    </dcds:statement>
    <dcds:statement dcds:propertyURI="http://purl.org/dc/terms/contributor" dcds:valueRef="metacontributor" />
  </dcds:description>
  <dcds:description dcds:resourceId="metacontributor">
    <dcds:statement dcds:valueURI="http://xmlns.com/foaf/0.1/Agent" dcds:propertyURI="http://www.w3.org/1999/02/22-rdf-syntax-ns#type" />
    <dcds:statement dcds:valueURI="http://xmlns.com/foaf/0.1/Organization" dcds:propertyURI="http://purl.org/dc/terms/type" />
    <dcds:statement dcds:propertyURI="http://xmlns.com/foaf/0.1/name">
      <dcds:literalValueString xml:lang="en">Organic eprints</dcds:literalValueString>
    </dcds:statement>
    <dcds:statement dcds:valueURI="mailto:eprints@orgprints.org" dcds:propertyURI="http://xmlns.com/foaf/0.1/mbox" />
  </dcds:description>
</dcds:descriptionSet>