<dcds:descriptionSet xmlns:dcds="http://purl.org/dc/xmlns/2008/09/01/dc-ds-xml/" xmlns:xsi="http://www.w3.org/2001/XMLSchema-instance" xsi:schemaLocation="http://purl.org/dc/xmlns/2008/09/01/dc-ds-xml/ http://dublincore.org/schemas/xmls/2008/09/01/dc-ds-xml/dcds.xsd">
  <dcds:description dcds:resourceURI="http://orgprints.org/id/eprint/365">
    <dcds:statement dcds:valueURI="http://voa3r.eu/class/Resource" dcds:propertyURI="http://www.w3.org/1999/02/22-rdf-syntax-ns#type" />
    <dcds:statement dcds:propertyURI="http://purl.org/dc/terms/title">
      <dcds:literalValueString xml:lang="da">Sommeren står for døren i sædskifteforsøget</dcds:literalValueString>
    </dcds:statement>
    <dcds:statement dcds:propertyURI="http://purl.org/dc/terms/language" dcds:vesURI="http://purl.org/dc/terms/RFC5646">
      <dcds:valueString>da</dcds:valueString>
    </dcds:statement>
    <dcds:statement dcds:propertyURI="http://purl.org/dc/terms/abstract">
      <dcds:literalValueString xml:lang="da">Alle afgrøder og udlæg er nu sået, gødningen er givet og ukrudtsbekæmpelsen er overstået i de fleste afgrøder. For mange af afgrøderne er der nu kun at vente på en god sommer med nedbør på de rette tidspunkter.&#xD;
	Sidst i maj kom der endelig regn oven på en ellers meget tør måned. Det var noget, som især udlægget og vintersæden trængte til. Der er allerede vandet flere gange i vintersæden på sandjorden på Jyndevad.&#xD;
&#xD;
Kløvergræsmarker&#xD;
	Kløvergræsset er kvælstof-motoren i flere af sædskifterne i forsøget. En god kløverbestand er derfor afgørende for et godt produktionsresultat. Virkningerne af gødskning begynder nu for alvor at slå igennem på kløvergræsset, men effekten varierer meget mellem forsøgsstederne. Det skal understreges, at der ikke gødes i kløvergræsset, så det er effekter af gødning i de foregående år.&#xD;
	På Jyndevad lider ugødede parceller af kaliummangel. Sidste år blev der tilført kaliumgødning i disse parceller, men vi undlod kaliumgødskning i en af underparcellerne. Her er der næsten intet kløver tilbage, og de overlevende kløverplanter har alle typiske symptomer på kaliummangel. Græs og kornafgrøder reagerer ikke helt så kraftigt på kaliummangel.&#xD;
	På Foulum og Holeby er der mangel på kløver i de gødede parceller. Det samme har vi set i de foregående år. Det skyldes, at kløveren hæmmes af konkurrence af den gødede dæksæd. Kløveren kan dog nå at brede sig i løbet af sommeren, hvis kløvergræsset afslås tilpas ofte. Sidste år blev kløvergræsset kun afslået to gange, og det var ikke tilstrækkeligt. I år vil vi prøve med tre gange.&#xD;
	På Flakkebjerg er der den meget pæn bestand af kløver i alle parceller med kløvergræs, men græsset står mest kraftigt i de parceller, der tidligere er blevet gødet. Det skyldes næppe etableringen af kløveren, men måske snarere eftervirkninger af kvælstofgødning fra forudgående år.&#xD;
&#xD;
Rodukrudt&#xD;
	Rodukrudtet i form af tidsler og kvik forekommer nu på både alle forsøgssteder. Dog i varierende mængder. På Jyndevad er kvik det største problem. Her vil vi igen i år bekæmpe kvikken i kløvergræsmarken. Efter det første eller andet slæt foretages en skælpløjning, og kvikken bekæmpes ved gentagne harvninger. Der sluttes af med en dyb pløjning, hvorefter der sås en hurtigtvoksende efterafgrøde eller vintersæden sås tidligt.&#xD;
	Sidste år viste denne metode sig vanskeligere end vi troede. Det skyldes især, at vejret gav gode betingelser for genvækst af kvikken. Det var vanskeligt at udsulte kvikken og næsten umuligt at udtørre den. Effekten blev dog ganske god, og vi har endnu ikke set kvik i disse parceller i år. Vi håber på endnu bedre resultater i år.</dcds:literalValueString>
    </dcds:statement>
    <dcds:statement dcds:propertyURI="http://purl.org/dc/terms/bibliographicCitation" dcds:vesURI="http://www.openurl.info/registry/">
      <dcds:valueString dcds:sesURI="http://voa3r.eu/terms/EncodedSchema">BibTeX:@misc{orgprints365,
          volume = {243},
           month = {June},
          author = {J{\o}rgen E. Olesen},
           title = {Sommeren st{\ra}r for d{\o}ren i s{\ae}dskiftefors{\o}get},
       publisher = {{\O}kologisk Landsforening},
         journal = {{\O}kologisk Jordbrug},
           pages = {8},
            year = {2000},
             url = {http://orgprints.org/365/},
        abstract = {Alle afgr{\o}der og udl{\ae}g er nu s{\ra}et, g{\o}dningen er givet og ukrudtsbek{\ae}mpelsen er overst{\ra}et i de fleste afgr{\o}der. For mange af afgr{\o}derne er der nu kun at vente p{\ra} en god sommer med nedb{\o}r p{\ra} de rette tidspunkter.&#xD;
	Sidst i maj kom der endelig regn oven p{\ra} en ellers meget t{\o}r m{\ra}ned. Det var noget, som is{\ae}r udl{\ae}gget og vinters{\ae}den tr{\ae}ngte til. Der er allerede vandet flere gange i vinters{\ae}den p{\ra} sandjorden p{\ra} Jyndevad.&#xD;
&#xD;
Kl{\o}vergr{\ae}smarker&#xD;
	Kl{\o}vergr{\ae}sset er kv{\ae}lstof-motoren i flere af s{\ae}dskifterne i fors{\o}get. En god kl{\o}verbestand er derfor afg{\o}rende for et godt produktionsresultat. Virkningerne af g{\o}dskning begynder nu for alvor at sl{\ra} igennem p{\ra} kl{\o}vergr{\ae}sset, men effekten varierer meget mellem fors{\o}gsstederne. Det skal understreges, at der ikke g{\o}des i kl{\o}vergr{\ae}sset, s{\ra} det er effekter af g{\o}dning i de foreg{\ra}ende {\ra}r.&#xD;
	P{\ra} Jyndevad lider ug{\o}dede parceller af kaliummangel. Sidste {\ra}r blev der tilf{\o}rt kaliumg{\o}dning i disse parceller, men vi undlod kaliumg{\o}dskning i en af underparcellerne. Her er der n{\ae}sten intet kl{\o}ver tilbage, og de overlevende kl{\o}verplanter har alle typiske symptomer p{\ra} kaliummangel. Gr{\ae}s og kornafgr{\o}der reagerer ikke helt s{\ra} kraftigt p{\ra} kaliummangel.&#xD;
	P{\ra} Foulum og Holeby er der mangel p{\ra} kl{\o}ver i de g{\o}dede parceller. Det samme har vi set i de foreg{\ra}ende {\ra}r. Det skyldes, at kl{\o}veren h{\ae}mmes af konkurrence af den g{\o}dede d{\ae}ks{\ae}d. Kl{\o}veren kan dog n{\ra} at brede sig i l{\o}bet af sommeren, hvis kl{\o}vergr{\ae}sset afsl{\ra}s tilpas ofte. Sidste {\ra}r blev kl{\o}vergr{\ae}sset kun afsl{\ra}et to gange, og det var ikke tilstr{\ae}kkeligt. I {\ra}r vil vi pr{\o}ve med tre gange.&#xD;
	P{\ra} Flakkebjerg er der den meget p{\ae}n bestand af kl{\o}ver i alle parceller med kl{\o}vergr{\ae}s, men gr{\ae}sset st{\ra}r mest kraftigt i de parceller, der tidligere er blevet g{\o}det. Det skyldes n{\ae}ppe etableringen af kl{\o}veren, men m{\ra}ske snarere eftervirkninger af kv{\ae}lstofg{\o}dning fra forudg{\ra}ende {\ra}r.&#xD;
&#xD;
Rodukrudt&#xD;
	Rodukrudtet i form af tidsler og kvik forekommer nu p{\ra} b{\ra}de alle fors{\o}gssteder. Dog i varierende m{\ae}ngder. P{\ra} Jyndevad er kvik det st{\o}rste problem. Her vil vi igen i {\ra}r bek{\ae}mpe kvikken i kl{\o}vergr{\ae}smarken. Efter det f{\o}rste eller andet sl{\ae}t foretages en sk{\ae}lpl{\o}jning, og kvikken bek{\ae}mpes ved gentagne harvninger. Der sluttes af med en dyb pl{\o}jning, hvorefter der s{\ra}s en hurtigtvoksende efterafgr{\o}de eller vinters{\ae}den s{\ra}s tidligt.&#xD;
	Sidste {\ra}r viste denne metode sig vanskeligere end vi troede. Det skyldes is{\ae}r, at vejret gav gode betingelser for genv{\ae}kst af kvikken. Det var vanskeligt at udsulte kvikken og n{\ae}sten umuligt at udt{\o}rre den. Effekten blev dog ganske god, og vi har endnu ikke set kvik i disse parceller i {\ra}r. Vi h{\ra}ber p{\ra} endnu bedre resultater i {\ra}r.&#xD;
}
}</dcds:valueString>
    </dcds:statement>
    <dcds:statement dcds:propertyURI="http://purl.org/dc/terms/type" dcds:vesURI="http://voa3r.eu/terms/ResourceType">
      <dcds:valueString>Magazine article</dcds:valueString>
    </dcds:statement>
    <dcds:statement dcds:propertyURI="http://voa3r.eu/terms/reviewStatus" dcds:vesURI="http://voa3r.eu/terms/ReviewStatus">
      <dcds:valueString>Peer Reviewed</dcds:valueString>
    </dcds:statement>
    <dcds:statement dcds:propertyURI="http://voa3r.eu/terms/publicationStatus" dcds:vesURI="http://voa3r.eu/terms/PublicationStatus">
      <dcds:valueString>Published</dcds:valueString>
    </dcds:statement>
    <dcds:statement dcds:propertyURI="http://purl.org/dc/terms/creator" dcds:valueRef="creator1" />
    <dcds:statement dcds:propertyURI="http://purl.org/dc/terms/publisher" dcds:valueRef="publisher" />
    <dcds:statement dcds:propertyURI="http://purl.org/dc/terms/subject">
      <dcds:valueString xml:lang="en">Farming Systems</dcds:valueString>
    </dcds:statement>
    <dcds:statement dcds:valueURI="http://orgprints.org/365/" dcds:propertyURI="http://www.europeana.eu/schemas/ese/isShownAt" />
    <dcds:statement dcds:valueURI="http://orgprints.org/365/1/E0057.pdf" dcds:propertyURI="http://www.europeana.eu/schemas/ese/isShownBy" />
    <dcds:statement dcds:propertyURI="http://purl.org/dc/terms/rights">
      <dcds:literalValueString xml:lang="en">ICROFS rights: All of the entries, statements, results etc. contained in the Organic Eprints archive have been compiled by the authors according to their best knowledge and the metadata have been scrupulously checked by the International Centre for Research in Organic Food Systems (ICROFS) and the Research Institute of Organic Agriculture (FiBL). All depositors of eprints have agreed with the Deposit Agreement below. However, the possibility of mistakes can not be ruled out entirely. Therefore, the responsible partners behind Organic Eprints, the archive staff and the depositors are not subject to any obligation and make no guarantees whatsoever regarding any of the statements etc. on this website; neither do they accept responsibility or liability for any possible mistakes contained therein. The links to other websites on the Organic Eprints pages are for informational purposes only. ICROFS, FiBL and the depositors are not responsible for the availability or content of these sites. In addition, providing links to these sites should not be interpreted as endorsement or approval by ICROFS or FiBL.
Deposit Agreement
When depositing an eprint the depositors consents with the following agreement: "In depositing this eprint (a collection of files and associated metadata), I grant Organic Eprints the right to make it permanently available on-line, with open access to all or in accordance with any access restrictions that I have specified. I understand that Organic Eprints does not assume any responsibility if there is any breach of copyright in distributing these files or metadata. For work being deposited by its own first author: I declare that this eprint is my own intellectual property and that I have the right to make it available in Organic Eprints in the manner chosen. For work being deposited by someone other than its first author: I declare that I have gained the proper permissions from someone with the right to make this eprint available in Organic Eprints in the manner chosen - or that the material is in the public domain. Clicking on the deposit button indicates your agreement to these terms."</dcds:literalValueString>
    </dcds:statement>
    <dcds:statement dcds:valueURI="http://purl.org/eprint/accessRights/OpenAccess" dcds:propertyURI="http://purl.org/dc/terms/accessRights" />
    <dcds:statement dcds:propertyURI="http://purl.org/dc/terms/date">
      <dcds:literalValueString dcds:sesURI="http://purl.org/dc/terms/W3CDTF">2000-06</dcds:literalValueString>
    </dcds:statement>
    <dcds:statement dcds:propertyURI="http://voa3r.eu/terms/hasMetametadata" dcds:valueRef="metametadata" />
  </dcds:description>
  <dcds:description dcds:resourceId="creator1">
    <dcds:statement dcds:valueURI="http://xmlns.com/foaf/0.1/Agent" dcds:propertyURI="http://www.w3.org/1999/02/22-rdf-syntax-ns#type" />
    <dcds:statement dcds:valueURI="http://xmlns.com/foaf/0.1/Person" dcds:propertyURI="http://purl.org/dc/terms/type" />
    <dcds:statement dcds:propertyURI="http://xmlns.com/foaf/0.1/givenName">
      <dcds:literalValueString>Jørgen E.</dcds:literalValueString>
    </dcds:statement>
    <dcds:statement dcds:propertyURI="http://xmlns.com/foaf/0.1/firstName">
      <dcds:literalValueString>Jørgen E.</dcds:literalValueString>
    </dcds:statement>
    <dcds:statement dcds:propertyURI="http://xmlns.com/foaf/0.1/familyName">
      <dcds:literalValueString>Olesen</dcds:literalValueString>
    </dcds:statement>
    <dcds:statement dcds:propertyURI="http://xmlns.com/foaf/0.1/lastName">
      <dcds:literalValueString>Olesen</dcds:literalValueString>
    </dcds:statement>
  </dcds:description>
  <dcds:description dcds:resourceId="publisher">
    <dcds:statement dcds:valueURI="http://xmlns.com/foaf/0.1/Agent" dcds:propertyURI="http://www.w3.org/1999/02/22-rdf-syntax-ns#type" />
    <dcds:statement dcds:valueURI="http://xmlns.com/foaf/0.1/Organization" dcds:propertyURI="http://purl.org/dc/terms/type" />
    <dcds:statement dcds:propertyURI="http://xmlns.com/foaf/0.1/name">
      <dcds:literalValueString>Økologisk Landsforening</dcds:literalValueString>
    </dcds:statement>
  </dcds:description>
  <dcds:description dcds:resourceId="metametadata">
    <dcds:statement dcds:valueURI="http://voa3r.eu/class/MetaMetadata" dcds:propertyURI="http://www.w3.org/1999/02/22-rdf-syntax-ns#type" />
    <dcds:statement dcds:propertyURI="http://purl.org/dc/terms/identifier">
      <dcds:valueString>oai:orgprints.org:365</dcds:valueString>
    </dcds:statement>
    <dcds:statement dcds:propertyURI="http://purl.org/dc/terms/type">
      <dcds:literalValueString>voa3r_dcds v1.0</dcds:literalValueString>
    </dcds:statement>
    <dcds:statement dcds:propertyURI="http://purl.org/dc/terms/date">
      <dcds:literalValueString dcds:sesURI="http://purl.org/dc/terms/W3CDTF">2015-09-08</dcds:literalValueString>
    </dcds:statement>
    <dcds:statement dcds:propertyURI="http://purl.org/dc/terms/contributor" dcds:valueRef="metacontributor" />
  </dcds:description>
  <dcds:description dcds:resourceId="metacontributor">
    <dcds:statement dcds:valueURI="http://xmlns.com/foaf/0.1/Agent" dcds:propertyURI="http://www.w3.org/1999/02/22-rdf-syntax-ns#type" />
    <dcds:statement dcds:valueURI="http://xmlns.com/foaf/0.1/Organization" dcds:propertyURI="http://purl.org/dc/terms/type" />
    <dcds:statement dcds:propertyURI="http://xmlns.com/foaf/0.1/name">
      <dcds:literalValueString xml:lang="en">Organic eprints</dcds:literalValueString>
    </dcds:statement>
    <dcds:statement dcds:valueURI="mailto:eprints@orgprints.org" dcds:propertyURI="http://xmlns.com/foaf/0.1/mbox" />
  </dcds:description>
</dcds:descriptionSet>