<dcds:descriptionSet xmlns:dcds="http://purl.org/dc/xmlns/2008/09/01/dc-ds-xml/" xmlns:xsi="http://www.w3.org/2001/XMLSchema-instance" xsi:schemaLocation="http://purl.org/dc/xmlns/2008/09/01/dc-ds-xml/ http://dublincore.org/schemas/xmls/2008/09/01/dc-ds-xml/dcds.xsd">
  <dcds:description dcds:resourceURI="http://orgprints.org/id/eprint/26340">
    <dcds:statement dcds:valueURI="http://voa3r.eu/class/Resource" dcds:propertyURI="http://www.w3.org/1999/02/22-rdf-syntax-ns#type" />
    <dcds:statement dcds:propertyURI="http://purl.org/dc/terms/title">
      <dcds:literalValueString xml:lang="de">Konzeption und Entwicklung von Inhalten fr eine Informationswebsite ber Community Supported Agriculture (CSA)</dcds:literalValueString>
    </dcds:statement>
    <dcds:statement dcds:propertyURI="http://purl.org/dc/terms/language" dcds:vesURI="http://purl.org/dc/terms/RFC5646">
      <dcds:valueString>de</dcds:valueString>
    </dcds:statement>
    <dcds:statement dcds:propertyURI="http://purl.org/dc/terms/abstract">
      <dcds:literalValueString xml:lang="de">Die Situation der heutigen Landwirtschaft nimmt immer grere Dimensionen der Kapitalisierung und Gewinnmaximierung an. Um die Auswirkungen dieses Systems&#xD;aufzuhalten und eine zukunftsfhige Landwirtschaft betreiben zu knnen musste ein Umdenken in der Beziehung zwischen Verbrauchern und Landwirten stattfinden. Aus dieser Bewegung entstand die Idee der Community Supported Agriculture. Eine Vertragslandwirtschaft zwischen Verbrauchern und Landwirten, die auch auf die Grundlagen des kologischen Landbaus zurckgreift.&#xD;In den USA ist die Idee der CSA bereits weit verbreitet und wird auf vielen Hfen angewendet. In Lndern wie Deutschland hat diese Art der Landwirtschaft jedoch keinen groen Bekanntheitsgrad. Um dies zu ndern ist es notwendig, vermehrt ber CSA zu informieren und interessierten Menschen Mglichkeiten zur Vernetzung zu bieten. Durch die Vernetzung knnen sich neue Communities bilden, die dann CSA-Hfe grnden. Als ideales&#xD;Medium fr diese Ziele bietet sich in der heutigen Zeit das Internet an. Es erreicht so gut wie jeden Menschen egal welchen Alters oder sonstigen Status.&#xD;Diese Arbeit setzt genau hier an. Denn Ziel dieser Arbeit ist die Konzeption und Entwicklung von Inhalten fr eine&#xD;geplante Informationswebsite ber CSA. Die geplante Website ist Teil eines vom BLN gefrderten Projektes, was die Verbreitung des kologischen Landbaus durch die CSA beinhaltet.&#xD;Die Zielsetzung bezglich der Inhalte wurde mit den Projektpartnern vorab besprochen. Die Aufgabe dieser Arbeit wurde dann durch eine umfangreiche Literatur- und Internetrecherche auf nationaler und internationaler Ebene bearbeitet. Es wurde eine Navigation erarbeitet, die zuknftig auf der geplanten Website Make CSA wegweisend sein kann.&#xD;In Deutschland sollte eine einheitliche Verwendung des Begriffes Community Supported Agriculture entstehen. Dies wrde die Verbreitung und Vernetzung von Informationen im internationalen Raum einfacher gestalten.&#xD;Im Laufe der Arbeit wird klar, wie wichtig die Informations- und Vernetzungsarbeit ist, um die Ausbreitung der Idee von der Community Supported Agriculture zu frdern. Denn innovative Ideen brauchen Hilfen; und eine mgliche Hilfe bietet zuknftig diese Website.</dcds:literalValueString>
    </dcds:statement>
    <dcds:statement dcds:propertyURI="http://purl.org/dc/terms/bibliographicCitation" dcds:vesURI="http://www.openurl.info/registry/">
      <dcds:valueString dcds:sesURI="http://voa3r.eu/terms/EncodedSchema">BibTeX:@unpublished{orgprints26340,           title = {Konzeption und Entwicklung von Inhalten f{\"u}r eine Informationswebsite {\"u}ber Community Supported Agriculture (CSA)},          school = {Fachhochschule M{\"u}nster, D-M{\"u}nster},          author = {Leonie Fink},            year = {2012},        keywords = {Community Supported Agriculture, CSA, Vetragslandwirtschaft},             url = {http://orgprints.org/26340/},        abstract = {Die Situation der heutigen Landwirtschaft nimmt immer gr{\"o}{\ss}ere Dimensionen der Kapitalisierung und Gewinnmaximierung an. Um die Auswirkungen dieses Systems&#xD;aufzuhalten und eine zukunftsf{\"a}hige Landwirtschaft betreiben zu k{\"o}nnen musste ein Umdenken in der Beziehung zwischen Verbrauchern und Landwirten stattfinden. Aus dieser Bewegung entstand die Idee der Community Supported Agriculture. Eine Vertragslandwirtschaft zwischen Verbrauchern und Landwirten, die auch auf die Grundlagen des {\"O}kologischen Landbaus zur{\"u}ckgreift.&#xD;In den USA ist die Idee der CSA bereits weit verbreitet und wird auf vielen H{\"o}fen angewendet. In L{\"a}ndern wie Deutschland hat diese Art der Landwirtschaft jedoch keinen gro{\ss}en Bekanntheitsgrad. Um dies zu {\"a}ndern ist es notwendig, vermehrt {\"u}ber CSA zu informieren und interessierten Menschen M{\"o}glichkeiten zur Vernetzung zu bieten. Durch die Vernetzung k{\"o}nnen sich neue Communities bilden, die dann CSA-H{\"o}fe gr{\"u}nden. Als ideales&#xD;Medium f{\"u}r diese Ziele bietet sich in der heutigen Zeit das Internet an. Es erreicht so gut wie jeden Menschen egal welchen Alters oder sonstigen Status.&#xD;Diese Arbeit setzt genau hier an. Denn Ziel dieser Arbeit ist die Konzeption und Entwicklung von Inhalten f{\"u}r eine&#xD;geplante Informationswebsite {\"u}ber CSA. Die geplante Website ist Teil eines vom B{\"O}LN gef{\"o}rderten Projektes, was die Verbreitung des {\"O}kologischen Landbaus durch die CSA beinhaltet.&#xD;Die Zielsetzung bez{\"u}glich der Inhalte wurde mit den Projektpartnern vorab besprochen. Die Aufgabe dieser Arbeit wurde dann durch eine umfangreiche Literatur- und Internetrecherche auf nationaler und internationaler Ebene bearbeitet. Es wurde eine Navigation erarbeitet, die zuk{\"u}nftig auf der geplanten Website ?Make CSA? wegweisend sein kann.&#xD;In Deutschland sollte eine einheitliche Verwendung des Begriffes Community Supported Agriculture entstehen. Dies w{\"u}rde die Verbreitung und Vernetzung von Informationen im internationalen Raum einfacher gestalten.&#xD;Im Laufe der Arbeit wird klar, wie wichtig die Informations- und Vernetzungsarbeit ist, um die Ausbreitung der Idee von der Community Supported Agriculture zu f{\"o}rdern. Denn innovative Ideen brauchen Hilfen; und eine m{\"o}gliche Hilfe bietet zuk{\"u}nftig diese Website.}}</dcds:valueString>
    </dcds:statement>
    <dcds:statement dcds:propertyURI="http://purl.org/dc/terms/type" dcds:vesURI="http://voa3r.eu/terms/ResourceType">
      <dcds:valueString>Thesis</dcds:valueString>
    </dcds:statement>
    <dcds:statement dcds:propertyURI="http://voa3r.eu/terms/reviewStatus" dcds:vesURI="http://voa3r.eu/terms/ReviewStatus">
      <dcds:valueString>Peer Reviewed</dcds:valueString>
    </dcds:statement>
    <dcds:statement dcds:propertyURI="http://voa3r.eu/terms/publicationStatus" dcds:vesURI="http://voa3r.eu/terms/PublicationStatus">
      <dcds:valueString>WorkingDraft</dcds:valueString>
    </dcds:statement>
    <dcds:statement dcds:propertyURI="http://purl.org/dc/terms/creator" dcds:valueRef="creator1" />
    <dcds:statement dcds:propertyURI="http://purl.org/dc/terms/subject">
      <dcds:valueString xml:lang="en">Community development</dcds:valueString>
    </dcds:statement>
    <dcds:statement dcds:propertyURI="http://purl.org/dc/terms/subject">
      <dcds:valueString xml:lang="en">Farming Systems</dcds:valueString>
    </dcds:statement>
    <dcds:statement dcds:propertyURI="http://purl.org/dc/terms/subject">
      <dcds:valueString xml:lang="en">Markets and trade</dcds:valueString>
    </dcds:statement>
    <dcds:statement dcds:propertyURI="http://purl.org/dc/terms/subject">
      <dcds:valueString xml:lang="en">Environmental aspects</dcds:valueString>
    </dcds:statement>
    <dcds:statement dcds:valueURI="http://orgprints.org/26340/" dcds:propertyURI="http://www.europeana.eu/schemas/ese/isShownAt" />
    <dcds:statement dcds:valueURI="http://orgprints.org/26340/1/Bachelorarbeit%20Leonie%20Fink%202012.pdf" dcds:propertyURI="http://www.europeana.eu/schemas/ese/isShownBy" />
    <dcds:statement dcds:propertyURI="http://purl.org/dc/terms/rights">
      <dcds:literalValueString xml:lang="en">ICROFS rights: All of the entries, statements, results etc. contained in the Organic Eprints archive have been compiled by the authors according to their best knowledge and the metadata have been scrupulously checked by the International Centre for Research in Organic Food Systems (ICROFS) and the Research Institute of Organic Agriculture (FiBL). All depositors of eprints have agreed with the Deposit Agreement below. However, the possibility of mistakes can not be ruled out entirely. Therefore, the responsible partners behind Organic Eprints, the archive staff and the depositors are not subject to any obligation and make no guarantees whatsoever regarding any of the statements etc. on this website; neither do they accept responsibility or liability for any possible mistakes contained therein. The links to other websites on the Organic Eprints pages are for informational purposes only. ICROFS, FiBL and the depositors are not responsible for the availability or content of these sites. In addition, providing links to these sites should not be interpreted as endorsement or approval by ICROFS or FiBL.Deposit AgreementWhen depositing an eprint the depositors consents with the following agreement: "In depositing this eprint (a collection of files and associated metadata), I grant Organic Eprints the right to make it permanently available on-line, with open access to all or in accordance with any access restrictions that I have specified. I understand that Organic Eprints does not assume any responsibility if there is any breach of copyright in distributing these files or metadata. For work being deposited by its own first author: I declare that this eprint is my own intellectual property and that I have the right to make it available in Organic Eprints in the manner chosen. For work being deposited by someone other than its first author: I declare that I have gained the proper permissions from someone with the right to make this eprint available in Organic Eprints in the manner chosen - or that the material is in the public domain. Clicking on the deposit button indicates your agreement to these terms."</dcds:literalValueString>
    </dcds:statement>
    <dcds:statement dcds:valueURI="http://purl.org/eprint/accessRights/OpenAccess" dcds:propertyURI="http://purl.org/dc/terms/accessRights" />
    <dcds:statement dcds:propertyURI="http://purl.org/dc/terms/date">
      <dcds:literalValueString dcds:sesURI="http://purl.org/dc/terms/W3CDTF">2012</dcds:literalValueString>
    </dcds:statement>
    <dcds:statement dcds:propertyURI="http://voa3r.eu/terms/hasMetametadata" dcds:valueRef="metametadata" />
  </dcds:description>
  <dcds:description dcds:resourceId="creator1">
    <dcds:statement dcds:valueURI="http://xmlns.com/foaf/0.1/Agent" dcds:propertyURI="http://www.w3.org/1999/02/22-rdf-syntax-ns#type" />
    <dcds:statement dcds:valueURI="http://xmlns.com/foaf/0.1/Person" dcds:propertyURI="http://purl.org/dc/terms/type" />
    <dcds:statement dcds:propertyURI="http://xmlns.com/foaf/0.1/givenName">
      <dcds:literalValueString>Leonie</dcds:literalValueString>
    </dcds:statement>
    <dcds:statement dcds:propertyURI="http://xmlns.com/foaf/0.1/firstName">
      <dcds:literalValueString>Leonie</dcds:literalValueString>
    </dcds:statement>
    <dcds:statement dcds:propertyURI="http://xmlns.com/foaf/0.1/familyName">
      <dcds:literalValueString>Fink</dcds:literalValueString>
    </dcds:statement>
    <dcds:statement dcds:propertyURI="http://xmlns.com/foaf/0.1/lastName">
      <dcds:literalValueString>Fink</dcds:literalValueString>
    </dcds:statement>
  </dcds:description>
  <dcds:description dcds:resourceId="metametadata">
    <dcds:statement dcds:valueURI="http://voa3r.eu/class/MetaMetadata" dcds:propertyURI="http://www.w3.org/1999/02/22-rdf-syntax-ns#type" />
    <dcds:statement dcds:propertyURI="http://purl.org/dc/terms/identifier">
      <dcds:valueString>oai:orgprints.org:26340</dcds:valueString>
    </dcds:statement>
    <dcds:statement dcds:propertyURI="http://purl.org/dc/terms/type">
      <dcds:literalValueString>voa3r_dcds v1.0</dcds:literalValueString>
    </dcds:statement>
    <dcds:statement dcds:propertyURI="http://purl.org/dc/terms/date">
      <dcds:literalValueString dcds:sesURI="http://purl.org/dc/terms/W3CDTF">2015-09-08</dcds:literalValueString>
    </dcds:statement>
    <dcds:statement dcds:propertyURI="http://purl.org/dc/terms/contributor" dcds:valueRef="metacontributor" />
  </dcds:description>
  <dcds:description dcds:resourceId="metacontributor">
    <dcds:statement dcds:valueURI="http://xmlns.com/foaf/0.1/Agent" dcds:propertyURI="http://www.w3.org/1999/02/22-rdf-syntax-ns#type" />
    <dcds:statement dcds:valueURI="http://xmlns.com/foaf/0.1/Organization" dcds:propertyURI="http://purl.org/dc/terms/type" />
    <dcds:statement dcds:propertyURI="http://xmlns.com/foaf/0.1/name">
      <dcds:literalValueString xml:lang="en">Organic eprints</dcds:literalValueString>
    </dcds:statement>
    <dcds:statement dcds:valueURI="mailto:eprints@orgprints.org" dcds:propertyURI="http://xmlns.com/foaf/0.1/mbox" />
  </dcds:description>
</dcds:descriptionSet>