<dcds:descriptionSet xmlns:dcds="http://purl.org/dc/xmlns/2008/09/01/dc-ds-xml/" xmlns:xsi="http://www.w3.org/2001/XMLSchema-instance" xsi:schemaLocation="http://purl.org/dc/xmlns/2008/09/01/dc-ds-xml/ http://dublincore.org/schemas/xmls/2008/09/01/dc-ds-xml/dcds.xsd">
  <dcds:description dcds:resourceURI="http://orgprints.org/id/eprint/20944">
    <dcds:statement dcds:valueURI="http://voa3r.eu/class/Resource" dcds:propertyURI="http://www.w3.org/1999/02/22-rdf-syntax-ns#type" />
    <dcds:statement dcds:propertyURI="http://purl.org/dc/terms/title">
      <dcds:literalValueString>Untersuchungen zum Einsatz eines hydrothermisch behandelten Gemisches aus einheimischen Körnerleguminosen in der ökologischen Ferkelaufzucht (Verbundvorhaben)</dcds:literalValueString>
    </dcds:statement>
    <dcds:statement dcds:propertyURI="http://purl.org/dc/terms/language" dcds:vesURI="http://purl.org/dc/terms/RFC5646">
      <dcds:valueString />
    </dcds:statement>
    <dcds:statement dcds:propertyURI="http://purl.org/dc/terms/abstract">
      <dcds:literalValueString>Das hier beschriebene Verbundvorhaben umfasst folgende Teilprojekte: FKZ 11NA034, FKZ 11NA036 und FKZ 11NA059. &#xD;
Alle in Organic Eprints archivierten Projektbeschreibungen und Veröffentlichungen zu diesem Verbundvorhaben finden Sie unter folgendem Link: http://orgprints.org/cgi/saved_search?savedsearchid=1426. &#xD;
Ziel des Projektes ist die Entwicklung einer Strategie, auf regionaler Ebene erzeugte Körnerleguminosen durch geeignete technische Lösungen (hydrothermische Behandlung) und in Kombination miteinander (Leguminosengemisch) für die Fütterung von Ferkel verfügbar zu machen und damit den Körnerleguminosenanbau im ökolog. u. konvent. Bereich zu fördern. &#xD;
Es soll ein hydrothermisch behandeltes Leguminosengemisch aus je 1/3 Ackerbohnen, Erbsen und Süßlupinen (Legumitherm) hinsichtl. seines Futterwertes u. seiner Einsatzmöglichkeiten in der ökolog. Ferkelaufzucht untersucht werden. Kernstück des Vorhabens sind Fütterungsversuche mit abgesetzten Ferkeln, bei denen überprüft werden soll, ob durch Legumitherm der Einsatz von Öko-Sojakuchen gleichwertig ersetzt werden kann. Der Futterwert des eingesetzten Gemisches soll in Bilanzversuchen an wachsenden Schweinen entsprechend der Vorschriften der GfE (2005) ermittelt werden. &#xD;
&#xD;
Das Projekt übernimmt weiterhin die Aufgabe des Wissenstransfers und interdisziplinären Austausches aller Projekte zur Eiweißversorgung im Rahmen von zwei durchzuführenden Workshops.&#xD;
Die Ergebnisse werden während der Projektlaufzeit mit anderen Projekten und Experten zum Thema Monogasterernährung mit heimischen Eiweißträgern hinsichtlich ihrer Umsetzbarkeit u. weiterem Forschungsbedarf in zwei Workshops diskutiert und die Gesamt- und die Projektergebnisse anschl. entsprechend publiziert und vorgestellt.&#xD;
Das Friedrich Loeffler-Institut (FLI) führt die im Rahmen der Projekte „Buntblühende Wintererbsen in der Schweinefütterung unter den Bedingungen des Ökologischen Landbaues“ (11NA036) und „Untersuchungen zum Einsatz eines hydrothermisch behandelten Gemisches aus einheimischen Leguminosen in der ökologischen Ferkelaufzucht“ (11NA034) beschriebenen Bilanzversuche zur Bestimmung der Gehalte an verdaulichen Nährstoffen und umsetzbarer Energie bei Mastschweinen sowie die Ableitung von Empfehlungen zur optimalen Einsatzhöhe von buntblühenden Wintererbsen aus ökologischer Erzeugung für Mastschweine durch (FKZ 11NA059, Projektleitung: Dr. Andreas Berk). &#xD;
Angaben zur Finanzierung des Projekts finden Sie im Förderkatalog des Bundes unter http://foerderportal.bund.de/foekat/jsp/StartAction.do. Bitte geben Sie in das Suchfeld eine 28 plus das Förderkennzeichen (FKZ) des BÖLN-Projektes ein, z.B. 2808OE212 für das BÖLN-Projekt mit der FKZ 08OE212.</dcds:literalValueString>
    </dcds:statement>
    <dcds:statement dcds:propertyURI="http://purl.org/dc/terms/bibliographicCitation" dcds:vesURI="http://www.openurl.info/registry/">
      <dcds:valueString dcds:sesURI="http://voa3r.eu/terms/EncodedSchema">BibTeX:@misc{orgprints20944,
           title = {Untersuchungen zum Einsatz eines hydrothermisch behandelten Gemisches aus einheimischen K{\"o}rnerleguminosen in der {\"o}kologischen Ferkelaufzucht (Verbundvorhaben)},
        keywords = {B{\"O}LN, BOELN, B{\"O}L, BOEL, FKZ 11NA034, FKZ 11NA036, FKZ 11NA 059, Heimische Eiwei{\ss}tr{\"a}ger, Monogasterern{\"a}hrung, Ackerbohnen, Erbsen, Lupinen, Legumitherm},
             url = {http://orgprints.org/20944/},
        abstract = {Das hier beschriebene Verbundvorhaben umfasst folgende Teilprojekte: FKZ 11NA034, FKZ 11NA036 und FKZ 11NA059. &#xD;
Alle in Organic Eprints archivierten Projektbeschreibungen und Ver{\"o}ffentlichungen zu diesem Verbundvorhaben finden Sie unter folgendem Link: http://orgprints.org/cgi/saved\_search?savedsearchid=1426. &#xD;
Ziel des Projektes ist die Entwicklung einer Strategie, auf regionaler Ebene erzeugte K{\"o}rnerleguminosen durch geeignete technische L{\"o}sungen (hydrothermische Behandlung) und in Kombination miteinander (Leguminosengemisch) f{\"u}r die F{\"u}tterung von Ferkel verf{\"u}gbar zu machen und damit den K{\"o}rnerleguminosenanbau im {\"o}kolog. u. konvent. Bereich zu f{\"o}rdern. &#xD;
Es soll ein hydrothermisch behandeltes Leguminosengemisch aus je 1/3 Ackerbohnen, Erbsen und S{\"u}{\ss}lupinen (Legumitherm) hinsichtl. seines Futterwertes u. seiner Einsatzm{\"o}glichkeiten in der {\"o}kolog. Ferkelaufzucht untersucht werden. Kernst{\"u}ck des Vorhabens sind F{\"u}tterungsversuche mit abgesetzten Ferkeln, bei denen {\"u}berpr{\"u}ft werden soll, ob durch Legumitherm der Einsatz von {\"O}ko-Sojakuchen gleichwertig ersetzt werden kann. Der Futterwert des eingesetzten Gemisches soll in Bilanzversuchen an wachsenden Schweinen entsprechend der Vorschriften der GfE (2005) ermittelt werden. &#xD;
&#xD;
Das Projekt {\"u}bernimmt weiterhin die Aufgabe des Wissenstransfers und interdisziplin{\"a}ren Austausches aller Projekte zur Eiwei{\ss}versorgung im Rahmen von zwei durchzuf{\"u}hrenden Workshops.&#xD;
Die Ergebnisse werden w{\"a}hrend der Projektlaufzeit mit anderen Projekten und Experten zum Thema Monogasterern{\"a}hrung mit heimischen Eiwei{\ss}tr{\"a}gern hinsichtlich ihrer Umsetzbarkeit u. weiterem Forschungsbedarf in zwei Workshops diskutiert und die Gesamt- und die Projektergebnisse anschl. entsprechend publiziert und vorgestellt.&#xD;
Das Friedrich Loeffler-Institut (FLI) f{\"u}hrt die im Rahmen der Projekte ?Buntbl{\"u}hende Wintererbsen in der Schweinef{\"u}tterung unter den Bedingungen des {\"O}kologischen Landbaues? (11NA036) und ?Untersuchungen zum Einsatz eines hydrothermisch behandelten Gemisches aus einheimischen Leguminosen in der {\"o}kologischen Ferkelaufzucht? (11NA034) beschriebenen Bilanzversuche zur Bestimmung der Gehalte an verdaulichen N{\"a}hrstoffen und umsetzbarer Energie bei Mastschweinen sowie die Ableitung von Empfehlungen zur optimalen Einsatzh{\"o}he von buntbl{\"u}henden Wintererbsen aus {\"o}kologischer Erzeugung f{\"u}r Mastschweine durch (FKZ 11NA059, Projektleitung: Dr. Andreas Berk). &#xD;
Angaben zur Finanzierung des Projekts finden Sie im F{\"o}rderkatalog des Bundes unter http://foerderportal.bund.de/foekat/jsp/StartAction.do. Bitte geben Sie in das Suchfeld eine 28 plus das F{\"o}rderkennzeichen (FKZ) des B{\"O}LN-Projektes ein, z.B. 2808OE212 f{\"u}r das B{\"O}LN-Projekt mit der FKZ 08OE212.}
}</dcds:valueString>
    </dcds:statement>
    <dcds:statement dcds:propertyURI="http://purl.org/dc/terms/type" dcds:vesURI="http://voa3r.eu/terms/ResourceType">
      <dcds:valueString>Project</dcds:valueString>
    </dcds:statement>
    <dcds:statement dcds:propertyURI="http://voa3r.eu/terms/reviewStatus" dcds:vesURI="http://voa3r.eu/terms/ReviewStatus">
      <dcds:valueString>NonReviewed</dcds:valueString>
    </dcds:statement>
    <dcds:statement dcds:propertyURI="http://voa3r.eu/terms/publicationStatus" dcds:vesURI="http://voa3r.eu/terms/PublicationStatus">
      <dcds:valueString />
    </dcds:statement>
    <dcds:statement dcds:propertyURI="http://purl.org/dc/terms/subject">
      <dcds:valueString xml:lang="en">Feeding and growth</dcds:valueString>
    </dcds:statement>
    <dcds:statement dcds:propertyURI="http://purl.org/dc/terms/subject">
      <dcds:valueString xml:lang="en">Pigs</dcds:valueString>
    </dcds:statement>
    <dcds:statement dcds:valueURI="http://orgprints.org/20944/" dcds:propertyURI="http://www.europeana.eu/schemas/ese/isShownAt" />
    <dcds:statement dcds:valueURI="http://orgprints.org/20944/1/12-06-18_Kurzbeschreibung_Legumitherm.pdf" dcds:propertyURI="http://www.europeana.eu/schemas/ese/isShownBy" />
    <dcds:statement dcds:propertyURI="http://purl.org/dc/terms/rights">
      <dcds:literalValueString xml:lang="en">ICROFS rights: All of the entries, statements, results etc. contained in the Organic Eprints archive have been compiled by the authors according to their best knowledge and the metadata have been scrupulously checked by the International Centre for Research in Organic Food Systems (ICROFS) and the Research Institute of Organic Agriculture (FiBL). All depositors of eprints have agreed with the Deposit Agreement below. However, the possibility of mistakes can not be ruled out entirely. Therefore, the responsible partners behind Organic Eprints, the archive staff and the depositors are not subject to any obligation and make no guarantees whatsoever regarding any of the statements etc. on this website; neither do they accept responsibility or liability for any possible mistakes contained therein. The links to other websites on the Organic Eprints pages are for informational purposes only. ICROFS, FiBL and the depositors are not responsible for the availability or content of these sites. In addition, providing links to these sites should not be interpreted as endorsement or approval by ICROFS or FiBL.
Deposit Agreement
When depositing an eprint the depositors consents with the following agreement: "In depositing this eprint (a collection of files and associated metadata), I grant Organic Eprints the right to make it permanently available on-line, with open access to all or in accordance with any access restrictions that I have specified. I understand that Organic Eprints does not assume any responsibility if there is any breach of copyright in distributing these files or metadata. For work being deposited by its own first author: I declare that this eprint is my own intellectual property and that I have the right to make it available in Organic Eprints in the manner chosen. For work being deposited by someone other than its first author: I declare that I have gained the proper permissions from someone with the right to make this eprint available in Organic Eprints in the manner chosen - or that the material is in the public domain. Clicking on the deposit button indicates your agreement to these terms."</dcds:literalValueString>
    </dcds:statement>
    <dcds:statement dcds:valueURI="http://purl.org/eprint/accessRights/OpenAccess" dcds:propertyURI="http://purl.org/dc/terms/accessRights" />
    <dcds:statement dcds:propertyURI="http://purl.org/dc/terms/date">
      <dcds:literalValueString dcds:sesURI="http://purl.org/dc/terms/W3CDTF" />
    </dcds:statement>
    <dcds:statement dcds:propertyURI="http://voa3r.eu/terms/hasMetametadata" dcds:valueRef="metametadata" />
  </dcds:description>
  <dcds:description dcds:resourceId="metametadata">
    <dcds:statement dcds:valueURI="http://voa3r.eu/class/MetaMetadata" dcds:propertyURI="http://www.w3.org/1999/02/22-rdf-syntax-ns#type" />
    <dcds:statement dcds:propertyURI="http://purl.org/dc/terms/identifier">
      <dcds:valueString>oai:orgprints.org:20944</dcds:valueString>
    </dcds:statement>
    <dcds:statement dcds:propertyURI="http://purl.org/dc/terms/type">
      <dcds:literalValueString>voa3r_dcds v1.0</dcds:literalValueString>
    </dcds:statement>
    <dcds:statement dcds:propertyURI="http://purl.org/dc/terms/date">
      <dcds:literalValueString dcds:sesURI="http://purl.org/dc/terms/W3CDTF">2015-09-08</dcds:literalValueString>
    </dcds:statement>
    <dcds:statement dcds:propertyURI="http://purl.org/dc/terms/contributor" dcds:valueRef="metacontributor" />
  </dcds:description>
  <dcds:description dcds:resourceId="metacontributor">
    <dcds:statement dcds:valueURI="http://xmlns.com/foaf/0.1/Agent" dcds:propertyURI="http://www.w3.org/1999/02/22-rdf-syntax-ns#type" />
    <dcds:statement dcds:valueURI="http://xmlns.com/foaf/0.1/Organization" dcds:propertyURI="http://purl.org/dc/terms/type" />
    <dcds:statement dcds:propertyURI="http://xmlns.com/foaf/0.1/name">
      <dcds:literalValueString xml:lang="en">Organic eprints</dcds:literalValueString>
    </dcds:statement>
    <dcds:statement dcds:valueURI="mailto:eprints@orgprints.org" dcds:propertyURI="http://xmlns.com/foaf/0.1/mbox" />
  </dcds:description>
</dcds:descriptionSet>