<dcds:descriptionSet xmlns:dcds="http://purl.org/dc/xmlns/2008/09/01/dc-ds-xml/" xmlns:xsi="http://www.w3.org/2001/XMLSchema-instance" xsi:schemaLocation="http://purl.org/dc/xmlns/2008/09/01/dc-ds-xml/ http://dublincore.org/schemas/xmls/2008/09/01/dc-ds-xml/dcds.xsd">
  <dcds:description dcds:resourceURI="http://orgprints.org/id/eprint/4166">
    <dcds:statement dcds:valueURI="http://voa3r.eu/class/Resource" dcds:propertyURI="http://www.w3.org/1999/02/22-rdf-syntax-ns#type" />
    <dcds:statement dcds:propertyURI="http://purl.org/dc/terms/title">
      <dcds:literalValueString xml:lang="de">Ampfer- und Distelbekämpfung im Ökolandbau</dcds:literalValueString>
    </dcds:statement>
    <dcds:statement dcds:propertyURI="http://purl.org/dc/terms/language" dcds:vesURI="http://purl.org/dc/terms/RFC5646">
      <dcds:valueString>de</dcds:valueString>
    </dcds:statement>
    <dcds:statement dcds:propertyURI="http://purl.org/dc/terms/abstract">
      <dcds:literalValueString xml:lang="de">Perennierende Unkräuter wie die Ampfer-Arten oder die Acker-Kratzdistel stellen im Ökologischen Landbau immer noch ein großes Problem dar. Im Rahmen des Bundesprogramms Ökologischer Landbau wurde daher in einem Verbundvorhaben der FAL und der BBA verschiedene Fragestellungen zu dieser Thematik bearbeitet: &#xD;
Eine bundesweite Umfrage von über 150 ökologisch wirtschaftenden Landwirten ergab , dass derzeit ca. 30 % der Ackerflächen mit der Acker-Kratzdistel (Cirsium arvense) verunkrautet sind Die meisten Landwirte (n=140) haben sowohl Probleme mit C. arvense als auch mit Rumex spp. und/oder Agropyron repens, 96 von ihnen klagten sogar über extreme Schwierigkeiten mit diesen ausdauernden Unkrautarten.&#xD;
Sowohl in der Umfrage als auch in den Untersuchungen auf der Versuchsfläche zum ökologischen Landbau der BBA Braunschweig stellte sich die Fruchtfolge-Gestaltung als herausragende vorbeugende Regulierungsmethode heraus. Kleegrasanbau in Verbindung mit mehrfachem Mulchen bewirkte in der zweijährigen Versuchsphase einen Rückgang der Disteldichten um 73 %. Ebenfalls erfolgreich, wenn auch aufwändig, war der Anbau einer Klee-Zwischenfrucht nach Sommerfurche gefolgt von einer Frühjahrsfurche und anschließendem Kartoffelanbau. Dagegen blieb eine zweimalige Stoppelbearbeitung nahezu wirkungslos, wenn ihr eine konkurrenzschwache Kultur wie Winterweizen folgte. &#xD;
Ökonomische Zwänge werden jedoch vor allem bei viehlos wirtschaftenden Betrieben den Handlungsspielraum bei der Wahl der Kulturen einengen. Eine erfolgreiche Strategie zur dauerhaften Kontrolle der Acker-Kratzdistel muss daher alle Methoden einschließen, die darüber hinaus standort- und betriebsspezifisch noch zu optimieren sind. &#xD;
Für die Untersuchung von Strategien zur Regulierung der Ampfer-Arten im Grünland wurden vom Institut für ökologischen Landbau der FAL auf dem Versuchsbetrieb Trenthorst Parzellenversuche zur Überprüfung direkter Regulierungsmaßnahmen wie manuelles Ampferstechen, maschinelles Ampferstechen (mittels einer selbstfahrenden Wurzelstechmaschine "WUZI"), Abflammen und einer Kontrolle, alle Varianten einschließlich dem Prüffaktor Nachsaat, angelegt. &#xD;
Die Ergebnisse zeigen, dass das manuelle Ampferstechen die wirkungsvollste direkte Bekämpfungsmethode war. Im Vergleich zur Kontrolle konnte hiermit im Versuchsjahr 2002 ein um 75 %, mit dem maschinellen Ampferstechen ein um 57 % höherer Regulierungserfolg gegenüber der Kontrolle realisiert wurde. Bei der Variante Abflammen lag der Erfolg lediglich um 4 % über dem Niveau der Kontrollparzellen. Der Prüffaktor Nachsaat zeigte witterungsbedingt keine Effekte auf den Regulierungserfolg. &#xD;
Die Umfrage verdeutlicht die Schwierigkeiten mit der Regulierung der Ampfer-Arten im ökologisch bewirtschafteten Grünland. 20 % dieser Betriebe (n=108) gaben an, auf über 30 % ihrer Flächen Probleme mit Ampfer zu haben. Ein regelmäßiges Ampferstechen von Hand wird nur von 4% der Betriebe durchgeführt. Ein leistungsfähiges Gerät zur maschinellen Regulierung könnte für einen überbetrieblichen Einsatz eine interessante Alternative darstellen. WUZI zeigt hier eine innovative Lösung auf. Dennoch sollte das Ausschöpfen indirekter Maßnahmen zur Ampferregulierung oberste Priorität besitzen.</dcds:literalValueString>
    </dcds:statement>
    <dcds:statement dcds:propertyURI="http://purl.org/dc/terms/bibliographicCitation" dcds:vesURI="http://www.openurl.info/registry/">
      <dcds:valueString dcds:sesURI="http://voa3r.eu/terms/EncodedSchema">BibTeX:@misc{orgprints4166,
          volume = {Sonderheft 273},
          author = {Herwart B{\"o}hm and Arnd Verschwele},
          editor = {Gerold Rahmann and Stefan K{\"u}hne},
           title = {Ampfer- und Distelbek{\"a}mpfung im {\"O}kolandbau},
       publisher = {Bundesforschungsanstalt f{\"u}r Landwirtschaft},
         journal = {Landbauforschung V{\"o}lkenrode},
           pages = {39--47},
            year = {2004},
        keywords = {B{\"O}L, BOEL, Bundesprogramm, FKZ 02OE055/2, FKZ 02OE055/1, FKZ 02OE055, Wurzelunkr{\"a}uter, Ampfer, Rumex spp., Acker-Kratzdistel, Cirsium arvense, Beikrautregulierung, Unkrautregulierung, Gr{\"u}nland, Fruchtfolge},
             url = {http://orgprints.org/4166/},
        abstract = {Perennierende Unkr{\"a}uter wie die Ampfer-Arten oder die Acker-Kratzdistel stellen im {\"O}kologischen Landbau immer noch ein gro{\ss}es Problem dar. Im Rahmen des Bundesprogramms {\"O}kologischer Landbau wurde daher in einem Verbundvorhaben der FAL und der BBA verschiedene Fragestellungen zu dieser Thematik bearbeitet: &#xD;
Eine bundesweite Umfrage von {\"u}ber 150 {\"o}kologisch wirtschaftenden Landwirten ergab , dass derzeit ca. 30 \% der Ackerfl{\"a}chen mit der Acker-Kratzdistel (Cirsium arvense) verunkrautet sind Die meisten Landwirte (n=140) haben sowohl Probleme mit C. arvense als auch mit Rumex spp. und/oder Agropyron repens, 96 von ihnen klagten sogar {\"u}ber extreme Schwierigkeiten mit diesen ausdauernden Unkrautarten.&#xD;
Sowohl in der Umfrage als auch in den Untersuchungen auf der Versuchsfl{\"a}che zum {\"o}kologischen Landbau der BBA Braunschweig stellte sich die Fruchtfolge-Gestaltung als herausragende vorbeugende Regulierungsmethode heraus. Kleegrasanbau in Verbindung mit mehrfachem Mulchen bewirkte in der zweij{\"a}hrigen Versuchsphase einen R{\"u}ckgang der Disteldichten um 73 \%. Ebenfalls erfolgreich, wenn auch aufw{\"a}ndig, war der Anbau einer Klee-Zwischenfrucht nach Sommerfurche gefolgt von einer Fr{\"u}hjahrsfurche und anschlie{\ss}endem Kartoffelanbau. Dagegen blieb eine zweimalige Stoppelbearbeitung nahezu wirkungslos, wenn ihr eine konkurrenzschwache Kultur wie Winterweizen folgte. &#xD;
{\"O}konomische Zw{\"a}nge werden jedoch vor allem bei viehlos wirtschaftenden Betrieben den Handlungsspielraum bei der Wahl der Kulturen einengen. Eine erfolgreiche Strategie zur dauerhaften Kontrolle der Acker-Kratzdistel muss daher alle Methoden einschlie{\ss}en, die dar{\"u}ber hinaus standort- und betriebsspezifisch noch zu optimieren sind. &#xD;
F{\"u}r die Untersuchung von Strategien zur Regulierung der Ampfer-Arten im Gr{\"u}nland wurden vom Institut f{\"u}r {\"o}kologischen Landbau der FAL auf dem Versuchsbetrieb Trenthorst Parzellenversuche zur {\"U}berpr{\"u}fung direkter Regulierungsma{\ss}nahmen wie manuelles Ampferstechen, maschinelles Ampferstechen (mittels einer selbstfahrenden Wurzelstechmaschine "WUZI"), Abflammen und einer Kontrolle, alle Varianten einschlie{\ss}lich dem Pr{\"u}ffaktor Nachsaat, angelegt. &#xD;
Die Ergebnisse zeigen, dass das manuelle Ampferstechen die wirkungsvollste direkte Bek{\"a}mpfungsmethode war. Im Vergleich zur Kontrolle konnte hiermit im Versuchsjahr 2002 ein um 75 \%, mit dem maschinellen Ampferstechen ein um 57 \% h{\"o}herer Regulierungserfolg gegen{\"u}ber der Kontrolle realisiert wurde. Bei der Variante Abflammen lag der Erfolg lediglich um 4 \% {\"u}ber dem Niveau der Kontrollparzellen. Der Pr{\"u}ffaktor Nachsaat zeigte witterungsbedingt keine Effekte auf den Regulierungserfolg. &#xD;
Die Umfrage verdeutlicht die Schwierigkeiten mit der Regulierung der Ampfer-Arten im {\"o}kologisch bewirtschafteten Gr{\"u}nland. 20 \% dieser Betriebe (n=108) gaben an, auf {\"u}ber 30 \% ihrer Fl{\"a}chen Probleme mit Ampfer zu haben. Ein regelm{\"a}{\ss}iges Ampferstechen von Hand wird nur von 4\% der Betriebe durchgef{\"u}hrt. Ein leistungsf{\"a}higes Ger{\"a}t zur maschinellen Regulierung k{\"o}nnte f{\"u}r einen {\"u}berbetrieblichen Einsatz eine interessante Alternative darstellen. WUZI zeigt hier eine innovative L{\"o}sung auf. Dennoch sollte das Aussch{\"o}pfen indirekter Ma{\ss}nahmen zur Ampferregulierung oberste Priorit{\"a}t besitzen.&#xD;
}
}</dcds:valueString>
    </dcds:statement>
    <dcds:statement dcds:propertyURI="http://purl.org/dc/terms/type" dcds:vesURI="http://voa3r.eu/terms/ResourceType">
      <dcds:valueString>Article</dcds:valueString>
    </dcds:statement>
    <dcds:statement dcds:propertyURI="http://voa3r.eu/terms/reviewStatus" dcds:vesURI="http://voa3r.eu/terms/ReviewStatus">
      <dcds:valueString>Peer Reviewed</dcds:valueString>
    </dcds:statement>
    <dcds:statement dcds:propertyURI="http://voa3r.eu/terms/publicationStatus" dcds:vesURI="http://voa3r.eu/terms/PublicationStatus">
      <dcds:valueString>Published</dcds:valueString>
    </dcds:statement>
    <dcds:statement dcds:propertyURI="http://purl.org/dc/terms/creator" dcds:valueRef="creator1" />
    <dcds:statement dcds:propertyURI="http://purl.org/dc/terms/creator" dcds:valueRef="creator2" />
    <dcds:statement dcds:propertyURI="http://id.loc.gov/vocabulary/relators/edt" dcds:valueRef="editor1" />
    <dcds:statement dcds:propertyURI="http://id.loc.gov/vocabulary/relators/edt" dcds:valueRef="editor2" />
    <dcds:statement dcds:propertyURI="http://purl.org/dc/terms/publisher" dcds:valueRef="publisher" />
    <dcds:statement dcds:propertyURI="http://purl.org/dc/terms/subject">
      <dcds:valueString xml:lang="en">Crop health, quality, protection</dcds:valueString>
    </dcds:statement>
    <dcds:statement dcds:propertyURI="http://purl.org/dc/terms/subject">
      <dcds:valueString xml:lang="en">Pasture and forage crops</dcds:valueString>
    </dcds:statement>
    <dcds:statement dcds:propertyURI="http://purl.org/dc/terms/subject">
      <dcds:valueString xml:lang="en">Weed management</dcds:valueString>
    </dcds:statement>
    <dcds:statement dcds:valueURI="http://orgprints.org/4166/" dcds:propertyURI="http://www.europeana.eu/schemas/ese/isShownAt" />
    <dcds:statement dcds:valueURI="http://orgprints.org/4166/1/Wurzel-SH273.pdf" dcds:propertyURI="http://www.europeana.eu/schemas/ese/isShownBy" />
    <dcds:statement dcds:propertyURI="http://purl.org/dc/terms/rights">
      <dcds:literalValueString xml:lang="en">ICROFS rights: All of the entries, statements, results etc. contained in the Organic Eprints archive have been compiled by the authors according to their best knowledge and the metadata have been scrupulously checked by the International Centre for Research in Organic Food Systems (ICROFS) and the Research Institute of Organic Agriculture (FiBL). All depositors of eprints have agreed with the Deposit Agreement below. However, the possibility of mistakes can not be ruled out entirely. Therefore, the responsible partners behind Organic Eprints, the archive staff and the depositors are not subject to any obligation and make no guarantees whatsoever regarding any of the statements etc. on this website; neither do they accept responsibility or liability for any possible mistakes contained therein. The links to other websites on the Organic Eprints pages are for informational purposes only. ICROFS, FiBL and the depositors are not responsible for the availability or content of these sites. In addition, providing links to these sites should not be interpreted as endorsement or approval by ICROFS or FiBL.
Deposit Agreement
When depositing an eprint the depositors consents with the following agreement: "In depositing this eprint (a collection of files and associated metadata), I grant Organic Eprints the right to make it permanently available on-line, with open access to all or in accordance with any access restrictions that I have specified. I understand that Organic Eprints does not assume any responsibility if there is any breach of copyright in distributing these files or metadata. For work being deposited by its own first author: I declare that this eprint is my own intellectual property and that I have the right to make it available in Organic Eprints in the manner chosen. For work being deposited by someone other than its first author: I declare that I have gained the proper permissions from someone with the right to make this eprint available in Organic Eprints in the manner chosen - or that the material is in the public domain. Clicking on the deposit button indicates your agreement to these terms."</dcds:literalValueString>
    </dcds:statement>
    <dcds:statement dcds:valueURI="http://purl.org/eprint/accessRights/OpenAccess" dcds:propertyURI="http://purl.org/dc/terms/accessRights" />
    <dcds:statement dcds:propertyURI="http://purl.org/dc/terms/date">
      <dcds:literalValueString dcds:sesURI="http://purl.org/dc/terms/W3CDTF">2004</dcds:literalValueString>
    </dcds:statement>
    <dcds:statement dcds:propertyURI="http://voa3r.eu/terms/hasMetametadata" dcds:valueRef="metametadata" />
  </dcds:description>
  <dcds:description dcds:resourceId="creator1">
    <dcds:statement dcds:valueURI="http://xmlns.com/foaf/0.1/Agent" dcds:propertyURI="http://www.w3.org/1999/02/22-rdf-syntax-ns#type" />
    <dcds:statement dcds:valueURI="http://xmlns.com/foaf/0.1/Person" dcds:propertyURI="http://purl.org/dc/terms/type" />
    <dcds:statement dcds:propertyURI="http://xmlns.com/foaf/0.1/givenName">
      <dcds:literalValueString>Herwart</dcds:literalValueString>
    </dcds:statement>
    <dcds:statement dcds:propertyURI="http://xmlns.com/foaf/0.1/firstName">
      <dcds:literalValueString>Herwart</dcds:literalValueString>
    </dcds:statement>
    <dcds:statement dcds:propertyURI="http://xmlns.com/foaf/0.1/familyName">
      <dcds:literalValueString>Böhm</dcds:literalValueString>
    </dcds:statement>
    <dcds:statement dcds:propertyURI="http://xmlns.com/foaf/0.1/lastName">
      <dcds:literalValueString>Böhm</dcds:literalValueString>
    </dcds:statement>
  </dcds:description>
  <dcds:description dcds:resourceId="creator2">
    <dcds:statement dcds:valueURI="http://xmlns.com/foaf/0.1/Agent" dcds:propertyURI="http://www.w3.org/1999/02/22-rdf-syntax-ns#type" />
    <dcds:statement dcds:valueURI="http://xmlns.com/foaf/0.1/Person" dcds:propertyURI="http://purl.org/dc/terms/type" />
    <dcds:statement dcds:propertyURI="http://xmlns.com/foaf/0.1/givenName">
      <dcds:literalValueString>Arnd</dcds:literalValueString>
    </dcds:statement>
    <dcds:statement dcds:propertyURI="http://xmlns.com/foaf/0.1/firstName">
      <dcds:literalValueString>Arnd</dcds:literalValueString>
    </dcds:statement>
    <dcds:statement dcds:propertyURI="http://xmlns.com/foaf/0.1/familyName">
      <dcds:literalValueString>Verschwele</dcds:literalValueString>
    </dcds:statement>
    <dcds:statement dcds:propertyURI="http://xmlns.com/foaf/0.1/lastName">
      <dcds:literalValueString>Verschwele</dcds:literalValueString>
    </dcds:statement>
  </dcds:description>
  <dcds:description dcds:resourceId="editor1">
    <dcds:statement dcds:valueURI="http://xmlns.com/foaf/0.1/Agent" dcds:propertyURI="http://www.w3.org/1999/02/22-rdf-syntax-ns#type" />
    <dcds:statement dcds:valueURI="http://xmlns.com/foaf/0.1/Person" dcds:propertyURI="http://purl.org/dc/terms/type" />
    <dcds:statement dcds:propertyURI="http://xmlns.com/foaf/0.1/givenName">
      <dcds:literalValueString>Gerold</dcds:literalValueString>
    </dcds:statement>
    <dcds:statement dcds:propertyURI="http://xmlns.com/foaf/0.1/firstName">
      <dcds:literalValueString>Gerold</dcds:literalValueString>
    </dcds:statement>
    <dcds:statement dcds:propertyURI="http://xmlns.com/foaf/0.1/familyName">
      <dcds:literalValueString>Rahmann</dcds:literalValueString>
    </dcds:statement>
    <dcds:statement dcds:propertyURI="http://xmlns.com/foaf/0.1/lastName">
      <dcds:literalValueString>Rahmann</dcds:literalValueString>
    </dcds:statement>
  </dcds:description>
  <dcds:description dcds:resourceId="editor2">
    <dcds:statement dcds:valueURI="http://xmlns.com/foaf/0.1/Agent" dcds:propertyURI="http://www.w3.org/1999/02/22-rdf-syntax-ns#type" />
    <dcds:statement dcds:valueURI="http://xmlns.com/foaf/0.1/Person" dcds:propertyURI="http://purl.org/dc/terms/type" />
    <dcds:statement dcds:propertyURI="http://xmlns.com/foaf/0.1/givenName">
      <dcds:literalValueString>Stefan</dcds:literalValueString>
    </dcds:statement>
    <dcds:statement dcds:propertyURI="http://xmlns.com/foaf/0.1/firstName">
      <dcds:literalValueString>Stefan</dcds:literalValueString>
    </dcds:statement>
    <dcds:statement dcds:propertyURI="http://xmlns.com/foaf/0.1/familyName">
      <dcds:literalValueString>Kühne</dcds:literalValueString>
    </dcds:statement>
    <dcds:statement dcds:propertyURI="http://xmlns.com/foaf/0.1/lastName">
      <dcds:literalValueString>Kühne</dcds:literalValueString>
    </dcds:statement>
  </dcds:description>
  <dcds:description dcds:resourceId="publisher">
    <dcds:statement dcds:valueURI="http://xmlns.com/foaf/0.1/Agent" dcds:propertyURI="http://www.w3.org/1999/02/22-rdf-syntax-ns#type" />
    <dcds:statement dcds:valueURI="http://xmlns.com/foaf/0.1/Organization" dcds:propertyURI="http://purl.org/dc/terms/type" />
    <dcds:statement dcds:propertyURI="http://xmlns.com/foaf/0.1/name">
      <dcds:literalValueString>Bundesforschungsanstalt für Landwirtschaft</dcds:literalValueString>
    </dcds:statement>
  </dcds:description>
  <dcds:description dcds:resourceId="metametadata">
    <dcds:statement dcds:valueURI="http://voa3r.eu/class/MetaMetadata" dcds:propertyURI="http://www.w3.org/1999/02/22-rdf-syntax-ns#type" />
    <dcds:statement dcds:propertyURI="http://purl.org/dc/terms/identifier">
      <dcds:valueString>oai:orgprints.org:4166</dcds:valueString>
    </dcds:statement>
    <dcds:statement dcds:propertyURI="http://purl.org/dc/terms/type">
      <dcds:literalValueString>voa3r_dcds v1.0</dcds:literalValueString>
    </dcds:statement>
    <dcds:statement dcds:propertyURI="http://purl.org/dc/terms/date">
      <dcds:literalValueString dcds:sesURI="http://purl.org/dc/terms/W3CDTF">2015-09-08</dcds:literalValueString>
    </dcds:statement>
    <dcds:statement dcds:propertyURI="http://purl.org/dc/terms/contributor" dcds:valueRef="metacontributor" />
  </dcds:description>
  <dcds:description dcds:resourceId="metacontributor">
    <dcds:statement dcds:valueURI="http://xmlns.com/foaf/0.1/Agent" dcds:propertyURI="http://www.w3.org/1999/02/22-rdf-syntax-ns#type" />
    <dcds:statement dcds:valueURI="http://xmlns.com/foaf/0.1/Organization" dcds:propertyURI="http://purl.org/dc/terms/type" />
    <dcds:statement dcds:propertyURI="http://xmlns.com/foaf/0.1/name">
      <dcds:literalValueString xml:lang="en">Organic eprints</dcds:literalValueString>
    </dcds:statement>
    <dcds:statement dcds:valueURI="mailto:eprints@orgprints.org" dcds:propertyURI="http://xmlns.com/foaf/0.1/mbox" />
  </dcds:description>
</dcds:descriptionSet>