<dcds:descriptionSet xmlns:dcds="http://purl.org/dc/xmlns/2008/09/01/dc-ds-xml/" xmlns:xsi="http://www.w3.org/2001/XMLSchema-instance" xsi:schemaLocation="http://purl.org/dc/xmlns/2008/09/01/dc-ds-xml/ http://dublincore.org/schemas/xmls/2008/09/01/dc-ds-xml/dcds.xsd">
  <dcds:description dcds:resourceURI="http://orgprints.org/id/eprint/11661">
    <dcds:statement dcds:valueURI="http://voa3r.eu/class/Resource" dcds:propertyURI="http://www.w3.org/1999/02/22-rdf-syntax-ns#type" />
    <dcds:statement dcds:propertyURI="http://purl.org/dc/terms/title">
      <dcds:literalValueString>Die Wirkungen von gesundheitsbezogenen Aussagen (Health Claims) auf das Kaufverhalten: Unterschiede zwischen ökologischen und konventionellen Lebensmitteln</dcds:literalValueString>
    </dcds:statement>
    <dcds:statement dcds:propertyURI="http://purl.org/dc/terms/language" dcds:vesURI="http://purl.org/dc/terms/RFC5646">
      <dcds:valueString />
    </dcds:statement>
    <dcds:statement dcds:propertyURI="http://purl.org/dc/terms/abstract">
      <dcds:literalValueString>Gesundheit ist ein zunehmend wichtiges Thema im Lebensmittelmarkt. Zum einen fühlen sich Konsumenten vermehrt selbst verantwortlich für das knappe Gut ihrer individuellen Gesundheit, zum anderen wird von Seiten des Gesetzgebers und des Verbraucherschutzes versucht, mit Informationen über Ernährung einen positiven Einfluss auf die Gesundheit der Bevölkerung auszuüben. Aus diesen Gründen wird derzeit in der EU, ähnlich wie in einigen Ländern, eine gesetzliche Regelung von gesundheitsbezogenen Angaben auf Lebensmitteln vorbereitet. Nicht erforscht ist jedoch bisher, ob und wie Konsumenten von Öko-Lebensmitteln im Vergleich zu Konsumenten konventioneller Lebensmittel in Deutschland von diesen so genannten ‚Health Claims’ in ihrer Informationssuche und Kaufentscheidung beeinflusst werden. Zur Klärung dieser Fragestellung werden Verbraucher von Öko-Lebensmitteln in einem realitätsnah gestalteten Kaufsimulationsexperiment im Labor vor eine Auswahlentscheidung gestellt und dabei per Videoaufnahme bezüglich ihres Informations­suchverhaltens beobachtet. Anschließend werden die Probanden im mündlichen Interview zu ihrer Entscheidung und ihrer Beurteilung der Informationen befragt. Mit Hilfe psycho- und soziodemografischer Daten werden die Hintergründe des Verhaltens erforscht. Anhand der Ergebnisse eines parallelen DFG-Forschungsprojektes (http://gepris.dfg.de/gepris/) wird das Verhalten der Öko-Konsumenten mit dem Verhalten von Konsumenten konventioneller Lebensmittel verglichen. Insbesondere soll untersucht werden, welchen Beitrag das theoretische Konstrukt des Involvements zur Erklärung des Kaufverhaltens angesichts von Health Claims liefert. Die Erkenntnisse des Projektes sollen als Entscheidungsgrundlage für Akteure der Öko-Lebensmittelbranche dienen. So können die gewonnenen Informationen den Unternehmen dabei helfen, auf den oben angesprochenen Trend im Lebensmittelmarkt angemessen zu reagieren. Das Projekt trägt damit zu einem nachhaltigen Wachstum des Öko-Lebensmittelmarktes bei.</dcds:literalValueString>
    </dcds:statement>
    <dcds:statement dcds:propertyURI="http://purl.org/dc/terms/bibliographicCitation" dcds:vesURI="http://www.openurl.info/registry/">
      <dcds:valueString dcds:sesURI="http://voa3r.eu/terms/EncodedSchema">BibTeX:@misc{orgprints11661,
           title = {Die Wirkungen von gesundheitsbezogenen Aussagen (Health Claims) auf das Kaufverhalten: Unterschiede zwischen {\"o}kologischen und konventionellen Lebensmitteln},
        keywords = {Health claims, {\"O}ko- und konv. Lebensmittel, Kaufverhalten, organic and conventional food, buying behaviour, B{\"O}L, BOEL, FKZ 06OE120},
             url = {http://orgprints.org/11661/},
        abstract = {Gesundheit ist ein zunehmend wichtiges Thema im Lebensmittelmarkt. Zum einen f{\"u}hlen sich Konsumenten vermehrt selbst verantwortlich f{\"u}r das knappe Gut ihrer individuellen Gesundheit, zum anderen wird von Seiten des Gesetzgebers und des Verbraucherschutzes versucht, mit Informationen {\"u}ber Ern{\"a}hrung einen positiven Einfluss auf die Gesundheit der Bev{\"o}lkerung auszu{\"u}ben. Aus diesen Gr{\"u}nden wird derzeit in der EU, {\"a}hnlich wie in einigen L{\"a}ndern, eine gesetzliche Regelung von gesundheitsbezogenen Angaben auf Lebensmitteln vorbereitet. Nicht erforscht ist jedoch bisher, ob und wie Konsumenten von {\"O}ko-Lebensmitteln im Vergleich zu Konsumenten konventioneller Lebensmittel in Deutschland von diesen so genannten ?Health Claims? in ihrer Informationssuche und Kaufentscheidung beeinflusst werden. Zur Kl{\"a}rung dieser Fragestellung werden Verbraucher von {\"O}ko-Lebensmitteln in einem realit{\"a}tsnah gestalteten Kaufsimulationsexperiment im Labor vor eine Auswahlentscheidung gestellt und dabei per Videoaufnahme bez{\"u}glich ihres Informations?suchverhaltens beobachtet. Anschlie{\ss}end werden die Probanden im m{\"u}ndlichen Interview zu ihrer Entscheidung und ihrer Beurteilung der Informationen befragt. Mit Hilfe psycho- und soziodemografischer Daten werden die Hintergr{\"u}nde des Verhaltens erforscht. Anhand der Ergebnisse eines parallelen DFG-Forschungsprojektes (http://gepris.dfg.de/gepris/) wird das Verhalten der {\"O}ko-Konsumenten mit dem Verhalten von Konsumenten konventioneller Lebensmittel verglichen. Insbesondere soll untersucht werden, welchen Beitrag das theoretische Konstrukt des Involvements zur Erkl{\"a}rung des Kaufverhaltens angesichts von Health Claims liefert. Die Erkenntnisse des Projektes sollen als Entscheidungsgrundlage f{\"u}r Akteure der {\"O}ko-Lebensmittelbranche dienen. So k{\"o}nnen die gewonnenen Informationen den Unternehmen dabei helfen, auf den oben angesprochenen Trend im Lebensmittelmarkt angemessen zu reagieren. Das Projekt tr{\"a}gt damit zu einem nachhaltigen Wachstum des {\"O}ko-Lebensmittelmarktes bei.&#xD;
&#xD;
 &#xD;
}
}</dcds:valueString>
    </dcds:statement>
    <dcds:statement dcds:propertyURI="http://purl.org/dc/terms/type" dcds:vesURI="http://voa3r.eu/terms/ResourceType">
      <dcds:valueString>Project</dcds:valueString>
    </dcds:statement>
    <dcds:statement dcds:propertyURI="http://voa3r.eu/terms/reviewStatus" dcds:vesURI="http://voa3r.eu/terms/ReviewStatus">
      <dcds:valueString>NonReviewed</dcds:valueString>
    </dcds:statement>
    <dcds:statement dcds:propertyURI="http://voa3r.eu/terms/publicationStatus" dcds:vesURI="http://voa3r.eu/terms/PublicationStatus">
      <dcds:valueString />
    </dcds:statement>
    <dcds:statement dcds:propertyURI="http://purl.org/dc/terms/subject">
      <dcds:valueString xml:lang="en">Food security, food quality and human health</dcds:valueString>
    </dcds:statement>
    <dcds:statement dcds:propertyURI="http://purl.org/dc/terms/subject">
      <dcds:valueString xml:lang="en">Markets and trade</dcds:valueString>
    </dcds:statement>
    <dcds:statement dcds:propertyURI="http://purl.org/dc/terms/subject">
      <dcds:valueString xml:lang="en">Consumer issues</dcds:valueString>
    </dcds:statement>
    <dcds:statement dcds:valueURI="http://orgprints.org/11661/" dcds:propertyURI="http://www.europeana.eu/schemas/ese/isShownAt" />
    <dcds:statement dcds:propertyURI="http://purl.org/dc/terms/rights">
      <dcds:literalValueString xml:lang="en">ICROFS rights: All of the entries, statements, results etc. contained in the Organic Eprints archive have been compiled by the authors according to their best knowledge and the metadata have been scrupulously checked by the International Centre for Research in Organic Food Systems (ICROFS) and the Research Institute of Organic Agriculture (FiBL). All depositors of eprints have agreed with the Deposit Agreement below. However, the possibility of mistakes can not be ruled out entirely. Therefore, the responsible partners behind Organic Eprints, the archive staff and the depositors are not subject to any obligation and make no guarantees whatsoever regarding any of the statements etc. on this website; neither do they accept responsibility or liability for any possible mistakes contained therein. The links to other websites on the Organic Eprints pages are for informational purposes only. ICROFS, FiBL and the depositors are not responsible for the availability or content of these sites. In addition, providing links to these sites should not be interpreted as endorsement or approval by ICROFS or FiBL.
Deposit Agreement
When depositing an eprint the depositors consents with the following agreement: "In depositing this eprint (a collection of files and associated metadata), I grant Organic Eprints the right to make it permanently available on-line, with open access to all or in accordance with any access restrictions that I have specified. I understand that Organic Eprints does not assume any responsibility if there is any breach of copyright in distributing these files or metadata. For work being deposited by its own first author: I declare that this eprint is my own intellectual property and that I have the right to make it available in Organic Eprints in the manner chosen. For work being deposited by someone other than its first author: I declare that I have gained the proper permissions from someone with the right to make this eprint available in Organic Eprints in the manner chosen - or that the material is in the public domain. Clicking on the deposit button indicates your agreement to these terms."</dcds:literalValueString>
    </dcds:statement>
    <dcds:statement dcds:valueURI="http://purl.org/eprint/accessRights/OpenAccess" dcds:propertyURI="http://purl.org/dc/terms/accessRights" />
    <dcds:statement dcds:propertyURI="http://purl.org/dc/terms/date">
      <dcds:literalValueString dcds:sesURI="http://purl.org/dc/terms/W3CDTF" />
    </dcds:statement>
    <dcds:statement dcds:propertyURI="http://voa3r.eu/terms/hasMetametadata" dcds:valueRef="metametadata" />
  </dcds:description>
  <dcds:description dcds:resourceId="metametadata">
    <dcds:statement dcds:valueURI="http://voa3r.eu/class/MetaMetadata" dcds:propertyURI="http://www.w3.org/1999/02/22-rdf-syntax-ns#type" />
    <dcds:statement dcds:propertyURI="http://purl.org/dc/terms/identifier">
      <dcds:valueString>oai:orgprints.org:11661</dcds:valueString>
    </dcds:statement>
    <dcds:statement dcds:propertyURI="http://purl.org/dc/terms/type">
      <dcds:literalValueString>voa3r_dcds v1.0</dcds:literalValueString>
    </dcds:statement>
    <dcds:statement dcds:propertyURI="http://purl.org/dc/terms/date">
      <dcds:literalValueString dcds:sesURI="http://purl.org/dc/terms/W3CDTF">2015-09-08</dcds:literalValueString>
    </dcds:statement>
    <dcds:statement dcds:propertyURI="http://purl.org/dc/terms/contributor" dcds:valueRef="metacontributor" />
  </dcds:description>
  <dcds:description dcds:resourceId="metacontributor">
    <dcds:statement dcds:valueURI="http://xmlns.com/foaf/0.1/Agent" dcds:propertyURI="http://www.w3.org/1999/02/22-rdf-syntax-ns#type" />
    <dcds:statement dcds:valueURI="http://xmlns.com/foaf/0.1/Organization" dcds:propertyURI="http://purl.org/dc/terms/type" />
    <dcds:statement dcds:propertyURI="http://xmlns.com/foaf/0.1/name">
      <dcds:literalValueString xml:lang="en">Organic eprints</dcds:literalValueString>
    </dcds:statement>
    <dcds:statement dcds:valueURI="mailto:eprints@orgprints.org" dcds:propertyURI="http://xmlns.com/foaf/0.1/mbox" />
  </dcds:description>
</dcds:descriptionSet>