<dcds:descriptionSet xmlns:dcds="http://purl.org/dc/xmlns/2008/09/01/dc-ds-xml/" xmlns:xsi="http://www.w3.org/2001/XMLSchema-instance" xsi:schemaLocation="http://purl.org/dc/xmlns/2008/09/01/dc-ds-xml/ http://dublincore.org/schemas/xmls/2008/09/01/dc-ds-xml/dcds.xsd">
  <dcds:description dcds:resourceURI="http://orgprints.org/id/eprint/5334">
    <dcds:statement dcds:valueURI="http://voa3r.eu/class/Resource" dcds:propertyURI="http://www.w3.org/1999/02/22-rdf-syntax-ns#type" />
    <dcds:statement dcds:propertyURI="http://purl.org/dc/terms/title">
      <dcds:literalValueString>Fleischverarbeitung</dcds:literalValueString>
    </dcds:statement>
    <dcds:statement dcds:propertyURI="http://purl.org/dc/terms/language" dcds:vesURI="http://purl.org/dc/terms/RFC5646">
      <dcds:valueString />
    </dcds:statement>
    <dcds:statement dcds:propertyURI="http://purl.org/dc/terms/abstract">
      <dcds:literalValueString>Tierzucht, Fütterung, Haltung, Management, Transport, Schlachtprozess, Verarbeitung und Lagerung/Handling sind entscheidende Faktoren, die sich auf die innere und äussere Qualität von Fleisch bzw. Fleischprodukten auswirken. Mit dem steigenden Bewusstsein der Konsumentenschaft stellen auch die Produktionsart (Bio, Label, konventionell) und Aspekte wie Gesundheit, Genuss und geographische Herkunft wichtige Kaufkriterien dar. &#xD;
Im Rahmen des Vorprojektes "Fleischverarbeitung" wird auf breiter Basis abgeklärt, welche Problemstellungen in der Fleischverarbeitung von Bedeutung sind. Dabei sind folgende Tendenzen erkennbar:&#xD;
- Mit der züchterisch bedingten Erhöhung des Magerfleischanteils (MFA) werden in der Praxis die Probleme mit der Einhaltung des Fettzahl-Grenzwertes von 62 massiv verschärft. Dessen Überschreitung führt zu bedeutenden Abzügen in den Schlachthöfen und damit zu grossen wirtschaftlichen Einbussen auf der Stufe Produktion. &#xD;
- In der Fleischverarbeitung werden bei der Herstellung von Rohwürsten und Rohpökelwaren oft Starterkulturen eingesetzt. Neben technologischen Verbesserungen gewinnen beim Einsatz von Kulturen auch Aspekte wie die Abgrenzung zu vergleichbaren Fleischprodukten bzw. der Ersatz von Zusatzstoffen an Bedeutung.&#xD;
- Die Authentizität von Fleischprodukten wird heutzutage durch diverse Begleitdokumente während des gesamten Warenflusses nachgewiesen. Im Sinne eines verbesserten Täuschungsschutzes sowie der Rückverfolgbarkeit wird der direkte Nachweis der Echtheit von Fleisch und Fleischerzeugnissen immer wichtiger.&#xD;
- Mit der verstärkten Ausrichtung der Konsumentenschaft auf Bio-Produkte und Regionalität stellt die Entwicklung von neuen Fleischspezialitäten eine besondere Chance dar. Dabei gilt es, den Restriktionen der einzelnen Produktionsrichtungen (z.B. Zusatzstoffe, einzelne Verfahrensschritte) speziell Beachtung zu schenken.&#xD;
- Neuinnovationen im Bereich der Fleischprodukte sind auch in wirtschaftlich schwierigen Zeiten wichtig. Um diese auch ernährungsphysiologisch korrekt beurteilen zu können, sind regelmässige Analysen und Sensorikprüfungen von wichtigen Fleischerzeugnisse vonnöten.&#xD;
- Die Sicherheit von Fleisch- und Fleischprodukten hinsichtlich Keimbelastung und Rückständen ist von grossem öffentlichen Interesse. Diese Aufgabe wird in der Schweiz bereits durch diverse andere Institutionen wahrgenommen wahrgenommen, weshalb die Thematik am ALP nicht prioritär behandelt wird. Allfällige Synergien mit dem Bereich Risk Assessment für Rohmilch sind für die Zukunft durchaus denkbar</dcds:literalValueString>
    </dcds:statement>
    <dcds:statement dcds:propertyURI="http://purl.org/dc/terms/bibliographicCitation" dcds:vesURI="http://www.openurl.info/registry/">
      <dcds:valueString dcds:sesURI="http://voa3r.eu/terms/EncodedSchema">BibTeX:@misc{orgprints5334,
           title = {Fleischverarbeitung},
        keywords = {meat, processing, products, authenticity, fat quality, starter cultures, quality, technology, ripening, composition, contamination, nutrition, health, CH-Projektkategorie-B&#xD;
},
             url = {http://orgprints.org/5334/},
        abstract = {Tierzucht, F{\"u}tterung, Haltung, Management, Transport, Schlachtprozess, Verarbeitung und Lagerung/Handling sind entscheidende Faktoren, die sich auf die innere und {\"a}ussere Qualit{\"a}t von Fleisch bzw. Fleischprodukten auswirken. Mit dem steigenden Bewusstsein der Konsumentenschaft stellen auch die Produktionsart (Bio, Label, konventionell) und Aspekte wie Gesundheit, Genuss und geographische Herkunft wichtige Kaufkriterien dar. &#xD;
Im Rahmen des Vorprojektes "Fleischverarbeitung" wird auf breiter Basis abgekl{\"a}rt, welche Problemstellungen in der Fleischverarbeitung von Bedeutung sind. Dabei sind folgende Tendenzen erkennbar:&#xD;
- Mit der z{\"u}chterisch bedingten Erh{\"o}hung des Magerfleischanteils (MFA) werden in der Praxis die Probleme mit der Einhaltung des Fettzahl-Grenzwertes von 62 massiv versch{\"a}rft. Dessen {\"U}berschreitung f{\"u}hrt zu bedeutenden Abz{\"u}gen in den Schlachth{\"o}fen und damit zu grossen wirtschaftlichen Einbussen auf der Stufe Produktion. &#xD;
- In der Fleischverarbeitung werden bei der Herstellung von Rohw{\"u}rsten und Rohp{\"o}kelwaren oft Starterkulturen eingesetzt. Neben technologischen Verbesserungen gewinnen beim Einsatz von Kulturen auch Aspekte wie die Abgrenzung zu vergleichbaren Fleischprodukten bzw. der Ersatz von Zusatzstoffen an Bedeutung.&#xD;
- Die Authentizit{\"a}t von Fleischprodukten wird heutzutage durch diverse Begleitdokumente w{\"a}hrend des gesamten Warenflusses nachgewiesen. Im Sinne eines verbesserten T{\"a}uschungsschutzes sowie der R{\"u}ckverfolgbarkeit wird der direkte Nachweis der Echtheit von Fleisch und Fleischerzeugnissen immer wichtiger.&#xD;
- Mit der verst{\"a}rkten Ausrichtung der Konsumentenschaft auf Bio-Produkte und Regionalit{\"a}t stellt die Entwicklung von neuen Fleischspezialit{\"a}ten eine besondere Chance dar. Dabei gilt es, den Restriktionen der einzelnen Produktionsrichtungen (z.B. Zusatzstoffe, einzelne Verfahrensschritte) speziell Beachtung zu schenken.&#xD;
- Neuinnovationen im Bereich der Fleischprodukte sind auch in wirtschaftlich schwierigen Zeiten wichtig. Um diese auch ern{\"a}hrungsphysiologisch korrekt beurteilen zu k{\"o}nnen, sind regelm{\"a}ssige Analysen und Sensorikpr{\"u}fungen von wichtigen Fleischerzeugnisse vonn{\"o}ten.&#xD;
- Die Sicherheit von Fleisch- und Fleischprodukten hinsichtlich Keimbelastung und R{\"u}ckst{\"a}nden ist von grossem {\"o}ffentlichen Interesse. Diese Aufgabe wird in der Schweiz bereits durch diverse andere Institutionen wahrgenommen wahrgenommen, weshalb die Thematik am ALP nicht priorit{\"a}r behandelt wird. Allf{\"a}llige Synergien mit dem Bereich Risk Assessment f{\"u}r Rohmilch sind f{\"u}r die Zukunft durchaus denkbar}
}</dcds:valueString>
    </dcds:statement>
    <dcds:statement dcds:propertyURI="http://purl.org/dc/terms/type" dcds:vesURI="http://voa3r.eu/terms/ResourceType">
      <dcds:valueString>Project</dcds:valueString>
    </dcds:statement>
    <dcds:statement dcds:propertyURI="http://voa3r.eu/terms/reviewStatus" dcds:vesURI="http://voa3r.eu/terms/ReviewStatus">
      <dcds:valueString>NonReviewed</dcds:valueString>
    </dcds:statement>
    <dcds:statement dcds:propertyURI="http://voa3r.eu/terms/publicationStatus" dcds:vesURI="http://voa3r.eu/terms/PublicationStatus">
      <dcds:valueString />
    </dcds:statement>
    <dcds:statement dcds:propertyURI="http://purl.org/dc/terms/subject">
      <dcds:valueString xml:lang="en">Food security, food quality and human health</dcds:valueString>
    </dcds:statement>
    <dcds:statement dcds:propertyURI="http://purl.org/dc/terms/subject">
      <dcds:valueString xml:lang="en">Beef cattle</dcds:valueString>
    </dcds:statement>
    <dcds:statement dcds:valueURI="http://orgprints.org/5334/" dcds:propertyURI="http://www.europeana.eu/schemas/ese/isShownAt" />
    <dcds:statement dcds:valueURI="http://orgprints.org/5334/1/Hadorn-2005-Fleischverarbeitung.pdf" dcds:propertyURI="http://www.europeana.eu/schemas/ese/isShownBy" />
    <dcds:statement dcds:propertyURI="http://purl.org/dc/terms/rights">
      <dcds:literalValueString xml:lang="en">ICROFS rights: All of the entries, statements, results etc. contained in the Organic Eprints archive have been compiled by the authors according to their best knowledge and the metadata have been scrupulously checked by the International Centre for Research in Organic Food Systems (ICROFS) and the Research Institute of Organic Agriculture (FiBL). All depositors of eprints have agreed with the Deposit Agreement below. However, the possibility of mistakes can not be ruled out entirely. Therefore, the responsible partners behind Organic Eprints, the archive staff and the depositors are not subject to any obligation and make no guarantees whatsoever regarding any of the statements etc. on this website; neither do they accept responsibility or liability for any possible mistakes contained therein. The links to other websites on the Organic Eprints pages are for informational purposes only. ICROFS, FiBL and the depositors are not responsible for the availability or content of these sites. In addition, providing links to these sites should not be interpreted as endorsement or approval by ICROFS or FiBL.
Deposit Agreement
When depositing an eprint the depositors consents with the following agreement: "In depositing this eprint (a collection of files and associated metadata), I grant Organic Eprints the right to make it permanently available on-line, with open access to all or in accordance with any access restrictions that I have specified. I understand that Organic Eprints does not assume any responsibility if there is any breach of copyright in distributing these files or metadata. For work being deposited by its own first author: I declare that this eprint is my own intellectual property and that I have the right to make it available in Organic Eprints in the manner chosen. For work being deposited by someone other than its first author: I declare that I have gained the proper permissions from someone with the right to make this eprint available in Organic Eprints in the manner chosen - or that the material is in the public domain. Clicking on the deposit button indicates your agreement to these terms."</dcds:literalValueString>
    </dcds:statement>
    <dcds:statement dcds:valueURI="http://purl.org/eprint/accessRights/OpenAccess" dcds:propertyURI="http://purl.org/dc/terms/accessRights" />
    <dcds:statement dcds:propertyURI="http://purl.org/dc/terms/date">
      <dcds:literalValueString dcds:sesURI="http://purl.org/dc/terms/W3CDTF" />
    </dcds:statement>
    <dcds:statement dcds:propertyURI="http://voa3r.eu/terms/hasMetametadata" dcds:valueRef="metametadata" />
  </dcds:description>
  <dcds:description dcds:resourceId="metametadata">
    <dcds:statement dcds:valueURI="http://voa3r.eu/class/MetaMetadata" dcds:propertyURI="http://www.w3.org/1999/02/22-rdf-syntax-ns#type" />
    <dcds:statement dcds:propertyURI="http://purl.org/dc/terms/identifier">
      <dcds:valueString>oai:orgprints.org:5334</dcds:valueString>
    </dcds:statement>
    <dcds:statement dcds:propertyURI="http://purl.org/dc/terms/type">
      <dcds:literalValueString>voa3r_dcds v1.0</dcds:literalValueString>
    </dcds:statement>
    <dcds:statement dcds:propertyURI="http://purl.org/dc/terms/date">
      <dcds:literalValueString dcds:sesURI="http://purl.org/dc/terms/W3CDTF">2015-09-08</dcds:literalValueString>
    </dcds:statement>
    <dcds:statement dcds:propertyURI="http://purl.org/dc/terms/contributor" dcds:valueRef="metacontributor" />
  </dcds:description>
  <dcds:description dcds:resourceId="metacontributor">
    <dcds:statement dcds:valueURI="http://xmlns.com/foaf/0.1/Agent" dcds:propertyURI="http://www.w3.org/1999/02/22-rdf-syntax-ns#type" />
    <dcds:statement dcds:valueURI="http://xmlns.com/foaf/0.1/Organization" dcds:propertyURI="http://purl.org/dc/terms/type" />
    <dcds:statement dcds:propertyURI="http://xmlns.com/foaf/0.1/name">
      <dcds:literalValueString xml:lang="en">Organic eprints</dcds:literalValueString>
    </dcds:statement>
    <dcds:statement dcds:valueURI="mailto:eprints@orgprints.org" dcds:propertyURI="http://xmlns.com/foaf/0.1/mbox" />
  </dcds:description>
</dcds:descriptionSet>