<dcds:descriptionSet xmlns:dcds="http://purl.org/dc/xmlns/2008/09/01/dc-ds-xml/" xmlns:xsi="http://www.w3.org/2001/XMLSchema-instance" xsi:schemaLocation="http://purl.org/dc/xmlns/2008/09/01/dc-ds-xml/ http://dublincore.org/schemas/xmls/2008/09/01/dc-ds-xml/dcds.xsd">
  <dcds:description dcds:resourceURI="http://orgprints.org/id/eprint/18957">
    <dcds:statement dcds:valueURI="http://voa3r.eu/class/Resource" dcds:propertyURI="http://www.w3.org/1999/02/22-rdf-syntax-ns#type" />
    <dcds:statement dcds:propertyURI="http://purl.org/dc/terms/title">
      <dcds:literalValueString xml:lang="da">Stribedyrkning i Danmark</dcds:literalValueString>
    </dcds:statement>
    <dcds:statement dcds:propertyURI="http://purl.org/dc/terms/language" dcds:vesURI="http://purl.org/dc/terms/RFC5646">
      <dcds:valueString>da</dcds:valueString>
    </dcds:statement>
    <dcds:statement dcds:propertyURI="http://purl.org/dc/terms/abstract">
      <dcds:literalValueString xml:lang="da">Målet med stribedyrkning er større udbyttestabilitet med fokus på forebyggelse af næringsstoftab og jorderosion, samt reduceret angreb af sygdomme og skadedyr.&#xD;
Stribedykning er en metode til produktion af fødevarer og  biomasse til energiformål, hvor der tages højde for eventuelle negative effekter på jordens frugtbarhed. Det er et forsøg på i større grad at drage nytte af afgrødediversitet i økologiske sædskifter. Kombinationen af enårige og flerårige afgrøder på samme mark i et stribedyrkningssystem giver mulighed for at øge diversiteten i de nuværende sædskifter. Det vi undersøger er, om økologiske systemer kan vinde ved at øge diversiteten på den enkelte mark ved at introducere afgrøder i striber. Derudover kan markernes topografi og form måske udnyttes bedre til at stimulere positive vekselvirkninger mellem afgrøder, forklarer Henrik Hauggaard-Nielsen, seniorforsker ved Risø DTU, Danmarks Tekniske Universitet i Roskilde.&#xD;
De enårige afgrøder kan både afsættes til energi, foder eller fødevarer. Slæt fra kløvergræsset kan afsættes som biomasse til energi eller til foder. Den flerårige stribe bringer samtidig kvælstof ind i systemet og lagrer kulstof i jorden. Efter tre til fem år skifter de enårige og den flerårige afgrøde plads i systemet. I forsøget indgår striber af vinterug/vintervikke, der veksler med striber af kløvergræs (tv), og tilsvarende majsstriber, der brydes op med kløvergræs (th). Hver stribe i dette system er seks meter bred, svarende til de landbrugsmaskiner der benyttes. &#xD;
Barrieren for, at metoden vinder frem, er, at der skal være en klar motivation for at gå fra en kendt praksis til noget nyt. Mere kulstof i jorden forbedrer frugtbarheden og er også et godt klimatiltag, men det bliver landmanden jo ikke direkte honoreret for i øjeblikket, understreger han. Kigger vi på de økologiske principper er der en klar målsætning om at reducere forbruget af fossil energi, herunder kan det være klogt at fremtidssikre økologisk jordbrug med øget fokus på selvforsyningsgraden. Men vurderes det, at der ikke er sket en betydelig målrettet indsats. &#xD;
Græsset i den flerårige kløvergræsstribe er mere konkurrencedygtig overfor vand og næringsstoffer, primært kvælstof, end den enårige afgrøde, og derfor får græsset adgang til flere næringsstoffer sammenlignet med traditionel dyrkning. Den flerårige afgrøde er meget aggressiv, starter tidligt og det er lidt overraskende, at den er så god til at tømme jordprofilen og forhindre den enårige stribe til at forsyne sig. Det er mest tydeligt i sammenligning med majs, siger seniorforsker Henrik Hauggaard-Nielsen, Danmarks Tekniske Universitet.&#xD;
Strukturforandringer hen mod større marker ses også i det økologiske landbrug, og i stribedyrkningssystemet kan disse store markstørrelser fastholdes. I stedet tilføres mere diversitet inde i marken ved at dele marken op i striber. I økologi er diversitet og selvregulerende effekter vigtige elementer, og afgrødediversitet er helt essentielt for at få et robust økologisk dyrkningssystem. Derfor opløses monokultur på den enkelte mark i striber, og derved er der både diversitet i sædskiftet på ejendomsniveau og også imellem striberne inde i den enkelte mark, forklarer seniorforsker Henrik Hauggaard-Nielsen. I stribedyrkning skal landskab og planteproduktion tænkes sammen, og den fulde effekt opnås først, når landskabet inddrages i placering af afgrødestriberne, påpeger han.</dcds:literalValueString>
    </dcds:statement>
    <dcds:statement dcds:propertyURI="http://purl.org/dc/terms/bibliographicCitation" dcds:vesURI="http://www.openurl.info/registry/">
      <dcds:valueString dcds:sesURI="http://voa3r.eu/terms/EncodedSchema">BibTeX:@misc{orgprints18957,
           month = {January},
           title = {Stribedyrkning i Danmark},
          author = {Henrik Hauggaard-Nielsen},
            year = {2010},
           pages = {8--9},
         journal = {Effektivt Landbrug},
             url = {http://orgprints.org/18957/},
        abstract = {M{\ra}let med stribedyrkning er st{\o}rre udbyttestabilitet med fokus p{\ra} forebyggelse af n{\ae}ringsstoftab og jorderosion, samt reduceret angreb af sygdomme og skadedyr.&#xD;
Stribedykning er en metode til produktion af f{\o}devarer og  biomasse til energiform{\ra}l, hvor der tages h{\o}jde for eventuelle negative effekter p{\ra} jordens frugtbarhed. Det er et fors{\o}g p{\ra} i st{\o}rre grad at drage nytte af afgr{\o}dediversitet i {\o}kologiske s{\ae}dskifter. Kombinationen af en{\ra}rige og fler{\ra}rige afgr{\o}der p{\ra} samme mark i et stribedyrkningssystem giver mulighed for at {\o}ge diversiteten i de nuv{\ae}rende s{\ae}dskifter. Det vi unders{\o}ger er, om {\o}kologiske systemer kan vinde ved at {\o}ge diversiteten p{\ra} den enkelte mark ved at introducere afgr{\o}der i striber. Derudover kan markernes topografi og form m{\ra}ske udnyttes bedre til at stimulere positive vekselvirkninger mellem afgr{\o}der, forklarer Henrik Hauggaard-Nielsen, seniorforsker ved Ris{\o} DTU, Danmarks Tekniske Universitet i Roskilde.&#xD;
De en{\ra}rige afgr{\o}der kan b{\ra}de afs{\ae}ttes til energi, foder eller f{\o}devarer. Sl{\ae}t fra kl{\o}vergr{\ae}sset kan afs{\ae}ttes som biomasse til energi eller til foder. Den fler{\ra}rige stribe bringer samtidig kv{\ae}lstof ind i systemet og lagrer kulstof i jorden. Efter tre til fem {\ra}r skifter de en{\ra}rige og den fler{\ra}rige afgr{\o}de plads i systemet. I fors{\o}get indg{\ra}r striber af vinterug/vintervikke, der veksler med striber af kl{\o}vergr{\ae}s (tv), og tilsvarende majsstriber, der brydes op med kl{\o}vergr{\ae}s (th). Hver stribe i dette system er seks meter bred, svarende til de landbrugsmaskiner der benyttes. &#xD;
Barrieren for, at metoden vinder frem, er, at der skal v{\ae}re en klar motivation for at g{\ra} fra en kendt praksis til noget nyt. Mere kulstof i jorden forbedrer frugtbarheden og er ogs{\ra} et godt klimatiltag, men det bliver landmanden jo ikke direkte honoreret for i {\o}jeblikket, understreger han. Kigger vi p{\ra} de {\o}kologiske principper er der en klar m{\ra}ls{\ae}tning om at reducere forbruget af fossil energi, herunder kan det v{\ae}re klogt at fremtidssikre {\o}kologisk jordbrug med {\o}get fokus p{\ra} selvforsyningsgraden. Men vurderes det, at der ikke er sket en betydelig m{\ra}lrettet indsats. &#xD;
Gr{\ae}sset i den fler{\ra}rige kl{\o}vergr{\ae}sstribe er mere konkurrencedygtig overfor vand og n{\ae}ringsstoffer, prim{\ae}rt kv{\ae}lstof, end den en{\ra}rige afgr{\o}de, og derfor f{\ra}r gr{\ae}sset adgang til flere n{\ae}ringsstoffer sammenlignet med traditionel dyrkning. Den fler{\ra}rige afgr{\o}de er meget aggressiv, starter tidligt og det er lidt overraskende, at den er s{\ra} god til at t{\o}mme jordprofilen og forhindre den en{\ra}rige stribe til at forsyne sig. Det er mest tydeligt i sammenligning med majs, siger seniorforsker Henrik Hauggaard-Nielsen, Danmarks Tekniske Universitet.&#xD;
Strukturforandringer hen mod st{\o}rre marker ses ogs{\ra} i det {\o}kologiske landbrug, og i stribedyrkningssystemet kan disse store markst{\o}rrelser fastholdes. I stedet tilf{\o}res mere diversitet inde i marken ved at dele marken op i striber. I {\o}kologi er diversitet og selvregulerende effekter vigtige elementer, og afgr{\o}dediversitet er helt essentielt for at f{\ra} et robust {\o}kologisk dyrkningssystem. Derfor opl{\o}ses monokultur p{\ra} den enkelte mark i striber, og derved er der b{\ra}de diversitet i s{\ae}dskiftet p{\ra} ejendomsniveau og ogs{\ra} imellem striberne inde i den enkelte mark, forklarer seniorforsker Henrik Hauggaard-Nielsen. I stribedyrkning skal landskab og planteproduktion t{\ae}nkes sammen, og den fulde effekt opn{\ra}s f{\o}rst, n{\ra}r landskabet inddrages i placering af afgr{\o}destriberne, p{\ra}peger han.&#xD;
}
}</dcds:valueString>
    </dcds:statement>
    <dcds:statement dcds:propertyURI="http://purl.org/dc/terms/type" dcds:vesURI="http://voa3r.eu/terms/ResourceType">
      <dcds:valueString>Magazine article</dcds:valueString>
    </dcds:statement>
    <dcds:statement dcds:propertyURI="http://voa3r.eu/terms/reviewStatus" dcds:vesURI="http://voa3r.eu/terms/ReviewStatus">
      <dcds:valueString>Peer Reviewed</dcds:valueString>
    </dcds:statement>
    <dcds:statement dcds:propertyURI="http://voa3r.eu/terms/publicationStatus" dcds:vesURI="http://voa3r.eu/terms/PublicationStatus">
      <dcds:valueString>Published</dcds:valueString>
    </dcds:statement>
    <dcds:statement dcds:propertyURI="http://purl.org/dc/terms/creator" dcds:valueRef="creator1" />
    <dcds:statement dcds:propertyURI="http://purl.org/dc/terms/subject">
      <dcds:valueString xml:lang="en">"Organics" in general</dcds:valueString>
    </dcds:statement>
    <dcds:statement dcds:propertyURI="http://purl.org/dc/terms/subject">
      <dcds:valueString xml:lang="en">Crop combinations and interactions</dcds:valueString>
    </dcds:statement>
    <dcds:statement dcds:propertyURI="http://purl.org/dc/terms/subject">
      <dcds:valueString xml:lang="en">Farm nutrient management</dcds:valueString>
    </dcds:statement>
    <dcds:statement dcds:valueURI="http://orgprints.org/18957/" dcds:propertyURI="http://www.europeana.eu/schemas/ese/isShownAt" />
    <dcds:statement dcds:valueURI="http://orgprints.org/18957/6/18957.pdf" dcds:propertyURI="http://www.europeana.eu/schemas/ese/isShownBy" />
    <dcds:statement dcds:propertyURI="http://purl.org/dc/terms/rights">
      <dcds:literalValueString xml:lang="en">ICROFS rights: All of the entries, statements, results etc. contained in the Organic Eprints archive have been compiled by the authors according to their best knowledge and the metadata have been scrupulously checked by the International Centre for Research in Organic Food Systems (ICROFS) and the Research Institute of Organic Agriculture (FiBL). All depositors of eprints have agreed with the Deposit Agreement below. However, the possibility of mistakes can not be ruled out entirely. Therefore, the responsible partners behind Organic Eprints, the archive staff and the depositors are not subject to any obligation and make no guarantees whatsoever regarding any of the statements etc. on this website; neither do they accept responsibility or liability for any possible mistakes contained therein. The links to other websites on the Organic Eprints pages are for informational purposes only. ICROFS, FiBL and the depositors are not responsible for the availability or content of these sites. In addition, providing links to these sites should not be interpreted as endorsement or approval by ICROFS or FiBL.
Deposit Agreement
When depositing an eprint the depositors consents with the following agreement: "In depositing this eprint (a collection of files and associated metadata), I grant Organic Eprints the right to make it permanently available on-line, with open access to all or in accordance with any access restrictions that I have specified. I understand that Organic Eprints does not assume any responsibility if there is any breach of copyright in distributing these files or metadata. For work being deposited by its own first author: I declare that this eprint is my own intellectual property and that I have the right to make it available in Organic Eprints in the manner chosen. For work being deposited by someone other than its first author: I declare that I have gained the proper permissions from someone with the right to make this eprint available in Organic Eprints in the manner chosen - or that the material is in the public domain. Clicking on the deposit button indicates your agreement to these terms."</dcds:literalValueString>
    </dcds:statement>
    <dcds:statement dcds:valueURI="http://purl.org/eprint/accessRights/OpenAccess" dcds:propertyURI="http://purl.org/dc/terms/accessRights" />
    <dcds:statement dcds:propertyURI="http://purl.org/dc/terms/date">
      <dcds:literalValueString dcds:sesURI="http://purl.org/dc/terms/W3CDTF">2010-01-21</dcds:literalValueString>
    </dcds:statement>
    <dcds:statement dcds:propertyURI="http://voa3r.eu/terms/hasMetametadata" dcds:valueRef="metametadata" />
  </dcds:description>
  <dcds:description dcds:resourceId="creator1">
    <dcds:statement dcds:valueURI="http://xmlns.com/foaf/0.1/Agent" dcds:propertyURI="http://www.w3.org/1999/02/22-rdf-syntax-ns#type" />
    <dcds:statement dcds:valueURI="http://xmlns.com/foaf/0.1/Person" dcds:propertyURI="http://purl.org/dc/terms/type" />
    <dcds:statement dcds:propertyURI="http://xmlns.com/foaf/0.1/givenName">
      <dcds:literalValueString>Henrik</dcds:literalValueString>
    </dcds:statement>
    <dcds:statement dcds:propertyURI="http://xmlns.com/foaf/0.1/firstName">
      <dcds:literalValueString>Henrik</dcds:literalValueString>
    </dcds:statement>
    <dcds:statement dcds:propertyURI="http://xmlns.com/foaf/0.1/familyName">
      <dcds:literalValueString>Hauggaard-Nielsen</dcds:literalValueString>
    </dcds:statement>
    <dcds:statement dcds:propertyURI="http://xmlns.com/foaf/0.1/lastName">
      <dcds:literalValueString>Hauggaard-Nielsen</dcds:literalValueString>
    </dcds:statement>
    <dcds:statement dcds:valueURI="mailto:hnie@risoe.dtu.dk" dcds:propertyURI="http://xmlns.com/foaf/0.1/mbox" />
  </dcds:description>
  <dcds:description dcds:resourceId="metametadata">
    <dcds:statement dcds:valueURI="http://voa3r.eu/class/MetaMetadata" dcds:propertyURI="http://www.w3.org/1999/02/22-rdf-syntax-ns#type" />
    <dcds:statement dcds:propertyURI="http://purl.org/dc/terms/identifier">
      <dcds:valueString>oai:orgprints.org:18957</dcds:valueString>
    </dcds:statement>
    <dcds:statement dcds:propertyURI="http://purl.org/dc/terms/type">
      <dcds:literalValueString>voa3r_dcds v1.0</dcds:literalValueString>
    </dcds:statement>
    <dcds:statement dcds:propertyURI="http://purl.org/dc/terms/date">
      <dcds:literalValueString dcds:sesURI="http://purl.org/dc/terms/W3CDTF">2015-09-08</dcds:literalValueString>
    </dcds:statement>
    <dcds:statement dcds:propertyURI="http://purl.org/dc/terms/contributor" dcds:valueRef="metacontributor" />
  </dcds:description>
  <dcds:description dcds:resourceId="metacontributor">
    <dcds:statement dcds:valueURI="http://xmlns.com/foaf/0.1/Agent" dcds:propertyURI="http://www.w3.org/1999/02/22-rdf-syntax-ns#type" />
    <dcds:statement dcds:valueURI="http://xmlns.com/foaf/0.1/Organization" dcds:propertyURI="http://purl.org/dc/terms/type" />
    <dcds:statement dcds:propertyURI="http://xmlns.com/foaf/0.1/name">
      <dcds:literalValueString xml:lang="en">Organic eprints</dcds:literalValueString>
    </dcds:statement>
    <dcds:statement dcds:valueURI="mailto:eprints@orgprints.org" dcds:propertyURI="http://xmlns.com/foaf/0.1/mbox" />
  </dcds:description>
</dcds:descriptionSet>