<dcds:descriptionSet xmlns:dcds="http://purl.org/dc/xmlns/2008/09/01/dc-ds-xml/" xmlns:xsi="http://www.w3.org/2001/XMLSchema-instance" xsi:schemaLocation="http://purl.org/dc/xmlns/2008/09/01/dc-ds-xml/ http://dublincore.org/schemas/xmls/2008/09/01/dc-ds-xml/dcds.xsd">
  <dcds:description dcds:resourceURI="http://orgprints.org/id/eprint/6938">
    <dcds:statement dcds:valueURI="http://voa3r.eu/class/Resource" dcds:propertyURI="http://www.w3.org/1999/02/22-rdf-syntax-ns#type" />
    <dcds:statement dcds:propertyURI="http://purl.org/dc/terms/title">
      <dcds:literalValueString xml:lang="fr">Comparaison lapin bio lapin standard : Caractéristiques des carcasses et composition chimique de 6 muscles de la cuisse.</dcds:literalValueString>
    </dcds:statement>
    <dcds:statement dcds:propertyURI="http://purl.org/dc/terms/language" dcds:vesURI="http://purl.org/dc/terms/RFC5646">
      <dcds:valueString>fr</dcds:valueString>
    </dcds:statement>
    <dcds:statement dcds:propertyURI="http://purl.org/dc/terms/abstract">
      <dcds:literalValueString xml:lang="fr">Résumé – Les caractéristiques des carcasses et la teneur en eau, lipides et collagène de 6 muscles de la cuisse de lapins produits en élevage conventionnel (lot Standard n=15) et selon le cahier des charges de l’Agriculture Biologique (n=15 mâles : Bio_M, et n=15 femelles Bio_F) sont comparées. Les lapins standard et Bio sont abattus simultanément à 71 jours (2,3 kg) et 105 jours (2,4 kg) respectivement. Le rendement carcasse et la proportion des arrières sont plus élevés tandis que l’adiposité est plus faible chez les lapins Bio que chez les lapins standard. Le rapport muscle sur os n’est pas influencé par le mode d’élevage. Les pertes de jus à la cuisson sont les plus faibles chez les lapins du lot Bio_F et les plus fortes chez les lapins standard. La teneur en eau et la solubilité thermique du collagène des muscles ne diffèrent pas entre lot. La teneur en lipides intramusculaires est plus faible chez les lapins Bio que chez les lapins standard dans les muscles abductor cruralis cranialis, biceps femoris (BF) et semimembranosus (SM). Les valeurs de teneur en eau et ToBEC de l’avant, ainsi que les teneurs en collagène du SM et du vastus lateralis sont plus fortes tandis que les teneurs en lipides du BF et du semitendinosus sont plus faibles chez les Bio_M par rapport aux Bio_F.</dcds:literalValueString>
    </dcds:statement>
    <dcds:statement dcds:propertyURI="http://purl.org/dc/terms/bibliographicCitation" dcds:vesURI="http://www.openurl.info/registry/">
      <dcds:valueString dcds:sesURI="http://voa3r.eu/terms/EncodedSchema">BibTeX:@misc{orgprints6938,
          editor = {Dr G. Bolet},
           title = {Comparaison lapin bio lapin standard : Caract{\'e}ristiques des carcasses et composition chimique de 6 muscles de la cuisse.},
            year = {2003},
         journal = {Proceeding from 10{\`e}mes Journ{\'e}es de la Recherche Cunicole},
        keywords = {rabbit&#xD;
meat quality&#xD;
carcass traits},
             url = {http://orgprints.org/6938/},
        abstract = {R{\'e}sum{\'e} ? Les caract{\'e}ristiques des carcasses et la teneur en eau, lipides et collag{\`e}ne de 6 muscles de la cuisse de lapins produits en {\'e}levage conventionnel (lot Standard n=15) et selon le cahier des charges de l?Agriculture Biologique (n=15 m{\^a}les : Bio\_M, et n=15 femelles Bio\_F) sont compar{\'e}es. Les lapins standard et Bio sont abattus simultan{\'e}ment {\`a} 71 jours (2,3 kg) et 105 jours (2,4 kg) respectivement. Le rendement carcasse et la proportion des arri{\`e}res sont plus {\'e}lev{\'e}s tandis que l?adiposit{\'e} est plus faible chez les lapins Bio que chez les lapins standard. Le rapport muscle sur os n?est pas influenc{\'e} par le mode d?{\'e}levage. Les pertes de jus {\`a} la cuisson sont les plus faibles chez les lapins du lot Bio\_F et les plus fortes chez les lapins standard. La teneur en eau et la solubilit{\'e} thermique du collag{\`e}ne des muscles ne diff{\`e}rent pas entre lot. La teneur en lipides intramusculaires est plus faible chez les lapins Bio que chez les lapins standard dans les muscles abductor cruralis cranialis, biceps femoris (BF) et semimembranosus (SM). Les valeurs de teneur en eau et ToBEC de l?avant, ainsi que les teneurs en collag{\`e}ne du SM et du vastus lateralis sont plus fortes tandis que les teneurs en lipides du BF et du semitendinosus sont plus faibles chez les Bio\_M par rapport aux Bio\_F.}
}</dcds:valueString>
    </dcds:statement>
    <dcds:statement dcds:propertyURI="http://purl.org/dc/terms/type" dcds:vesURI="http://voa3r.eu/terms/ResourceType">
      <dcds:valueString>Conference Proccedings</dcds:valueString>
    </dcds:statement>
    <dcds:statement dcds:propertyURI="http://voa3r.eu/terms/reviewStatus" dcds:vesURI="http://voa3r.eu/terms/ReviewStatus">
      <dcds:valueString>Peer Reviewed</dcds:valueString>
    </dcds:statement>
    <dcds:statement dcds:propertyURI="http://voa3r.eu/terms/publicationStatus" dcds:vesURI="http://voa3r.eu/terms/PublicationStatus">
      <dcds:valueString>Published</dcds:valueString>
    </dcds:statement>
    <dcds:statement dcds:propertyURI="http://id.loc.gov/vocabulary/relators/edt" dcds:valueRef="editor1" />
    <dcds:statement dcds:propertyURI="http://purl.org/dc/terms/subject">
      <dcds:valueString xml:lang="en">Food security, food quality and human health</dcds:valueString>
    </dcds:statement>
    <dcds:statement dcds:valueURI="http://orgprints.org/6938/" dcds:propertyURI="http://www.europeana.eu/schemas/ese/isShownAt" />
    <dcds:statement dcds:valueURI="http://orgprints.org/6938/1/JRC2003_bio1_T22.pdf" dcds:propertyURI="http://www.europeana.eu/schemas/ese/isShownBy" />
    <dcds:statement dcds:propertyURI="http://purl.org/dc/terms/rights">
      <dcds:literalValueString xml:lang="en">ICROFS rights: All of the entries, statements, results etc. contained in the Organic Eprints archive have been compiled by the authors according to their best knowledge and the metadata have been scrupulously checked by the International Centre for Research in Organic Food Systems (ICROFS) and the Research Institute of Organic Agriculture (FiBL). All depositors of eprints have agreed with the Deposit Agreement below. However, the possibility of mistakes can not be ruled out entirely. Therefore, the responsible partners behind Organic Eprints, the archive staff and the depositors are not subject to any obligation and make no guarantees whatsoever regarding any of the statements etc. on this website; neither do they accept responsibility or liability for any possible mistakes contained therein. The links to other websites on the Organic Eprints pages are for informational purposes only. ICROFS, FiBL and the depositors are not responsible for the availability or content of these sites. In addition, providing links to these sites should not be interpreted as endorsement or approval by ICROFS or FiBL.
Deposit Agreement
When depositing an eprint the depositors consents with the following agreement: "In depositing this eprint (a collection of files and associated metadata), I grant Organic Eprints the right to make it permanently available on-line, with open access to all or in accordance with any access restrictions that I have specified. I understand that Organic Eprints does not assume any responsibility if there is any breach of copyright in distributing these files or metadata. For work being deposited by its own first author: I declare that this eprint is my own intellectual property and that I have the right to make it available in Organic Eprints in the manner chosen. For work being deposited by someone other than its first author: I declare that I have gained the proper permissions from someone with the right to make this eprint available in Organic Eprints in the manner chosen - or that the material is in the public domain. Clicking on the deposit button indicates your agreement to these terms."</dcds:literalValueString>
    </dcds:statement>
    <dcds:statement dcds:valueURI="http://purl.org/eprint/accessRights/OpenAccess" dcds:propertyURI="http://purl.org/dc/terms/accessRights" />
    <dcds:statement dcds:propertyURI="http://purl.org/dc/terms/date">
      <dcds:literalValueString dcds:sesURI="http://purl.org/dc/terms/W3CDTF">2003</dcds:literalValueString>
    </dcds:statement>
    <dcds:statement dcds:propertyURI="http://voa3r.eu/terms/hasMetametadata" dcds:valueRef="metametadata" />
  </dcds:description>
  <dcds:description dcds:resourceId="editor1">
    <dcds:statement dcds:valueURI="http://xmlns.com/foaf/0.1/Agent" dcds:propertyURI="http://www.w3.org/1999/02/22-rdf-syntax-ns#type" />
    <dcds:statement dcds:valueURI="http://xmlns.com/foaf/0.1/Person" dcds:propertyURI="http://purl.org/dc/terms/type" />
    <dcds:statement dcds:propertyURI="http://xmlns.com/foaf/0.1/givenName">
      <dcds:literalValueString>G.</dcds:literalValueString>
    </dcds:statement>
    <dcds:statement dcds:propertyURI="http://xmlns.com/foaf/0.1/firstName">
      <dcds:literalValueString>G.</dcds:literalValueString>
    </dcds:statement>
    <dcds:statement dcds:propertyURI="http://xmlns.com/foaf/0.1/familyName">
      <dcds:literalValueString>Bolet</dcds:literalValueString>
    </dcds:statement>
    <dcds:statement dcds:propertyURI="http://xmlns.com/foaf/0.1/lastName">
      <dcds:literalValueString>Bolet</dcds:literalValueString>
    </dcds:statement>
  </dcds:description>
  <dcds:description dcds:resourceId="metametadata">
    <dcds:statement dcds:valueURI="http://voa3r.eu/class/MetaMetadata" dcds:propertyURI="http://www.w3.org/1999/02/22-rdf-syntax-ns#type" />
    <dcds:statement dcds:propertyURI="http://purl.org/dc/terms/identifier">
      <dcds:valueString>oai:orgprints.org:6938</dcds:valueString>
    </dcds:statement>
    <dcds:statement dcds:propertyURI="http://purl.org/dc/terms/type">
      <dcds:literalValueString>voa3r_dcds v1.0</dcds:literalValueString>
    </dcds:statement>
    <dcds:statement dcds:propertyURI="http://purl.org/dc/terms/date">
      <dcds:literalValueString dcds:sesURI="http://purl.org/dc/terms/W3CDTF">2015-09-08</dcds:literalValueString>
    </dcds:statement>
    <dcds:statement dcds:propertyURI="http://purl.org/dc/terms/contributor" dcds:valueRef="metacontributor" />
  </dcds:description>
  <dcds:description dcds:resourceId="metacontributor">
    <dcds:statement dcds:valueURI="http://xmlns.com/foaf/0.1/Agent" dcds:propertyURI="http://www.w3.org/1999/02/22-rdf-syntax-ns#type" />
    <dcds:statement dcds:valueURI="http://xmlns.com/foaf/0.1/Organization" dcds:propertyURI="http://purl.org/dc/terms/type" />
    <dcds:statement dcds:propertyURI="http://xmlns.com/foaf/0.1/name">
      <dcds:literalValueString xml:lang="en">Organic eprints</dcds:literalValueString>
    </dcds:statement>
    <dcds:statement dcds:valueURI="mailto:eprints@orgprints.org" dcds:propertyURI="http://xmlns.com/foaf/0.1/mbox" />
  </dcds:description>
</dcds:descriptionSet>