<dcds:descriptionSet xmlns:dcds="http://purl.org/dc/xmlns/2008/09/01/dc-ds-xml/" xmlns:xsi="http://www.w3.org/2001/XMLSchema-instance" xsi:schemaLocation="http://purl.org/dc/xmlns/2008/09/01/dc-ds-xml/ http://dublincore.org/schemas/xmls/2008/09/01/dc-ds-xml/dcds.xsd">
  <dcds:description dcds:resourceURI="http://orgprints.org/id/eprint/2212">
    <dcds:statement dcds:valueURI="http://voa3r.eu/class/Resource" dcds:propertyURI="http://www.w3.org/1999/02/22-rdf-syntax-ns#type" />
    <dcds:statement dcds:propertyURI="http://purl.org/dc/terms/title">
      <dcds:literalValueString xml:lang="en">Organic plant breeding and propagation: concepts and strategies</dcds:literalValueString>
    </dcds:statement>
    <dcds:statement dcds:propertyURI="http://purl.org/dc/terms/language" dcds:vesURI="http://purl.org/dc/terms/RFC5646">
      <dcds:valueString>en</dcds:valueString>
    </dcds:statement>
    <dcds:statement dcds:propertyURI="http://purl.org/dc/terms/abstract">
      <dcds:literalValueString xml:lang="en">The organic farming system differs fundamentally from conventionally agriculture in the management of soil fertility,weeds,diseases and pests.Organic farmers depend greatly on conventionally bred and produced varieties,but require varieties better adapted to organic farming systems for further optimisation of organic agriculture.This includes a greater need for reliable  varieties contributing to higher yield&#xD;stability.&#xD;In this thesis the concept of naturalness  as applied in organic agriculture is elaborated and used as a guide to develop concepts and strategies for organic plant breeding and propagation.It refers to ecological and ethical principles,including the non-chemical and agro-ecological approach,and also taking the integrity of life into account.&#xD;Based on these approaches the organic farming system is described and a general crop ideotype is defined.In the long run organic agriculture can only gain further progress when the genetic basis is renewed and broadened,and when the selection process is conducted under organic farming conditions.&#xD;For self-fertilisers the concept of (isophenic)line mixture varieties seems most promising,being composed of lines which are phenotypically uniform but genetically heterogeneous.The ability to produce healthy seed under organic conditions should also be included in the variety ideotype.Further research is needed to develop protocols for seed health testing,to assess threshold values for seed-borne diseases and to design organic seed treatments.&#xD;To improve transparency in the discussions on the ethical aspects of organic agriculture concerning the assessment of the suitability of the breeding and propagation techniques,the concept of the intrinsic value and integrity of plants has been elaborated and operationalised.Therefore principles are derived from the relevant characteristics of the nature of plants at four different levels:integrity of life,planttypic integrity,genotypic integrity and phenotypic integrity.Techniques at whole plant or crop level are most in line with these principles,respecting the self-reproductive ability and the reproductive barriers.The concept of integrity of plants can also give direction to the perception of plants in the selection process by the so-called breeder s eye.&#xD;The consequences of the ecological and ethical principles for the concepts and strategies for organic plant breeding and propagation are demonstrated for the case of spring wheat in the Netherlands,including the adaptation and application of the protocol for Value for Cultivation and Use (VCU)testing.The participation of organic farmers with their experiential knowledge and farmer s eye was essential in the development of the spring wheat ideotype,but can also contribute to the selection process of new varieties.&#xD;The proposed organic crop ideotype and variety concept may benefit not only organic farming systems,but in future also conventional systems moving away from high inputs of nutrients and chemical pesticides.</dcds:literalValueString>
    </dcds:statement>
    <dcds:statement dcds:propertyURI="http://purl.org/dc/terms/bibliographicCitation" dcds:vesURI="http://www.openurl.info/registry/">
      <dcds:valueString dcds:sesURI="http://voa3r.eu/terms/EncodedSchema">BibTeX:@phdthesis{orgprints2212,           title = {Organic plant breeding and propagation: concepts and strategies},          school = {Wageningen University,The Netherlands / Louis Bolk Instituut, Netherlands},          author = {Edith Lammerts van Bueren},       publisher = {Louis Bolk Instituut},            year = {2002},          series = {Louis Bolk Instituut Publications},        keywords = {crop ideotype,genetic diversity,integrity of plants,intrinsic value,isophenic line,mixture&#xD;varieties,organic plant breeding,organic farming,organic propagation,participatory plant&#xD;breeding,variety characteristics,seed-borne diseases,seed quality,spring wheat,threshold&#xD;values,variety concept,variety mixtures},             url = {http://orgprints.org/2212/},        abstract = {The organic farming system differs fundamentally from conventionally agriculture in the management of soil fertility,weeds,diseases and pests.Organic farmers depend greatly on conventionally bred and produced varieties,but require varieties better adapted to organic farming systems for further optimisation of organic agriculture.This includes a greater need for ?reliable ? varieties contributing to higher yield&#xD;stability.&#xD;In this thesis the concept of ?naturalness ? as applied in organic agriculture is elaborated and used as a guide to develop concepts and strategies for organic plant breeding and propagation.It refers to ecological and ethical principles,including the non-chemical and agro-ecological approach,and also taking the integrity of life into account.&#xD;Based on these approaches the organic farming system is described and a general crop ideotype is defined.In the long run organic agriculture can only gain further progress when the genetic basis is renewed and broadened,and when the selection process is conducted under organic farming conditions.&#xD;For self-fertilisers the concept of (isophenic)line mixture varieties seems most promising,being composed of lines which are phenotypically uniform but genetically heterogeneous.The ability to produce healthy seed under organic conditions should also be included in the variety ideotype.Further research is needed to develop protocols for seed health testing,to assess threshold values for seed-borne diseases and to design organic seed treatments.&#xD;To improve transparency in the discussions on the ethical aspects of organic agriculture concerning the assessment of the suitability of the breeding and propagation techniques,the concept of the intrinsic value and integrity of plants has been elaborated and operationalised.Therefore principles are derived from the relevant characteristics of the nature of plants at four different levels:integrity of life,planttypic integrity,genotypic integrity and phenotypic integrity.Techniques at whole plant or crop level are most in line with these principles,respecting the self-reproductive ability and the reproductive barriers.The concept of integrity of plants can also give direction to the perception of plants in the selection process by the so-called breeder ?s eye.&#xD;The consequences of the ecological and ethical principles for the concepts and strategies for organic plant breeding and propagation are demonstrated for the case of spring wheat in the Netherlands,including the adaptation and application of the protocol for Value for Cultivation and Use (VCU)testing.The participation of organic farmers with their experiential knowledge and farmer ?s eye was essential in the development of the spring wheat ideotype,but can also contribute to the selection process of new varieties.&#xD;The proposed organic crop ideotype and variety concept may benefit not only organic farming systems,but in future also conventional systems moving away from high inputs of nutrients and chemical pesticides.}}</dcds:valueString>
    </dcds:statement>
    <dcds:statement dcds:propertyURI="http://purl.org/dc/terms/type" dcds:vesURI="http://voa3r.eu/terms/ResourceType">
      <dcds:valueString>Thesis</dcds:valueString>
    </dcds:statement>
    <dcds:statement dcds:propertyURI="http://voa3r.eu/terms/reviewStatus" dcds:vesURI="http://voa3r.eu/terms/ReviewStatus">
      <dcds:valueString>Peer Reviewed</dcds:valueString>
    </dcds:statement>
    <dcds:statement dcds:propertyURI="http://voa3r.eu/terms/publicationStatus" dcds:vesURI="http://voa3r.eu/terms/PublicationStatus">
      <dcds:valueString>Published</dcds:valueString>
    </dcds:statement>
    <dcds:statement dcds:propertyURI="http://purl.org/dc/terms/creator" dcds:valueRef="creator1" />
    <dcds:statement dcds:propertyURI="http://purl.org/dc/terms/publisher" dcds:valueRef="publisher" />
    <dcds:statement dcds:propertyURI="http://purl.org/dc/terms/subject">
      <dcds:valueString xml:lang="en">Breeding, genetics and propagation</dcds:valueString>
    </dcds:statement>
    <dcds:statement dcds:valueURI="http://orgprints.org/2212/" dcds:propertyURI="http://www.europeana.eu/schemas/ese/isShownAt" />
    <dcds:statement dcds:valueURI="http://orgprints.org/2212/1/g36_h1.pdf" dcds:propertyURI="http://purl.org/dc/terms/hasPart">
      <dcds:valueString>/ g36_h1.pdf</dcds:valueString>
    </dcds:statement>
    <dcds:statement dcds:valueURI="http://orgprints.org/2212/2/g36_h4.pdf" dcds:propertyURI="http://purl.org/dc/terms/hasPart">
      <dcds:valueString>/ g36_h4.pdf</dcds:valueString>
    </dcds:statement>
    <dcds:statement dcds:valueURI="http://orgprints.org/2212/3/g36_h8.pdf" dcds:propertyURI="http://purl.org/dc/terms/hasPart">
      <dcds:valueString>/ g36_h8.pdf</dcds:valueString>
    </dcds:statement>
    <dcds:statement dcds:propertyURI="http://purl.org/dc/terms/rights">
      <dcds:literalValueString xml:lang="en">ICROFS rights: All of the entries, statements, results etc. contained in the Organic Eprints archive have been compiled by the authors according to their best knowledge and the metadata have been scrupulously checked by the International Centre for Research in Organic Food Systems (ICROFS) and the Research Institute of Organic Agriculture (FiBL). All depositors of eprints have agreed with the Deposit Agreement below. However, the possibility of mistakes can not be ruled out entirely. Therefore, the responsible partners behind Organic Eprints, the archive staff and the depositors are not subject to any obligation and make no guarantees whatsoever regarding any of the statements etc. on this website; neither do they accept responsibility or liability for any possible mistakes contained therein. The links to other websites on the Organic Eprints pages are for informational purposes only. ICROFS, FiBL and the depositors are not responsible for the availability or content of these sites. In addition, providing links to these sites should not be interpreted as endorsement or approval by ICROFS or FiBL.Deposit AgreementWhen depositing an eprint the depositors consents with the following agreement: "In depositing this eprint (a collection of files and associated metadata), I grant Organic Eprints the right to make it permanently available on-line, with open access to all or in accordance with any access restrictions that I have specified. I understand that Organic Eprints does not assume any responsibility if there is any breach of copyright in distributing these files or metadata. For work being deposited by its own first author: I declare that this eprint is my own intellectual property and that I have the right to make it available in Organic Eprints in the manner chosen. For work being deposited by someone other than its first author: I declare that I have gained the proper permissions from someone with the right to make this eprint available in Organic Eprints in the manner chosen - or that the material is in the public domain. Clicking on the deposit button indicates your agreement to these terms."</dcds:literalValueString>
    </dcds:statement>
    <dcds:statement dcds:valueURI="http://purl.org/eprint/accessRights/OpenAccess" dcds:propertyURI="http://purl.org/dc/terms/accessRights" />
    <dcds:statement dcds:propertyURI="http://purl.org/dc/terms/date">
      <dcds:literalValueString dcds:sesURI="http://purl.org/dc/terms/W3CDTF">2002</dcds:literalValueString>
    </dcds:statement>
    <dcds:statement dcds:propertyURI="http://voa3r.eu/terms/hasMetametadata" dcds:valueRef="metametadata" />
  </dcds:description>
  <dcds:description dcds:resourceId="creator1">
    <dcds:statement dcds:valueURI="http://xmlns.com/foaf/0.1/Agent" dcds:propertyURI="http://www.w3.org/1999/02/22-rdf-syntax-ns#type" />
    <dcds:statement dcds:valueURI="http://xmlns.com/foaf/0.1/Person" dcds:propertyURI="http://purl.org/dc/terms/type" />
    <dcds:statement dcds:propertyURI="http://xmlns.com/foaf/0.1/givenName">
      <dcds:literalValueString>Edith</dcds:literalValueString>
    </dcds:statement>
    <dcds:statement dcds:propertyURI="http://xmlns.com/foaf/0.1/firstName">
      <dcds:literalValueString>Edith</dcds:literalValueString>
    </dcds:statement>
    <dcds:statement dcds:propertyURI="http://xmlns.com/foaf/0.1/familyName">
      <dcds:literalValueString>Lammerts van Bueren</dcds:literalValueString>
    </dcds:statement>
    <dcds:statement dcds:propertyURI="http://xmlns.com/foaf/0.1/lastName">
      <dcds:literalValueString>Lammerts van Bueren</dcds:literalValueString>
    </dcds:statement>
  </dcds:description>
  <dcds:description dcds:resourceId="publisher">
    <dcds:statement dcds:valueURI="http://xmlns.com/foaf/0.1/Agent" dcds:propertyURI="http://www.w3.org/1999/02/22-rdf-syntax-ns#type" />
    <dcds:statement dcds:valueURI="http://xmlns.com/foaf/0.1/Organization" dcds:propertyURI="http://purl.org/dc/terms/type" />
    <dcds:statement dcds:propertyURI="http://xmlns.com/foaf/0.1/name">
      <dcds:literalValueString>Louis Bolk Instituut</dcds:literalValueString>
    </dcds:statement>
  </dcds:description>
  <dcds:description dcds:resourceId="metametadata">
    <dcds:statement dcds:valueURI="http://voa3r.eu/class/MetaMetadata" dcds:propertyURI="http://www.w3.org/1999/02/22-rdf-syntax-ns#type" />
    <dcds:statement dcds:propertyURI="http://purl.org/dc/terms/identifier">
      <dcds:valueString>oai:orgprints.org:2212</dcds:valueString>
    </dcds:statement>
    <dcds:statement dcds:propertyURI="http://purl.org/dc/terms/type">
      <dcds:literalValueString>voa3r_dcds v1.0</dcds:literalValueString>
    </dcds:statement>
    <dcds:statement dcds:propertyURI="http://purl.org/dc/terms/date">
      <dcds:literalValueString dcds:sesURI="http://purl.org/dc/terms/W3CDTF">2015-09-08</dcds:literalValueString>
    </dcds:statement>
    <dcds:statement dcds:propertyURI="http://purl.org/dc/terms/contributor" dcds:valueRef="metacontributor" />
  </dcds:description>
  <dcds:description dcds:resourceId="metacontributor">
    <dcds:statement dcds:valueURI="http://xmlns.com/foaf/0.1/Agent" dcds:propertyURI="http://www.w3.org/1999/02/22-rdf-syntax-ns#type" />
    <dcds:statement dcds:valueURI="http://xmlns.com/foaf/0.1/Organization" dcds:propertyURI="http://purl.org/dc/terms/type" />
    <dcds:statement dcds:propertyURI="http://xmlns.com/foaf/0.1/name">
      <dcds:literalValueString xml:lang="en">Organic eprints</dcds:literalValueString>
    </dcds:statement>
    <dcds:statement dcds:valueURI="mailto:eprints@orgprints.org" dcds:propertyURI="http://xmlns.com/foaf/0.1/mbox" />
  </dcds:description>
</dcds:descriptionSet>