<dcds:descriptionSet xmlns:dcds="http://purl.org/dc/xmlns/2008/09/01/dc-ds-xml/" xmlns:xsi="http://www.w3.org/2001/XMLSchema-instance" xsi:schemaLocation="http://purl.org/dc/xmlns/2008/09/01/dc-ds-xml/ http://dublincore.org/schemas/xmls/2008/09/01/dc-ds-xml/dcds.xsd">
  <dcds:description dcds:resourceURI="http://orgprints.org/id/eprint/28713">
    <dcds:statement dcds:valueURI="http://voa3r.eu/class/Resource" dcds:propertyURI="http://www.w3.org/1999/02/22-rdf-syntax-ns#type" />
    <dcds:statement dcds:propertyURI="http://purl.org/dc/terms/title">
      <dcds:literalValueString xml:lang="en">Evaluation of the EU legislation on organic farming</dcds:literalValueString>
    </dcds:statement>
    <dcds:statement dcds:propertyURI="http://purl.org/dc/terms/language" dcds:vesURI="http://purl.org/dc/terms/RFC5646">
      <dcds:valueString>en</dcds:valueString>
    </dcds:statement>
    <dcds:statement dcds:propertyURI="http://purl.org/dc/terms/abstract">
      <dcds:literalValueString xml:lang="en">Organic farming has been regulated by EU law since the beginning of the 1990s. The uniform EU-wide laws for the production, control, labelling and import of organic products has been revised a number of times since their introduction and were replaced with the current Organic Regulation (EC) 834/2007. In light of the comprehensive legal changes and the growth of the organic industry, the question arises of how effective and relevant the current rules are. For this reason, the relevance and effectiveness of the production, control and labelling regulations, as well as determination with regard to trade with third party countries has been analysed.&#xD;&#xD;The results of the evaluation make clear that the aims and principles of organic farming are essentially well-anchored in the Regulation (EC) 834 2007. In different parts of the regulations however there is a need for adaptation and optimization.&#xD;Since single rules in the regulation can be interpreted differently, EU member states have implement some areas of the legal requirements differently. For this reason, the specific national and regional obligations reflect the aims and principles of organic agriculture to different extents. It is therefore necessary to define individual terms of the regulation more clearly and to draw the regulations more directly to the goals and principles of organic farming.&#xD;Further action is also needed in areas that up to now were not or were only non-specifically regulated. This, for example, includes energy consumption, water use or the farming of natural protection areas. Also, exceptions for the use of conventional production inputs like seeds, feed stuffs or young animals have proven to be problematic. The current rules have not led to a sustainable increase in the availability of these substances in organic quality. Eliminating these exceptions would make the supply of regional production factors more difficult  in particularly in the short-run.&#xD;In addition to the production rules, the Organic Regulation also includes rules on controls. According to the results of the evaluation, the organic control system is generally adequate, but could be optimized. In order to increase the effectiveness of controls, a risk-based approach is an option where the number of control visit is determined by the probability of an infringement. Furthermore in some Member States there are deficits in the supervision of the organic control bodies and information exchange. The identification of weak points also holds true for supervision systems in third countries. In addition, in some of these countries there are deficits in the implementation of specific prevention measures (for example the further training of the farmers), in the supervision of the control bodies in third countries and the follow-up of irregularities by the EU and the Members States.&#xD;The most visible aspect of the regulation for consumers is the labelling of organic products. For this reason, for example, since 2010, organic products are labelled with an EU organic logo in order to increase the visibility of the products in supermarkets throughout the EU. The logo (a stylized leaf of 12 stars on a green background) is however recognizable to only few consumers. In the framework of the evaluation survey only one quarter of the participants knew the meaning of the logo.</dcds:literalValueString>
    </dcds:statement>
    <dcds:statement dcds:propertyURI="http://purl.org/dc/terms/bibliographicCitation" dcds:vesURI="http://www.openurl.info/registry/">
      <dcds:valueString dcds:sesURI="http://voa3r.eu/terms/EncodedSchema">BibTeX:@misc{orgprints28713,          editor = {J{\"u}rn Sanders},           month = {November},           title = {Evaluation of the EU legislation on organic farming},         address = {Germany, Braunschweig},            year = {2013},        keywords = {organic regulation, evaluation, legal frameworks},             url = {http://orgprints.org/28713/},        abstract = {Organic farming has been regulated by EU law since the beginning of the 1990s. The uniform EU-wide laws for the production, control, labelling and import of organic products has been revised a number of times since their introduction and were replaced with the current Organic Regulation (EC) 834/2007. In light of the comprehensive legal changes and the growth of the organic industry, the question arises of how effective and relevant the current rules are. For this reason, the relevance and effectiveness of the production, control and labelling regulations, as well as determination with regard to trade with third party countries has been analysed.&#xD;&#xD;The results of the evaluation make clear that the aims and principles of organic farming are essentially well-anchored in the Regulation (EC) 834 2007. In different parts of the regulations however there is a need for adaptation and optimization.&#xD;Since single rules in the regulation can be interpreted differently, EU member states have implement some areas of the legal requirements differently. For this reason, the specific national and regional obligations reflect the aims and principles of organic agriculture to different extents. It is therefore necessary to define individual terms of the regulation more clearly and to draw the regulations more directly to the goals and principles of organic farming.&#xD;Further action is also needed in areas that up to now were not or were only non-specifically regulated. This, for example, includes energy consumption, water use or the farming of natural protection areas. Also, exceptions for the use of conventional production inputs like seeds, feed stuffs or young animals have proven to be problematic. The current rules have not led to a sustainable increase in the availability of these substances in organic quality. Eliminating these exceptions would make the supply of regional production factors more difficult ? in particularly in the short-run.&#xD;In addition to the production rules, the Organic Regulation also includes rules on controls. According to the results of the evaluation, the organic control system is generally adequate, but could be optimized. In order to increase the effectiveness of controls, a risk-based approach is an option where the number of control visit is determined by the probability of an infringement. Furthermore in some Member States there are deficits in the supervision of the organic control bodies and information exchange. The identification of weak points also holds true for supervision systems in third countries. In addition, in some of these countries there are deficits in the implementation of specific prevention measures (for example the further training of the farmers), in the supervision of the control bodies in third countries and the follow-up of irregularities by the EU and the Members States.&#xD;The most ?visible? aspect of the regulation for consumers is the labelling of organic products. For this reason, for example, since 2010, organic products are labelled with an EU organic logo in order to increase the visibility of the products in supermarkets throughout the EU. The logo (a stylized leaf of 12 stars on a green background) is however recognizable to only few consumers. In the framework of the evaluation survey only one quarter of the participants knew the meaning of the logo.}}</dcds:valueString>
    </dcds:statement>
    <dcds:statement dcds:propertyURI="http://purl.org/dc/terms/type" dcds:vesURI="http://voa3r.eu/terms/ResourceType">
      <dcds:valueString>Research Report</dcds:valueString>
    </dcds:statement>
    <dcds:statement dcds:propertyURI="http://voa3r.eu/terms/reviewStatus" dcds:vesURI="http://voa3r.eu/terms/ReviewStatus">
      <dcds:valueString>Peer Reviewed</dcds:valueString>
    </dcds:statement>
    <dcds:statement dcds:propertyURI="http://voa3r.eu/terms/publicationStatus" dcds:vesURI="http://voa3r.eu/terms/PublicationStatus">
      <dcds:valueString>Published</dcds:valueString>
    </dcds:statement>
    <dcds:statement dcds:propertyURI="http://id.loc.gov/vocabulary/relators/edt" dcds:valueRef="editor1" />
    <dcds:statement dcds:propertyURI="http://purl.org/dc/terms/subject">
      <dcds:valueString xml:lang="en">Europe</dcds:valueString>
    </dcds:statement>
    <dcds:statement dcds:propertyURI="http://purl.org/dc/terms/subject">
      <dcds:valueString xml:lang="en">Regulation</dcds:valueString>
    </dcds:statement>
    <dcds:statement dcds:valueURI="http://aims.fao.org/aos/agrovoc/c_331456" dcds:propertyURI="http://purl.org/dc/terms/subject">
      <dcds:valueString xml:lang="en">legal frameworks</dcds:valueString>
    </dcds:statement>
    <dcds:statement dcds:valueURI="http://orgprints.org/28713/" dcds:propertyURI="http://www.europeana.eu/schemas/ese/isShownAt" />
    <dcds:statement dcds:valueURI="http://orgprints.org/28713/1/Final_StudyReport_%28BlackWhite%29.pdf" dcds:propertyURI="http://www.europeana.eu/schemas/ese/isShownBy" />
    <dcds:statement dcds:propertyURI="http://purl.org/dc/terms/rights">
      <dcds:literalValueString xml:lang="en">ICROFS rights: All of the entries, statements, results etc. contained in the Organic Eprints archive have been compiled by the authors according to their best knowledge and the metadata have been scrupulously checked by the International Centre for Research in Organic Food Systems (ICROFS) and the Research Institute of Organic Agriculture (FiBL). All depositors of eprints have agreed with the Deposit Agreement below. However, the possibility of mistakes can not be ruled out entirely. Therefore, the responsible partners behind Organic Eprints, the archive staff and the depositors are not subject to any obligation and make no guarantees whatsoever regarding any of the statements etc. on this website; neither do they accept responsibility or liability for any possible mistakes contained therein. The links to other websites on the Organic Eprints pages are for informational purposes only. ICROFS, FiBL and the depositors are not responsible for the availability or content of these sites. In addition, providing links to these sites should not be interpreted as endorsement or approval by ICROFS or FiBL.Deposit AgreementWhen depositing an eprint the depositors consents with the following agreement: "In depositing this eprint (a collection of files and associated metadata), I grant Organic Eprints the right to make it permanently available on-line, with open access to all or in accordance with any access restrictions that I have specified. I understand that Organic Eprints does not assume any responsibility if there is any breach of copyright in distributing these files or metadata. For work being deposited by its own first author: I declare that this eprint is my own intellectual property and that I have the right to make it available in Organic Eprints in the manner chosen. For work being deposited by someone other than its first author: I declare that I have gained the proper permissions from someone with the right to make this eprint available in Organic Eprints in the manner chosen - or that the material is in the public domain. Clicking on the deposit button indicates your agreement to these terms."</dcds:literalValueString>
    </dcds:statement>
    <dcds:statement dcds:valueURI="http://purl.org/eprint/accessRights/OpenAccess" dcds:propertyURI="http://purl.org/dc/terms/accessRights" />
    <dcds:statement dcds:propertyURI="http://purl.org/dc/terms/date">
      <dcds:literalValueString dcds:sesURI="http://purl.org/dc/terms/W3CDTF">2013-11</dcds:literalValueString>
    </dcds:statement>
    <dcds:statement dcds:propertyURI="http://voa3r.eu/terms/hasMetametadata" dcds:valueRef="metametadata" />
  </dcds:description>
  <dcds:description dcds:resourceId="editor1">
    <dcds:statement dcds:valueURI="http://xmlns.com/foaf/0.1/Agent" dcds:propertyURI="http://www.w3.org/1999/02/22-rdf-syntax-ns#type" />
    <dcds:statement dcds:valueURI="http://xmlns.com/foaf/0.1/Person" dcds:propertyURI="http://purl.org/dc/terms/type" />
    <dcds:statement dcds:propertyURI="http://xmlns.com/foaf/0.1/givenName">
      <dcds:literalValueString>Jrn</dcds:literalValueString>
    </dcds:statement>
    <dcds:statement dcds:propertyURI="http://xmlns.com/foaf/0.1/firstName">
      <dcds:literalValueString>Jrn</dcds:literalValueString>
    </dcds:statement>
    <dcds:statement dcds:propertyURI="http://xmlns.com/foaf/0.1/familyName">
      <dcds:literalValueString>Sanders</dcds:literalValueString>
    </dcds:statement>
    <dcds:statement dcds:propertyURI="http://xmlns.com/foaf/0.1/lastName">
      <dcds:literalValueString>Sanders</dcds:literalValueString>
    </dcds:statement>
    <dcds:statement dcds:valueURI="mailto:juern.sanders@ti.bund.de" dcds:propertyURI="http://xmlns.com/foaf/0.1/mbox" />
  </dcds:description>
  <dcds:description dcds:resourceId="metametadata">
    <dcds:statement dcds:valueURI="http://voa3r.eu/class/MetaMetadata" dcds:propertyURI="http://www.w3.org/1999/02/22-rdf-syntax-ns#type" />
    <dcds:statement dcds:propertyURI="http://purl.org/dc/terms/identifier">
      <dcds:valueString>oai:orgprints.org:28713</dcds:valueString>
    </dcds:statement>
    <dcds:statement dcds:propertyURI="http://purl.org/dc/terms/type">
      <dcds:literalValueString>voa3r_dcds v1.0</dcds:literalValueString>
    </dcds:statement>
    <dcds:statement dcds:propertyURI="http://purl.org/dc/terms/date">
      <dcds:literalValueString dcds:sesURI="http://purl.org/dc/terms/W3CDTF">2015-09-08</dcds:literalValueString>
    </dcds:statement>
    <dcds:statement dcds:propertyURI="http://purl.org/dc/terms/contributor" dcds:valueRef="metacontributor" />
  </dcds:description>
  <dcds:description dcds:resourceId="metacontributor">
    <dcds:statement dcds:valueURI="http://xmlns.com/foaf/0.1/Agent" dcds:propertyURI="http://www.w3.org/1999/02/22-rdf-syntax-ns#type" />
    <dcds:statement dcds:valueURI="http://xmlns.com/foaf/0.1/Organization" dcds:propertyURI="http://purl.org/dc/terms/type" />
    <dcds:statement dcds:propertyURI="http://xmlns.com/foaf/0.1/name">
      <dcds:literalValueString xml:lang="en">Organic eprints</dcds:literalValueString>
    </dcds:statement>
    <dcds:statement dcds:valueURI="mailto:eprints@orgprints.org" dcds:propertyURI="http://xmlns.com/foaf/0.1/mbox" />
  </dcds:description>
</dcds:descriptionSet>