<dcds:descriptionSet xmlns:dcds="http://purl.org/dc/xmlns/2008/09/01/dc-ds-xml/" xmlns:xsi="http://www.w3.org/2001/XMLSchema-instance" xsi:schemaLocation="http://purl.org/dc/xmlns/2008/09/01/dc-ds-xml/ http://dublincore.org/schemas/xmls/2008/09/01/dc-ds-xml/dcds.xsd">
  <dcds:description dcds:resourceURI="http://orgprints.org/id/eprint/19190">
    <dcds:statement dcds:valueURI="http://voa3r.eu/class/Resource" dcds:propertyURI="http://www.w3.org/1999/02/22-rdf-syntax-ns#type" />
    <dcds:statement dcds:propertyURI="http://purl.org/dc/terms/title">
      <dcds:literalValueString>Kupferminimierungs- und Vermeidungsstrategien im ökologischen Kartoffelbau (Verbundvorhaben)</dcds:literalValueString>
    </dcds:statement>
    <dcds:statement dcds:propertyURI="http://purl.org/dc/terms/language" dcds:vesURI="http://purl.org/dc/terms/RFC5646">
      <dcds:valueString />
    </dcds:statement>
    <dcds:statement dcds:propertyURI="http://purl.org/dc/terms/abstract">
      <dcds:literalValueString>Das hier beschriebene Projekt ist Teil eines Verbundvorhabens, das folgende Teilprojekte umfasst: FKZ 09OE045, FKZ 09OE114.&#xD;
Alle in Organic Eprints archivierten Projektbeschreibungen und Veröffentlichungen zu diesem Verbundvorhaben finden Sie unter folgendem Link: http://orgprints.org/cgi/saved_search?savedsearchid=1345. &#xD;
Im Mittelpunkt des Projekts steht die Regulierung der Kraut- und Knollenfäule (Phytophthora infestans) im ökologischen Kartoffelanbau durch den Einsatz reduzierter Kupfermengen. Wesentliches Ziel ist, pflanzenbauliche und phytopathologische Methoden so weiter zu entwickeln, dass Phytophthora-Infektionen vermieden bzw. zeitlich stark hinausgezögert werden und eine direkte Behandlung des Pathogens in Häufigkeit und Mitteleinsatz reduziert werden kann. Ausgangspunkt für diesen Ansatz ist die Erkenntnis, dass die Phytophthora-Infektion bei Kartoffeln meistens von latent befallenem Pflanzgut ausgeht.&#xD;
Es werden technische und pflanzenbauliche Maßnahmen entwickelt und geprüft, die die Vorbelastung reduzieren bzw. die Widerstandsfähigkeit der Kartoffel erhöhen. Dazu gehören Techniken der Pflanzgutbeizung mit alternativen Mitteln sowie geringeren Cu-Aufwandmengen und die Vorbereitung des Pflanzbeets durch glucosinolatreiche Brassicaceen, die das antiphytopathogene Potential des Standortes erhöhen. Durch die Testung von Pflanzenextrakten und Pflanzenstärkungsmitteln auf ihre Wirkung gegen Phytophthora infestans sollen Alternativen oder Ergänzungen zu kupferhaltigen Beizmitteln gefunden werden. Weiterhin werden auch reduzierte Kupferformulierungen getestet. Die Erfolgskontrolle erfolgt durch Bonitierungen, Ertragsbestimmungen und Nachweis latenter Infektionen mittel PCR-Technik.&#xD;
Angaben zur Finanzierung des Projekts finden Sie im Förderkatalog des Bundes unter http://foerderportal.bund.de/foekat/jsp/StartAction.do. Bitte geben Sie in das Suchfeld eine 28 plus das Förderkennzeichen (FKZ) des BÖLN-Projektes ein, z.B. 2808OE212 für das BÖLN-Projekt mit der FKZ 08OE212.</dcds:literalValueString>
    </dcds:statement>
    <dcds:statement dcds:propertyURI="http://purl.org/dc/terms/bibliographicCitation" dcds:vesURI="http://www.openurl.info/registry/">
      <dcds:valueString dcds:sesURI="http://voa3r.eu/terms/EncodedSchema">BibTeX:@misc{orgprints19190,
           title = {Kupferminimierungs- und Vermeidungsstrategien im {\"o}kologischen Kartoffelbau (Verbundvorhaben)},
        keywords = {B{\"O}L, BOEL, B{\"O}LN, BOELN, FKZ 09OE045, FKZ 09OE114, {\"o}kologischer Kartoffelanbau, Kraut- und Knollenf{\"a}ule, Phytophthora infestans, Kupfer},
             url = {http://orgprints.org/19190/},
        abstract = {Das hier beschriebene Projekt ist Teil eines Verbundvorhabens, das folgende Teilprojekte umfasst: FKZ 09OE045, FKZ 09OE114.&#xD;
Alle in Organic Eprints archivierten Projektbeschreibungen und Ver{\"o}ffentlichungen zu diesem Verbundvorhaben finden Sie unter folgendem Link: http://orgprints.org/cgi/saved\_search?savedsearchid=1345. &#xD;
Im Mittelpunkt des Projekts steht die Regulierung der Kraut- und Knollenf{\"a}ule (Phytophthora infestans) im {\"o}kologischen Kartoffelanbau durch den Einsatz reduzierter Kupfermengen. Wesentliches Ziel ist, pflanzenbauliche und phytopathologische Methoden so weiter zu entwickeln, dass Phytophthora-Infektionen vermieden bzw. zeitlich stark hinausgez{\"o}gert werden und eine direkte Behandlung des Pathogens in H{\"a}ufigkeit und Mitteleinsatz reduziert werden kann. Ausgangspunkt f{\"u}r diesen Ansatz ist die Erkenntnis, dass die Phytophthora-Infektion bei Kartoffeln meistens von latent befallenem Pflanzgut ausgeht.&#xD;
Es werden technische und pflanzenbauliche Ma{\ss}nahmen entwickelt und gepr{\"u}ft, die die Vorbelastung reduzieren bzw. die Widerstandsf{\"a}higkeit der Kartoffel erh{\"o}hen. Dazu geh{\"o}ren Techniken der Pflanzgutbeizung mit alternativen Mitteln sowie geringeren Cu-Aufwandmengen und die Vorbereitung des Pflanzbeets durch glucosinolatreiche Brassicaceen, die das antiphytopathogene Potential des Standortes erh{\"o}hen. Durch die Testung von Pflanzenextrakten und Pflanzenst{\"a}rkungsmitteln auf ihre Wirkung gegen Phytophthora infestans sollen Alternativen oder Erg{\"a}nzungen zu kupferhaltigen Beizmitteln gefunden werden. Weiterhin werden auch reduzierte Kupferformulierungen getestet. Die Erfolgskontrolle erfolgt durch Bonitierungen, Ertragsbestimmungen und Nachweis latenter Infektionen mittel PCR-Technik.&#xD;
Angaben zur Finanzierung des Projekts finden Sie im F{\"o}rderkatalog des Bundes unter http://foerderportal.bund.de/foekat/jsp/StartAction.do. Bitte geben Sie in das Suchfeld eine 28 plus das F{\"o}rderkennzeichen (FKZ) des B{\"O}LN-Projektes ein, z.B. 2808OE212 f{\"u}r das B{\"O}LN-Projekt mit der FKZ 08OE212.}
}</dcds:valueString>
    </dcds:statement>
    <dcds:statement dcds:propertyURI="http://purl.org/dc/terms/type" dcds:vesURI="http://voa3r.eu/terms/ResourceType">
      <dcds:valueString>Project</dcds:valueString>
    </dcds:statement>
    <dcds:statement dcds:propertyURI="http://voa3r.eu/terms/reviewStatus" dcds:vesURI="http://voa3r.eu/terms/ReviewStatus">
      <dcds:valueString>NonReviewed</dcds:valueString>
    </dcds:statement>
    <dcds:statement dcds:propertyURI="http://voa3r.eu/terms/publicationStatus" dcds:vesURI="http://voa3r.eu/terms/PublicationStatus">
      <dcds:valueString />
    </dcds:statement>
    <dcds:statement dcds:propertyURI="http://purl.org/dc/terms/subject">
      <dcds:valueString xml:lang="en">Crop combinations and interactions</dcds:valueString>
    </dcds:statement>
    <dcds:statement dcds:propertyURI="http://purl.org/dc/terms/subject">
      <dcds:valueString xml:lang="en">Crop health, quality, protection</dcds:valueString>
    </dcds:statement>
    <dcds:statement dcds:propertyURI="http://purl.org/dc/terms/subject">
      <dcds:valueString xml:lang="en">Root crops</dcds:valueString>
    </dcds:statement>
    <dcds:statement dcds:valueURI="http://orgprints.org/19190/" dcds:propertyURI="http://www.europeana.eu/schemas/ese/isShownAt" />
    <dcds:statement dcds:propertyURI="http://purl.org/dc/terms/rights">
      <dcds:literalValueString xml:lang="en">ICROFS rights: All of the entries, statements, results etc. contained in the Organic Eprints archive have been compiled by the authors according to their best knowledge and the metadata have been scrupulously checked by the International Centre for Research in Organic Food Systems (ICROFS) and the Research Institute of Organic Agriculture (FiBL). All depositors of eprints have agreed with the Deposit Agreement below. However, the possibility of mistakes can not be ruled out entirely. Therefore, the responsible partners behind Organic Eprints, the archive staff and the depositors are not subject to any obligation and make no guarantees whatsoever regarding any of the statements etc. on this website; neither do they accept responsibility or liability for any possible mistakes contained therein. The links to other websites on the Organic Eprints pages are for informational purposes only. ICROFS, FiBL and the depositors are not responsible for the availability or content of these sites. In addition, providing links to these sites should not be interpreted as endorsement or approval by ICROFS or FiBL.
Deposit Agreement
When depositing an eprint the depositors consents with the following agreement: "In depositing this eprint (a collection of files and associated metadata), I grant Organic Eprints the right to make it permanently available on-line, with open access to all or in accordance with any access restrictions that I have specified. I understand that Organic Eprints does not assume any responsibility if there is any breach of copyright in distributing these files or metadata. For work being deposited by its own first author: I declare that this eprint is my own intellectual property and that I have the right to make it available in Organic Eprints in the manner chosen. For work being deposited by someone other than its first author: I declare that I have gained the proper permissions from someone with the right to make this eprint available in Organic Eprints in the manner chosen - or that the material is in the public domain. Clicking on the deposit button indicates your agreement to these terms."</dcds:literalValueString>
    </dcds:statement>
    <dcds:statement dcds:valueURI="http://purl.org/eprint/accessRights/OpenAccess" dcds:propertyURI="http://purl.org/dc/terms/accessRights" />
    <dcds:statement dcds:propertyURI="http://purl.org/dc/terms/date">
      <dcds:literalValueString dcds:sesURI="http://purl.org/dc/terms/W3CDTF" />
    </dcds:statement>
    <dcds:statement dcds:propertyURI="http://voa3r.eu/terms/hasMetametadata" dcds:valueRef="metametadata" />
  </dcds:description>
  <dcds:description dcds:resourceId="metametadata">
    <dcds:statement dcds:valueURI="http://voa3r.eu/class/MetaMetadata" dcds:propertyURI="http://www.w3.org/1999/02/22-rdf-syntax-ns#type" />
    <dcds:statement dcds:propertyURI="http://purl.org/dc/terms/identifier">
      <dcds:valueString>oai:orgprints.org:19190</dcds:valueString>
    </dcds:statement>
    <dcds:statement dcds:propertyURI="http://purl.org/dc/terms/type">
      <dcds:literalValueString>voa3r_dcds v1.0</dcds:literalValueString>
    </dcds:statement>
    <dcds:statement dcds:propertyURI="http://purl.org/dc/terms/date">
      <dcds:literalValueString dcds:sesURI="http://purl.org/dc/terms/W3CDTF">2015-09-08</dcds:literalValueString>
    </dcds:statement>
    <dcds:statement dcds:propertyURI="http://purl.org/dc/terms/contributor" dcds:valueRef="metacontributor" />
  </dcds:description>
  <dcds:description dcds:resourceId="metacontributor">
    <dcds:statement dcds:valueURI="http://xmlns.com/foaf/0.1/Agent" dcds:propertyURI="http://www.w3.org/1999/02/22-rdf-syntax-ns#type" />
    <dcds:statement dcds:valueURI="http://xmlns.com/foaf/0.1/Organization" dcds:propertyURI="http://purl.org/dc/terms/type" />
    <dcds:statement dcds:propertyURI="http://xmlns.com/foaf/0.1/name">
      <dcds:literalValueString xml:lang="en">Organic eprints</dcds:literalValueString>
    </dcds:statement>
    <dcds:statement dcds:valueURI="mailto:eprints@orgprints.org" dcds:propertyURI="http://xmlns.com/foaf/0.1/mbox" />
  </dcds:description>
</dcds:descriptionSet>