<dcds:descriptionSet xmlns:dcds="http://purl.org/dc/xmlns/2008/09/01/dc-ds-xml/" xmlns:xsi="http://www.w3.org/2001/XMLSchema-instance" xsi:schemaLocation="http://purl.org/dc/xmlns/2008/09/01/dc-ds-xml/ http://dublincore.org/schemas/xmls/2008/09/01/dc-ds-xml/dcds.xsd">
  <dcds:description dcds:resourceURI="http://orgprints.org/id/eprint/3246">
    <dcds:statement dcds:valueURI="http://voa3r.eu/class/Resource" dcds:propertyURI="http://www.w3.org/1999/02/22-rdf-syntax-ns#type" />
    <dcds:statement dcds:propertyURI="http://purl.org/dc/terms/title">
      <dcds:literalValueString xml:lang="da">Strategier til giftfri bekmpelse af rotter og mus</dcds:literalValueString>
    </dcds:statement>
    <dcds:statement dcds:propertyURI="http://purl.org/dc/terms/language" dcds:vesURI="http://purl.org/dc/terms/RFC5646">
      <dcds:valueString>da</dcds:valueString>
    </dcds:statement>
    <dcds:statement dcds:propertyURI="http://purl.org/dc/terms/abstract">
      <dcds:literalValueString xml:lang="da">I nrvrende delprojekt er frste fase en kortlgning, der identificerer de faktorer i systemer med udendrs svineproduktion i Danmark, som kan have betydning for forekomst af potentielle skadedyr og problemer i den forbindelse. Kortlgningen er blevet udfrt i form af en sprgeskemaundersgelse. P grundlag af kortlgningen gennemfres efterflgende en detaljeret beskrivelse af rotters (og eventuelle andre gnaveres) kologi i to udvalgte kologiske svinebedrifter, og der skal udarbejdes strategier til bekmpelse af gnavere med fokus p rotter. &#xD;&#xD;I sprgeskemaet blev der spurgt om forekomst af og problemer med evt. skadedyr blandt pattedyr, fugle og insekter/mider. I denne rapport fokuseres p gnaverne og med hovedvgt p rotterne. Baggrunden for dette er, at der iflge EU-bestemmelser kun m bruges gift, hvis det kan sikres, at den ikke indgr i fdekden. Grise kan godt de rotter og mus. Iflge dansk lovgivning skal rotter bekmpes overalt, og i vrigt er bekmpelsen et kommunalt anliggende (se Miljbeskyttelsesloven 2001). Rotter og mus kan overfre smitte (f.eks. Salmonella, Leptospira, Yersinia, Erysipelothrix rhusiopathiae (rdsygebakterien) og Brachyspira hyodysenteria) (Feenstra., et al 2000; Gratz, 1994) til svinene, s alene af den grund kan der vre en berettiget grund til at foretage bekmpelse. Rottebekmpelse skal udfres af autoriserede personer, mens musebekmpelse kan udfres af landmanden selv. &#xD;&#xD;En stigende bestand af rotter (eller mus) vil utvivlsomt medfre betydelige risici for smitte med ovennvnte sygdomme. Traditionel bekmpelse med gift er unsket i kologisk husdyrproduktion. Det er derfor vigtigt, at der udvikles effektive, men giftfrie strategier til bekmpelse af gnavere i kologisk svineproduktion. Viden om de faktorer, der pvirker niveauet af rotter i kologisk svineproduktion, er meget mangelfuld.&#xD; &#xD;I kologisk landbrug er brug af antikoagulanter til rottebekmpelse tilladt under visse forudstninger. Uanset hvem der udfrer rotte- eller musebekmpelse, er der en skjult konflikt, s snart der anvendes kemisk bekmpelse.</dcds:literalValueString>
    </dcds:statement>
    <dcds:statement dcds:propertyURI="http://purl.org/dc/terms/bibliographicCitation" dcds:vesURI="http://www.openurl.info/registry/">
      <dcds:valueString dcds:sesURI="http://voa3r.eu/terms/EncodedSchema">BibTeX:@misc{orgprints3246,          editor = {Jan Tind S{\o}rensen},           title = {Strategier til giftfri bek{\ae}mpelse af rotter og mus},          author = {Jens Lodal and Mette Knorr and Herwig Leirs},            year = {2004},          series = {F{\O}JO Intern rapport},           pages = {27--34},         journal = {Produktionsstyring med fokus p{\ra} husdyrsundhed og f{\o}devaresikkerhed i {\o}kologiske svinebes{\ae}tninger: Rapport fra workshop afholdt p{\ra} Hotel Bygholm Park 23. april 2003},        keywords = {{\o}kologisk svineproduktion; forekomst af skadedyr; forekomst af gnavere; produktionssystem; forebyggelse af problemer med mus og rotter },             url = {http://orgprints.org/3246/},        abstract = {I n{\ae}rv{\ae}rende delprojekt er f{\o}rste fase en kortl{\ae}gning, der identificerer de faktorer i systemer med udend{\o}rs svineproduktion i Danmark, som kan have betydning for forekomst af potentielle skadedyr og problemer i den forbindelse. Kortl{\ae}gningen er blevet udf{\o}rt i form af en sp{\o}rgeskemaunders{\o}gelse. P{\ra} grundlag af kortl{\ae}gningen gennemf{\o}res efterf{\o}lgende en detaljeret beskrivelse af rotters (og eventuelle andre gnaveres) {\o}kologi i to udvalgte {\o}kologiske svinebedrifter, og der skal udarbejdes strategier til bek{\ae}mpelse af gnavere med fokus p{\ra} rotter. &#xD;&#xD;I sp{\o}rgeskemaet blev der spurgt om forekomst af og problemer med evt. skadedyr blandt pattedyr, fugle og insekter/mider. I denne rapport fokuseres p{\ra} gnaverne og med hovedv{\ae}gt p{\ra} rotterne. Baggrunden for dette er, at der if{\o}lge EU-bestemmelser kun m{\ra} bruges gift, hvis det kan sikres, at den ikke indg{\ra}r i f{\o}dek{\ae}den. Grise kan godt {\ae}de rotter og mus. If{\o}lge dansk lovgivning skal rotter bek{\ae}mpes overalt, og i {\o}vrigt er bek{\ae}mpelsen et kommunalt anliggende (se Milj{\o}beskyttelsesloven 2001). Rotter og mus kan overf{\o}re smitte (f.eks. Salmonella, Leptospira, Yersinia, Erysipelothrix rhusiopathiae (r{\o}dsygebakterien) og Brachyspira hyodysenteria) (Feenstra., et al 2000; Gratz, 1994) til svinene, s{\ra} alene af den grund kan der v{\ae}re en berettiget grund til at foretage bek{\ae}mpelse. Rottebek{\ae}mpelse skal udf{\o}res af autoriserede personer, mens musebek{\ae}mpelse kan udf{\o}res af landmanden selv. &#xD;&#xD;En stigende bestand af rotter (eller mus) vil utvivlsomt medf{\o}re betydelige risici for smitte med ovenn{\ae}vnte sygdomme. Traditionel bek{\ae}mpelse med gift er u{\o}nsket i {\o}kologisk husdyrproduktion. Det er derfor vigtigt, at der udvikles effektive, men giftfrie strategier til bek{\ae}mpelse af gnavere i {\o}kologisk svineproduktion. Viden om de faktorer, der p{\ra}virker niveauet af rotter i {\o}kologisk svineproduktion, er meget mangelfuld.&#xD; &#xD;I {\o}kologisk landbrug er brug af antikoagulanter til rottebek{\ae}mpelse tilladt under visse foruds{\ae}tninger. Uanset hvem der udf{\o}rer rotte- eller musebek{\ae}mpelse, er der en skjult konflikt, s{\ra} snart der anvendes kemisk bek{\ae}mpelse.  }}</dcds:valueString>
    </dcds:statement>
    <dcds:statement dcds:propertyURI="http://purl.org/dc/terms/type" dcds:vesURI="http://voa3r.eu/terms/ResourceType">
      <dcds:valueString>Research Report</dcds:valueString>
    </dcds:statement>
    <dcds:statement dcds:propertyURI="http://voa3r.eu/terms/reviewStatus" dcds:vesURI="http://voa3r.eu/terms/ReviewStatus">
      <dcds:valueString>Peer Reviewed</dcds:valueString>
    </dcds:statement>
    <dcds:statement dcds:propertyURI="http://voa3r.eu/terms/publicationStatus" dcds:vesURI="http://voa3r.eu/terms/PublicationStatus">
      <dcds:valueString>Published</dcds:valueString>
    </dcds:statement>
    <dcds:statement dcds:propertyURI="http://purl.org/dc/terms/creator" dcds:valueRef="creator1" />
    <dcds:statement dcds:propertyURI="http://purl.org/dc/terms/creator" dcds:valueRef="creator2" />
    <dcds:statement dcds:propertyURI="http://purl.org/dc/terms/creator" dcds:valueRef="creator3" />
    <dcds:statement dcds:propertyURI="http://id.loc.gov/vocabulary/relators/edt" dcds:valueRef="editor1" />
    <dcds:statement dcds:propertyURI="http://purl.org/dc/terms/subject">
      <dcds:valueString xml:lang="en">Pigs</dcds:valueString>
    </dcds:statement>
    <dcds:statement dcds:valueURI="http://orgprints.org/3246/" dcds:propertyURI="http://www.europeana.eu/schemas/ese/isShownAt" />
    <dcds:statement dcds:valueURI="http://orgprints.org/3246/1/3246.pdf" dcds:propertyURI="http://www.europeana.eu/schemas/ese/isShownBy" />
    <dcds:statement dcds:propertyURI="http://purl.org/dc/terms/rights">
      <dcds:literalValueString xml:lang="en">ICROFS rights: All of the entries, statements, results etc. contained in the Organic Eprints archive have been compiled by the authors according to their best knowledge and the metadata have been scrupulously checked by the International Centre for Research in Organic Food Systems (ICROFS) and the Research Institute of Organic Agriculture (FiBL). All depositors of eprints have agreed with the Deposit Agreement below. However, the possibility of mistakes can not be ruled out entirely. Therefore, the responsible partners behind Organic Eprints, the archive staff and the depositors are not subject to any obligation and make no guarantees whatsoever regarding any of the statements etc. on this website; neither do they accept responsibility or liability for any possible mistakes contained therein. The links to other websites on the Organic Eprints pages are for informational purposes only. ICROFS, FiBL and the depositors are not responsible for the availability or content of these sites. In addition, providing links to these sites should not be interpreted as endorsement or approval by ICROFS or FiBL.Deposit AgreementWhen depositing an eprint the depositors consents with the following agreement: "In depositing this eprint (a collection of files and associated metadata), I grant Organic Eprints the right to make it permanently available on-line, with open access to all or in accordance with any access restrictions that I have specified. I understand that Organic Eprints does not assume any responsibility if there is any breach of copyright in distributing these files or metadata. For work being deposited by its own first author: I declare that this eprint is my own intellectual property and that I have the right to make it available in Organic Eprints in the manner chosen. For work being deposited by someone other than its first author: I declare that I have gained the proper permissions from someone with the right to make this eprint available in Organic Eprints in the manner chosen - or that the material is in the public domain. Clicking on the deposit button indicates your agreement to these terms."</dcds:literalValueString>
    </dcds:statement>
    <dcds:statement dcds:valueURI="http://purl.org/eprint/accessRights/OpenAccess" dcds:propertyURI="http://purl.org/dc/terms/accessRights" />
    <dcds:statement dcds:propertyURI="http://purl.org/dc/terms/date">
      <dcds:literalValueString dcds:sesURI="http://purl.org/dc/terms/W3CDTF">2004</dcds:literalValueString>
    </dcds:statement>
    <dcds:statement dcds:propertyURI="http://voa3r.eu/terms/hasMetametadata" dcds:valueRef="metametadata" />
  </dcds:description>
  <dcds:description dcds:resourceId="creator1">
    <dcds:statement dcds:valueURI="http://xmlns.com/foaf/0.1/Agent" dcds:propertyURI="http://www.w3.org/1999/02/22-rdf-syntax-ns#type" />
    <dcds:statement dcds:valueURI="http://xmlns.com/foaf/0.1/Person" dcds:propertyURI="http://purl.org/dc/terms/type" />
    <dcds:statement dcds:propertyURI="http://xmlns.com/foaf/0.1/givenName">
      <dcds:literalValueString>Jens</dcds:literalValueString>
    </dcds:statement>
    <dcds:statement dcds:propertyURI="http://xmlns.com/foaf/0.1/firstName">
      <dcds:literalValueString>Jens</dcds:literalValueString>
    </dcds:statement>
    <dcds:statement dcds:propertyURI="http://xmlns.com/foaf/0.1/familyName">
      <dcds:literalValueString>Lodal</dcds:literalValueString>
    </dcds:statement>
    <dcds:statement dcds:propertyURI="http://xmlns.com/foaf/0.1/lastName">
      <dcds:literalValueString>Lodal</dcds:literalValueString>
    </dcds:statement>
  </dcds:description>
  <dcds:description dcds:resourceId="creator2">
    <dcds:statement dcds:valueURI="http://xmlns.com/foaf/0.1/Agent" dcds:propertyURI="http://www.w3.org/1999/02/22-rdf-syntax-ns#type" />
    <dcds:statement dcds:valueURI="http://xmlns.com/foaf/0.1/Person" dcds:propertyURI="http://purl.org/dc/terms/type" />
    <dcds:statement dcds:propertyURI="http://xmlns.com/foaf/0.1/givenName">
      <dcds:literalValueString>Mette</dcds:literalValueString>
    </dcds:statement>
    <dcds:statement dcds:propertyURI="http://xmlns.com/foaf/0.1/firstName">
      <dcds:literalValueString>Mette</dcds:literalValueString>
    </dcds:statement>
    <dcds:statement dcds:propertyURI="http://xmlns.com/foaf/0.1/familyName">
      <dcds:literalValueString>Knorr</dcds:literalValueString>
    </dcds:statement>
    <dcds:statement dcds:propertyURI="http://xmlns.com/foaf/0.1/lastName">
      <dcds:literalValueString>Knorr</dcds:literalValueString>
    </dcds:statement>
  </dcds:description>
  <dcds:description dcds:resourceId="creator3">
    <dcds:statement dcds:valueURI="http://xmlns.com/foaf/0.1/Agent" dcds:propertyURI="http://www.w3.org/1999/02/22-rdf-syntax-ns#type" />
    <dcds:statement dcds:valueURI="http://xmlns.com/foaf/0.1/Person" dcds:propertyURI="http://purl.org/dc/terms/type" />
    <dcds:statement dcds:propertyURI="http://xmlns.com/foaf/0.1/givenName">
      <dcds:literalValueString>Herwig</dcds:literalValueString>
    </dcds:statement>
    <dcds:statement dcds:propertyURI="http://xmlns.com/foaf/0.1/firstName">
      <dcds:literalValueString>Herwig</dcds:literalValueString>
    </dcds:statement>
    <dcds:statement dcds:propertyURI="http://xmlns.com/foaf/0.1/familyName">
      <dcds:literalValueString>Leirs</dcds:literalValueString>
    </dcds:statement>
    <dcds:statement dcds:propertyURI="http://xmlns.com/foaf/0.1/lastName">
      <dcds:literalValueString>Leirs</dcds:literalValueString>
    </dcds:statement>
  </dcds:description>
  <dcds:description dcds:resourceId="editor1">
    <dcds:statement dcds:valueURI="http://xmlns.com/foaf/0.1/Agent" dcds:propertyURI="http://www.w3.org/1999/02/22-rdf-syntax-ns#type" />
    <dcds:statement dcds:valueURI="http://xmlns.com/foaf/0.1/Person" dcds:propertyURI="http://purl.org/dc/terms/type" />
    <dcds:statement dcds:propertyURI="http://xmlns.com/foaf/0.1/givenName">
      <dcds:literalValueString>Jan Tind</dcds:literalValueString>
    </dcds:statement>
    <dcds:statement dcds:propertyURI="http://xmlns.com/foaf/0.1/firstName">
      <dcds:literalValueString>Jan Tind</dcds:literalValueString>
    </dcds:statement>
    <dcds:statement dcds:propertyURI="http://xmlns.com/foaf/0.1/familyName">
      <dcds:literalValueString>Srensen</dcds:literalValueString>
    </dcds:statement>
    <dcds:statement dcds:propertyURI="http://xmlns.com/foaf/0.1/lastName">
      <dcds:literalValueString>Srensen</dcds:literalValueString>
    </dcds:statement>
  </dcds:description>
  <dcds:description dcds:resourceId="metametadata">
    <dcds:statement dcds:valueURI="http://voa3r.eu/class/MetaMetadata" dcds:propertyURI="http://www.w3.org/1999/02/22-rdf-syntax-ns#type" />
    <dcds:statement dcds:propertyURI="http://purl.org/dc/terms/identifier">
      <dcds:valueString>oai:orgprints.org:3246</dcds:valueString>
    </dcds:statement>
    <dcds:statement dcds:propertyURI="http://purl.org/dc/terms/type">
      <dcds:literalValueString>voa3r_dcds v1.0</dcds:literalValueString>
    </dcds:statement>
    <dcds:statement dcds:propertyURI="http://purl.org/dc/terms/date">
      <dcds:literalValueString dcds:sesURI="http://purl.org/dc/terms/W3CDTF">2015-09-08</dcds:literalValueString>
    </dcds:statement>
    <dcds:statement dcds:propertyURI="http://purl.org/dc/terms/contributor" dcds:valueRef="metacontributor" />
  </dcds:description>
  <dcds:description dcds:resourceId="metacontributor">
    <dcds:statement dcds:valueURI="http://xmlns.com/foaf/0.1/Agent" dcds:propertyURI="http://www.w3.org/1999/02/22-rdf-syntax-ns#type" />
    <dcds:statement dcds:valueURI="http://xmlns.com/foaf/0.1/Organization" dcds:propertyURI="http://purl.org/dc/terms/type" />
    <dcds:statement dcds:propertyURI="http://xmlns.com/foaf/0.1/name">
      <dcds:literalValueString xml:lang="en">Organic eprints</dcds:literalValueString>
    </dcds:statement>
    <dcds:statement dcds:valueURI="mailto:eprints@orgprints.org" dcds:propertyURI="http://xmlns.com/foaf/0.1/mbox" />
  </dcds:description>
</dcds:descriptionSet>