<dcds:descriptionSet xmlns:dcds="http://purl.org/dc/xmlns/2008/09/01/dc-ds-xml/" xmlns:xsi="http://www.w3.org/2001/XMLSchema-instance" xsi:schemaLocation="http://purl.org/dc/xmlns/2008/09/01/dc-ds-xml/ http://dublincore.org/schemas/xmls/2008/09/01/dc-ds-xml/dcds.xsd">
  <dcds:description dcds:resourceURI="http://orgprints.org/id/eprint/27933">
    <dcds:statement dcds:valueURI="http://voa3r.eu/class/Resource" dcds:propertyURI="http://www.w3.org/1999/02/22-rdf-syntax-ns#type" />
    <dcds:statement dcds:propertyURI="http://purl.org/dc/terms/title">
      <dcds:literalValueString xml:lang="fr">Evaluation participative de scnarios : quelles&#xD;perspectives pour les systmes agricoles camarguais ?</dcds:literalValueString>
    </dcds:statement>
    <dcds:statement dcds:propertyURI="http://purl.org/dc/terms/language" dcds:vesURI="http://purl.org/dc/terms/RFC5646">
      <dcds:valueString>fr</dcds:valueString>
    </dcds:statement>
    <dcds:statement dcds:propertyURI="http://purl.org/dc/terms/abstract">
      <dcds:literalValueString xml:lang="fr">Les systmes agricoles sont en constante volution sous les effets conjugus d'innovations techniques et organisationnelles et de changements du contexte socio-conomique. A l'chelle d'un territoire, des acteurs locaux peuvent encourager et accompagner des changements de ce type s'ils ont une vision claire de leurs impacts potentiels. L'objectif de cette thse est d'laborer et d'appliquer une dmarche permettant d'assister agriculteurs et autres acteurs locaux d'un territoire dans la construction et l'valuation de scnarios d'volutions des systmes agricoles. Une dmarche base sur des approches permettant une analyse prospective, multicritres, multi-chelles et participative d'valuation des systmes agricoles a t dveloppe. Elle a t mise en oeuvre en Camargue (sud-est de la France), avec des exploitants craliers et des acteurs de la production agricole et de la gestion du territoire. Des scnarios portant sur la rforme de la politique agricole commune (PAC) en 2012-2014, ainsi que sur des objectifs nationaux de rduction de la consommation de pesticides et de dveloppement de l'agriculture biologique ont t dvelopps. Ces perspectives d'volution des systmes agricoles camarguais ont t values, via la formalisation de nombreuses donnes et connaissances. Deux outils de modlisation ont t utiliss : un modle multi-agent a permis la mise en place de sances de simulation interactives avec des agriculteurs, et un modle bioconomique a t dvelopp et utilis avec des acteurs locaux tels que le syndicat des riziculteurs et le parc naturel rgional. Les scnarios portant sur la rforme de la PAC ont confirm la dpendance des exploitations rizicoles aux subventions. Des agriculteurs ont test diffrentes stratgies d'adaptation de leurs exploitations  la suppression de l'aide couple  la production rizicole. Ces stratgies, souvent bases sur la diversification des activits ou sur la conversion  l'agriculture biologique, ne permettaient pas de compenser les pertes conomiques lies  la disparition de l'aide couple. A l'chelle du territoire, ces stratgies rduiraient fortement la surface cultive en riz, avec des impacts importants sur d'autres activits en lien avec la production agricole. Cependant ces stratgies vont dans le sens des objectifs gouvernementaux de rduction des impacts de l'agriculture sur l'environnement. Des scnarios portant spcifiquement sur ces objectifs ont permis d'identifier des marges de manoeuvre importantes au niveau des exploitations cralires camarguaises. Cette thse propose un cadre pour la mise en oeuvre de dmarches d'valuation des systmes agricoles dans un territoire, qui associe les agriculteurs et les acteurs locaux  diffrentes tapes, depuis leur engagement pour le choix des scnarios, l'acquisition et l'analyse des donnes, la construction des outils de simulation et l'valuation de scnarios. La combinaison de diffrents outils de modlisation pour la ralisation de rflexions collectives, pourrait contribuer  la mise en place d'actions pour un dveloppement durable de l'agriculture.</dcds:literalValueString>
    </dcds:statement>
    <dcds:statement dcds:propertyURI="http://purl.org/dc/terms/bibliographicCitation" dcds:vesURI="http://www.openurl.info/registry/">
      <dcds:valueString dcds:sesURI="http://voa3r.eu/terms/EncodedSchema">BibTeX:@unpublished{orgprints27933,           title = {Evaluation participative de sc{\'e}narios : quelles&#xD;perspectives pour les syst{\`e}mes agricoles camarguais ?},          school = {Montpellier SupAgro},          author = {Sylvestre Delmotte},            year = {2011},        keywords = {Agricutural systems, scenario, participatory, multi-scale, integrated assessment, prospective, agent-based model, bio-economic model, stakeholders,farmers, Camargue&#xD;},             url = {http://orgprints.org/27933/},        abstract = {Les syst{\`e}mes agricoles sont en constante {\'e}volution sous les effets conjugu{\'e}s d'innovations techniques et organisationnelles et de changements du contexte socio-{\'e}conomique. A l'{\'e}chelle d'un territoire, des acteurs locaux peuvent encourager et accompagner des changements de ce type s'ils ont une vision claire de leurs impacts potentiels. L'objectif de cette th{\`e}se est d'{\'e}laborer et d'appliquer une d{\'e}marche permettant d'assister agriculteurs et autres acteurs locaux d'un territoire dans la construction et l'{\'e}valuation de sc{\'e}narios d'{\'e}volutions des syst{\`e}mes agricoles. Une d{\'e}marche bas{\'e}e sur des approches permettant une analyse prospective, multicrit{\`e}res, multi-{\'e}chelles et participative d'{\'e}valuation des syst{\`e}mes agricoles a {\'e}t{\'e} d{\'e}velopp{\'e}e. Elle a {\'e}t{\'e} mise en oeuvre en Camargue (sud-est de la France), avec des exploitants c{\'e}r{\'e}aliers et des acteurs de la production agricole et de la gestion du territoire. Des sc{\'e}narios portant sur la r{\'e}forme de la politique agricole commune (PAC) en 2012-2014, ainsi que sur des objectifs nationaux de r{\'e}duction de la consommation de pesticides et de d{\'e}veloppement de l'agriculture biologique ont {\'e}t{\'e} d{\'e}velopp{\'e}s. Ces perspectives d'{\'e}volution des syst{\`e}mes agricoles camarguais ont {\'e}t{\'e} {\'e}valu{\'e}es, via la formalisation de nombreuses donn{\'e}es et connaissances. Deux outils de mod{\'e}lisation ont {\'e}t{\'e} utilis{\'e}s : un mod{\`e}le multi-agent a permis la mise en place de s{\'e}ances de simulation interactives avec des agriculteurs, et un mod{\`e}le bio{\'e}conomique a {\'e}t{\'e} d{\'e}velopp{\'e} et utilis{\'e} avec des acteurs locaux tels que le syndicat des riziculteurs et le parc naturel r{\'e}gional. Les sc{\'e}narios portant sur la r{\'e}forme de la PAC ont confirm{\'e} la d{\'e}pendance des exploitations rizicoles aux subventions. Des agriculteurs ont test{\'e} diff{\'e}rentes strat{\'e}gies d'adaptation de leurs exploitations {\`a} la suppression de l'aide coupl{\'e}e {\`a} la production rizicole. Ces strat{\'e}gies, souvent bas{\'e}es sur la diversification des activit{\'e}s ou sur la conversion {\`a} l'agriculture biologique, ne permettaient pas de compenser les pertes {\'e}conomiques li{\'e}es {\`a} la disparition de l'aide coupl{\'e}e. A l'{\'e}chelle du territoire, ces strat{\'e}gies r{\'e}duiraient fortement la surface cultiv{\'e}e en riz, avec des impacts importants sur d'autres activit{\'e}s en lien avec la production agricole. Cependant ces strat{\'e}gies vont dans le sens des objectifs gouvernementaux de r{\'e}duction des impacts de l'agriculture sur l'environnement. Des sc{\'e}narios portant sp{\'e}cifiquement sur ces objectifs ont permis d'identifier des marges de manoeuvre importantes au niveau des exploitations c{\'e}r{\'e}ali{\`e}res camarguaises. Cette th{\`e}se propose un cadre pour la mise en oeuvre de d{\'e}marches d'{\'e}valuation des syst{\`e}mes agricoles dans un territoire, qui associe les agriculteurs et les acteurs locaux {\`a} diff{\'e}rentes {\'e}tapes, depuis leur engagement pour le choix des sc{\'e}narios, l'acquisition et l'analyse des donn{\'e}es, la construction des outils de simulation et l'{\'e}valuation de sc{\'e}narios. La combinaison de diff{\'e}rents outils de mod{\'e}lisation pour la r{\'e}alisation de r{\'e}flexions collectives, pourrait contribuer {\`a} la mise en place d'actions pour un d{\'e}veloppement durable de l'agriculture.}}</dcds:valueString>
    </dcds:statement>
    <dcds:statement dcds:propertyURI="http://purl.org/dc/terms/type" dcds:vesURI="http://voa3r.eu/terms/ResourceType">
      <dcds:valueString>Thesis</dcds:valueString>
    </dcds:statement>
    <dcds:statement dcds:propertyURI="http://voa3r.eu/terms/reviewStatus" dcds:vesURI="http://voa3r.eu/terms/ReviewStatus">
      <dcds:valueString>NonReviewed</dcds:valueString>
    </dcds:statement>
    <dcds:statement dcds:propertyURI="http://voa3r.eu/terms/publicationStatus" dcds:vesURI="http://voa3r.eu/terms/PublicationStatus">
      <dcds:valueString>WorkingDraft</dcds:valueString>
    </dcds:statement>
    <dcds:statement dcds:propertyURI="http://purl.org/dc/terms/creator" dcds:valueRef="creator1" />
    <dcds:statement dcds:propertyURI="http://purl.org/dc/terms/subject">
      <dcds:valueString xml:lang="en">Farming Systems</dcds:valueString>
    </dcds:statement>
    <dcds:statement dcds:propertyURI="http://purl.org/dc/terms/subject">
      <dcds:valueString xml:lang="en">Systems research and participatory research</dcds:valueString>
    </dcds:statement>
    <dcds:statement dcds:valueURI="http://orgprints.org/27933/" dcds:propertyURI="http://www.europeana.eu/schemas/ese/isShownAt" />
    <dcds:statement dcds:valueURI="http://orgprints.org/27933/1/Delmotte_2011_PhDThesis.pdf" dcds:propertyURI="http://www.europeana.eu/schemas/ese/isShownBy" />
    <dcds:statement dcds:propertyURI="http://purl.org/dc/terms/rights">
      <dcds:literalValueString xml:lang="en">ICROFS rights: All of the entries, statements, results etc. contained in the Organic Eprints archive have been compiled by the authors according to their best knowledge and the metadata have been scrupulously checked by the International Centre for Research in Organic Food Systems (ICROFS) and the Research Institute of Organic Agriculture (FiBL). All depositors of eprints have agreed with the Deposit Agreement below. However, the possibility of mistakes can not be ruled out entirely. Therefore, the responsible partners behind Organic Eprints, the archive staff and the depositors are not subject to any obligation and make no guarantees whatsoever regarding any of the statements etc. on this website; neither do they accept responsibility or liability for any possible mistakes contained therein. The links to other websites on the Organic Eprints pages are for informational purposes only. ICROFS, FiBL and the depositors are not responsible for the availability or content of these sites. In addition, providing links to these sites should not be interpreted as endorsement or approval by ICROFS or FiBL.Deposit AgreementWhen depositing an eprint the depositors consents with the following agreement: "In depositing this eprint (a collection of files and associated metadata), I grant Organic Eprints the right to make it permanently available on-line, with open access to all or in accordance with any access restrictions that I have specified. I understand that Organic Eprints does not assume any responsibility if there is any breach of copyright in distributing these files or metadata. For work being deposited by its own first author: I declare that this eprint is my own intellectual property and that I have the right to make it available in Organic Eprints in the manner chosen. For work being deposited by someone other than its first author: I declare that I have gained the proper permissions from someone with the right to make this eprint available in Organic Eprints in the manner chosen - or that the material is in the public domain. Clicking on the deposit button indicates your agreement to these terms."</dcds:literalValueString>
    </dcds:statement>
    <dcds:statement dcds:valueURI="http://purl.org/eprint/accessRights/OpenAccess" dcds:propertyURI="http://purl.org/dc/terms/accessRights" />
    <dcds:statement dcds:propertyURI="http://purl.org/dc/terms/date">
      <dcds:literalValueString dcds:sesURI="http://purl.org/dc/terms/W3CDTF">2011</dcds:literalValueString>
    </dcds:statement>
    <dcds:statement dcds:propertyURI="http://voa3r.eu/terms/hasMetametadata" dcds:valueRef="metametadata" />
  </dcds:description>
  <dcds:description dcds:resourceId="creator1">
    <dcds:statement dcds:valueURI="http://xmlns.com/foaf/0.1/Agent" dcds:propertyURI="http://www.w3.org/1999/02/22-rdf-syntax-ns#type" />
    <dcds:statement dcds:valueURI="http://xmlns.com/foaf/0.1/Person" dcds:propertyURI="http://purl.org/dc/terms/type" />
    <dcds:statement dcds:propertyURI="http://xmlns.com/foaf/0.1/givenName">
      <dcds:literalValueString>Sylvestre</dcds:literalValueString>
    </dcds:statement>
    <dcds:statement dcds:propertyURI="http://xmlns.com/foaf/0.1/firstName">
      <dcds:literalValueString>Sylvestre</dcds:literalValueString>
    </dcds:statement>
    <dcds:statement dcds:propertyURI="http://xmlns.com/foaf/0.1/familyName">
      <dcds:literalValueString>Delmotte</dcds:literalValueString>
    </dcds:statement>
    <dcds:statement dcds:propertyURI="http://xmlns.com/foaf/0.1/lastName">
      <dcds:literalValueString>Delmotte</dcds:literalValueString>
    </dcds:statement>
  </dcds:description>
  <dcds:description dcds:resourceId="metametadata">
    <dcds:statement dcds:valueURI="http://voa3r.eu/class/MetaMetadata" dcds:propertyURI="http://www.w3.org/1999/02/22-rdf-syntax-ns#type" />
    <dcds:statement dcds:propertyURI="http://purl.org/dc/terms/identifier">
      <dcds:valueString>oai:orgprints.org:27933</dcds:valueString>
    </dcds:statement>
    <dcds:statement dcds:propertyURI="http://purl.org/dc/terms/type">
      <dcds:literalValueString>voa3r_dcds v1.0</dcds:literalValueString>
    </dcds:statement>
    <dcds:statement dcds:propertyURI="http://purl.org/dc/terms/date">
      <dcds:literalValueString dcds:sesURI="http://purl.org/dc/terms/W3CDTF">2015-09-08</dcds:literalValueString>
    </dcds:statement>
    <dcds:statement dcds:propertyURI="http://purl.org/dc/terms/contributor" dcds:valueRef="metacontributor" />
  </dcds:description>
  <dcds:description dcds:resourceId="metacontributor">
    <dcds:statement dcds:valueURI="http://xmlns.com/foaf/0.1/Agent" dcds:propertyURI="http://www.w3.org/1999/02/22-rdf-syntax-ns#type" />
    <dcds:statement dcds:valueURI="http://xmlns.com/foaf/0.1/Organization" dcds:propertyURI="http://purl.org/dc/terms/type" />
    <dcds:statement dcds:propertyURI="http://xmlns.com/foaf/0.1/name">
      <dcds:literalValueString xml:lang="en">Organic eprints</dcds:literalValueString>
    </dcds:statement>
    <dcds:statement dcds:valueURI="mailto:eprints@orgprints.org" dcds:propertyURI="http://xmlns.com/foaf/0.1/mbox" />
  </dcds:description>
</dcds:descriptionSet>