<dcds:descriptionSet xmlns:dcds="http://purl.org/dc/xmlns/2008/09/01/dc-ds-xml/" xmlns:xsi="http://www.w3.org/2001/XMLSchema-instance" xsi:schemaLocation="http://purl.org/dc/xmlns/2008/09/01/dc-ds-xml/ http://dublincore.org/schemas/xmls/2008/09/01/dc-ds-xml/dcds.xsd">
  <dcds:description dcds:resourceURI="http://orgprints.org/id/eprint/297">
    <dcds:statement dcds:valueURI="http://voa3r.eu/class/Resource" dcds:propertyURI="http://www.w3.org/1999/02/22-rdf-syntax-ns#type" />
    <dcds:statement dcds:propertyURI="http://purl.org/dc/terms/title">
      <dcds:literalValueString xml:lang="sv">Ekologiskt lantbruk Ultuna 13 – 15 november 2001 sammanfattning av föredrag och postrar</dcds:literalValueString>
    </dcds:statement>
    <dcds:statement dcds:propertyURI="http://purl.org/dc/terms/language" dcds:vesURI="http://purl.org/dc/terms/RFC5646">
      <dcds:valueString>sv</dcds:valueString>
    </dcds:statement>
    <dcds:statement dcds:propertyURI="http://purl.org/dc/terms/abstract">
      <dcds:literalValueString xml:lang="sv">KONFERENS OM EKOLOGISKT LANTBRUK&#xD;
&#xD;
Centrum för uthålligt lantbruk (CUL) anordnade den 13 till 15 november 2001 en sjunde konferens om ekologiskt lantbruk vid Sveriges lantbruksuniversitet (SLU). På konferensen deltog cirka 450 personer och alla med ett intresse för ekologiskt lantbruk var välkomna.&#xD;
&#xD;
Under den tre dagar långa konferensen redovisade 92 forskare resultat från forskning inom ekologiskt lantbruk och redde ut begrepp. &#xD;
&#xD;
Intressanta ämnen som diskuterades var till exempel: hur global livsmedelsförsörjning och ekologiskt lantbruk kan gå ihop, ekologiska produkters kvalitet, djurens hälsa och välfärd på ekologiska gårdar, samt det ekologiska lantbrukets verkan som en positiv kraft för ökad livsmedelssäkerhet och en mer rättvis världshandel. Det handlade om såväl konsumenters och handelns attityd till ekologiska produkter, som att lösa tekniska produktionsfrågor och om bönders omställningsvilja. &#xD;
Viktigt var också att tydliggöra det faktaunderlag som visar att ekologiskt lantbruk kan leva upp till de fördelar som utlovas. &#xD;
&#xD;
Det diskuterades hur den ekologiska produktionen ska uppnå regeringens mål – bland annat att 20 % av jordbruksarealen bör odlas ekologiskt år 2005. &#xD;
&#xD;
Konferensen arrangerades i samarbete med bland annat Jordbruksverket.&#xD;
&#xD;
CUL är ett samarbetsforum vid SLU för forskare och andra med intresse för ekologiskt lantbruk och lantbrukets uthållighetsfrågor. CUL arbetar med att utveckla tvärvetenskapliga metoder och att samplanera insatser för forskning, utveckling, utbildning och information.</dcds:literalValueString>
    </dcds:statement>
    <dcds:statement dcds:propertyURI="http://purl.org/dc/terms/bibliographicCitation" dcds:vesURI="http://www.openurl.info/registry/">
      <dcds:valueString dcds:sesURI="http://voa3r.eu/terms/EncodedSchema">BibTeX:@misc{orgprints297,
           month = {November},
           title = {Ekologiskt lantbruk Ultuna 13 ? 15 november 2001 sammanfattning av f{\"o}redrag och postrar},
            year = {2001},
        keywords = {Ekologiskt lantbruk&#xD;
Konferens&#xD;
Centrum f{\"o}r uth{\ra}lligt lantbruk&#xD;
CUL&#xD;
Sveriges lantbruksuniversitet&#xD;
SLU&#xD;
Sverige&#xD;
Ultuna &#xD;
Uppsala},
             url = {http://orgprints.org/297/},
        abstract = {KONFERENS OM EKOLOGISKT LANTBRUK&#xD;
&#xD;
Centrum f{\"o}r uth{\ra}lligt lantbruk (CUL) anordnade den 13 till 15 november 2001 en sjunde konferens om ekologiskt lantbruk vid Sveriges lantbruksuniversitet (SLU). P{\ra} konferensen deltog cirka 450 personer och alla med ett intresse f{\"o}r ekologiskt lantbruk var v{\"a}lkomna.&#xD;
&#xD;
Under den tre dagar l{\ra}nga konferensen redovisade 92 forskare resultat fr{\ra}n forskning inom ekologiskt lantbruk och redde ut begrepp. &#xD;
&#xD;
Intressanta {\"a}mnen som diskuterades var till exempel: hur global livsmedelsf{\"o}rs{\"o}rjning och ekologiskt lantbruk kan g{\ra} ihop, ekologiska produkters kvalitet, djurens h{\"a}lsa och v{\"a}lf{\"a}rd p{\ra} ekologiska g{\ra}rdar, samt det ekologiska lantbrukets verkan som en positiv kraft f{\"o}r {\"o}kad livsmedelss{\"a}kerhet och en mer r{\"a}ttvis v{\"a}rldshandel. Det handlade om s{\ra}v{\"a}l konsumenters och handelns attityd till ekologiska produkter, som att l{\"o}sa tekniska produktionsfr{\ra}gor och om b{\"o}nders omst{\"a}llningsvilja. &#xD;
Viktigt var ocks{\ra} att tydligg{\"o}ra det faktaunderlag som visar att ekologiskt lantbruk kan leva upp till de f{\"o}rdelar som utlovas. &#xD;
&#xD;
Det diskuterades hur den ekologiska produktionen ska uppn{\ra} regeringens m{\ra}l ? bland annat att 20 \% av jordbruksarealen b{\"o}r odlas ekologiskt {\ra}r 2005. &#xD;
&#xD;
Konferensen arrangerades i samarbete med bland annat Jordbruksverket.&#xD;
&#xD;
CUL {\"a}r ett samarbetsforum vid SLU f{\"o}r forskare och andra med intresse f{\"o}r ekologiskt lantbruk och lantbrukets uth{\ra}llighetsfr{\ra}gor. CUL arbetar med att utveckla tv{\"a}rvetenskapliga metoder och att samplanera insatser f{\"o}r forskning, utveckling, utbildning och information.&#xD;
&#xD;
&#xD;
}
}</dcds:valueString>
    </dcds:statement>
    <dcds:statement dcds:propertyURI="http://purl.org/dc/terms/type" dcds:vesURI="http://voa3r.eu/terms/ResourceType">
      <dcds:valueString>Conference Proccedings</dcds:valueString>
    </dcds:statement>
    <dcds:statement dcds:propertyURI="http://voa3r.eu/terms/reviewStatus" dcds:vesURI="http://voa3r.eu/terms/ReviewStatus">
      <dcds:valueString>Peer Reviewed</dcds:valueString>
    </dcds:statement>
    <dcds:statement dcds:propertyURI="http://voa3r.eu/terms/publicationStatus" dcds:vesURI="http://voa3r.eu/terms/PublicationStatus">
      <dcds:valueString>Published</dcds:valueString>
    </dcds:statement>
    <dcds:statement dcds:propertyURI="http://id.loc.gov/vocabulary/relators/edt" dcds:valueRef="corp_editor1" />
    <dcds:statement dcds:propertyURI="http://purl.org/dc/terms/subject">
      <dcds:valueString xml:lang="en">"Organics" in general</dcds:valueString>
    </dcds:statement>
    <dcds:statement dcds:valueURI="http://orgprints.org/297/" dcds:propertyURI="http://www.europeana.eu/schemas/ese/isShownAt" />
    <dcds:statement dcds:valueURI="http://orgprints.org/297/1/konfrapport2001.pdf" dcds:propertyURI="http://www.europeana.eu/schemas/ese/isShownBy" />
    <dcds:statement dcds:propertyURI="http://purl.org/dc/terms/rights">
      <dcds:literalValueString xml:lang="en">ICROFS rights: All of the entries, statements, results etc. contained in the Organic Eprints archive have been compiled by the authors according to their best knowledge and the metadata have been scrupulously checked by the International Centre for Research in Organic Food Systems (ICROFS) and the Research Institute of Organic Agriculture (FiBL). All depositors of eprints have agreed with the Deposit Agreement below. However, the possibility of mistakes can not be ruled out entirely. Therefore, the responsible partners behind Organic Eprints, the archive staff and the depositors are not subject to any obligation and make no guarantees whatsoever regarding any of the statements etc. on this website; neither do they accept responsibility or liability for any possible mistakes contained therein. The links to other websites on the Organic Eprints pages are for informational purposes only. ICROFS, FiBL and the depositors are not responsible for the availability or content of these sites. In addition, providing links to these sites should not be interpreted as endorsement or approval by ICROFS or FiBL.
Deposit Agreement
When depositing an eprint the depositors consents with the following agreement: "In depositing this eprint (a collection of files and associated metadata), I grant Organic Eprints the right to make it permanently available on-line, with open access to all or in accordance with any access restrictions that I have specified. I understand that Organic Eprints does not assume any responsibility if there is any breach of copyright in distributing these files or metadata. For work being deposited by its own first author: I declare that this eprint is my own intellectual property and that I have the right to make it available in Organic Eprints in the manner chosen. For work being deposited by someone other than its first author: I declare that I have gained the proper permissions from someone with the right to make this eprint available in Organic Eprints in the manner chosen - or that the material is in the public domain. Clicking on the deposit button indicates your agreement to these terms."</dcds:literalValueString>
    </dcds:statement>
    <dcds:statement dcds:valueURI="http://purl.org/eprint/accessRights/OpenAccess" dcds:propertyURI="http://purl.org/dc/terms/accessRights" />
    <dcds:statement dcds:propertyURI="http://purl.org/dc/terms/date">
      <dcds:literalValueString dcds:sesURI="http://purl.org/dc/terms/W3CDTF">2001-11</dcds:literalValueString>
    </dcds:statement>
    <dcds:statement dcds:propertyURI="http://voa3r.eu/terms/hasMetametadata" dcds:valueRef="metametadata" />
  </dcds:description>
  <dcds:description dcds:resourceId="corp_editor1">
    <dcds:statement dcds:valueURI="http://xmlns.com/foaf/0.1/Agent" dcds:propertyURI="http://www.w3.org/1999/02/22-rdf-syntax-ns#type" />
    <dcds:statement dcds:valueURI="http://xmlns.com/foaf/0.1/Organization" dcds:propertyURI="http://purl.org/dc/terms/type" />
    <dcds:statement dcds:propertyURI="http://xmlns.com/foaf/0.1/name">
      <dcds:literalValueString>Centrum för uthålligt lantbruk</dcds:literalValueString>
    </dcds:statement>
  </dcds:description>
  <dcds:description dcds:resourceId="metametadata">
    <dcds:statement dcds:valueURI="http://voa3r.eu/class/MetaMetadata" dcds:propertyURI="http://www.w3.org/1999/02/22-rdf-syntax-ns#type" />
    <dcds:statement dcds:propertyURI="http://purl.org/dc/terms/identifier">
      <dcds:valueString>oai:orgprints.org:297</dcds:valueString>
    </dcds:statement>
    <dcds:statement dcds:propertyURI="http://purl.org/dc/terms/type">
      <dcds:literalValueString>voa3r_dcds v1.0</dcds:literalValueString>
    </dcds:statement>
    <dcds:statement dcds:propertyURI="http://purl.org/dc/terms/date">
      <dcds:literalValueString dcds:sesURI="http://purl.org/dc/terms/W3CDTF">2015-09-08</dcds:literalValueString>
    </dcds:statement>
    <dcds:statement dcds:propertyURI="http://purl.org/dc/terms/contributor" dcds:valueRef="metacontributor" />
  </dcds:description>
  <dcds:description dcds:resourceId="metacontributor">
    <dcds:statement dcds:valueURI="http://xmlns.com/foaf/0.1/Agent" dcds:propertyURI="http://www.w3.org/1999/02/22-rdf-syntax-ns#type" />
    <dcds:statement dcds:valueURI="http://xmlns.com/foaf/0.1/Organization" dcds:propertyURI="http://purl.org/dc/terms/type" />
    <dcds:statement dcds:propertyURI="http://xmlns.com/foaf/0.1/name">
      <dcds:literalValueString xml:lang="en">Organic eprints</dcds:literalValueString>
    </dcds:statement>
    <dcds:statement dcds:valueURI="mailto:eprints@orgprints.org" dcds:propertyURI="http://xmlns.com/foaf/0.1/mbox" />
  </dcds:description>
</dcds:descriptionSet>