<dcds:descriptionSet xmlns:dcds="http://purl.org/dc/xmlns/2008/09/01/dc-ds-xml/" xmlns:xsi="http://www.w3.org/2001/XMLSchema-instance" xsi:schemaLocation="http://purl.org/dc/xmlns/2008/09/01/dc-ds-xml/ http://dublincore.org/schemas/xmls/2008/09/01/dc-ds-xml/dcds.xsd">
  <dcds:description dcds:resourceURI="http://orgprints.org/id/eprint/24635">
    <dcds:statement dcds:valueURI="http://voa3r.eu/class/Resource" dcds:propertyURI="http://www.w3.org/1999/02/22-rdf-syntax-ns#type" />
    <dcds:statement dcds:propertyURI="http://purl.org/dc/terms/title">
      <dcds:literalValueString xml:lang="en">FREE-RANGE GROWING PIGS - EFFECT OF FEEDING STRATEGY AND GENOTYPE ON ANIMAL BEHAVIOUR, PERFORMANCE AND MEAT QUALITY</dcds:literalValueString>
    </dcds:statement>
    <dcds:statement dcds:propertyURI="http://purl.org/dc/terms/language" dcds:vesURI="http://purl.org/dc/terms/RFC5646">
      <dcds:valueString>en</dcds:valueString>
    </dcds:statement>
    <dcds:statement dcds:propertyURI="http://purl.org/dc/terms/abstract">
      <dcds:literalValueString xml:lang="en">Scientific Workshop on Organic Pig Production, Hovborg Kro, Holmevej 2, 6682 Hovborg, DK June 12th and 13th 2013&#xD; &#xD;Programme:&#xD; &#xD;June 12th 2013:&#xD; &#xD;9-9.30: Coffee, bread, and welcome (Marianne Bonde, UHF)&#xD; &#xD;9.30-10: Sandra Edwards (UK): Future challenges in organic pig production&#xD; &#xD;10-11.30: Theme 1: Production of entire male pigs / Chaired by Jan Tind Srensen&#xD; &#xD;The aim of organic pig production is to ensure high animal welfare and natural products. Banning castration is thus a logical step forward, but the risk of boar taint in the meat is a major barrier for marketing meat from entire male pigs. Is it possible to use genetic tools and breeding strategies to prevent boar taint? What is the effect of feeding, management, housing and hygiene? Is it possible to process the meat to minimize the risk of boar taint? These issues will be discussed based on the results from the research project NOCAST, as well as other on-going Danish research projects on entire male pigs.&#xD; &#xD;10-10.25: Susanne Stier (DK): Boar taint  detection, consumer response and product quality&#xD; &#xD;10.25-11.05: Hanne Maribo (DK), Bent Borg (DK) and Rikke Thomsen (DK): Reduction of boar taint  the practical way.&#xD; &#xD;11.05-11.30: Anders Strathe (DK): Prevention of boar taint by means of genetics and breeding&#xD; &#xD;11.30-11.40: Break&#xD; &#xD;11.40-12.40: Theme 2: Outdoor production of growing-finishing pigs, provision of roughage / Chaired by Jan Tind Srensen&#xD; &#xD;Use of roughage and outdoor production are two very important characteristics in organic livestock production. How does the use of roughage affect health and performance in growing-finishing pigs? Is it possible to encourage outdoor pigs to find a large part of their food directly in the field where they are kept, and how does this influence pig performance and meat quality? These issues will be discussed on the basis of results from two major research projects, SUMMER and ICOPP.&#xD; &#xD;11.40-12.10: Liisa Voutila (FI): Effect of roughage on pig health and performance&#xD; &#xD;12.10-12.40: Anne Grete Kongsted (DK) and Margrethe Therkildsen (DK): Outdoor growing-finishing pigs: effect of genotype and feeding strategy on animal behaviour, performance and meat quality&#xD; &#xD;12.40-13.40: Lunch&#xD; &#xD;13.40-14.40: Theme 3: Environmental impact and animal welfare / Chaired by Jan Tind Srensen&#xD; &#xD;Robust and competitive organic pig production must minimise environmental impact as well as ensuring good animal health and welfare. In theory, improving animal health and welfare reduces environmental impacts through decreased medicine use, improved growth rates and feed conversion efficiency. Is it possible to verify these hypotheses on working farms? The relationship between animal health, welfare and environmental impact will be discussed based on the results from the Core organic II research project ProPig including data collection on these aspects on 75 organic pig farms across Europe. More specifically, it will also be discussed how management practices may affect parasite transmission and thus animal welfare within organic systems (PAROL and NOCAST projects).&#xD; &#xD;13.40-14.10: Christine Leeb (A): Assessment of animal welfare and environmental impact.&#xD; &#xD;14.10-14.40: Helena Mejer (DK): Parasite impact, transmission and control&#xD; &#xD;14.40-14.50: John Hermansen (DK): Introduction to group discussions&#xD; &#xD;14.50-15: Coffee Break&#xD; &#xD;15-16: Group discussions&#xD; &#xD;16-16.30: Plenum discussion, chaired by John Hermansen&#xD; &#xD;16.30-16.45: Closing remarks / Marianne Bonde, UHF&#xD; &#xD;18.30-: Dinner, social get-together&#xD; &#xD;June 13th 2013:&#xD; &#xD;9.00-10.30 Farm visit (Bus transportation from Hovborg Kro provided)</dcds:literalValueString>
    </dcds:statement>
    <dcds:statement dcds:propertyURI="http://purl.org/dc/terms/bibliographicCitation" dcds:vesURI="http://www.openurl.info/registry/">
      <dcds:valueString dcds:sesURI="http://voa3r.eu/terms/EncodedSchema">BibTeX:@unpublished{orgprints24635,           month = {June},           title = {FREE-RANGE GROWING PIGS - EFFECT OF FEEDING STRATEGY AND GENOTYPE ON ANIMAL BEHAVIOUR, PERFORMANCE AND MEAT QUALITY},          author = {A.G. Kongsted and M. Therkildsen and J.E. Hermansen},            year = {2013},             url = {http://orgprints.org/24635/},        abstract = {Scientific Workshop on Organic Pig Production, Hovborg Kro, Holme{\ra}vej 2, 6682 Hovborg, DK June 12th and 13th 2013&#xD; &#xD;Programme:&#xD; &#xD;June 12th 2013:&#xD; &#xD;9-9.30: Coffee, bread, and welcome (Marianne Bonde, UHF)&#xD; &#xD;9.30-10: Sandra Edwards (UK): Future challenges in organic pig production&#xD; &#xD;10-11.30: Theme 1: Production of entire male pigs / Chaired by Jan Tind S{\o}rensen&#xD; &#xD;The aim of organic pig production is to ensure high animal welfare and natural products. Banning castration is thus a logical step forward, but the risk of boar taint in the meat is a major barrier for marketing meat from entire male pigs. Is it possible to use genetic tools and breeding strategies to prevent boar taint? What is the effect of feeding, management, housing and hygiene? Is it possible to process the meat to minimize the risk of boar taint? These issues will be discussed based on the results from the research project NOCAST, as well as other on-going Danish research projects on entire male pigs.&#xD; &#xD;10-10.25: Susanne St{\o}ier (DK): Boar taint ? detection, consumer response and product quality&#xD; &#xD;10.25-11.05: Hanne Maribo (DK), Bent Borg (DK) and Rikke Thomsen (DK): Reduction of boar taint ? the practical way.&#xD; &#xD;11.05-11.30: Anders Strathe (DK): Prevention of boar taint by means of genetics and breeding&#xD; &#xD;11.30-11.40: Break&#xD; &#xD;11.40-12.40: Theme 2: Outdoor production of growing-finishing pigs, provision of roughage / Chaired by Jan Tind S{\o}rensen&#xD; &#xD;Use of roughage and outdoor production are two very important characteristics in organic livestock production. How does the use of roughage affect health and performance in growing-finishing pigs? Is it possible to encourage outdoor pigs to find a large part of their food directly in the field where they are kept, and how does this influence pig performance and meat quality? These issues will be discussed on the basis of results from two major research projects, SUMMER and ICOPP.&#xD; &#xD;11.40-12.10: Liisa Voutila (FI): Effect of roughage on pig health and performance&#xD; &#xD;12.10-12.40: Anne Grete Kongsted (DK) and Margrethe Therkildsen (DK): Outdoor growing-finishing pigs: effect of genotype and feeding strategy on animal behaviour, performance and meat quality&#xD; &#xD;12.40-13.40: Lunch&#xD; &#xD;13.40-14.40: Theme 3: Environmental impact and animal welfare / Chaired by Jan Tind S{\o}rensen&#xD; &#xD;Robust and competitive organic pig production must minimise environmental impact as well as ensuring good animal health and welfare. In theory, improving animal health and welfare reduces environmental impacts through decreased medicine use, improved growth rates and feed conversion efficiency. Is it possible to verify these hypotheses on working farms? The relationship between animal health, welfare and environmental impact will be discussed based on the results from the Core organic II research project ProPig including data collection on these aspects on 75 organic pig farms across Europe. More specifically, it will also be discussed how management practices may affect parasite transmission and thus animal welfare within organic systems (PAROL and NOCAST projects).&#xD; &#xD;13.40-14.10: Christine Leeb (A): Assessment of animal welfare and environmental impact.&#xD; &#xD;14.10-14.40: Helena Mejer (DK): Parasite impact, transmission and control&#xD; &#xD;14.40-14.50: John Hermansen (DK): Introduction to group discussions&#xD; &#xD;14.50-15: Coffee Break&#xD; &#xD;15-16: Group discussions&#xD; &#xD;16-16.30: Plenum discussion, chaired by John Hermansen&#xD; &#xD;16.30-16.45: Closing remarks / Marianne Bonde, UHF&#xD; &#xD;18.30-: Dinner, social get-together&#xD; &#xD;June 13th 2013:&#xD; &#xD;9.00-10.30 Farm visit (Bus transportation from Hovborg Kro provided)&#xD;}}</dcds:valueString>
    </dcds:statement>
    <dcds:statement dcds:propertyURI="http://purl.org/dc/terms/type" dcds:vesURI="http://voa3r.eu/terms/ResourceType">
      <dcds:valueString>Conference Contribution</dcds:valueString>
    </dcds:statement>
    <dcds:statement dcds:propertyURI="http://voa3r.eu/terms/reviewStatus" dcds:vesURI="http://voa3r.eu/terms/ReviewStatus">
      <dcds:valueString>Peer Reviewed</dcds:valueString>
    </dcds:statement>
    <dcds:statement dcds:propertyURI="http://voa3r.eu/terms/publicationStatus" dcds:vesURI="http://voa3r.eu/terms/PublicationStatus">
      <dcds:valueString>WorkingDraft</dcds:valueString>
    </dcds:statement>
    <dcds:statement dcds:propertyURI="http://purl.org/dc/terms/creator" dcds:valueRef="creator1" />
    <dcds:statement dcds:propertyURI="http://purl.org/dc/terms/creator" dcds:valueRef="creator2" />
    <dcds:statement dcds:propertyURI="http://purl.org/dc/terms/creator" dcds:valueRef="creator3" />
    <dcds:statement dcds:propertyURI="http://purl.org/dc/terms/subject">
      <dcds:valueString xml:lang="en">Pigs</dcds:valueString>
    </dcds:statement>
    <dcds:statement dcds:valueURI="http://orgprints.org/24635/" dcds:propertyURI="http://www.europeana.eu/schemas/ese/isShownAt" />
    <dcds:statement dcds:valueURI="http://orgprints.org/24635/7/24635.pdf" dcds:propertyURI="http://www.europeana.eu/schemas/ese/isShownBy" />
    <dcds:statement dcds:propertyURI="http://purl.org/dc/terms/rights">
      <dcds:literalValueString xml:lang="en">ICROFS rights: All of the entries, statements, results etc. contained in the Organic Eprints archive have been compiled by the authors according to their best knowledge and the metadata have been scrupulously checked by the International Centre for Research in Organic Food Systems (ICROFS) and the Research Institute of Organic Agriculture (FiBL). All depositors of eprints have agreed with the Deposit Agreement below. However, the possibility of mistakes can not be ruled out entirely. Therefore, the responsible partners behind Organic Eprints, the archive staff and the depositors are not subject to any obligation and make no guarantees whatsoever regarding any of the statements etc. on this website; neither do they accept responsibility or liability for any possible mistakes contained therein. The links to other websites on the Organic Eprints pages are for informational purposes only. ICROFS, FiBL and the depositors are not responsible for the availability or content of these sites. In addition, providing links to these sites should not be interpreted as endorsement or approval by ICROFS or FiBL.Deposit AgreementWhen depositing an eprint the depositors consents with the following agreement: "In depositing this eprint (a collection of files and associated metadata), I grant Organic Eprints the right to make it permanently available on-line, with open access to all or in accordance with any access restrictions that I have specified. I understand that Organic Eprints does not assume any responsibility if there is any breach of copyright in distributing these files or metadata. For work being deposited by its own first author: I declare that this eprint is my own intellectual property and that I have the right to make it available in Organic Eprints in the manner chosen. For work being deposited by someone other than its first author: I declare that I have gained the proper permissions from someone with the right to make this eprint available in Organic Eprints in the manner chosen - or that the material is in the public domain. Clicking on the deposit button indicates your agreement to these terms."</dcds:literalValueString>
    </dcds:statement>
    <dcds:statement dcds:valueURI="http://purl.org/eprint/accessRights/OpenAccess" dcds:propertyURI="http://purl.org/dc/terms/accessRights" />
    <dcds:statement dcds:propertyURI="http://purl.org/dc/terms/date">
      <dcds:literalValueString dcds:sesURI="http://purl.org/dc/terms/W3CDTF">2013-06-12</dcds:literalValueString>
    </dcds:statement>
    <dcds:statement dcds:propertyURI="http://voa3r.eu/terms/hasMetametadata" dcds:valueRef="metametadata" />
  </dcds:description>
  <dcds:description dcds:resourceId="creator1">
    <dcds:statement dcds:valueURI="http://xmlns.com/foaf/0.1/Agent" dcds:propertyURI="http://www.w3.org/1999/02/22-rdf-syntax-ns#type" />
    <dcds:statement dcds:valueURI="http://xmlns.com/foaf/0.1/Person" dcds:propertyURI="http://purl.org/dc/terms/type" />
    <dcds:statement dcds:propertyURI="http://xmlns.com/foaf/0.1/givenName">
      <dcds:literalValueString>A.G.</dcds:literalValueString>
    </dcds:statement>
    <dcds:statement dcds:propertyURI="http://xmlns.com/foaf/0.1/firstName">
      <dcds:literalValueString>A.G.</dcds:literalValueString>
    </dcds:statement>
    <dcds:statement dcds:propertyURI="http://xmlns.com/foaf/0.1/familyName">
      <dcds:literalValueString>Kongsted</dcds:literalValueString>
    </dcds:statement>
    <dcds:statement dcds:propertyURI="http://xmlns.com/foaf/0.1/lastName">
      <dcds:literalValueString>Kongsted</dcds:literalValueString>
    </dcds:statement>
  </dcds:description>
  <dcds:description dcds:resourceId="creator2">
    <dcds:statement dcds:valueURI="http://xmlns.com/foaf/0.1/Agent" dcds:propertyURI="http://www.w3.org/1999/02/22-rdf-syntax-ns#type" />
    <dcds:statement dcds:valueURI="http://xmlns.com/foaf/0.1/Person" dcds:propertyURI="http://purl.org/dc/terms/type" />
    <dcds:statement dcds:propertyURI="http://xmlns.com/foaf/0.1/givenName">
      <dcds:literalValueString>M.</dcds:literalValueString>
    </dcds:statement>
    <dcds:statement dcds:propertyURI="http://xmlns.com/foaf/0.1/firstName">
      <dcds:literalValueString>M.</dcds:literalValueString>
    </dcds:statement>
    <dcds:statement dcds:propertyURI="http://xmlns.com/foaf/0.1/familyName">
      <dcds:literalValueString>Therkildsen</dcds:literalValueString>
    </dcds:statement>
    <dcds:statement dcds:propertyURI="http://xmlns.com/foaf/0.1/lastName">
      <dcds:literalValueString>Therkildsen</dcds:literalValueString>
    </dcds:statement>
  </dcds:description>
  <dcds:description dcds:resourceId="creator3">
    <dcds:statement dcds:valueURI="http://xmlns.com/foaf/0.1/Agent" dcds:propertyURI="http://www.w3.org/1999/02/22-rdf-syntax-ns#type" />
    <dcds:statement dcds:valueURI="http://xmlns.com/foaf/0.1/Person" dcds:propertyURI="http://purl.org/dc/terms/type" />
    <dcds:statement dcds:propertyURI="http://xmlns.com/foaf/0.1/givenName">
      <dcds:literalValueString>J.E.</dcds:literalValueString>
    </dcds:statement>
    <dcds:statement dcds:propertyURI="http://xmlns.com/foaf/0.1/firstName">
      <dcds:literalValueString>J.E.</dcds:literalValueString>
    </dcds:statement>
    <dcds:statement dcds:propertyURI="http://xmlns.com/foaf/0.1/familyName">
      <dcds:literalValueString>Hermansen</dcds:literalValueString>
    </dcds:statement>
    <dcds:statement dcds:propertyURI="http://xmlns.com/foaf/0.1/lastName">
      <dcds:literalValueString>Hermansen</dcds:literalValueString>
    </dcds:statement>
  </dcds:description>
  <dcds:description dcds:resourceId="metametadata">
    <dcds:statement dcds:valueURI="http://voa3r.eu/class/MetaMetadata" dcds:propertyURI="http://www.w3.org/1999/02/22-rdf-syntax-ns#type" />
    <dcds:statement dcds:propertyURI="http://purl.org/dc/terms/identifier">
      <dcds:valueString>oai:orgprints.org:24635</dcds:valueString>
    </dcds:statement>
    <dcds:statement dcds:propertyURI="http://purl.org/dc/terms/type">
      <dcds:literalValueString>voa3r_dcds v1.0</dcds:literalValueString>
    </dcds:statement>
    <dcds:statement dcds:propertyURI="http://purl.org/dc/terms/date">
      <dcds:literalValueString dcds:sesURI="http://purl.org/dc/terms/W3CDTF">2015-09-08</dcds:literalValueString>
    </dcds:statement>
    <dcds:statement dcds:propertyURI="http://purl.org/dc/terms/contributor" dcds:valueRef="metacontributor" />
  </dcds:description>
  <dcds:description dcds:resourceId="metacontributor">
    <dcds:statement dcds:valueURI="http://xmlns.com/foaf/0.1/Agent" dcds:propertyURI="http://www.w3.org/1999/02/22-rdf-syntax-ns#type" />
    <dcds:statement dcds:valueURI="http://xmlns.com/foaf/0.1/Organization" dcds:propertyURI="http://purl.org/dc/terms/type" />
    <dcds:statement dcds:propertyURI="http://xmlns.com/foaf/0.1/name">
      <dcds:literalValueString xml:lang="en">Organic eprints</dcds:literalValueString>
    </dcds:statement>
    <dcds:statement dcds:valueURI="mailto:eprints@orgprints.org" dcds:propertyURI="http://xmlns.com/foaf/0.1/mbox" />
  </dcds:description>
</dcds:descriptionSet>