<dcds:descriptionSet xmlns:dcds="http://purl.org/dc/xmlns/2008/09/01/dc-ds-xml/" xmlns:xsi="http://www.w3.org/2001/XMLSchema-instance" xsi:schemaLocation="http://purl.org/dc/xmlns/2008/09/01/dc-ds-xml/ http://dublincore.org/schemas/xmls/2008/09/01/dc-ds-xml/dcds.xsd">
  <dcds:description dcds:resourceURI="http://orgprints.org/id/eprint/16515">
    <dcds:statement dcds:valueURI="http://voa3r.eu/class/Resource" dcds:propertyURI="http://www.w3.org/1999/02/22-rdf-syntax-ns#type" />
    <dcds:statement dcds:propertyURI="http://purl.org/dc/terms/title">
      <dcds:literalValueString xml:lang="de">Entwicklung von Strategien zur Feuerbrandbekämpfung im ökologischen Obstbau</dcds:literalValueString>
    </dcds:statement>
    <dcds:statement dcds:propertyURI="http://purl.org/dc/terms/language" dcds:vesURI="http://purl.org/dc/terms/RFC5646">
      <dcds:valueString>de</dcds:valueString>
    </dcds:statement>
    <dcds:statement dcds:propertyURI="http://purl.org/dc/terms/abstract">
      <dcds:literalValueString xml:lang="de">Der Feuerbranderreger Erwinia amylovora kann an Apfel und Birne große wirtschaftliche Schäden verursachen. Um Feuerbrandepidemien abzuwenden, benötigt der ökologische Obstbau Strategien, die Blüteninfektionen verhindern. Seit 2004 wurden in diesem Projekt 44 Präparate in vitro und auf abgeschnittenen Blüten untersucht. Dabei zeigte sich, dass im Blütensystem nur Präparate die Symptombildung verhindern, die auch eine bakteriostatische Wirkung in vitro haben. In den insgesamt 11 Freilandversuchen nach EPPO-Richtlinie PP1/166 (3) bestätigten sich die im Labor an Blüten gefundenen Ergebnisse. BlossomProtect war in allen unseren Freilandversuchen mit durchschnittlich 78% Befallsreduktion das wirksamste Präparat, gefolgt vom Gesteinsmehlpräparat Myco-Sin mit durchschnittlich 65% Befallsreduktion. Kupferpräparate sind bekannt bakterizid. Allerdings birgt die Applikation von Kupfer in die Blüte die Gefahr der Fruchtberostung. In Freilandversuchen wurden zwischen 90 und 200 g Reinkupfer/ha eingesetzt. Für eine ausreichende Wirkung wurden 200 g Reinkupfer/ha benötigt. &#xD;
Nachdem im Jahr 2004 auch über Mehrberostung der Früchte durch den Einsatz von BlossomProtect berichtet wurde, haben wir ab 2005 auch Freilandversuche zur Berostung durchgeführt. Es zeigte sich, dass die Mehrberostung durch BlossomProtect von der Sorte und von der Anzahl der Behandlungen abhängt. Auf berostungsempfindlichen Sorten sollte die Anzahl der Behandlungen auf  zwei reduziert werden. &#xD;
Die Wirksamkeit von BlossomProtect ist von der Vermehrungsfähigkeit der darin enthaltenen Hefen abhängig. Im ökologischen Obstbau werden während der Blüte zur Schorfbekämpfung Netzschwefel und Schwefelkalk eingesetzt. Diese hemmen in vitro auch die in BlossomProtect enthaltenen Hefen. In Freilandversuchen zeigte sich, dass der Einsatz von Schwefel oder Schwefelkalk am Tag vor oder nach der BlossomProtect Applikation keinen Einfluss auf die Wirksamkeit von BlossomProtect hat. Wenn aufgrund der Witterung mehr als zwei Behandlungen zur Feuerbrandbekämpfung notwendig sind, sollte BlossomProtect alternierend mit Myco-Sin eingesetzt werden. Dieses hat in Kombination mit Netzschwefel auch eine Schorfwirkung, so dass mit dieser Strategie auch die Gesamtzahl der  Applikationen reduziert werden kann.</dcds:literalValueString>
    </dcds:statement>
    <dcds:statement dcds:propertyURI="http://purl.org/dc/terms/bibliographicCitation" dcds:vesURI="http://www.openurl.info/registry/">
      <dcds:valueString dcds:sesURI="http://voa3r.eu/terms/EncodedSchema">BibTeX:@unpublished{orgprints16515,
           title = {Entwicklung von Strategien zur Feuerbrandbek{\"a}mpfung im {\"o}kologischen Obstbau},
          author = {Stefan Kunz and Kurt Mendgen},
            year = {2009},
        keywords = {B{\"O}L, BOEL, FKZ 03OE524/F, 03OE524/4F, 06OE336, Feuerbrand, Apfel, Birne, {\"o}kologischer Obstbau, Feuerbrandbek{\"a}mpfung, Kupferpr{\"a}parat, Hefepr{\"a}parat, BlossomProtect, Myco-Sin, Schwefelkalk, Wirksamkeit},
             url = {http://orgprints.org/16515/},
        abstract = {Der Feuerbranderreger Erwinia amylovora kann an Apfel und Birne gro{\ss}e wirtschaftliche Sch{\"a}den verursachen. Um Feuerbrandepidemien abzuwenden, ben{\"o}tigt der {\"o}kologische Obstbau Strategien, die Bl{\"u}teninfektionen verhindern. Seit 2004 wurden in diesem Projekt 44 Pr{\"a}parate in vitro und auf abgeschnittenen Bl{\"u}ten untersucht. Dabei zeigte sich, dass im Bl{\"u}tensystem nur Pr{\"a}parate die Symptombildung verhindern, die auch eine bakteriostatische Wirkung in vitro haben. In den insgesamt 11 Freilandversuchen nach EPPO-Richtlinie PP1/166 (3) best{\"a}tigten sich die im Labor an Bl{\"u}ten gefundenen Ergebnisse. BlossomProtect war in allen unseren Freilandversuchen mit durchschnittlich 78\% Befallsreduktion das wirksamste Pr{\"a}parat, gefolgt vom Gesteinsmehlpr{\"a}parat Myco-Sin mit durchschnittlich 65\% Befallsreduktion. Kupferpr{\"a}parate sind bekannt bakterizid. Allerdings birgt die Applikation von Kupfer in die Bl{\"u}te die Gefahr der Fruchtberostung. In Freilandversuchen wurden zwischen 90 und 200 g Reinkupfer/ha eingesetzt. F{\"u}r eine ausreichende Wirkung wurden 200 g Reinkupfer/ha ben{\"o}tigt. &#xD;
Nachdem im Jahr 2004 auch {\"u}ber Mehrberostung der Fr{\"u}chte durch den Einsatz von BlossomProtect berichtet wurde, haben wir ab 2005 auch Freilandversuche zur Berostung durchgef{\"u}hrt. Es zeigte sich, dass die Mehrberostung durch BlossomProtect von der Sorte und von der Anzahl der Behandlungen abh{\"a}ngt. Auf berostungsempfindlichen Sorten sollte die Anzahl der Behandlungen auf  zwei reduziert werden. &#xD;
Die Wirksamkeit von BlossomProtect ist von der Vermehrungsf{\"a}higkeit der darin enthaltenen Hefen abh{\"a}ngig. Im {\"o}kologischen Obstbau werden w{\"a}hrend der Bl{\"u}te zur Schorfbek{\"a}mpfung Netzschwefel und Schwefelkalk eingesetzt. Diese hemmen in vitro auch die in BlossomProtect enthaltenen Hefen. In Freilandversuchen zeigte sich, dass der Einsatz von Schwefel oder Schwefelkalk am Tag vor oder nach der BlossomProtect Applikation keinen Einfluss auf die Wirksamkeit von BlossomProtect hat. Wenn aufgrund der Witterung mehr als zwei Behandlungen zur Feuerbrandbek{\"a}mpfung notwendig sind, sollte BlossomProtect alternierend mit Myco-Sin eingesetzt werden. Dieses hat in Kombination mit Netzschwefel auch eine Schorfwirkung, so dass mit dieser Strategie auch die Gesamtzahl der  Applikationen reduziert werden kann. }
}</dcds:valueString>
    </dcds:statement>
    <dcds:statement dcds:propertyURI="http://purl.org/dc/terms/type" dcds:vesURI="http://voa3r.eu/terms/ResourceType">
      <dcds:valueString>Research Report</dcds:valueString>
    </dcds:statement>
    <dcds:statement dcds:propertyURI="http://voa3r.eu/terms/reviewStatus" dcds:vesURI="http://voa3r.eu/terms/ReviewStatus">
      <dcds:valueString>Peer Reviewed</dcds:valueString>
    </dcds:statement>
    <dcds:statement dcds:propertyURI="http://voa3r.eu/terms/publicationStatus" dcds:vesURI="http://voa3r.eu/terms/PublicationStatus">
      <dcds:valueString>WorkingDraft</dcds:valueString>
    </dcds:statement>
    <dcds:statement dcds:propertyURI="http://purl.org/dc/terms/creator" dcds:valueRef="creator1" />
    <dcds:statement dcds:propertyURI="http://purl.org/dc/terms/creator" dcds:valueRef="creator2" />
    <dcds:statement dcds:propertyURI="http://purl.org/dc/terms/subject">
      <dcds:valueString xml:lang="en">Crop health, quality, protection</dcds:valueString>
    </dcds:statement>
    <dcds:statement dcds:propertyURI="http://purl.org/dc/terms/subject">
      <dcds:valueString xml:lang="en">Fruit and berries</dcds:valueString>
    </dcds:statement>
    <dcds:statement dcds:valueURI="http://orgprints.org/16515/" dcds:propertyURI="http://www.europeana.eu/schemas/ese/isShownAt" />
    <dcds:statement dcds:valueURI="http://orgprints.org/16515/1/16515-06OE524_06OE336-uni_konstanz-kunz-2009-feuerbrandbekaempfung.pdf" dcds:propertyURI="http://www.europeana.eu/schemas/ese/isShownBy" />
    <dcds:statement dcds:propertyURI="http://purl.org/dc/terms/rights">
      <dcds:literalValueString xml:lang="en">ICROFS rights: All of the entries, statements, results etc. contained in the Organic Eprints archive have been compiled by the authors according to their best knowledge and the metadata have been scrupulously checked by the International Centre for Research in Organic Food Systems (ICROFS) and the Research Institute of Organic Agriculture (FiBL). All depositors of eprints have agreed with the Deposit Agreement below. However, the possibility of mistakes can not be ruled out entirely. Therefore, the responsible partners behind Organic Eprints, the archive staff and the depositors are not subject to any obligation and make no guarantees whatsoever regarding any of the statements etc. on this website; neither do they accept responsibility or liability for any possible mistakes contained therein. The links to other websites on the Organic Eprints pages are for informational purposes only. ICROFS, FiBL and the depositors are not responsible for the availability or content of these sites. In addition, providing links to these sites should not be interpreted as endorsement or approval by ICROFS or FiBL.
Deposit Agreement
When depositing an eprint the depositors consents with the following agreement: "In depositing this eprint (a collection of files and associated metadata), I grant Organic Eprints the right to make it permanently available on-line, with open access to all or in accordance with any access restrictions that I have specified. I understand that Organic Eprints does not assume any responsibility if there is any breach of copyright in distributing these files or metadata. For work being deposited by its own first author: I declare that this eprint is my own intellectual property and that I have the right to make it available in Organic Eprints in the manner chosen. For work being deposited by someone other than its first author: I declare that I have gained the proper permissions from someone with the right to make this eprint available in Organic Eprints in the manner chosen - or that the material is in the public domain. Clicking on the deposit button indicates your agreement to these terms."</dcds:literalValueString>
    </dcds:statement>
    <dcds:statement dcds:valueURI="http://purl.org/eprint/accessRights/OpenAccess" dcds:propertyURI="http://purl.org/dc/terms/accessRights" />
    <dcds:statement dcds:propertyURI="http://purl.org/dc/terms/date">
      <dcds:literalValueString dcds:sesURI="http://purl.org/dc/terms/W3CDTF">2009</dcds:literalValueString>
    </dcds:statement>
    <dcds:statement dcds:propertyURI="http://voa3r.eu/terms/hasMetametadata" dcds:valueRef="metametadata" />
  </dcds:description>
  <dcds:description dcds:resourceId="creator1">
    <dcds:statement dcds:valueURI="http://xmlns.com/foaf/0.1/Agent" dcds:propertyURI="http://www.w3.org/1999/02/22-rdf-syntax-ns#type" />
    <dcds:statement dcds:valueURI="http://xmlns.com/foaf/0.1/Person" dcds:propertyURI="http://purl.org/dc/terms/type" />
    <dcds:statement dcds:propertyURI="http://xmlns.com/foaf/0.1/givenName">
      <dcds:literalValueString>Stefan</dcds:literalValueString>
    </dcds:statement>
    <dcds:statement dcds:propertyURI="http://xmlns.com/foaf/0.1/firstName">
      <dcds:literalValueString>Stefan</dcds:literalValueString>
    </dcds:statement>
    <dcds:statement dcds:propertyURI="http://xmlns.com/foaf/0.1/familyName">
      <dcds:literalValueString>Kunz</dcds:literalValueString>
    </dcds:statement>
    <dcds:statement dcds:propertyURI="http://xmlns.com/foaf/0.1/lastName">
      <dcds:literalValueString>Kunz</dcds:literalValueString>
    </dcds:statement>
  </dcds:description>
  <dcds:description dcds:resourceId="creator2">
    <dcds:statement dcds:valueURI="http://xmlns.com/foaf/0.1/Agent" dcds:propertyURI="http://www.w3.org/1999/02/22-rdf-syntax-ns#type" />
    <dcds:statement dcds:valueURI="http://xmlns.com/foaf/0.1/Person" dcds:propertyURI="http://purl.org/dc/terms/type" />
    <dcds:statement dcds:propertyURI="http://xmlns.com/foaf/0.1/givenName">
      <dcds:literalValueString>Kurt</dcds:literalValueString>
    </dcds:statement>
    <dcds:statement dcds:propertyURI="http://xmlns.com/foaf/0.1/firstName">
      <dcds:literalValueString>Kurt</dcds:literalValueString>
    </dcds:statement>
    <dcds:statement dcds:propertyURI="http://xmlns.com/foaf/0.1/familyName">
      <dcds:literalValueString>Mendgen</dcds:literalValueString>
    </dcds:statement>
    <dcds:statement dcds:propertyURI="http://xmlns.com/foaf/0.1/lastName">
      <dcds:literalValueString>Mendgen</dcds:literalValueString>
    </dcds:statement>
  </dcds:description>
  <dcds:description dcds:resourceId="metametadata">
    <dcds:statement dcds:valueURI="http://voa3r.eu/class/MetaMetadata" dcds:propertyURI="http://www.w3.org/1999/02/22-rdf-syntax-ns#type" />
    <dcds:statement dcds:propertyURI="http://purl.org/dc/terms/identifier">
      <dcds:valueString>oai:orgprints.org:16515</dcds:valueString>
    </dcds:statement>
    <dcds:statement dcds:propertyURI="http://purl.org/dc/terms/type">
      <dcds:literalValueString>voa3r_dcds v1.0</dcds:literalValueString>
    </dcds:statement>
    <dcds:statement dcds:propertyURI="http://purl.org/dc/terms/date">
      <dcds:literalValueString dcds:sesURI="http://purl.org/dc/terms/W3CDTF">2015-09-08</dcds:literalValueString>
    </dcds:statement>
    <dcds:statement dcds:propertyURI="http://purl.org/dc/terms/contributor" dcds:valueRef="metacontributor" />
  </dcds:description>
  <dcds:description dcds:resourceId="metacontributor">
    <dcds:statement dcds:valueURI="http://xmlns.com/foaf/0.1/Agent" dcds:propertyURI="http://www.w3.org/1999/02/22-rdf-syntax-ns#type" />
    <dcds:statement dcds:valueURI="http://xmlns.com/foaf/0.1/Organization" dcds:propertyURI="http://purl.org/dc/terms/type" />
    <dcds:statement dcds:propertyURI="http://xmlns.com/foaf/0.1/name">
      <dcds:literalValueString xml:lang="en">Organic eprints</dcds:literalValueString>
    </dcds:statement>
    <dcds:statement dcds:valueURI="mailto:eprints@orgprints.org" dcds:propertyURI="http://xmlns.com/foaf/0.1/mbox" />
  </dcds:description>
</dcds:descriptionSet>