<dcds:descriptionSet xmlns:dcds="http://purl.org/dc/xmlns/2008/09/01/dc-ds-xml/" xmlns:xsi="http://www.w3.org/2001/XMLSchema-instance" xsi:schemaLocation="http://purl.org/dc/xmlns/2008/09/01/dc-ds-xml/ http://dublincore.org/schemas/xmls/2008/09/01/dc-ds-xml/dcds.xsd">
  <dcds:description dcds:resourceURI="http://orgprints.org/id/eprint/26385">
    <dcds:statement dcds:valueURI="http://voa3r.eu/class/Resource" dcds:propertyURI="http://www.w3.org/1999/02/22-rdf-syntax-ns#type" />
    <dcds:statement dcds:propertyURI="http://purl.org/dc/terms/title">
      <dcds:literalValueString xml:lang="en">Vulnerability of Water Resources</dcds:literalValueString>
    </dcds:statement>
    <dcds:statement dcds:propertyURI="http://purl.org/dc/terms/language" dcds:vesURI="http://purl.org/dc/terms/RFC5646">
      <dcds:valueString>en</dcds:valueString>
    </dcds:statement>
    <dcds:statement dcds:propertyURI="http://purl.org/dc/terms/abstract">
      <dcds:literalValueString xml:lang="en">Water is a critical natural resource. It is used for drinking water, agriculture, wetlands services, and the production of hydroelectric energy, amongst others. Croatian fresh-water resources are abundant - indeed they are among the richest in Europe. Therefore, water resources are not considered a limiting factor for development in Croatia.&#xD;However, while there is no shortage of water per se for use in Croatia, problems do exist.&#xD;- First, a large amount of pumped water is wasted, which leads to lost revenue of up to EUR 286 million (0.9% of GDP) per year and increased GHG emissions resulting from the additional use of electricity for pumping.&#xD;- Second, farmers often face water shortages at certain critical times of the years growing season and, in general, the soil lacks moisture.&#xD;&#xD;Croatia uses a small fraction of the water resources available (about 1%). However, climate change may stress some of the systems that depend upon freshwater. This may be especially important in terms of wetlands services and hydroelectric generation. Wetlands services include nutrient and pollutant removal from water, providing habitat for biodiversity, providing timber and providing hunting areas.&#xD;&#xD;During 2000-2007, 50% of all Croatian electricity production was from hydropower. The Croatian energy sector is potentially vulnerable if climate change results in reduced river flows  which is likely given the predictions of climate models simulating a drier Croatia. Reductions in hydroelectric generating capacity would thus reduce the nations level of energy security. For example, in 2003 and 2007, droughts caused significant losses in production compared to the average. This resulted in increased costs for electricity production of perhaps EUR 39-46 million in 2003 and EUR 102-120 million in 2007. Future decreases in hydroelectric production due to reduced runoff and river flows may require lost production to be offset by domestic or imported electricity. Both of these options are more costly than hydropower. It is important to note that increases in costs for electricity production would have multiplier effects throughout the economy. &#xD;&#xD;Climate change is likely to have impacts on the water cycle in Croatia. This could include more droughts, which will affect agriculture and natural environments  especially wetlands. It could also result in decreased river flows, and perhaps even lower levels of ground water, which is used for drinking. Flood severity and drinking water quality/ quantity may also be affected by climate change, though more research is necessary to investigate these possibilities. &#xD;&#xD;Wetlands are particularly important component of water regime in Croatia. They provide a variety of ecosystem services: fishing, forest management, grassland farming, recreation, flood protection, carbon storage and regional climatic stabilization, water regime regulation and habitat for a number of plant and animal species, etc. Aquatic and wetland habitats providing important ecological services are particularly vulnerable to changes in the quantity and distribution of precipitation. Climate change is most likely to negatively affect these services.&#xD;&#xD;Ecosystem services, while ubiquitous, are very hard to value without undertaking original research. In particular, it is difficult to measure the economic value of biodiversity  which is an important aspect of Croatias environment. One ecosystem service  nutrient removal  can give us some idea about the magnitude of the economic importance of wetlands. This service involves wetlands and floodplain areas assimilating pollutants (for example Nitrates and Phosphates) and rendering them relatively harmless to the environment. The value of this service can be determined either by analysing the type of pollutant damage avoided, or the costs saved by not having to remove these pollutants by waste treatment. Using the results from a WWF study (1999) the average value of the nutrient removal service (i.e. waste assimilation) of the floodplain and wetlands area of the Danube basin is EUR 250 per hectare per year. Using this estimate, the annual value of the nutrient removal service of 391,000 hectares of wetland habitats in Croatia would be EUR 98 million (1999 EUR value).&#xD;&#xD;The value of other ecosystem services  and possibly the damages caused to them by climate change could also be substantial. These other services include timber production, hunting land and grassland production. These three services total approximately EUR 1,000 per hectare per year (though this amount still does not include all ecosystem services, such as landscape values, GHG mitigation, fishing, etc.). Depending on the scenario of sustainable land use, the payment that society should provide for the ecosystem services of the Lonjsko Polje Nature Park wetlands was estimated at EUR 20-600 per hectare per year. Assuming that the value of these three services is about EUR 1,000 per hectare, per year for all Croatian wetlands, the value of these services at the national level would be EUR 391 million. Adding the previous value of EUR 98 million for nutrients removal, the total value of the combined ecosystem service would be about 2.36% of the average annual GDP in the period 2001-2005 (EUR 488 million).</dcds:literalValueString>
    </dcds:statement>
    <dcds:statement dcds:propertyURI="http://purl.org/dc/terms/bibliographicCitation" dcds:vesURI="http://www.openurl.info/registry/">
      <dcds:valueString dcds:sesURI="http://voa3r.eu/terms/EncodedSchema">BibTeX:@misc{orgprints26385,          author = {Darko Znaor},          editor = {S Landau and S Legro and S Vla{\vs}i{\'c}},         address = {Zagreb},           title = {Vulnerability of Water Resources},       publisher = {United Nations Development Programme, Country Office Croatia},         journal = {A Climate for Change: Climate Change and its Impacts on Society and Economy in Croatia: UNDP?s National Human Development Report 2008},           pages = {95--118},            year = {2009},        keywords = {Climate change and agriculture; Nutrient removal; Value of grassland ecosystem services; Climate change and water resources, Ecosystem services of wetlands; Croatia},             url = {http://orgprints.org/26385/},        abstract = {Water is a critical natural resource. It is used for drinking water, agriculture, wetlands services, and the production of hydroelectric energy, amongst others. Croatian fresh-water resources are abundant - indeed they are among the richest in Europe. Therefore, water resources are not considered a limiting factor for development in Croatia.&#xD;However, while there is no shortage of water per se for use in Croatia, problems do exist.&#xD;- First, a large amount of pumped water is wasted, which leads to lost revenue of up to EUR 286 million (0.9\% of GDP) per year and increased GHG emissions resulting from the additional use of electricity for pumping.&#xD;- Second, farmers often face water shortages at certain critical times of the year?s growing season and, in general, the soil lacks moisture.&#xD;&#xD;Croatia uses a small fraction of the water resources available (about 1\%). However, climate change may stress some of the systems that depend upon freshwater. This may be especially important in terms of wetlands services and hydroelectric generation. Wetlands services include nutrient and pollutant removal from water, providing habitat for biodiversity, providing timber and providing hunting areas.&#xD;&#xD;During 2000-2007, 50\% of all Croatian electricity production was from hydropower. The Croatian energy sector is potentially vulnerable if climate change results in reduced river flows ? which is likely given the predictions of climate models simulating a drier Croatia. Reductions in hydroelectric generating capacity would thus reduce the nation?s level of energy security. For example, in 2003 and 2007, droughts caused significant losses in production compared to the average. This resulted in increased costs for electricity production of perhaps EUR 39-46 million in 2003 and EUR 102-120 million in 2007. Future decreases in hydroelectric production due to reduced runoff and river flows may require lost production to be offset by domestic or imported electricity. Both of these options are more costly than hydropower. It is important to note that increases in costs for electricity production would have multiplier effects throughout the economy. &#xD;&#xD;Climate change is likely to have impacts on the water cycle in Croatia. This could include more droughts, which will affect agriculture and natural environments ? especially wetlands. It could also result in decreased river flows, and perhaps even lower levels of ground water, which is used for drinking. Flood severity and drinking water quality/ quantity may also be affected by climate change, though more research is necessary to investigate these possibilities. &#xD;&#xD;Wetlands are particularly important component of water regime in Croatia. They provide a variety of ecosystem services: fishing, forest management, grassland farming, recreation, flood protection, carbon storage and regional climatic stabilization, water regime regulation and habitat for a number of plant and animal species, etc. Aquatic and wetland habitats providing important ecological services are particularly vulnerable to changes in the quantity and distribution of precipitation. Climate change is most likely to negatively affect these services.&#xD;&#xD;Ecosystem services, while ubiquitous, are very hard to value without undertaking original research. In particular, it is difficult to measure the economic value of biodiversity ? which is an important aspect of Croatia?s environment. One ecosystem service ? nutrient removal ? can give us some idea about the magnitude of the economic importance of wetlands. This service involves wetlands and floodplain areas assimilating pollutants (for example Nitrates and Phosphates) and rendering them relatively harmless to the environment. The value of this service can be determined either by analysing the type of pollutant damage avoided, or the costs saved by not having to remove these pollutants by waste treatment. Using the results from a WWF study (1999) the average value of the nutrient removal service (i.e. waste assimilation) of the floodplain and wetlands area of the Danube basin is EUR 250 per hectare per year. Using this estimate, the annual value of the nutrient removal service of 391,000 hectares of wetland habitats in Croatia would be EUR 98 million (1999 EUR value).&#xD;&#xD;The value of other ecosystem services ? and possibly the damages caused to them by climate change? could also be substantial. These other services include timber production, hunting land and grassland production. These three services total approximately EUR 1,000 per hectare per year (though this amount still does not include all ecosystem services, such as landscape values, GHG mitigation, fishing, etc.). Depending on the scenario of sustainable land use, the payment that society should provide for the ecosystem services of the Lonjsko Polje Nature Park wetlands was estimated at EUR 20-600 per hectare per year. Assuming that the value of these three services is about EUR 1,000 per hectare, per year for all Croatian wetlands, the value of these services at the national level would be EUR 391 million. Adding the previous value of EUR 98 million for nutrients removal, the total value of the combined ecosystem service would be about 2.36\% of the average annual GDP in the period 2001-2005 (EUR 488 million). &#xD;&#xD;}}</dcds:valueString>
    </dcds:statement>
    <dcds:statement dcds:propertyURI="http://purl.org/dc/terms/type" dcds:vesURI="http://voa3r.eu/terms/ResourceType">
      <dcds:valueString>Book Section</dcds:valueString>
    </dcds:statement>
    <dcds:statement dcds:propertyURI="http://voa3r.eu/terms/reviewStatus" dcds:vesURI="http://voa3r.eu/terms/ReviewStatus">
      <dcds:valueString>Peer Reviewed</dcds:valueString>
    </dcds:statement>
    <dcds:statement dcds:propertyURI="http://voa3r.eu/terms/publicationStatus" dcds:vesURI="http://voa3r.eu/terms/PublicationStatus">
      <dcds:valueString>Published</dcds:valueString>
    </dcds:statement>
    <dcds:statement dcds:propertyURI="http://purl.org/dc/terms/creator" dcds:valueRef="creator1" />
    <dcds:statement dcds:propertyURI="http://id.loc.gov/vocabulary/relators/edt" dcds:valueRef="editor1" />
    <dcds:statement dcds:propertyURI="http://id.loc.gov/vocabulary/relators/edt" dcds:valueRef="editor2" />
    <dcds:statement dcds:propertyURI="http://id.loc.gov/vocabulary/relators/edt" dcds:valueRef="editor3" />
    <dcds:statement dcds:propertyURI="http://purl.org/dc/terms/publisher" dcds:valueRef="publisher" />
    <dcds:statement dcds:propertyURI="http://purl.org/dc/terms/subject">
      <dcds:valueString xml:lang="en">Recycling, balancing and resource management</dcds:valueString>
    </dcds:statement>
    <dcds:statement dcds:propertyURI="http://purl.org/dc/terms/subject">
      <dcds:valueString xml:lang="en">Nutrient turnover</dcds:valueString>
    </dcds:statement>
    <dcds:statement dcds:propertyURI="http://purl.org/dc/terms/subject">
      <dcds:valueString xml:lang="en">Air and water emissions</dcds:valueString>
    </dcds:statement>
    <dcds:statement dcds:propertyURI="http://purl.org/dc/terms/subject">
      <dcds:valueString xml:lang="en">Policy environments and social economy</dcds:valueString>
    </dcds:statement>
    <dcds:statement dcds:propertyURI="http://purl.org/dc/terms/subject">
      <dcds:valueString xml:lang="en">Research methodology and philosophy</dcds:valueString>
    </dcds:statement>
    <dcds:statement dcds:valueURI="http://orgprints.org/26385/" dcds:propertyURI="http://www.europeana.eu/schemas/ese/isShownAt" />
    <dcds:statement dcds:valueURI="http://orgprints.org/26385/8/26385.pdf" dcds:propertyURI="http://www.europeana.eu/schemas/ese/isShownBy" />
    <dcds:statement dcds:propertyURI="http://purl.org/dc/terms/rights">
      <dcds:literalValueString xml:lang="en">ICROFS rights: All of the entries, statements, results etc. contained in the Organic Eprints archive have been compiled by the authors according to their best knowledge and the metadata have been scrupulously checked by the International Centre for Research in Organic Food Systems (ICROFS) and the Research Institute of Organic Agriculture (FiBL). All depositors of eprints have agreed with the Deposit Agreement below. However, the possibility of mistakes can not be ruled out entirely. Therefore, the responsible partners behind Organic Eprints, the archive staff and the depositors are not subject to any obligation and make no guarantees whatsoever regarding any of the statements etc. on this website; neither do they accept responsibility or liability for any possible mistakes contained therein. The links to other websites on the Organic Eprints pages are for informational purposes only. ICROFS, FiBL and the depositors are not responsible for the availability or content of these sites. In addition, providing links to these sites should not be interpreted as endorsement or approval by ICROFS or FiBL.Deposit AgreementWhen depositing an eprint the depositors consents with the following agreement: "In depositing this eprint (a collection of files and associated metadata), I grant Organic Eprints the right to make it permanently available on-line, with open access to all or in accordance with any access restrictions that I have specified. I understand that Organic Eprints does not assume any responsibility if there is any breach of copyright in distributing these files or metadata. For work being deposited by its own first author: I declare that this eprint is my own intellectual property and that I have the right to make it available in Organic Eprints in the manner chosen. For work being deposited by someone other than its first author: I declare that I have gained the proper permissions from someone with the right to make this eprint available in Organic Eprints in the manner chosen - or that the material is in the public domain. Clicking on the deposit button indicates your agreement to these terms."</dcds:literalValueString>
    </dcds:statement>
    <dcds:statement dcds:valueURI="http://purl.org/eprint/accessRights/OpenAccess" dcds:propertyURI="http://purl.org/dc/terms/accessRights" />
    <dcds:statement dcds:propertyURI="http://purl.org/dc/terms/date">
      <dcds:literalValueString dcds:sesURI="http://purl.org/dc/terms/W3CDTF">2009</dcds:literalValueString>
    </dcds:statement>
    <dcds:statement dcds:propertyURI="http://voa3r.eu/terms/hasMetametadata" dcds:valueRef="metametadata" />
  </dcds:description>
  <dcds:description dcds:resourceId="creator1">
    <dcds:statement dcds:valueURI="http://xmlns.com/foaf/0.1/Agent" dcds:propertyURI="http://www.w3.org/1999/02/22-rdf-syntax-ns#type" />
    <dcds:statement dcds:valueURI="http://xmlns.com/foaf/0.1/Person" dcds:propertyURI="http://purl.org/dc/terms/type" />
    <dcds:statement dcds:propertyURI="http://xmlns.com/foaf/0.1/givenName">
      <dcds:literalValueString>Darko</dcds:literalValueString>
    </dcds:statement>
    <dcds:statement dcds:propertyURI="http://xmlns.com/foaf/0.1/firstName">
      <dcds:literalValueString>Darko</dcds:literalValueString>
    </dcds:statement>
    <dcds:statement dcds:propertyURI="http://xmlns.com/foaf/0.1/familyName">
      <dcds:literalValueString>Znaor</dcds:literalValueString>
    </dcds:statement>
    <dcds:statement dcds:propertyURI="http://xmlns.com/foaf/0.1/lastName">
      <dcds:literalValueString>Znaor</dcds:literalValueString>
    </dcds:statement>
    <dcds:statement dcds:valueURI="mailto:darko@znaor.eu" dcds:propertyURI="http://xmlns.com/foaf/0.1/mbox" />
  </dcds:description>
  <dcds:description dcds:resourceId="editor1">
    <dcds:statement dcds:valueURI="http://xmlns.com/foaf/0.1/Agent" dcds:propertyURI="http://www.w3.org/1999/02/22-rdf-syntax-ns#type" />
    <dcds:statement dcds:valueURI="http://xmlns.com/foaf/0.1/Person" dcds:propertyURI="http://purl.org/dc/terms/type" />
    <dcds:statement dcds:propertyURI="http://xmlns.com/foaf/0.1/givenName">
      <dcds:literalValueString>S</dcds:literalValueString>
    </dcds:statement>
    <dcds:statement dcds:propertyURI="http://xmlns.com/foaf/0.1/firstName">
      <dcds:literalValueString>S</dcds:literalValueString>
    </dcds:statement>
    <dcds:statement dcds:propertyURI="http://xmlns.com/foaf/0.1/familyName">
      <dcds:literalValueString>Landau</dcds:literalValueString>
    </dcds:statement>
    <dcds:statement dcds:propertyURI="http://xmlns.com/foaf/0.1/lastName">
      <dcds:literalValueString>Landau</dcds:literalValueString>
    </dcds:statement>
  </dcds:description>
  <dcds:description dcds:resourceId="editor2">
    <dcds:statement dcds:valueURI="http://xmlns.com/foaf/0.1/Agent" dcds:propertyURI="http://www.w3.org/1999/02/22-rdf-syntax-ns#type" />
    <dcds:statement dcds:valueURI="http://xmlns.com/foaf/0.1/Person" dcds:propertyURI="http://purl.org/dc/terms/type" />
    <dcds:statement dcds:propertyURI="http://xmlns.com/foaf/0.1/givenName">
      <dcds:literalValueString>S</dcds:literalValueString>
    </dcds:statement>
    <dcds:statement dcds:propertyURI="http://xmlns.com/foaf/0.1/firstName">
      <dcds:literalValueString>S</dcds:literalValueString>
    </dcds:statement>
    <dcds:statement dcds:propertyURI="http://xmlns.com/foaf/0.1/familyName">
      <dcds:literalValueString>Legro</dcds:literalValueString>
    </dcds:statement>
    <dcds:statement dcds:propertyURI="http://xmlns.com/foaf/0.1/lastName">
      <dcds:literalValueString>Legro</dcds:literalValueString>
    </dcds:statement>
  </dcds:description>
  <dcds:description dcds:resourceId="editor3">
    <dcds:statement dcds:valueURI="http://xmlns.com/foaf/0.1/Agent" dcds:propertyURI="http://www.w3.org/1999/02/22-rdf-syntax-ns#type" />
    <dcds:statement dcds:valueURI="http://xmlns.com/foaf/0.1/Person" dcds:propertyURI="http://purl.org/dc/terms/type" />
    <dcds:statement dcds:propertyURI="http://xmlns.com/foaf/0.1/givenName">
      <dcds:literalValueString>S</dcds:literalValueString>
    </dcds:statement>
    <dcds:statement dcds:propertyURI="http://xmlns.com/foaf/0.1/firstName">
      <dcds:literalValueString>S</dcds:literalValueString>
    </dcds:statement>
    <dcds:statement dcds:propertyURI="http://xmlns.com/foaf/0.1/familyName">
      <dcds:literalValueString>Vlai</dcds:literalValueString>
    </dcds:statement>
    <dcds:statement dcds:propertyURI="http://xmlns.com/foaf/0.1/lastName">
      <dcds:literalValueString>Vlai</dcds:literalValueString>
    </dcds:statement>
  </dcds:description>
  <dcds:description dcds:resourceId="publisher">
    <dcds:statement dcds:valueURI="http://xmlns.com/foaf/0.1/Agent" dcds:propertyURI="http://www.w3.org/1999/02/22-rdf-syntax-ns#type" />
    <dcds:statement dcds:valueURI="http://xmlns.com/foaf/0.1/Organization" dcds:propertyURI="http://purl.org/dc/terms/type" />
    <dcds:statement dcds:propertyURI="http://xmlns.com/foaf/0.1/name">
      <dcds:literalValueString>United Nations Development Programme, Country Office Croatia</dcds:literalValueString>
    </dcds:statement>
    <dcds:statement dcds:propertyURI="http://xmlns.com/foaf/0.1/based_near">
      <dcds:literalValueString>Zagreb</dcds:literalValueString>
    </dcds:statement>
  </dcds:description>
  <dcds:description dcds:resourceId="metametadata">
    <dcds:statement dcds:valueURI="http://voa3r.eu/class/MetaMetadata" dcds:propertyURI="http://www.w3.org/1999/02/22-rdf-syntax-ns#type" />
    <dcds:statement dcds:propertyURI="http://purl.org/dc/terms/identifier">
      <dcds:valueString>oai:orgprints.org:26385</dcds:valueString>
    </dcds:statement>
    <dcds:statement dcds:propertyURI="http://purl.org/dc/terms/type">
      <dcds:literalValueString>voa3r_dcds v1.0</dcds:literalValueString>
    </dcds:statement>
    <dcds:statement dcds:propertyURI="http://purl.org/dc/terms/date">
      <dcds:literalValueString dcds:sesURI="http://purl.org/dc/terms/W3CDTF">2015-09-08</dcds:literalValueString>
    </dcds:statement>
    <dcds:statement dcds:propertyURI="http://purl.org/dc/terms/contributor" dcds:valueRef="metacontributor" />
  </dcds:description>
  <dcds:description dcds:resourceId="metacontributor">
    <dcds:statement dcds:valueURI="http://xmlns.com/foaf/0.1/Agent" dcds:propertyURI="http://www.w3.org/1999/02/22-rdf-syntax-ns#type" />
    <dcds:statement dcds:valueURI="http://xmlns.com/foaf/0.1/Organization" dcds:propertyURI="http://purl.org/dc/terms/type" />
    <dcds:statement dcds:propertyURI="http://xmlns.com/foaf/0.1/name">
      <dcds:literalValueString xml:lang="en">Organic eprints</dcds:literalValueString>
    </dcds:statement>
    <dcds:statement dcds:valueURI="mailto:eprints@orgprints.org" dcds:propertyURI="http://xmlns.com/foaf/0.1/mbox" />
  </dcds:description>
</dcds:descriptionSet>