<oai_dc:dc xmlns:oai_dc="http://www.openarchives.org/OAI/2.0/oai_dc/" xmlns:dc="http://purl.org/dc/elements/1.1/" xmlns:xsi="http://www.w3.org/2001/XMLSchema-instance" xsi:schemaLocation="http://www.openarchives.org/OAI/2.0/oai_dc/ http://www.openarchives.org/OAI/2.0/oai_dc.xsd">
  <dc:title>Nyt økologisk dyrkningssystem påvirker ikke tomaters kvalitet</dc:title>
  <dc:creator>Edelenbos, Senior Scientist Merete</dc:creator>
  <dc:creator>Thybo, Senior Scientist Anette</dc:creator>
  <dc:creator>Nielsen, Scientist Morten</dc:creator>
  <dc:subject>Vegetables</dc:subject>
  <dc:description>Spisekvaliteten af tomater dyrket direkte i jord, i afgrænset bed og i kombineret bed blev undersøgt ved sensorisk profilering og analyse af indholdsstoffer som sukker,syre, N og aromastoffer. Der blev kun fundet meget få og svage effetker af dyrkningssystemerne på spisekvaltieten og indholdsstoffer. Resultaterne viste, at det var muligt at dyrke økologiske tomater i afgræsnet eller kombineret bed, og opnå den samme spisekvalitet, som hvis tomaterne var dyrket direkte i jord.</dc:description>
  <dc:date>2003</dc:date>
  <dc:type>Newspaper or magazine article</dc:type>
  <dc:type>NonPeerReviewed</dc:type>
  <dc:format>application/pdf</dc:format>
  <dc:identifier>http://orgprints.org/1591/1/Okologisk_dyrkningssystem_tomater_1591.pdf</dc:identifier>
  <dc:identifier>Edelenbos, Senior Scientist Merete; Thybo, Senior Scientist Anette and Nielsen, Scientist Morten    (2003) Nyt økologisk dyrkningssystem påvirker ikke tomaters kvalitet.  [A new ecological growing system do not affect the quality of tomatoes.]  Gartner Tidende, 2003, 11, pp. 14-15.</dc:identifier>
  <dc:relation>http://orgprints.org/1591/</dc:relation>
</oai_dc:dc>