<oai_dc:dc xmlns:oai_dc="http://www.openarchives.org/OAI/2.0/oai_dc/" xmlns:dc="http://purl.org/dc/elements/1.1/" xmlns:xsi="http://www.w3.org/2001/XMLSchema-instance" xsi:schemaLocation="http://www.openarchives.org/OAI/2.0/oai_dc/ http://www.openarchives.org/OAI/2.0/oai_dc.xsd">
  <dc:title>Desempenho econômico da cultura do girassol em sistemas de agricultura familiar do sudeste paranaense.</dc:title>
  <dc:creator>Ribeiro, Maria de Fátima dos Santos</dc:creator>
  <dc:creator>Raiher, Augusta Pelinski</dc:creator>
  <dc:subject>Farm economics</dc:subject>
  <dc:subject>Farming Systems</dc:subject>
  <dc:subject>Crop husbandry</dc:subject>
  <dc:description>O objetivo deste trabalho foi avaliar o desempenho econômico da cultura do girassol em sistemas de produção familiar do sudeste paranaense. Foram avaliadas 26 situações culturais, as quais variaram quanto às condições edafoclimáticas, à intensidade de uso de mecanização, ao custo com fertilizantes e à cultivar utilizada. A Análise de Componentes Principais indicou que o desempenho econômico da cultura do girassol não esteve correlacionado com a intensidade de uso de mecanização, sendo possível auferir maiores margens brutas, tanto em sistemas totalmente mecanizados, quanto em sistemas com mecanização intermediária ou com tração animal. O custo com fertilizantes e a produtividade foram os fatores mais importantes para o desempenho econômico da cultura. Verificou-se também que o custo com sementes não esteve correlacionado com a margem bruta. Assim, para as condições do presente estudo, é economicamente mais interessante a utilização de materiais com alto potencial produtivo, mesmo que o custo de aquisição das sementes seja maior. Pela Análise de Cluster, as 26 situações culturais foram agrupadas em quatro classes de desempenho econômico. As menores margens brutas variaram entre R$180 ha-1 (sistema totalmente mecanizado) e R$288 ha-1 (tração animal e intermediário). As maiores margens brutas variaram entre R$553 ha-1 (sistema totalmente mecanizado) e R$695 ha-1 (tração animal e intermediário).</dc:description>
  <dc:date>2013-05</dc:date>
  <dc:type>Journal paper</dc:type>
  <dc:type>NonPeerReviewed</dc:type>
  <dc:format>application/pdf</dc:format>
  <dc:identifier>http://orgprints.org/28547/1/Ribeiro_desempenho.pdf</dc:identifier>
  <dc:identifier>Ribeiro, Maria de Fátima dos Santos and Raiher, Augusta Pelinski   (2013) Desempenho econômico da cultura do girassol em sistemas de agricultura familiar do sudeste paranaense.  [Economic performance of sunflower in family farming systems of southeastern Paraná, southern Brazil.]  Ciência Rural, 43 (5), pp. 786-791.</dc:identifier>
  <dc:relation>http://orgprints.org/28547/</dc:relation>
</oai_dc:dc>