<oai_dc:dc xmlns:oai_dc="http://www.openarchives.org/OAI/2.0/oai_dc/" xmlns:dc="http://purl.org/dc/elements/1.1/" xmlns:xsi="http://www.w3.org/2001/XMLSchema-instance" xsi:schemaLocation="http://www.openarchives.org/OAI/2.0/oai_dc/ http://www.openarchives.org/OAI/2.0/oai_dc.xsd">
  <dc:title>Endelig en COST-aksjon med økologisk siktemål</dc:title>
  <dc:creator>Løes, Anne-Kristin</dc:creator>
  <dc:creator>Østergård, Hanne</dc:creator>
  <dc:subject>Crop health, quality, protection</dc:subject>
  <dc:subject>Crop combinations and interactions</dc:subject>
  <dc:subject>Cereals, pulses and oilseeds</dc:subject>
  <dc:subject>Weed management</dc:subject>
  <dc:subject>Breeding, genetics and propagation</dc:subject>
  <dc:subject>Soil tillage</dc:subject>
  <dc:description>Information om SUSVAR-netværket (COST860) og dets relation til FØJO II BAR-OF</dc:description>
  <dc:date>2004</dc:date>
  <dc:type>Journal paper</dc:type>
  <dc:type>NonPeerReviewed</dc:type>
  <dc:format>application/pdf</dc:format>
  <dc:identifier>http://orgprints.org/3551/1/3551.pdf</dc:identifier>
  <dc:identifier>Løes, Anne-Kristin and Østergård, Hanne   (2004) Endelig en COST-aksjon med økologisk siktemål.   Forskningsnytt om økologisk landbruk i Norden (3), 1/8-19.     [In Press]</dc:identifier>
  <dc:relation>http://orgprints.org/3551/</dc:relation>
</oai_dc:dc>