<oai_dc:dc xmlns:oai_dc="http://www.openarchives.org/OAI/2.0/oai_dc/" xmlns:dc="http://purl.org/dc/elements/1.1/" xmlns:xsi="http://www.w3.org/2001/XMLSchema-instance" xsi:schemaLocation="http://www.openarchives.org/OAI/2.0/oai_dc/ http://www.openarchives.org/OAI/2.0/oai_dc.xsd">
  <dc:title>Entwicklung eines Konzeptes zur Erzeugung von Öko-Ziegenlammfleisch aus melkenden Beständen (Vortrag)</dc:title>
  <dc:creator>Bender, Sophia</dc:creator>
  <dc:creator>Ude, Gracia</dc:creator>
  <dc:creator>Georg, Heiko</dc:creator>
  <dc:creator>Weißmann, Friedrich</dc:creator>
  <dc:creator>Aulrich, Karen</dc:creator>
  <dc:creator>Rahmann, Gerold</dc:creator>
  <dc:subject>Sheep and goats</dc:subject>
  <dc:description>In contrast to the increasing demand for dairy goat products in Germany, a market for goat kid meat as a related product is more or less non-existing. Thus, the objective of our study was to develop a concept for organic goat kid meat production for dairy goat farms. In collaboration with a wholesaler, organic dairy goat farmers and marketing research the experimental part of our study was to find out if cross-breeding of meat-goats could improve meat quality and performance of fattening goat kids together with other factors like concentrate ratio of the diet, housing system as well as raising strategy. First results indicate that a low input level of concentrates of 10 % of total dry matter intake per goat kid and year is not sufficient to meet the requested carcass weight of 12 kg at slaughter.</dc:description>
  <dc:date>2013-09-09</dc:date>
  <dc:type>Conference paper, poster, etc.</dc:type>
  <dc:type>NonPeerReviewed</dc:type>
  <dc:format>application/pdf</dc:format>
  <dc:identifier>http://orgprints.org/21535/1/21535_Bender.pdf</dc:identifier>
  <dc:identifier>Bender, Sophia; Ude, Gracia; Georg, Heiko; Weißmann, Friedrich; Aulrich, Karen and Rahmann, Gerold    (2013) Entwicklung eines Konzeptes zur Erzeugung von Öko-Ziegenlammfleisch aus melkenden Beständen (Vortrag).       Paper at:   12. Wissenschaftstagung Ökologischer Landbau, Rheinische Friedrich-Wilhelms-Universität, Bonn, 5. bis 8. März 2013.</dc:identifier>
  <dc:relation>http://orgprints.org/21535/</dc:relation>
</oai_dc:dc>