<oai_dc:dc xmlns:oai_dc="http://www.openarchives.org/OAI/2.0/oai_dc/" xmlns:dc="http://purl.org/dc/elements/1.1/" xmlns:xsi="http://www.w3.org/2001/XMLSchema-instance" xsi:schemaLocation="http://www.openarchives.org/OAI/2.0/oai_dc/ http://www.openarchives.org/OAI/2.0/oai_dc.xsd">
  <dc:title>Vergleichbarkeit von Qualitätsuntersuchungen mit den Bildschaffenden Methoden (Kupferchlorid-Kristallisation)</dc:title>
  <dc:creator>Busscher, Nicolaas</dc:creator>
  <dc:creator>Kahl, Johannes</dc:creator>
  <dc:creator>Mergardt, Gaby</dc:creator>
  <dc:creator>Andersen, Jens-Otto</dc:creator>
  <dc:creator>Huber, Machteld</dc:creator>
  <dc:creator>Meier-Ploeger, Angelika</dc:creator>
  <dc:subject>Specific methods</dc:subject>
  <dc:description>In der vorliegenden Arbeit wird der wissenschaftliche Ansatz, die Methode zu validieren beschrieben und der Einfluss der Kammerbedingungen auf die Kristallisation systematisch untersucht und statistisch ausgewertet. Die Klimakonditionen haben einen signifikanten Einfluss auf die Streuung der Werte, sowohl innerhalb eines Kammerdurchgangs, als auch im Vergleich zwischen zwei Kammerdurchgängen. Bei der Einstellung der Startfeuchte auf dem Ring variieren die Feuchtenwerte die dafür erreicht werden müssen von Kammer zu Kammer; weitere Untersuchungen werden zeigen, ob dies auf die unterschiedlichen Abstände beim Aufbau der Kammern (bis zu 2 Jahren Differenz) an den einzelnen Orten zurückzuführen ist (Adaption des Werkstoffes). Eine Vergleichbarkeit von Qualitätsuntersuchungen mit den Bildschaffenden Methoden ist aus unserer Sicht möglich, wenn die experimentellen Randbedingungen bekannt und kontrolliert oder gemessen werden können. Die Festlegung der Prozessschritte in normativen Dokumenten und die Verfolgung der gesamten Probensequenz ist möglich und eine weitere Voraussetzung, um Qualitätsuntersuchungen mit den Bildschaffenden Methoden vergleichen zu können. Die hier vorgelegten Untersuchungen zur Methodenrobustheit im Prozessschritt Kristallisation erlauben die Ermittlung der Wiederhol- und Laborpräzision und sind damit Voraussetzung, die Vergleichspräzision mit der Durchführung von Ringversuchen ermitteln zu können. Das Problem einer fehlenden Bezugsnormalen (und damit der Überprüfung der Richtigkeit) bleibt davon unberührt.&#xD;
&#xD;
Die Autoren danken der Firma Eosta, der Iona Stichting, Mrs. und Mr. Kindersley, der Software AG Stiftung und der Triodos Stichting für die finanzielle Unterstützung des Vorhabens.</dc:description>
  <dc:publisher>Universität für Bodenkultur Wien, Institut für Ökologischen Landbau</dc:publisher>
  <dc:contributor>Freyer, Bernd</dc:contributor>
  <dc:date>2003</dc:date>
  <dc:type>Conference paper, poster, etc.</dc:type>
  <dc:type>NonPeerReviewed</dc:type>
  <dc:format>application/pdf</dc:format>
  <dc:identifier>http://orgprints.org/1027/1/busscher-et-al-2003-CuCl2-Kristallisation.pdf</dc:identifier>
  <dc:identifier>Busscher, Nicolaas; Kahl, Johannes; Mergardt, Gaby; Andersen, Jens-Otto; Huber, Machteld and Meier-Ploeger, Angelika    (2003) Vergleichbarkeit von Qualitätsuntersuchungen mit den Bildschaffenden Methoden (Kupferchlorid-Kristallisation).   In: Freyer, Bernd (Ed.)  Ökologischer Landbau der Zukunft - Beiträge zur 7. Wissenschaftstatung zum Ökologischen Landbau, Universität für Bodenkultur Wien, Institut für Ökologischen Landbau, pp. 217-220.</dc:identifier>
  <dc:relation>http://orgprints.org/1027/</dc:relation>
</oai_dc:dc>