<oai_dc:dc xmlns:oai_dc="http://www.openarchives.org/OAI/2.0/oai_dc/" xmlns:dc="http://purl.org/dc/elements/1.1/" xmlns:xsi="http://www.w3.org/2001/XMLSchema-instance" xsi:schemaLocation="http://www.openarchives.org/OAI/2.0/oai_dc/ http://www.openarchives.org/OAI/2.0/oai_dc.xsd">
  <dc:title>FACILITY: Experimental Farm Vredepeel</dc:title>
  <dc:subject>Cereals, pulses and oilseeds</dc:subject>
  <dc:subject>Vegetables</dc:subject>
  <dc:subject>Root crops</dc:subject>
  <dc:description>Beside an integrated farm system the unit has an organic farm system (4 ha) representing the organic arable farms in the south-east of The Netherlands with vegetables for industrial processing.</dc:description>
  <dc:type>Research facility description</dc:type>
  <dc:type>NonPeerReviewed</dc:type>
  <dc:identifier>{Facility}   Vredepeel: FACILITY: Experimental Farm Vredepeel.       Facility Leader(s): unknown, , Wageningen University and Research Centre.</dc:identifier>
  <dc:relation>http://orgprints.org/5302/</dc:relation>
</oai_dc:dc>