<oai_dc:dc xmlns:oai_dc="http://www.openarchives.org/OAI/2.0/oai_dc/" xmlns:dc="http://purl.org/dc/elements/1.1/" xmlns:xsi="http://www.w3.org/2001/XMLSchema-instance" xsi:schemaLocation="http://www.openarchives.org/OAI/2.0/oai_dc/ http://www.openarchives.org/OAI/2.0/oai_dc.xsd">
  <dc:title>NO CAST - det handler om hangrise</dc:title>
  <dc:creator>Eriksen, Simme</dc:creator>
  <dc:subject>Feeding and growth</dc:subject>
  <dc:subject>Health and welfare</dc:subject>
  <dc:subject>Pigs</dc:subject>
  <dc:description>Det GUDP-midlerne/Grøn Vækst puljen støttede projekt "NO CAST" om økologiske hangrise introduceres. Projektets opbygning med en arbejdspakke omhandlende grundforskning, en arbejdspakke omhandlende advendt forskning og en omhandlende demonstration forklares. De emner der forskes i og de emner hvor der arbejdes med udvikling omtales.&#xD;
Udviklingscenter for Husdyr på Friands rolle, som deltager i arbejdspakken om demonstartion, præciseres.</dc:description>
  <dc:date>2011-10</dc:date>
  <dc:type>Newspaper or magazine article</dc:type>
  <dc:type>NonPeerReviewed</dc:type>
  <dc:format>application/pdf</dc:format>
  <dc:identifier>http://orgprints.org/20015/3/20015.pdf</dc:identifier>
  <dc:identifier>Eriksen, Simme    (2011) NO CAST - det handler om hangrise.   Økologisk Nyhedsbrev, October 2011, 9, p. 9.</dc:identifier>
  <dc:relation>http://orgprints.org/20015/</dc:relation>
</oai_dc:dc>