<oai_dc:dc xmlns:oai_dc="http://www.openarchives.org/OAI/2.0/oai_dc/" xmlns:dc="http://purl.org/dc/elements/1.1/" xmlns:xsi="http://www.w3.org/2001/XMLSchema-instance" xsi:schemaLocation="http://www.openarchives.org/OAI/2.0/oai_dc/ http://www.openarchives.org/OAI/2.0/oai_dc.xsd">
  <dc:title>Versuchsergebnisse Bereich Pflanzenschutzentomologie</dc:title>
  <dc:creator>Daniel, Claudia</dc:creator>
  <dc:creator>Wyss, Eric</dc:creator>
  <dc:subject>Fruit and berries</dc:subject>
  <dc:subject>Crop health, quality, protection</dc:subject>
  <dc:description>Versuchsergebnisse zu den folgenden Schädlingen werden aufgezeigt: &#xD;
- die Mehlige Apfelblattlaus (Dysaphis plantaginea) &#xD;
- die Blutlaus (Eriosoma lanigerum) &#xD;
- den Apfelblütenstecher (Anthonomus pomorum) &#xD;
- den Birnenblattsauger (Cacopsylla pyri) &#xD;
- die Birnenpockenmilbe (Phytoptus pyri) &#xD;
- die Kirschblütenmotte (Argyresthia pruniella) &#xD;
- die Kirschfruchtfliege (Rhagoletis cerasi) &#xD;
- den Pflaumenwickler (Grapholitha funebrana)</dc:description>
  <dc:publisher>Forschungsinstitut für biologischen Landbau, Frick</dc:publisher>
  <dc:contributor>Häseli, Andreas</dc:contributor>
  <dc:date>2004</dc:date>
  <dc:type>Book chapter</dc:type>
  <dc:type>NonPeerReviewed</dc:type>
  <dc:format>application/pdf</dc:format>
  <dc:identifier>http://orgprints.org/2566/1/daniel-2004-pflanzenschutzentomologie.pdf</dc:identifier>
  <dc:identifier>Daniel, Claudia and Wyss, Eric    (2004) Versuchsergebnisse Bereich Pflanzenschutzentomologie.  [Results of FiBL Research in teh area of crop entomology.]   In: Häseli, Andreas (Ed.)   Tagungsband zur FiBL Bioobstbautagung 28.01.2004 in Frick.  Forschungsinstitut für biologischen Landbau, Frick, pp. 16-23.</dc:identifier>
  <dc:relation>http://orgprints.org/2566/</dc:relation>
</oai_dc:dc>