<oai_dc:dc xmlns:oai_dc="http://www.openarchives.org/OAI/2.0/oai_dc/" xmlns:dc="http://purl.org/dc/elements/1.1/" xmlns:xsi="http://www.w3.org/2001/XMLSchema-instance" xsi:schemaLocation="http://www.openarchives.org/OAI/2.0/oai_dc/ http://www.openarchives.org/OAI/2.0/oai_dc.xsd">
  <dc:title>Korn og halm til bioethanol – råvarepotentiale, -kvalitet og konverteringsteknologier.</dc:title>
  <dc:creator>Hauggaard-Nielsen, Henrik</dc:creator>
  <dc:subject>Recycling, balancing and resource management</dc:subject>
  <dc:subject>Biodiversity and ecosystem services</dc:subject>
  <dc:subject>Farm nutrient management</dc:subject>
  <dc:description>Bioethanol kan få stor betydning som alternativ til benzin i transportsektoren, blandt andet fordi det kan benyttes i den eksisterende vognpark. I øjeblikket igangsættes om-fattende internationale satsninger for udvikling af biobrændstoffer til transportsekto-ren. I EU fokuseres på hvorledes andelen af vedvarende energi i Europa kan øges således olieafhængigheden reduceres, blandt andet via handlingsplan for biomasse og strategi for biobrændstoffer. &#xD;
Indenfor dyrkning og forarbejdning af cerealier er der en kolossal praktisk såvel som teoretisk viden og erfaring, som bør inddrages/udnyttes i diskussionerne omkring biobrændstoffer, som sandsynligvis bliver et betydeligt vækstområde i nærmeste fremtid. &#xD;
Ved fremstilling at bioethanol skelnes mellem første og anden generation. Ved første generation er råvaren kerner og teknologien er grundlæggende på plads. Stivelse bliver hydrolyseret via enzymer til sukker og sukkeret forgæres herefter ved hjælp af mikroorganismer (typisk bagegær). I anden generation er råvaren halm, som kræver en mere kompliceret teknologi og hvor der fortsat er behov for udvikling for at gøre produktionen rentabel. &#xD;
Det forventes, at dansk jordbrug vil komme til at spille en stadig større rolle for forsyning af samfundet med vedvarende energi. Reduktion af drivhusgas emissioner og optimering af biomasse produktionen under hensyntagen til miljøet og kulturlandskabet (herunder landdistriktsudvikling) vil ligeledes spille en væsentlig rolle.</dc:description>
  <dc:date>2006-11-03</dc:date>
  <dc:type>Teaching resource</dc:type>
  <dc:type>NonPeerReviewed</dc:type>
  <dc:format>application/pdf</dc:format>
  <dc:identifier>http://orgprints.org/18969/4/18969.pdf</dc:identifier>
  <dc:identifier>Hauggaard-Nielsen, Henrik    (2006) Korn og halm til bioethanol – råvarepotentiale, -kvalitet og konverteringsteknologier.   Risø National Laboratory for Sustainable Energy, Technical University of Denmark, Biosystems, Årsmøde Cerealienetværket, Hotel Frederik d. II, Slagelse.</dc:identifier>
  <dc:relation>http://orgprints.org/18969/</dc:relation>
</oai_dc:dc>