<oai_dc:dc xmlns:oai_dc="http://www.openarchives.org/OAI/2.0/oai_dc/" xmlns:dc="http://purl.org/dc/elements/1.1/" xmlns:xsi="http://www.w3.org/2001/XMLSchema-instance" xsi:schemaLocation="http://www.openarchives.org/OAI/2.0/oai_dc/ http://www.openarchives.org/OAI/2.0/oai_dc.xsd">
  <dc:title>Video med interview af Anne Grete Kongsted om forsøg på Risbjerg og økologisk svinekød. Demonstrationsdag på Risbjerg Landbrug</dc:title>
  <dc:creator>Nørfelt, Tomas Fibiger</dc:creator>
  <dc:subject>Farming Systems</dc:subject>
  <dc:subject>Animal husbandry</dc:subject>
  <dc:description>Der blev afholdt demonstrationsdag i projekterne "Robuste racer" og "Slagtesvin på friland", tirsdag den 25. september 2012 hos Kirsten og Hans Erik Jørgensen. På demonstrationsdagen, som var besøgt af omkring 50 gæster, blev der gjort status og man kunne blandt andet høre om de foreløbige erfaringer og se de diegivende søer med engelsk Saddleback og Duroc i generne samt slagtesvin, der boltrede sig på marker med kløvergræs, kål og roer. Demonstrationsdagen var arrangeret af Videncentret for Landbrug, Økologi, Aarhus Universitet og Udviklingscenter for Husdyr på Friland. Projekterne er støttet af Fonden for Økologisk Landbrug, EU´s Landdistriktsprogram, og Organic RDD programmet koordineret af ICROFS og finansieret fra NaturErhvervsstyrelsen. Video af Tomas Fibiger Nørfelt, Videncentret for Landbrug, Økologi</dc:description>
  <dc:date>2012-09-25</dc:date>
  <dc:type>Video</dc:type>
  <dc:type>NonPeerReviewed</dc:type>
  <dc:format>application/pdf</dc:format>
  <dc:identifier>http://orgprints.org/21961/7/21961.pdf</dc:identifier>
  <dc:identifier>Nørfelt, Tomas Fibiger     (2012) Video med interview af Anne Grete Kongsted om forsøg på Risbjerg og økologisk svinekød. Demonstrationsdag på Risbjerg Landbrug.   .</dc:identifier>
  <dc:relation>http://orgprints.org/21961/</dc:relation>
</oai_dc:dc>