<oai_dc:dc xmlns:oai_dc="http://www.openarchives.org/OAI/2.0/oai_dc/" xmlns:dc="http://purl.org/dc/elements/1.1/" xmlns:xsi="http://www.w3.org/2001/XMLSchema-instance" xsi:schemaLocation="http://www.openarchives.org/OAI/2.0/oai_dc/ http://www.openarchives.org/OAI/2.0/oai_dc.xsd">
  <dc:title>Mahetaimekasvatuse peamisi põhimõtteid tutvustav lühiklipp</dc:title>
  <dc:creator>Peetsmann, Elen</dc:creator>
  <dc:creator>Pehme, Sirli</dc:creator>
  <dc:subject>Crop husbandry</dc:subject>
  <dc:subject>Education, extension and communication</dc:subject>
  <dc:description>Mis on mahetoit? Kuidas erineb mahetaimekasvatus tavatootmisest?</dc:description>
  <dc:date>2011</dc:date>
  <dc:type>Video</dc:type>
  <dc:type>NonPeerReviewed</dc:type>
  <dc:identifier>Peetsmann, Elen and Pehme, Sirli    (2011) Mahetaimekasvatuse peamisi põhimõtteid tutvustav lühiklipp.  [Short advertisement to introduce main principles of organic plant production.]  .</dc:identifier>
  <dc:relation>http://orgprints.org/19444/</dc:relation>
</oai_dc:dc>