<oai_dc:dc xmlns:oai_dc="http://www.openarchives.org/OAI/2.0/oai_dc/" xmlns:dc="http://purl.org/dc/elements/1.1/" xmlns:xsi="http://www.w3.org/2001/XMLSchema-instance" xsi:schemaLocation="http://www.openarchives.org/OAI/2.0/oai_dc/ http://www.openarchives.org/OAI/2.0/oai_dc.xsd">
  <dc:title>Unkrautregulierung mit Herbiziden - Chancen und Risiken für den Ökologischen Landbau</dc:title>
  <dc:creator>Verschwele, Dr. Arnd</dc:creator>
  <dc:subject>Weed management</dc:subject>
  <dc:description>Based on the Regulation (EC) No 2092/91 the use of herbicides is not possible for organic farming systems since such active substances are not listed in Annex II thereof. Furthermore most of German organic growers organisations emphatically prohibit the use of chemical-synthetic herbicides. However, at a global view herbicides are applied by organic farmers in some other countries outside of the EU. This meets the criteria of the guidelines of IFOAM and the FAO/WHO respectively (Codex Alimentarius). Some substances are listed here having a herbicide potential e.g. corn gluten, natural acid or plant oils. &#xD;
There are some natural substances available which can fulfil the principles of organic farming as stated in Annex I of the Regulation mentioned above. These are for example plant extracts like acetic acid, allelochemicals and mycoherbicides. Benefits and risks of a potential herbicide use for organic farming are discussed.</dc:description>
  <dc:publisher>kassel university press GmbH, Kassel</dc:publisher>
  <dc:contributor>Heß, J</dc:contributor>
  <dc:contributor>Rahmann, G</dc:contributor>
  <dc:date>2005</dc:date>
  <dc:type>Conference paper, poster, etc.</dc:type>
  <dc:type>NonPeerReviewed</dc:type>
  <dc:format>application/pdf</dc:format>
  <dc:identifier>http://orgprints.org/3665/1/3665.pdf</dc:identifier>
  <dc:identifier>Verschwele, Dr. Arnd    (2005) Unkrautregulierung mit Herbiziden - Chancen und Risiken für den Ökologischen Landbau.  [Weed control with herbicides - chances and risks for organic farming.]  In: Heß, J and Rahmann, G (Eds.)  Ende der Nische, Beiträge zur 8. Wissenschaftstagung Ökologischer Landbau, kassel university press GmbH, Kassel.</dc:identifier>
  <dc:relation>http://orgprints.org/3665/</dc:relation>
</oai_dc:dc>