<oai_dc:dc xmlns:oai_dc="http://www.openarchives.org/OAI/2.0/oai_dc/" xmlns:dc="http://purl.org/dc/elements/1.1/" xmlns:xsi="http://www.w3.org/2001/XMLSchema-instance" xsi:schemaLocation="http://www.openarchives.org/OAI/2.0/oai_dc/ http://www.openarchives.org/OAI/2.0/oai_dc.xsd">
  <dc:title>Tiergesundheit in EU-Öko-Verordnung und Verbandsrichtlinien</dc:title>
  <dc:creator>Link, Matthias</dc:creator>
  <dc:subject>Regulation</dc:subject>
  <dc:subject>Production systems</dc:subject>
  <dc:subject>Health and welfare</dc:subject>
  <dc:description>Inhalt:&#xD;
- Einleitung&#xD;
- EU-Öko-Verordnung&#xD;
- Bioland-Richtlinien&#xD;
- Arzneimitteleinschränkungen in den Bioland-Richtlinien&#xD;
- Zusammenfassung</dc:description>
  <dc:date>2003</dc:date>
  <dc:type>Conference paper, poster, etc.</dc:type>
  <dc:type>NonPeerReviewed</dc:type>
  <dc:format>application/pdf</dc:format>
  <dc:identifier>http://orgprints.org/1253/1/1253-link-m-2003-vet-gesetz.pdf</dc:identifier>
  <dc:identifier>Link, Matthias    (2003) Tiergesundheit in EU-Öko-Verordnung und Verbandsrichtlinien.  [Animal health in EU regulations on organic farming and in private organic standards.]      Speech at:   Tierhaltung und Tiergesundheit im ökologischen Landbau, eine Einführung für Tierärztinnen und Tierärzte, Modul II, Altenkirchen, 22.-23.03.2003.     [Unpublished]</dc:identifier>
  <dc:relation>http://orgprints.org/1253/</dc:relation>
</oai_dc:dc>