<oai_dc:dc xmlns:oai_dc="http://www.openarchives.org/OAI/2.0/oai_dc/" xmlns:dc="http://purl.org/dc/elements/1.1/" xmlns:xsi="http://www.w3.org/2001/XMLSchema-instance" xsi:schemaLocation="http://www.openarchives.org/OAI/2.0/oai_dc/ http://www.openarchives.org/OAI/2.0/oai_dc.xsd">
  <dc:title>Pilot scale application of ozonated water wash – effect on microbiological and sensory quality parameters of processed iceberg lettuce during shelf-life</dc:title>
  <dc:creator>Särkkä-Tirkkonen, Marjo</dc:creator>
  <dc:creator>Leskinen, Marita</dc:creator>
  <dc:creator>Ölmez, Hulya</dc:creator>
  <dc:subject>Processing, packaging and transportation</dc:subject>
  <dc:description>The aim of the study was to assess the effect of ozonated water wash on the microbiological and sensory quality parameters of minimally processed iceberg lettuce in pilot scale in comparison to aqueous chlorine wash. Alternative solutions for chlorine are needed, since its use is prohibited in organic food processing. Iceberg lettuce samples were washed with three different ozone solutions and the water wash and the 100 ppm chlorine wash were used as control. Ozone generator based on corona discharge was used to produce ozone at level 7 ppm. The samples (150 g) packed in oriented polypropylene pouches were stored for 10 days at + 5oC and the microbiological and sensory quality was analysed on days 1, 6 and 10. There was no significant difference between chlorine wash samples and the samples washed 1 min in a machine with ozonated water concerning the microbiological quality. Compared with the chlorine with lower concentrations of ozone it is possible to control the microbial load. Concerning the sensory quality all samples endured all of the treatments well except the treatment with 7 ppm ozone for 5 min. As a conclusion the bubbling gaseous ozone in water can be as effective disinfection method as chlorine wash when the following processing parameters are taken into account: concentration of ozone during the whole process, exposure time, water temperature and the amount and type of the organic material.</dc:description>
  <dc:date>2008</dc:date>
  <dc:type>Conference paper, poster, etc.</dc:type>
  <dc:type>NonPeerReviewed</dc:type>
  <dc:format>rtf</dc:format>
  <dc:identifier>http://orgprints.org/11572/1/Saerkkae-Tirkkonen_11572_ed.doc</dc:identifier>
  <dc:identifier>Särkkä-Tirkkonen, Marjo; Leskinen, Marita and Ölmez, Hulya    (2008) Pilot scale application of ozonated water wash – effect on microbiological and sensory quality parameters of processed iceberg lettuce during shelf-life.       Poster at:   Cultivating the Future Based on Science: 2nd Conference of the International Society of Organic Agriculture Research ISOFAR, Modena, Italy, June 18-20, 2008.</dc:identifier>
  <dc:relation>http://orgprints.org/11572/</dc:relation>
</oai_dc:dc>