<oai_dc:dc xmlns:oai_dc="http://www.openarchives.org/OAI/2.0/oai_dc/" xmlns:dc="http://purl.org/dc/elements/1.1/" xmlns:xsi="http://www.w3.org/2001/XMLSchema-instance" xsi:schemaLocation="http://www.openarchives.org/OAI/2.0/oai_dc/ http://www.openarchives.org/OAI/2.0/oai_dc.xsd">
  <dc:title>Öko-Landbau-Forschung in Deutschland</dc:title>
  <dc:creator>Willer, Helga</dc:creator>
  <dc:creator>Meier, Julia</dc:creator>
  <dc:creator>Gerlach, Florian</dc:creator>
  <dc:subject>Research communication and quality</dc:subject>
  <dc:description>Forschung zum ökologischen Landbau hat in Deutschland eine lange Tradition, die bis in die Zwanzigerjahre des letzten Jahrhunderts zurückreicht. Damals begannen die ersten – meist biologisch-dynamischen – Pioniere, auf ihren Höfen Versuche anzustellen. Das 1950 gegründete Institut für biologisch-dynamische Forschung (IBDF) war weltweit eines der ersten privaten Forschungsinstitute.Auch der erste Lehrstuhl für ökologischen Landbau entstand in Deutschland, wo es bis heute mehr einschlägige Professuren gibt als in anderen Ländern. Mit der Wissenschaftstagung der Stiftung Ökologie &amp; Landbau (SÖL) wird seit Beginn der Neunzigerjahre regelmäßig der Stand der Öko-Landbau-Forschung dokumentiert. Ab Mitte der Neunzigerjahre wurden im Rahmen von EU-Projekten die Kontakte zu Forscherkollegen außerhalb Deutschlands intensiviert.&#xD;
&#xD;
Auch einige Einrichtungen der Ressortforschung öffneten sich dem ökologischen Landbau. Großen Aufschwung erhielt die Öko-Landbau-Forschung mit der Forschungsförderung im Rahmen des Bundesprogramms Ökologischer Landbau.</dc:description>
  <dc:publisher>Stiftung Ökologie &amp; Landbau</dc:publisher>
  <dc:date>2005</dc:date>
  <dc:type>Journal paper</dc:type>
  <dc:type>NonPeerReviewed</dc:type>
  <dc:format>application/pdf</dc:format>
  <dc:identifier>http://orgprints.org/4233/1/willer-etal-2005-oekoforschung.pdf</dc:identifier>
  <dc:identifier>Willer, Helga; Meier, Julia and Gerlach, Florian   (2005) Öko-Landbau-Forschung in Deutschland.  [Organic Farming Research in Germany.]  Ökologie &amp; Landbau, 1 (133), pp. 52-55.</dc:identifier>
  <dc:relation>http://orgprints.org/4233/</dc:relation>
</oai_dc:dc>