<oai_dc:dc xmlns:oai_dc="http://www.openarchives.org/OAI/2.0/oai_dc/" xmlns:dc="http://purl.org/dc/elements/1.1/" xmlns:xsi="http://www.w3.org/2001/XMLSchema-instance" xsi:schemaLocation="http://www.openarchives.org/OAI/2.0/oai_dc/ http://www.openarchives.org/OAI/2.0/oai_dc.xsd">
  <dc:title>Entwicklung von Phytophthora-resistentem Zuchtmaterial für den ökologischen Landbau (Verbundvorhaben)</dc:title>
  <dc:subject>Breeding, genetics and propagation</dc:subject>
  <dc:subject>Root crops</dc:subject>
  <dc:description>Das hier beschriebene Projekt ist Teil eines Verbundvorhabens, das folgende Teilprojekte umfasst: FKZ 10OE121, 10OE122 und FKZ 10OE071. &#xD;
Alle in Organic Eprints archivierten Projektbeschreibungen und Veröffentlichungen zu diesem Verbundvorhaben finden Sie unter folgendem Link: http://orgprints.org/cgi/saved_search?savedsearchid=1437. &#xD;
Durch die Vernetzung von Kartoffel produzierenden Biobetrieben mit deutschen Kartoffelzüchtern und deutschen Kartoffel Forschungsinstituten soll eine gezielte Züchtung von Kartoffelsorten für den ökologischen Anbau in Deutschland initiiert werden; dies erfolgt unter aktiver Einbindung praktischer Öko-Kartoffelerzeuger in die Züchtungsarbeiten. Mit der geplanten Vorgehensweise sollen sehr geringe Krautfäule-Anfälligkeit mit weiteren guten Resistenz- und Qualitätseigenschaften in Basiszuchtmaterial kombiniert werden. Durch Nutzung modernster Selektionsmethoden und der Einbeziehung der Genbank wird eine zielgerichtete, nachhaltige Vorgehensweise in der erforderlichen genetischen Breite sichergestellt.&#xD;
Aktuelle Speisesorten und Zuchtmaterial werden hinsichtlich der Krautfäule-Anfälligkeit unter Ökobedingungen evaluiert. Der weniger anfällige Genpool wird hinsichtlich wesentlicher Qualitäts- und Resistenzeigenschaften auch mit Hilfe molekulargenetischer Selektionsmethoden verbessert. Durch die Analyse des Genpools mit DNA-Markern erfolgt eine breite genetische Charakterisierung der Krautfäule-Resistenz im Zuchtmaterial. Durch die Kombination klassischer und moderner Züchtungsmethoden werden verschiedene Resistenzgene pyramidisiert und mit Qualitätseigenschaften kombiniert. Unter ökologischen Anbaubedingungen wird das Zuchtmaterial gezielt auf wesentliche Merkmalskombinationen geprüft.&#xD;
Es wird die Basis für eine Öko-Kartoffelzüchtung geschaffen, deren Sorten eine verbesserte Anbaueignung aufweisen. Die Standortwahl gewährleistet für den Öko-Landbau nutzbare Ergebnisse. Die Ertragssicherheit des Öko-Kartoffelanbaus und die Wettbewerbsfähigkeit der deutschen Züchter werden nachhaltig gestärkt. Die Agrobiodiversität der Kartoffel wird erweitert. Molekulare Marker für die Zielmerkmale werden praktisch nutzbar gemacht.&#xD;
Der Verbund aus Instituten, Ökobetrieben, Züchtern und Bioverbänden gewährleistet einen direkten Wissens- und Materialtransfer in die Praxis.&#xD;
Angaben zur Finanzierung des Projekts finden Sie im Förderkatalog des Bundes unter http://foerderportal.bund.de/foekat/jsp/StartAction.do. Bitte geben Sie in das Suchfeld eine 28 plus das Förderkennzeichen (FKZ) des BÖLN-Projektes ein, z.B. 2808OE212 für das BÖLN-Projekt mit der FKZ 08OE212.</dc:description>
  <dc:type>Project description</dc:type>
  <dc:type>NonPeerReviewed</dc:type>
  <dc:identifier>{Project}    Entwicklung von Phytophthora-resistentem Zuchtmaterial für den ökologischen Landbau (Verbundvorhaben).  [Development of late-blight (Phytophthora infestans) resistant breeding material for organic farming.]   Runs 2012 - 2015.      Project Leader(s): Hammann, Dr. Thilo, Julius Kühn-Institut (JKI) Bundesforschungsinstitut für Kulturpflanzen, D-Sanitz OT Groß Lüsewitz.</dc:identifier>
  <dc:relation>http://orgprints.org/20978/</dc:relation>
</oai_dc:dc>