<oai_dc:dc xmlns:oai_dc="http://www.openarchives.org/OAI/2.0/oai_dc/" xmlns:dc="http://purl.org/dc/elements/1.1/" xmlns:xsi="http://www.w3.org/2001/XMLSchema-instance" xsi:schemaLocation="http://www.openarchives.org/OAI/2.0/oai_dc/ http://www.openarchives.org/OAI/2.0/oai_dc.xsd">
  <dc:title>Grapevine Berry Phenolic Compounds in Relation with Plant Water Status</dc:title>
  <dc:creator>Deloire, Alain</dc:creator>
  <dc:creator>Ojeda, Hernan</dc:creator>
  <dc:creator>Federspiel, Brigitte</dc:creator>
  <dc:creator>Kraeva, Elena</dc:creator>
  <dc:creator>Andary, Claude</dc:creator>
  <dc:subject>Crop health, quality, protection</dc:subject>
  <dc:subject>Fruit and berries</dc:subject>
  <dc:description>Grape derived secondary metabolites are the principal sources of wine aroma, flavor, color and taste. Most of available data about phenolics are concerned mature berries. Nevertheless, the contribution of flavonols in metabolism may be important, not only in red berries, but especially in green, when the berries are most susceptible to different kind of stresses. The changes in phenol composition in green berries, under water stress conditions (Ojeda et al., 2001; in press) and with different training systems (Kraeva et al., 2001; submitted) have been observed.</dc:description>
  <dc:contributor>Boos, Markus</dc:contributor>
  <dc:date>2002</dc:date>
  <dc:type>Conference paper, poster, etc.</dc:type>
  <dc:type>NonPeerReviewed</dc:type>
  <dc:format>application/pdf</dc:format>
  <dc:identifier>http://orgprints.org/14614/1/deloire_133.pdf</dc:identifier>
  <dc:identifier>Deloire, Alain; Ojeda, Hernan; Federspiel, Brigitte; Kraeva, Elena and Andary, Claude    (2002) Grapevine Berry Phenolic Compounds in Relation with Plant Water Status.  [Phenolische Substanzen in Weinbeeren in Abhängigkeit von der Wasserversorgung.]  In: Boos, Markus (Ed.)  10th International Conference on Cultivation Technique and Phytopathological Problems in Organic Fruit-Growing and Viticulture. Proceedings to the Conference from 4th to 7th Feb. 2002 at Weinsberg/Germany, pp. 133-135.</dc:identifier>
  <dc:relation>http://orgprints.org/14614/</dc:relation>
</oai_dc:dc>