<oai_dc:dc xmlns:oai_dc="http://www.openarchives.org/OAI/2.0/oai_dc/" xmlns:dc="http://purl.org/dc/elements/1.1/" xmlns:xsi="http://www.w3.org/2001/XMLSchema-instance" xsi:schemaLocation="http://www.openarchives.org/OAI/2.0/oai_dc/ http://www.openarchives.org/OAI/2.0/oai_dc.xsd">
  <dc:title>Nye resultater med bekæmpelse af følfod og tidsler</dc:title>
  <dc:creator>Hansen, Preben Klarskov</dc:creator>
  <dc:creator>Rasmussen, Ilse A.</dc:creator>
  <dc:subject>Weed management</dc:subject>
  <dc:description>Rodukrudt udgør et at de største problemer ved økologisk dyrkning. Især tidsler, men også følfod kan være problematiske at bekæmpe og forårsager store udbyttetab. Forsøgsserier peger på, at stubbearbejdning kan undværes ved bekæmpelse af tidsler, mens følfod bekæmpes ved en strategi med gentagne fræsninger.</dc:description>
  <dc:date>2010</dc:date>
  <dc:type>Conference paper, poster, etc.</dc:type>
  <dc:type>NonPeerReviewed</dc:type>
  <dc:format>application/pdf</dc:format>
  <dc:identifier>http://orgprints.org/18919/10/18919b.pdf</dc:identifier>
  <dc:format>application/pdf</dc:format>
  <dc:identifier>http://orgprints.org/18919/13/18919a.pdf</dc:identifier>
  <dc:identifier>Hansen, Preben Klarskov and Rasmussen, Ilse A.    (2010) Nye resultater med bekæmpelse af følfod og tidsler.  [New results on control of coltsfoot and canadian thistle.]  In:   Videncentret for Landbrug, Det Jordbrugsvidenskabelige Fakultet Aarhus Universitet (Eds.)  Sammendrag af indlæg Plantekongres 2010 12.-14. januar i Herning Kongrescenter, pp. 328-329.</dc:identifier>
  <dc:relation>http://orgprints.org/18919/</dc:relation>
</oai_dc:dc>