<oai_dc:dc xmlns:oai_dc="http://www.openarchives.org/OAI/2.0/oai_dc/" xmlns:dc="http://purl.org/dc/elements/1.1/" xmlns:xsi="http://www.w3.org/2001/XMLSchema-instance" xsi:schemaLocation="http://www.openarchives.org/OAI/2.0/oai_dc/ http://www.openarchives.org/OAI/2.0/oai_dc.xsd">
  <dc:title>Konzeption und Entwicklung von Inhalten für eine Informationswebsite über Community Supported Agriculture (CSA)</dc:title>
  <dc:creator>Fink, Leonie</dc:creator>
  <dc:subject>Community development</dc:subject>
  <dc:subject>Farming Systems</dc:subject>
  <dc:subject>Markets and trade</dc:subject>
  <dc:subject>Environmental aspects</dc:subject>
  <dc:description>Die Situation der heutigen Landwirtschaft nimmt immer größere Dimensionen der Kapitalisierung und Gewinnmaximierung an. Um die Auswirkungen dieses Systems&#xD;
aufzuhalten und eine zukunftsfähige Landwirtschaft betreiben zu können musste ein Umdenken in der Beziehung zwischen Verbrauchern und Landwirten stattfinden. Aus dieser Bewegung entstand die Idee der Community Supported Agriculture. Eine Vertragslandwirtschaft zwischen Verbrauchern und Landwirten, die auch auf die Grundlagen des Ökologischen Landbaus zurückgreift.&#xD;
In den USA ist die Idee der CSA bereits weit verbreitet und wird auf vielen Höfen angewendet. In Ländern wie Deutschland hat diese Art der Landwirtschaft jedoch keinen großen Bekanntheitsgrad. Um dies zu ändern ist es notwendig, vermehrt über CSA zu informieren und interessierten Menschen Möglichkeiten zur Vernetzung zu bieten. Durch die Vernetzung können sich neue Communities bilden, die dann CSA-Höfe gründen. Als ideales&#xD;
Medium für diese Ziele bietet sich in der heutigen Zeit das Internet an. Es erreicht so gut wie jeden Menschen egal welchen Alters oder sonstigen Status.&#xD;
Diese Arbeit setzt genau hier an. Denn Ziel dieser Arbeit ist die Konzeption und Entwicklung von Inhalten für eine&#xD;
geplante Informationswebsite über CSA. Die geplante Website ist Teil eines vom BÖLN geförderten Projektes, was die Verbreitung des Ökologischen Landbaus durch die CSA beinhaltet.&#xD;
Die Zielsetzung bezüglich der Inhalte wurde mit den Projektpartnern vorab besprochen. Die Aufgabe dieser Arbeit wurde dann durch eine umfangreiche Literatur- und Internetrecherche auf nationaler und internationaler Ebene bearbeitet. Es wurde eine Navigation erarbeitet, die zukünftig auf der geplanten Website „Make CSA“ wegweisend sein kann.&#xD;
In Deutschland sollte eine einheitliche Verwendung des Begriffes Community Supported Agriculture entstehen. Dies würde die Verbreitung und Vernetzung von Informationen im internationalen Raum einfacher gestalten.&#xD;
Im Laufe der Arbeit wird klar, wie wichtig die Informations- und Vernetzungsarbeit ist, um die Ausbreitung der Idee von der Community Supported Agriculture zu fördern. Denn innovative Ideen brauchen Hilfen; und eine mögliche Hilfe bietet zukünftig diese Website.</dc:description>
  <dc:date>2012</dc:date>
  <dc:type>Thesis</dc:type>
  <dc:type>NonPeerReviewed</dc:type>
  <dc:format>application/pdf</dc:format>
  <dc:identifier>http://orgprints.org/26340/1/Bachelorarbeit%20Leonie%20Fink%202012.pdf</dc:identifier>
  <dc:identifier>Fink, Leonie   (2012) Konzeption und Entwicklung von Inhalten für eine Informationswebsite über Community Supported Agriculture (CSA).   Thesis, Fachhochschule Münster, D-Münster, Fachbereichs Oecotrophologie - Facility Management.  .   [Submitted]</dc:identifier>
  <dc:relation>http://orgprints.org/26340/</dc:relation>
</oai_dc:dc>