<oai_dc:dc xmlns:oai_dc="http://www.openarchives.org/OAI/2.0/oai_dc/" xmlns:dc="http://purl.org/dc/elements/1.1/" xmlns:xsi="http://www.w3.org/2001/XMLSchema-instance" xsi:schemaLocation="http://www.openarchives.org/OAI/2.0/oai_dc/ http://www.openarchives.org/OAI/2.0/oai_dc.xsd">
  <dc:title>Kupferminimierungs- und Vermeidungsstrategien im ökologischen Kartoffelbau (Verbundvorhaben)</dc:title>
  <dc:subject>Crop combinations and interactions</dc:subject>
  <dc:subject>Crop health, quality, protection</dc:subject>
  <dc:subject>Root crops</dc:subject>
  <dc:description>Das hier beschriebene Projekt ist Teil eines Verbundvorhabens, das folgende Teilprojekte umfasst: FKZ 09OE045, FKZ 09OE114.&#xD;
Alle in Organic Eprints archivierten Projektbeschreibungen und Veröffentlichungen zu diesem Verbundvorhaben finden Sie unter folgendem Link: http://orgprints.org/cgi/saved_search?savedsearchid=1345. &#xD;
Im Mittelpunkt des Projekts steht die Regulierung der Kraut- und Knollenfäule (Phytophthora infestans) im ökologischen Kartoffelanbau durch den Einsatz reduzierter Kupfermengen. Wesentliches Ziel ist, pflanzenbauliche und phytopathologische Methoden so weiter zu entwickeln, dass Phytophthora-Infektionen vermieden bzw. zeitlich stark hinausgezögert werden und eine direkte Behandlung des Pathogens in Häufigkeit und Mitteleinsatz reduziert werden kann. Ausgangspunkt für diesen Ansatz ist die Erkenntnis, dass die Phytophthora-Infektion bei Kartoffeln meistens von latent befallenem Pflanzgut ausgeht.&#xD;
Es werden technische und pflanzenbauliche Maßnahmen entwickelt und geprüft, die die Vorbelastung reduzieren bzw. die Widerstandsfähigkeit der Kartoffel erhöhen. Dazu gehören Techniken der Pflanzgutbeizung mit alternativen Mitteln sowie geringeren Cu-Aufwandmengen und die Vorbereitung des Pflanzbeets durch glucosinolatreiche Brassicaceen, die das antiphytopathogene Potential des Standortes erhöhen. Durch die Testung von Pflanzenextrakten und Pflanzenstärkungsmitteln auf ihre Wirkung gegen Phytophthora infestans sollen Alternativen oder Ergänzungen zu kupferhaltigen Beizmitteln gefunden werden. Weiterhin werden auch reduzierte Kupferformulierungen getestet. Die Erfolgskontrolle erfolgt durch Bonitierungen, Ertragsbestimmungen und Nachweis latenter Infektionen mittel PCR-Technik.&#xD;
Angaben zur Finanzierung des Projekts finden Sie im Förderkatalog des Bundes unter http://foerderportal.bund.de/foekat/jsp/StartAction.do. Bitte geben Sie in das Suchfeld eine 28 plus das Förderkennzeichen (FKZ) des BÖLN-Projektes ein, z.B. 2808OE212 für das BÖLN-Projekt mit der FKZ 08OE212.</dc:description>
  <dc:type>Project description</dc:type>
  <dc:type>NonPeerReviewed</dc:type>
  <dc:identifier>{Project}    Kupferminimierungs- und Vermeidungsstrategien im ökologischen Kartoffelbau (Verbundvorhaben).  [Strategies to reduce and avoid copper in organic potato production.]   Runs 2011 - 2015.      Project Leader(s): Zellner, Dr. Michael and Kainz, Max, Bayerische Landesanstalt für Landwirtschaft, D-Freising und Technische Universität München.</dc:identifier>
  <dc:relation>http://orgprints.org/19190/</dc:relation>
</oai_dc:dc>