<oai_dc:dc xmlns:oai_dc="http://www.openarchives.org/OAI/2.0/oai_dc/" xmlns:dc="http://purl.org/dc/elements/1.1/" xmlns:xsi="http://www.w3.org/2001/XMLSchema-instance" xsi:schemaLocation="http://www.openarchives.org/OAI/2.0/oai_dc/ http://www.openarchives.org/OAI/2.0/oai_dc.xsd">
  <dc:title>Integration neuester Forschungsergebnisse zu einem Gesamtkonzept für die Regulierung von Falschem Mehltau an Zwiebeln im ökologischen Landbau: Sortenwahl, Anbauverfahren und Prognose gestützter Einsatz biologischer Pflanzenschutzmittel (Verbundvorhaben)</dc:title>
  <dc:subject>Crop health, quality, protection</dc:subject>
  <dc:subject>Vegetables</dc:subject>
  <dc:description>Das hier beschriebene Projekt ist Teil eines Verbundvorhabens, das folgende Teilprojekte umfasst: FKZ 06OE073, FKZ 06OE034. &#xD;
Alle in Organic Eprints archivierten Projektbeschreibungen und Veröffentlichungen zu diesem Verbundvorhaben finden Sie unter folgendem Link: http://orgprints.org/cgi/saved_search?savedsearchid=1316. &#xD;
Falscher Mehltau, verursacht durch den Erreger Peronospora destructor, ist die wichtigste Laubkrankheit im Zwiebelanbau. Sie führt regelmäßig - witterungsabhängig - zu gravierenden Ertrags- und Qualitätseinbußen. In den vergangenen Jahren sind sowohl im biologischen als auch im integrierten Zwiebelanbau Fortschritte bei der Kontrolle des Erregers hinsichtlich Sortenresistenz, Anbauverfahren und Prognose gestütztem Einsatz von Pflanzenschutzmitteln erzielt worden. Zielsetzung dieses Projektes ist, die Einzelmaßnahmen in Kleinparzellen und auf Praxisflächen zu prüfen und in ein Gesamtkonzept zur Kontrolle von Falschem Mehltau an Zwiebeln zu integrieren. Die Ergebnisse sollen einen konkreten Beitrag für die Praxis zur Verbesserung der Anbausicherheit und Qualität von Bio-Zwiebeln liefern, um der gestiegenen Nachfrage von Lebensmitteleinzelhandel und Verarbeitungsindustrie nach Zwiebeln aus ökologischem Anbau durch Intensivierung des Anbaus und Flächenausdehnung begegnen zu können. Folgende Einzelmaßnahmen werden geprüft: (1) neue Zwiebelsorten mit ausgewiesener Resistenz gegen Falschen Mehltau im Vergleich mit bewährten Standardsorten, (2) die Anbauverfahren 'Direktsaat' und 'Pflanzzwiebel (Kultur über vorgezogene Jungpflanzen)' mit ausgewählten resistenten und Standardsorten, (3) die direkte Kontrolle von Falschem Mehltau durch neue biologische Präparate unter Berücksichtigung des Prognosemodells ZWIPERO zur Terminierung der Präparat-Applikation. Die Arbeiten werden im Verbund mit dem Projekt 06OE034 `Integration neuester Forschungsergebnisse zu einem Gesamtkonzept für die Regulierung von Falschem Mehltau an Zwiebeln im ökologischen Landbau: Sortenwahl und Anbauverfahren´ des Kompetenzzentrums Ökolandbau Niedersachsen(KÖN) in Visselhövede durchgeführt. Die Erkenntnisse aus dem Verbundprojekt werden kontinuierlich bei Betriebsberatungen, auf Seminaren und Feldtagen sowie in Veröffentlichungen in der Fachpresse und im Internet dargestellt, um einen direkten und schnellen Transfer in die Praxis sicher zu stellen.&#xD;
Angaben zur Finanzierung des Projekts finden Sie im Förderkatalog des Bundes unter http://foerderportal.bund.de/foekat/jsp/StartAction.do. Bitte geben Sie in das Suchfeld eine 28 plus das Förderkennzeichen (FKZ) des BÖL-Projektes ein, z.B. 2808OE212 für das BÖL-Projekt mit der FKZ 08OE212.</dc:description>
  <dc:type>Project description</dc:type>
  <dc:type>NonPeerReviewed</dc:type>
  <dc:identifier>{Project}    Integration neuester Forschungsergebnisse zu einem Gesamtkonzept für die Regulierung von Falschem Mehltau an Zwiebeln im ökologischen Landbau: Sortenwahl, Anbauverfahren und Prognose gestützter Einsatz biologischer Pflanzenschutzmittel (Verbundvorhaben).  [Integrating of recent research results into a concept for downy mildew control in organically grown onions: variety selection, cultural practice and timed application of biological plant protection agents.]   Runs 2007 - 2010.      Project Leader(s): Laun, Dr. Norbert, Landesbetrieb Landwirtschaft Hessen (LLH), D-Geisenheim.</dc:identifier>
  <dc:relation>http://orgprints.org/15963/</dc:relation>
</oai_dc:dc>