<oai_dc:dc xmlns:oai_dc="http://www.openarchives.org/OAI/2.0/oai_dc/" xmlns:dc="http://purl.org/dc/elements/1.1/" xmlns:xsi="http://www.w3.org/2001/XMLSchema-instance" xsi:schemaLocation="http://www.openarchives.org/OAI/2.0/oai_dc/ http://www.openarchives.org/OAI/2.0/oai_dc.xsd">
  <dc:title>Neue Randen- und Selleriesorten für den Bioanbau auf Krankheitsanfälligkeit und Qualität geprüft</dc:title>
  <dc:creator>Koller, Martin</dc:creator>
  <dc:creator>Vieweger, Anja</dc:creator>
  <dc:creator>Lichtenhahn, Martin</dc:creator>
  <dc:subject>Crop health, quality, protection</dc:subject>
  <dc:subject>Vegetables</dc:subject>
  <dc:description>Im vergangenen Jahr 2004 testete das FiBL an mehreren Standorten ein aktuelles Sortiment von Randen- und Knollenselleriesorten. Neben dem Ertrag wurden die Anfälligkeit gegenüber Blattflecken und die Innenqualität beurteilt.</dc:description>
  <dc:date>2005</dc:date>
  <dc:type>Journal paper</dc:type>
  <dc:type>NonPeerReviewed</dc:type>
  <dc:format>application/pdf</dc:format>
  <dc:identifier>http://orgprints.org/8585/1/Koller-etal-2005-14-15_Randen_Sellerie-def.pdf</dc:identifier>
  <dc:identifier>Koller, Martin; Vieweger, Anja and Lichtenhahn, Martin   (2005) Neue Randen- und Selleriesorten für den Bioanbau auf Krankheitsanfälligkeit und Qualität geprüft.  [Betterave à salade er célerie: Sensibilité aux maladies et qualités des nouvelles variétés pour la culture biologique.]  Der Gemüsebau/ Le Maraîcher (5), pp. 14-15.</dc:identifier>
  <dc:relation>http://orgprints.org/8585/</dc:relation>
</oai_dc:dc>