<oai_dc:dc xmlns:oai_dc="http://www.openarchives.org/OAI/2.0/oai_dc/" xmlns:dc="http://purl.org/dc/elements/1.1/" xmlns:xsi="http://www.w3.org/2001/XMLSchema-instance" xsi:schemaLocation="http://www.openarchives.org/OAI/2.0/oai_dc/ http://www.openarchives.org/OAI/2.0/oai_dc.xsd">
  <dc:title>Production of N2O in grass-clover pastures</dc:title>
  <dc:creator>Thyme, Mette</dc:creator>
  <dc:creator>Ambus, Per</dc:creator>
  <dc:subject>Air and water emissions</dc:subject>
  <dc:description>In organic as well as conventional dairy farming, grass-clover pastures is an important component of the cropping system. This is because grass-clover is an excellent cattle fodder, and because clover has the ability of fixing atmospheric N2. When budgets for N2O emissions are made accord-ing to the IPCC guidelines it is assumed that 1.25 % of added nitrogen is emitted as N2O. This emission factor is used for all nitrogen inputs although the factor relies on experiments with fertilizer and manure, only. The emission factor for biological fixed nitrogen may be lower than 1.25 %, because nitrogen is released only slowly into the soil. However knowledge is very sparse. &#xD;
On the other hand, when the effect of grazing cattle is added the situation might be different. In Denmark organic cattle are supposed to be on grazing fields for at least 150 days a year. Nitrogen returned to the system in urine and dung is likely to locally exceed the needs of the plants and is therefore at risk of being lost as N2O. Thus far, however, there have only been a few detailed estimates of total N2O emissions from grassland livestock productions, and understanding of the factors controlling N2O emissions remains unsatisfactory.</dc:description>
  <dc:publisher>Millpress, Rotterdam, Holland</dc:publisher>
  <dc:contributor>van Ham, J</dc:contributor>
  <dc:contributor>Baede, APM</dc:contributor>
  <dc:contributor>Guicherit, R</dc:contributor>
  <dc:contributor>Williams-Jacobse, JGFM</dc:contributor>
  <dc:date>2002</dc:date>
  <dc:type>Conference paper, poster, etc.</dc:type>
  <dc:type>NonPeerReviewed</dc:type>
  <dc:format>application/pdf</dc:format>
  <dc:identifier>http://orgprints.org/480/1/480_ny.pdf</dc:identifier>
  <dc:identifier>Thyme, Mette and Ambus, Per    (2002) Production of N2O in grass-clover pastures.   In: van Ham, J; Baede, APM; Guicherit, R and Williams-Jacobse, JGFM (Eds.)  Non-CO2 greenhouse gases: Scientific understanding, control options and policy aspects, Millpress, Rotterdam, Holland, pp. 149-150.</dc:identifier>
  <dc:relation>http://orgprints.org/480/</dc:relation>
</oai_dc:dc>