<oai_dc:dc xmlns:oai_dc="http://www.openarchives.org/OAI/2.0/oai_dc/" xmlns:dc="http://purl.org/dc/elements/1.1/" xmlns:xsi="http://www.w3.org/2001/XMLSchema-instance" xsi:schemaLocation="http://www.openarchives.org/OAI/2.0/oai_dc/ http://www.openarchives.org/OAI/2.0/oai_dc.xsd">
  <dc:title>Die ökologische Leistung pflanzengenetischer Ressourcen aus biologisch-dynamischer Sicht [Ecological goods and services of plant genetic resources from the bio-dynamic point of view]</dc:title>
  <dc:creator>Müller, Karl-Josef</dc:creator>
  <dc:subject>Breeding, genetics and propagation</dc:subject>
  <dc:subject>Biodiversity and ecosystem services</dc:subject>
  <dc:description>Aufbauend auf ihrem einzigartigen ökologischen Wert verdient es jede Eigenart einer Pflanze, erhalten zu werden, sei es ex situ oder in situ. An den Beispielen Nackthafer, Sommergerste, Winterweizen und Einkorn werden unterschiedliche Forschungsaktivitäten aufgezeigt.</dc:description>
  <dc:publisher>Zentralstelle für Agrardokumentation und -information (ZADI)</dc:publisher>
  <dc:date>2001</dc:date>
  <dc:type>Conference paper, poster, etc.</dc:type>
  <dc:type>NonPeerReviewed</dc:type>
  <dc:format>application/pdf</dc:format>
  <dc:identifier>http://orgprints.org/664/1/mueller-k-j-2001-pgr.pdf</dc:identifier>
  <dc:identifier>Müller, Karl-Josef    (2001) Die ökologische Leistung pflanzengenetischer Ressourcen aus biologisch-dynamischer Sicht [Ecological goods and services of plant genetic resources from the bio-dynamic point of view].   In:     Nutzung genetischer Ressourcen - ökologischer Wert der Biodiversität, Zentralstelle für Agrardokumentation und -information (ZADI), Schriften zu Genetischen Ressourcen, Schriftenreihe des Informationszentrums Biologische Vielfalt, no. 16, pp. 147-154.</dc:identifier>
  <dc:relation>http://orgprints.org/664/</dc:relation>
</oai_dc:dc>