<oai_dc:dc xmlns:oai_dc="http://www.openarchives.org/OAI/2.0/oai_dc/" xmlns:dc="http://purl.org/dc/elements/1.1/" xmlns:xsi="http://www.w3.org/2001/XMLSchema-instance" xsi:schemaLocation="http://www.openarchives.org/OAI/2.0/oai_dc/ http://www.openarchives.org/OAI/2.0/oai_dc.xsd">
  <dc:title>Organic Food Subscription Schemes in Germany, Denmark, The Netherlands and The United Kingdom. Definitions and Patterns of Development in an International Context.</dc:title>
  <dc:creator>Haldy, MBA Hanns-Michael</dc:creator>
  <dc:subject>Markets and trade</dc:subject>
  <dc:subject>Processing, packaging and transportation</dc:subject>
  <dc:subject>Farm economics</dc:subject>
  <dc:description>This research investigates the phenomenon of organic food subscription schemes in four European countries. It aims to provide an international developmental framework for Organic Food Subscription Schemes (OFFS). It identifies driving forces of the organic food subscription markets and describes and defines different types of OFSS by their development and by their most important operational features.&#xD;
&#xD;
&#xD;
Based on a database of 800 OFSS companies, twenty in-depth, semi-structured interviews and company visits have been conducted during January and March 2004 in Germany, Denmark, The Netherlands and The United Kingdom. Market information from experts, strategic suppliers, consumers and consultants has been gathered through interviews. The outcomes were analysed in four national case studies, arriving at important conclusions for the national markets and the development of the OFSS. Common patterns have been identified through an international cross-case analysis. The outcome has been threefold:&#xD;
(1)Firstly, distinctive definitions of the organic food subscription schemes, distinguishing OFSS from shops, and the diversification of OFSS into boxschemes, bag-schemes and supportive-schemes &#xD;
(2)Secondly, three clusters of OFSS with common features have been identified as &#xD;
- OFSS with up to 2.000 orders per week&#xD;
- OFSS with more than 10.000 orders weekly&#xD;
- OFSS, which operate a B2B system&#xD;
(3)Thirdly, a Development Model for the first group, representing more than 80% of the OFSS companies has been suggested.&#xD;
&#xD;
The Box-Scheme Development Model describes how companies will develop their movement towards individualisation of the subscription through five sequential stages indicated by issues of marketing and operations. The most important aspect is seen as the benefit to the customer. It has been identified and discussed from a consumer perspective by the added value concept, and was supplemented by an operational perspective. The product and service features were analysed according to their tangible and intangible parts, their importance for purchase (Order winner &amp; Qualifier) and the perception of customers (Quality).&#xD;
This paper enables practitioners to anticipate their company’s position in the stage of market development by their operational features and their customer demands, and to predict likely future developments.&#xD;
Gaps of knowledge and have been found and further research is suggested in order to:&#xD;
-Understand the growth of OFSS companies with more than 10.000 orders weekly&#xD;
-Decide on the success factors of bag-schemes and new developments in an international context&#xD;
-Extend the Box-Scheme Development Model towards supportive OFSS in emerging markets&#xD;
-Collect basic quantitative data of the OFFS companies, customers and market figures.</dc:description>
  <dc:publisher>ASTON BUSINESS SCHOOL / Birmingham / UK</dc:publisher>
  <dc:date>2004</dc:date>
  <dc:type>Thesis</dc:type>
  <dc:type>NonPeerReviewed</dc:type>
  <dc:format>application/pdf</dc:format>
  <dc:identifier>http://orgprints.org/4264/1/Organic_Food_Subscription_Schemes_Dissertation_by_HM_HALDY.pdf</dc:identifier>
  <dc:identifier>Haldy, MBA Hanns-Michael   (2004) Organic Food Subscription Schemes in Germany, Denmark, The Netherlands and The United Kingdom. Definitions and Patterns of Development in an International Context.   Thesis, Klein Management Consulting, Darmstadt, Germany.  ASTON BUSINESS SCHOOL / Birmingham / UK.</dc:identifier>
  <dc:relation>http://orgprints.org/4264/</dc:relation>
</oai_dc:dc>