<oai_dc:dc xmlns:oai_dc="http://www.openarchives.org/OAI/2.0/oai_dc/" xmlns:dc="http://purl.org/dc/elements/1.1/" xmlns:xsi="http://www.w3.org/2001/XMLSchema-instance" xsi:schemaLocation="http://www.openarchives.org/OAI/2.0/oai_dc/ http://www.openarchives.org/OAI/2.0/oai_dc.xsd">
  <dc:title>Einfluss von Diäten aus konventioneller und biologischer Erzeugung&#xD;
auf Fruchtbarkeitsparameter bei Kaninchen</dc:title>
  <dc:creator>Bieber, Anna</dc:creator>
  <dc:creator>Seidel, Kathrin</dc:creator>
  <dc:creator>Wyss, Gabriela S.</dc:creator>
  <dc:creator>Maurer, Veronika</dc:creator>
  <dc:creator>Zeltner, Esther</dc:creator>
  <dc:subject>Food security, food quality and human health</dc:subject>
  <dc:subject>Feeding and growth</dc:subject>
  <dc:description>In order to test the effect of organic vs. conventional diets on fertility traits, we conducted&#xD;
an on-farm study with female rabbits. Eight groups of seven to eight female rabbits&#xD;
kept in systems with litter were fed ad libitum with either organic or conventional pellets.&#xD;
Offspring was weaned with approx. 28 days. In the first series analysed, the&#xD;
conception rate was higher in the conventional groups. Diet type had no significant&#xD;
influence on that trait. Nevertheless, a significant influence of diet on litter size was&#xD;
found: organically fed female rabbits produced more offspring per litter. The organic&#xD;
groups also showed higher rates of weaned animals, despite of a slightly higher mortality&#xD;
of offspring in these groups, but differences for both traits were not significant&#xD;
compared to conventional animals. Inconsistency of findings in the first series of this&#xD;
study concerning the effect of different diets on fertility traits were also found in literature.&#xD;
Data from the currently running second series will show whether the slightly&#xD;
positive effect of organic diet will become more evident.</dc:description>
  <dc:publisher>FiBL</dc:publisher>
  <dc:date>2009</dc:date>
  <dc:type>Conference paper, poster, etc.</dc:type>
  <dc:type>NonPeerReviewed</dc:type>
  <dc:format>application/pdf</dc:format>
  <dc:identifier>http://orgprints.org/14097/1/Bieber_14097.pdf</dc:identifier>
  <dc:identifier>Bieber, Anna; Seidel, Kathrin; Wyss, Gabriela S.; Maurer, Veronika and Zeltner, Esther    (2009) Einfluss von Diäten aus konventioneller und biologischer Erzeugung auf Fruchtbarkeitsparameter bei Kaninchen.       Paper at:   10. Wissenschaftstagung Ökologischer Landbau, Zürich, 11.-13. Februar 2009.</dc:identifier>
  <dc:relation>http://orgprints.org/14097/</dc:relation>
</oai_dc:dc>