<oai_dc:dc xmlns:oai_dc="http://www.openarchives.org/OAI/2.0/oai_dc/" xmlns:dc="http://purl.org/dc/elements/1.1/" xmlns:xsi="http://www.w3.org/2001/XMLSchema-instance" xsi:schemaLocation="http://www.openarchives.org/OAI/2.0/oai_dc/ http://www.openarchives.org/OAI/2.0/oai_dc.xsd">
  <dc:title>Bijzondere Bemesting: Kansrijke strategieën voor duurzaam bodemmanagement</dc:title>
  <dc:creator>Zanen, Marleen</dc:creator>
  <dc:creator>Koopmans, Chris</dc:creator>
  <dc:creator>Bokhorst, Jan</dc:creator>
  <dc:creator>ter Berg, Coen</dc:creator>
  <dc:subject>Composting and manuring</dc:subject>
  <dc:description>Om die transitie naar duurzaam bodemmanagement te ondersteunen heeft het Louis  olk Instituut binnen het project Bijzondere Bemesting onderzoek uitgevoerd dat antwoord moest geven op de volgende vragen:   &#xD;
• Wat zijn de effecten van mest en compost op bodem  en gewaskwaliteit en wat zijn de mogelijkheden voor de inzet van niet dierlijke meststoffen? &#xD;
• Hoe kan bij een bemesting gericht op fosfaatevenwicht de beschikbaarheid van stikstof en fosfaat gewaarborgd blijven?  &#xD;
• Waarom zijn bepaalde bedrijfsstrategieën succesvol?</dc:description>
  <dc:date>2008</dc:date>
  <dc:type>Report</dc:type>
  <dc:type>NonPeerReviewed</dc:type>
  <dc:format>application/pdf</dc:format>
  <dc:identifier>http://orgprints.org/13492/1/2052.pdf</dc:identifier>
  <dc:identifier>Zanen, Marleen; Koopmans, Chris; Bokhorst, Jan and ter Berg, Coen         (2008) Bijzondere Bemesting: Kansrijke strategieën voor duurzaam bodemmanagement.  [Special Fertilisation: Successfull strategies for sustainable soil management.]  Louis Blk Instituut publications, no. LD13. .</dc:identifier>
  <dc:relation>http://orgprints.org/13492/</dc:relation>
</oai_dc:dc>