<oai_dc:dc xmlns:oai_dc="http://www.openarchives.org/OAI/2.0/oai_dc/" xmlns:dc="http://purl.org/dc/elements/1.1/" xmlns:xsi="http://www.w3.org/2001/XMLSchema-instance" xsi:schemaLocation="http://www.openarchives.org/OAI/2.0/oai_dc/ http://www.openarchives.org/OAI/2.0/oai_dc.xsd">
  <dc:title>Organic Eprints - database for forskning innen økologisk landbruk</dc:title>
  <dc:creator>Holten, Jon Magne</dc:creator>
  <dc:creator>Løes, Anne-Kristin</dc:creator>
  <dc:subject>"Organics" in general</dc:subject>
  <dc:description>A leaflet describing Organic Eprints in Norwegian</dc:description>
  <dc:date>2006-02</dc:date>
  <dc:type>Web product</dc:type>
  <dc:type>NonPeerReviewed</dc:type>
  <dc:format>application/pdf</dc:format>
  <dc:identifier>http://orgprints.org/7241/1/orgprints_bioforsk_fokus_1%282%29_2006.pdf</dc:identifier>
  <dc:identifier>Holten, Jon Magne and Løes, Anne-Kristin    (2006) Organic Eprints - database for forskning innen økologisk landbruk.  [Organic Eprints - a database for organic food and farming research.]  .  Online at &lt;http://www.bioforsk.no/dok/senter/adm/tema/tema_1_2_holtan.pdf &lt;http://www.bioforsk.no/dok/senter/adm/tema/tema_1_2_holtan.pdf&gt;&gt;.</dc:identifier>
  <dc:relation>http://orgprints.org/7241/</dc:relation>
</oai_dc:dc>