<oai_dc:dc xmlns:oai_dc="http://www.openarchives.org/OAI/2.0/oai_dc/" xmlns:dc="http://purl.org/dc/elements/1.1/" xmlns:xsi="http://www.w3.org/2001/XMLSchema-instance" xsi:schemaLocation="http://www.openarchives.org/OAI/2.0/oai_dc/ http://www.openarchives.org/OAI/2.0/oai_dc.xsd">
  <dc:title>Wie reagieren unterschiedliche Kuhtypen auf eine Reduktion des Konzentratfuttereinsatzes in einem Bio-Low-Input System?</dc:title>
  <dc:creator>Horn, Marco</dc:creator>
  <dc:creator>Steinwidder, Andreas</dc:creator>
  <dc:creator>Pfister, Rupert</dc:creator>
  <dc:creator>Zollitsch, Werner</dc:creator>
  <dc:subject>Dairy cattle</dc:subject>
  <dc:subject>Animal husbandry</dc:subject>
  <dc:subject>Feeding and growth</dc:subject>
  <dc:description>The present study compared the response of two different dairy cow types to the reduction of concentrate supplementation within an Alpine low-input system. Conventional Brown Swiss (BV) and a strain of Holstein Friesian selected for lifetime performance (HFL) were assigned to one of two concentrate supplementation levels which included 618 kg DM (Kon) and 279 kg DM (Low) of concentrates per cow and lactation. During the two years of the study, data were collected of 21 lactations from 13 individual BV animals and 29 lactations from 21 individual HFL animals. No significant interaction between breed and dietary treatment was observed for milk production, body condition score or reproductive performance. Cows fed the Low diet had significantly lower lactation milk yield, but there were no differences in milk production between breeds. The reduction of concentrate supplementation increased the loss of body condition in early lactation, but mean values for body condition score did not differ between dietary treatments. No significant breed or diet effect was found for days from calving to conception.</dc:description>
  <dc:publisher>Verlag Dr. Köster, Berlin</dc:publisher>
  <dc:date>2014-09-12</dc:date>
  <dc:type>Conference paper, poster, etc.</dc:type>
  <dc:type>NonPeerReviewed</dc:type>
  <dc:format>application/pdf</dc:format>
  <dc:identifier>http://orgprints.org/26987/1/26987_horn.pdf</dc:identifier>
  <dc:identifier>Horn, Marco; Steinwidder, Andreas; Pfister, Rupert and Zollitsch, Werner    (2014) Wie reagieren unterschiedliche Kuhtypen auf eine Reduktion des Konzentratfuttereinsatzes in einem Bio-Low-Input System?       Paper at:   13. Wissenschaftstagung Ökologischer Landbau, Hochschule für nachhaltige Entwicklung Eberswalde, 17. - 20. März 2015.</dc:identifier>
  <dc:relation>http://orgprints.org/26987/</dc:relation>
</oai_dc:dc>