<oai_dc:dc xmlns:oai_dc="http://www.openarchives.org/OAI/2.0/oai_dc/" xmlns:dc="http://purl.org/dc/elements/1.1/" xmlns:xsi="http://www.w3.org/2001/XMLSchema-instance" xsi:schemaLocation="http://www.openarchives.org/OAI/2.0/oai_dc/ http://www.openarchives.org/OAI/2.0/oai_dc.xsd">
  <dc:title>Environmental impacts of embedded bathroom practices</dc:title>
  <dc:creator>Quitzau, Maj-Britt</dc:creator>
  <dc:subject>Consumer issues</dc:subject>
  <dc:description>The presentation discuss different environmental impacts related to embedded bathroom practices.</dc:description>
  <dc:date>2005</dc:date>
  <dc:type>Conference paper, poster, etc.</dc:type>
  <dc:type>NonPeerReviewed</dc:type>
  <dc:format>multimedia</dc:format>
  <dc:identifier>http://orgprints.org/5825/1/5825.ppt</dc:identifier>
  <dc:identifier>Quitzau, Maj-Britt    (2005) Environmental impacts of embedded bathroom practices.       Speech at:   Kitchen and bathrooms: Changing technologies, practices and social organisation - implications for sustainability, CRIC, University of Manchester, England, 27-28 January 2005.</dc:identifier>
  <dc:relation>http://orgprints.org/5825/</dc:relation>
</oai_dc:dc>