<oai_dc:dc xmlns:oai_dc="http://www.openarchives.org/OAI/2.0/oai_dc/" xmlns:dc="http://purl.org/dc/elements/1.1/" xmlns:xsi="http://www.w3.org/2001/XMLSchema-instance" xsi:schemaLocation="http://www.openarchives.org/OAI/2.0/oai_dc/ http://www.openarchives.org/OAI/2.0/oai_dc.xsd">
  <dc:title>CorePIG- Bischweinehaltung in Europa</dc:title>
  <dc:creator>Dippel, Sabine</dc:creator>
  <dc:creator>Leeb, Christine</dc:creator>
  <dc:creator>Winckler, Christoph</dc:creator>
  <dc:subject>Pigs</dc:subject>
  <dc:description>Presentation of typical housing systems for organic pigs in Europe- results of WP2</dc:description>
  <dc:date>2009-11</dc:date>
  <dc:type>Conference paper, poster, etc.</dc:type>
  <dc:type>NonPeerReviewed</dc:type>
  <dc:format>application/pdf</dc:format>
  <dc:identifier>http://orgprints.org/18905/1/BioSchweinebauern_SchweinehaltungEU_091124.pdf</dc:identifier>
  <dc:identifier>Dippel, Sabine; Leeb, Christine and Winckler, Christoph    (2009) CorePIG- Bischweinehaltung in Europa.  [CorePIG- organic pigs in Europe.]      Paper at:   BioAustria Bauern Informationsabende, November 2009.     [Completed]</dc:identifier>
  <dc:relation>http://orgprints.org/18905/</dc:relation>
</oai_dc:dc>