<oai_dc:dc xmlns:oai_dc="http://www.openarchives.org/OAI/2.0/oai_dc/" xmlns:dc="http://purl.org/dc/elements/1.1/" xmlns:xsi="http://www.w3.org/2001/XMLSchema-instance" xsi:schemaLocation="http://www.openarchives.org/OAI/2.0/oai_dc/ http://www.openarchives.org/OAI/2.0/oai_dc.xsd">
  <dc:title>Targeted precision biocontrol and enhanced pollination</dc:title>
  <dc:creator>Hokkanen, Heikki</dc:creator>
  <dc:creator>Boecking, Otto</dc:creator>
  <dc:creator>Cokl, Andrej</dc:creator>
  <dc:creator>Cotes, Belen</dc:creator>
  <dc:creator>Eken, Cafer</dc:creator>
  <dc:creator>Karise, Reet</dc:creator>
  <dc:creator>Krajl, Jasna</dc:creator>
  <dc:creator>Maccagnani, Bettina</dc:creator>
  <dc:creator>Menzler-Hokkanen, Ingeborg</dc:creator>
  <dc:creator>Mommaerts, Veerle</dc:creator>
  <dc:creator>Mänd, Marika</dc:creator>
  <dc:creator>Smagghe, Guy</dc:creator>
  <dc:creator>Söderlund, Niklas</dc:creator>
  <dc:creator>Tuncer, Serdar</dc:creator>
  <dc:creator>Veromann, Eve</dc:creator>
  <dc:creator>Witzgall, Peter</dc:creator>
  <dc:subject>Production systems</dc:subject>
  <dc:subject>Biodiversity and ecosystem services</dc:subject>
  <dc:subject>Crop health, quality, protection</dc:subject>
  <dc:description>BICOPOLL and BICOPOLL-NET connect 12 research units from 10 European countries and autonomous regions into a concerted effort to develop and bring into practice improved methods of biocontrol and pollination services, using strawberry as the case study. BICOPOLL partners will use bees to (i) precision deliver biocontrol agents to the flowers of the target crops to provide control of diseases, (ii) improve the pollination of horticultural crops.</dc:description>
  <dc:date>2012</dc:date>
  <dc:type>Conference paper, poster, etc.</dc:type>
  <dc:type>NonPeerReviewed</dc:type>
  <dc:format>application/pdf</dc:format>
  <dc:identifier>http://orgprints.org/28629/1/Hokkanen%20etal%202012.pdf</dc:identifier>
  <dc:identifier>Hokkanen, Heikki; Boecking, Otto; Cokl, Andrej; Cotes, Belen; Eken, Cafer; Karise, Reet; Krajl, Jasna; Maccagnani, Bettina; Menzler-Hokkanen, Ingeborg; Mommaerts, Veerle; Mänd, Marika; Smagghe, Guy; Söderlund, Niklas; Tuncer, Serdar; Veromann, Eve and Witzgall, Peter    (2012) Targeted precision biocontrol and enhanced pollination.   In:     XXIV International Congress of Entomology "New Era in Entomology", p. 126.</dc:identifier>
  <dc:relation>http://orgprints.org/28629/</dc:relation>
</oai_dc:dc>