<oai_dc:dc xmlns:oai_dc="http://www.openarchives.org/OAI/2.0/oai_dc/" xmlns:dc="http://purl.org/dc/elements/1.1/" xmlns:xsi="http://www.w3.org/2001/XMLSchema-instance" xsi:schemaLocation="http://www.openarchives.org/OAI/2.0/oai_dc/ http://www.openarchives.org/OAI/2.0/oai_dc.xsd">
  <dc:title>Modelling of water balance and nitrogen cycle in vegetative filter strips</dc:title>
  <dc:creator>Rankinen, Katri</dc:creator>
  <dc:creator>Palojärvi, Ansa</dc:creator>
  <dc:creator>Regina, Kristiina</dc:creator>
  <dc:creator>Pietola, Liisa</dc:creator>
  <dc:creator>Granlund, Kirsti</dc:creator>
  <dc:creator>Uusi-Kämppä, Jaana</dc:creator>
  <dc:subject>Environmental aspects</dc:subject>
  <dc:description>The retention of nutrients by 10-m-wide grass buffers and buffers under natural vegetation has been studied over 10 years in Jokioinen in southwestern Finland. The results have been compared with those from 70-m-long plots without buffers. Grass was sown on the adjacent field and plots without buffers in 2002, and the field plots and these were grazed for 12 and 24 days in summer 2003 and 2004, respectively.</dc:description>
  <dc:publisher>Nordic Association of Agricultural Scientists</dc:publisher>
  <dc:date>2006</dc:date>
  <dc:type>Conference paper, poster, etc.</dc:type>
  <dc:type>NonPeerReviewed</dc:type>
  <dc:format>application/pdf</dc:format>
  <dc:identifier>http://orgprints.org/16261/1/pollutants3.pdf</dc:identifier>
  <dc:identifier>Rankinen, Katri; Palojärvi, Ansa; Regina, Kristiina; Pietola, Liisa; Granlund, Kirsti and Uusi-Kämppä, Jaana    (2006) Modelling of water balance and nitrogen cycle in vegetative filter strips.       Paper at:   Transport and retention of pollutants from different production systems : NJF seminar 373, Tartu, Estonia, 11-14 June 2006.</dc:identifier>
  <dc:relation>http://orgprints.org/16261/</dc:relation>
</oai_dc:dc>