<oai_dc:dc xmlns:oai_dc="http://www.openarchives.org/OAI/2.0/oai_dc/" xmlns:dc="http://purl.org/dc/elements/1.1/" xmlns:xsi="http://www.w3.org/2001/XMLSchema-instance" xsi:schemaLocation="http://www.openarchives.org/OAI/2.0/oai_dc/ http://www.openarchives.org/OAI/2.0/oai_dc.xsd">
  <dc:title>EFRC Bulletin 76 January 2005. With technical Updates from the Organic Advisory Service</dc:title>
  <dc:creator>Woodward, Lawrence</dc:creator>
  <dc:creator>Wolfe, Martin</dc:creator>
  <dc:creator>Hinchsliffe, Kay</dc:creator>
  <dc:creator>O'Brien, Josie</dc:creator>
  <dc:subject>"Organics" in general</dc:subject>
  <dc:subject>Food systems</dc:subject>
  <dc:description>The regular report from Elm Farm Research Centre - the Organic Research Centre in the UK - covering its own research and information and that of other relevant issues</dc:description>
  <dc:date>2005-01</dc:date>
  <dc:type>Other</dc:type>
  <dc:type>NonPeerReviewed</dc:type>
  <dc:format>application/pdf</dc:format>
  <dc:identifier>http://orgprints.org/4614/1/4614.pdf</dc:identifier>
  <dc:identifier>Woodward, Lawrence; Wolfe, Martin; Hinchsliffe, Kay and O'Brien, Josie    (2005) EFRC Bulletin 76 January 2005. With technical Updates from the Organic Advisory Service.   Elm Farm Research Centre.</dc:identifier>
  <dc:relation>http://orgprints.org/4614/</dc:relation>
</oai_dc:dc>