<oai_dc:dc xmlns:oai_dc="http://www.openarchives.org/OAI/2.0/oai_dc/" xmlns:dc="http://purl.org/dc/elements/1.1/" xmlns:xsi="http://www.w3.org/2001/XMLSchema-instance" xsi:schemaLocation="http://www.openarchives.org/OAI/2.0/oai_dc/ http://www.openarchives.org/OAI/2.0/oai_dc.xsd">
  <dc:title>Real-time PCR to quantify composition of arbuscular mycorrhizal fungal communities—marker design, verification, calibration and field validation</dc:title>
  <dc:creator>Thonar, Cécile</dc:creator>
  <dc:creator>Erb, A.</dc:creator>
  <dc:creator>Jansa, J.</dc:creator>
  <dc:subject>Soil</dc:subject>
  <dc:description>Quantitative real-time PCR (qPCR) is slowly becoming established as a tool to quantify abundance of different arbuscular mycorrhizal fungal (AMF) taxa in roots and in soil. Here, we describe the development and field validation of qPCR markers (i.e. primers with associated hydrolysis probes), targeting taxon-specific motifs in the nuclear large ribosomal subunit RNA genes. Design of such markers is complicated by the multinuclear and multigenomic cellular organization of these fungi and the high DNA sequence diversity within the smallest biologically relevant units (i.e. single-spore isolates). These limitations are further compounded by inefficient biomass production of these fungi, resulting in limited availability of pure genomic DNA (gDNA) of well-defined isolates for cross-specificity testing of the markers. Here we demonstrate, using a number of AMF isolates, the possibility to establish stringent qPCR running conditions allowing quantification of phylogenetically disjunctive AMF taxa. Further, we show that these markers can more generally be used to quantify abundance (i.e. number of target gene copies or amount of gDNA) of what is usually considered the level of AMF species, regardless of the isolate identities. We also illustrate the range of variation within qPCR signal strength across different AMF taxa with respect to the detected number of gene copies per unit amount of gDNA. This information is paramount for interpretation of the qPCR analyses of field samples. Finally, the field validation of these markers confirmed their potential to assess composition of field AMF communities and monitor the changes owing to agricultural practices such as soil tillage.</dc:description>
  <dc:date>2011</dc:date>
  <dc:type>Journal paper</dc:type>
  <dc:type>NonPeerReviewed</dc:type>
  <dc:format>application/pdf</dc:format>
  <dc:identifier>http://orgprints.org/25988/1/Thonar_et_al_2011_CT33.pdf</dc:identifier>
  <dc:format>application/pdf</dc:format>
  <dc:identifier>http://orgprints.org/25988/7/Thonar2011_CT33sm1.pdf</dc:identifier>
  <dc:format>application/pdf</dc:format>
  <dc:identifier>http://orgprints.org/25988/10/Thonar2011_CT33sm2.pdf</dc:identifier>
  <dc:format>application/pdf</dc:format>
  <dc:identifier>http://orgprints.org/25988/19/Thonar2011_CT33sm3.pdf</dc:identifier>
  <dc:identifier>Thonar, Cécile; Erb, A. and Jansa, J.   (2011) Real-time PCR to quantify composition of arbuscular mycorrhizal fungal communities—marker design, verification, calibration and field validation.   Blackwell Publishing Ltd, 12, pp. 219-232.</dc:identifier>
  <dc:relation>http://orgprints.org/25988/</dc:relation>
</oai_dc:dc>