<oai_dc:dc xmlns:oai_dc="http://www.openarchives.org/OAI/2.0/oai_dc/" xmlns:dc="http://purl.org/dc/elements/1.1/" xmlns:xsi="http://www.w3.org/2001/XMLSchema-instance" xsi:schemaLocation="http://www.openarchives.org/OAI/2.0/oai_dc/ http://www.openarchives.org/OAI/2.0/oai_dc.xsd">
  <dc:title>Know-how - Veranstaltungen für Praktiker</dc:title>
  <dc:creator>Röhrig, Peter</dc:creator>
  <dc:subject>Education, extension and communication</dc:subject>
  <dc:description>Durch die im Rahmen des Projekts realisierten Veranstaltungen konnten vielfältige und unter hohem Aufwand erarbeitete Ergebnisse aus der Forschung zum Öko-Landbau einem großen Kreis von Unternehmern und Landwirten der ökologischen Lebensmittelwirtschaft vermittelt werden. Besondere Berücksichtigung fanden dabei die Forschungsergebnisse des Bundesprogramms Ökologischer Landbau.&#xD;
Zur Wissensvermittlung und -aufbereitung wurde das Netzwerk der Verbände der ökologischen Lebensmittelwirtschaft mit seinen regionalen Vereinigungen und Beratern genutzt. Diese kennen die Bedürfnisse der Zielgruppen bestens und haben die Forschungsergebnisse entsprechend ausgewählt, aufbereitet und vermittelt.&#xD;
Mit den durchgeführten 695 Veranstaltungen zum Wissenstransfer konnten fast 15.000 Praktiker und Unternehmer in allen Regionen Deutschlands erreicht werden. Der Großteil der Veranstaltungen wurde für Erzeuger konzipiert, ein kleinerer Teil für Händler und Verarbeiter. &#xD;
Träger der Veranstaltungen vor Ort waren Bioland, Naturland, Demeter-Bayern, der Demeter-Forschungsring, GÄA, Biopark, BNN Herstellung und Handel, BNN Einzelhandel, SÖL und AoeL. &#xD;
Der Bund Ökologische Lebensmittelwirtschaft koordinierte die Veranstaltungsplanung und wertete die Evaluation aus. Er beriet die Veranstalter vor Ort bei der Antragstellung und Durchführung des Programms. &#xD;
Mit dem Projekt konnten in den Regionen qualitativ hochwertige Veranstaltungen zum Wissenstransfer realisiert werden. Im Rahmen der Projektevaluation wurden die Veranstaltungen durch die Teilnehmer überwiegend mit gut bewertet. &#xD;
Auf Grundlage der Berichte der Veranstaltungsleiter wurden Forschungsanliegen aus Sicht der Praxis zusammengetragen.</dc:description>
  <dc:date>2011</dc:date>
  <dc:type>Report</dc:type>
  <dc:type>NonPeerReviewed</dc:type>
  <dc:format>application/pdf</dc:format>
  <dc:identifier>http://orgprints.org/19102/1/18102-08OE097-boelw-roehrig-2011-know-how_veranstaltungen.pdf</dc:identifier>
  <dc:identifier>Röhrig, Peter         (2011) Know-how - Veranstaltungen für Praktiker.  [Know-how - events for Practitioners of the Organic Food Sector.]   BÖLW e.V. Bund Ökologische Lebensmittelwirtschaft, D-Berlin.</dc:identifier>
  <dc:relation>http://orgprints.org/19102/</dc:relation>
</oai_dc:dc>