<oai_dc:dc xmlns:oai_dc="http://www.openarchives.org/OAI/2.0/oai_dc/" xmlns:dc="http://purl.org/dc/elements/1.1/" xmlns:xsi="http://www.w3.org/2001/XMLSchema-instance" xsi:schemaLocation="http://www.openarchives.org/OAI/2.0/oai_dc/ http://www.openarchives.org/OAI/2.0/oai_dc.xsd">
  <dc:title>Survey on regional research needs</dc:title>
  <dc:creator>Drexler, Dora</dc:creator>
  <dc:creator>Möller, Carolin</dc:creator>
  <dc:creator>Willer, Helga</dc:creator>
  <dc:subject>Research communication and quality</dc:subject>
  <dc:subject>Education, extension and communication</dc:subject>
  <dc:subject>Research methodology and philosophy</dc:subject>
  <dc:description>Research needs on challenges regarding the organic system, field practises, input, crop, pest and disease control, livestock, socio-economic and post-harvest and processing Challenges in various regions.</dc:description>
  <dc:date>2015-02-13</dc:date>
  <dc:type>Conference paper, poster, etc.</dc:type>
  <dc:type>NonPeerReviewed</dc:type>
  <dc:format>application/pdf</dc:format>
  <dc:identifier>http://orgprints.org/28244/1/Drexler-etal-2015-Survey-on-regional-research-needs-TIPI-Biofach2015.pdf</dc:identifier>
  <dc:identifier>Drexler, Dora; Möller, Carolin and Willer, Helga    (2015) Survey on regional research needs.       Paper at:   Science Day 2015 Biofach Nuremberg, Nuremberg, Germany, 13.02.2015.     [Completed]</dc:identifier>
  <dc:relation>http://orgprints.org/28244/</dc:relation>
</oai_dc:dc>