<oai_dc:dc xmlns:oai_dc="http://www.openarchives.org/OAI/2.0/oai_dc/" xmlns:dc="http://purl.org/dc/elements/1.1/" xmlns:xsi="http://www.w3.org/2001/XMLSchema-instance" xsi:schemaLocation="http://www.openarchives.org/OAI/2.0/oai_dc/ http://www.openarchives.org/OAI/2.0/oai_dc.xsd">
  <dc:title>Qualitätsoptimierung von Bio-Substraten für die Jungpflanzenanzucht im ökologischen Gemüseanbau unter besonderer Berücksichtigung der Praxisumsetzung des Torfersatzes durch fermentierte Holzfaser</dc:title>
  <dc:creator>König, Uli Johannes</dc:creator>
  <dc:subject>Composting and manuring</dc:subject>
  <dc:subject>Vegetables</dc:subject>
  <dc:description>Ziel des Projektes war, ein Biopresstopfsubstrat mit deutlich reduziertem Torfanteil für den Erwerbsgemüsebau zu entwickeln und der Praxis verfügbar zu machen. Hierzu wurden torfreduzierte Substrate verschiedener Hersteller im Vergleich mit eigenen torfreduzierten und torffreien Mischungen in Anbauversuchen am IBDF getestet. &#xD;
In enger Kooperation mit der Praxis (Substrat-Herstellern, Bio-Jungpflanzenproduzenten und Feldgemüsebetrieben) wurden Industriepresserden mit lediglich 50 % Torf geprüft. &#xD;
Des weiteren wurde die Wirkung unterschiedlicher Mineralzuschläge bearbeitet. Auch wurden alternative Holzfasern aus Pappelholz und Heckenschnitt getestet.&#xD;
Aus den Versuchen kann gefolgert werden:&#xD;
- Das Screening der Industriesubstrate erbrachte wiederum ein breites Spektrum an Wuchsleistungen. Totalausfällen, wie in früheren Jahren, gab es nicht.&#xD;
- Mit torfreduzierten Substraten (bis maximal 50% Torf) kann ein ähnliches Jungpflanzenwachstum erzielt werden wie mit Industriesubstraten; In einzelnen Versuchen zeigte sich auch eine geringfügige Überlegenheit der weniger torfhaltigen Substrate;&#xD;
- In Versuchen wurde auch torffrei gearbeitet, was jedoch zu geringfügigen Ertragsminderungen führen kann;&#xD;
- Die unterschiedlichen mineralischen Zuschlagsstoffe (Bentonit, Quarzmehl etc.) können die Pressbarkeit erhöhen, auf das Pflanzenwachstum hatten sie nur geringen Einfluss; &#xD;
- Je feiner die Faser, desto besser die Pressbarkeit, insbesondere bei niedrigen Torfgehalten, das Porenvolumen der Erd-Bällchen nimmt dann jedoch deutlich ab; &#xD;
- Die Verfügbarkeit der Holzfaser oder fertige Mischungen ist lediglich für Großbetriebe problemlos zu gewährleisten;&#xD;
- Regional erzeugte Holzfaser aus Heckenschnitt o.ä. stellt eine Alternative dar.</dc:description>
  <dc:date>2006</dc:date>
  <dc:type>Report</dc:type>
  <dc:type>NonPeerReviewed</dc:type>
  <dc:format>application/pdf</dc:format>
  <dc:identifier>http://orgprints.org/17062/1/17062-02OE200_F-ibdf-koenig-2006-torfersatz.pdf</dc:identifier>
  <dc:identifier>König, Uli Johannes         (2006) Qualitätsoptimierung von Bio-Substraten für die Jungpflanzenanzucht im ökologischen Gemüseanbau unter besonderer Berücksichtigung der Praxisumsetzung des Torfersatzes durch fermentierte Holzfaser.  [Optimisation of quality of bio substrates for nursery plants under ecological vegetable production with special concern to transformation to praxis of peat ersatz by fermented wood fibre.]   Forschungsring für Biologisch-Dynamische Wirtschaftsweise e.V., D-Darmstadt, Bereich IBDF.</dc:identifier>
  <dc:relation>http://orgprints.org/17062/</dc:relation>
</oai_dc:dc>