<oai_dc:dc xmlns:oai_dc="http://www.openarchives.org/OAI/2.0/oai_dc/" xmlns:dc="http://purl.org/dc/elements/1.1/" xmlns:xsi="http://www.w3.org/2001/XMLSchema-instance" xsi:schemaLocation="http://www.openarchives.org/OAI/2.0/oai_dc/ http://www.openarchives.org/OAI/2.0/oai_dc.xsd">
  <dc:title>Entwicklung von Kooperationsvorhaben zwischen Landwirtschaft, Marken-Herstellern und konventionellen Handelsketten zur Überwindung von Schnittstellenproblemen und Ineffizienzen innerhalb der Öko-Marketingkette</dc:title>
  <dc:creator>Dienel, Wolfram</dc:creator>
  <dc:creator>Reuter, Jörg</dc:creator>
  <dc:subject>Markets and trade</dc:subject>
  <dc:description>Abstimmungsdefizite und damit Organisationsprobleme in der Marketing-Chain gehören zu den Haupthindernissen für die Entwicklung des Öko-Marktes (Dienel 2001). Daher ist die Verbesserung der Kooperation zwischen Handel, Herstellern und Landwirtschaft sowie eine klare strategische Ausrichtung der Marktakteure eine der Voraussetzungen für das weitere Bio-Marktwachstums in Deutschland.&#xD;
Das F&amp;E-Projekt „Entwicklung von Kooperationsvorhaben“ arbeitete an zwei Zielbereichen:&#xD;
(1) Management-Instrumente für horizontale und vertikale Kooperation im Bio-Marketing. Die Analyse der Tätigkeiten und Probleme an der Schnittstelle zwischen Lieferanten und Handel stand im Mittelpunkt der Kooperationsforschung. Die strategische Kooperation betrifft Felder wie die kundenorientierte Sortimentsentwicklung, die gemeinsame Entwicklung und Umsetzung von Marketingstrategien zwischen Herstellern und mit dem Handel sowie das vorausschauende Sourcing der Öko-Rohwaren und die Sicherung der Öko-Qualität und. &#xD;
(2) Optimierung der Bio-Marketingstrategie in einem expandierenden und sich differenzierenden Bio-Markt. Die Analyse und Klärung der strategischen Positionierung mit Bio-Produkten als Hersteller- oder Händler-Marke (Retailbrand) sowie die Entwicklung einer systematischen Herangehensweise bildeten den Mittelpunkt der Marketingstrategieforschung. &#xD;
Forschungsergebnis Management-Tool „Category-Management für Bio-Produkte“&#xD;
Beide Aufgabenbereiche wurden im Management-Tool „Category-Management für Bio-Produkte“ zusammengefasst. Das Management-Tool ermöglicht es, die unternehmensinternen Strategieaufgaben und vertikalen Kooperationsprobleme parallel zu bearbeiten. &#xD;
Praktische Resultate &#xD;
Praktische Ergebnisse der Arbeit im F&amp;E- Projekt waren &#xD;
• die Gründung des Herstellernetzwerks „Bio in Markenqualität“, &#xD;
• kooperative Informations- und Verkostungsmaßnahmen des Netzwerks im Einzelhandel (Titel: Bio-Bestes für die ganze Familie), &#xD;
• angewandte Forschung zur Stellung der Bio-Cateogory in der Strategie führender deutscher Lebensmittel-Handelsketten und Herstellerunternehmen,&#xD;
• Kooperationstreffen von Ernährungsindustrie und Naturkostherstellern zu Fragen der Sortimentsentwicklung. &#xD;
Wissensvermittlung: &#xD;
• Handbuch „Category-Management für Bio-Produkte“ Edition Lebensmittelzeitung, September 2006 &#xD;
• Broschüre „Bio-Erfolg durch Profilierung“, 16 Seiten Dez. 2006, Neuauflage Sept 2007 (Druckexemplare über BLE und als Download im Internet).&#xD;
• Außerdem zahlreiche Vorträge und Artikel</dc:description>
  <dc:date>2007</dc:date>
  <dc:type>Report</dc:type>
  <dc:type>NonPeerReviewed</dc:type>
  <dc:format>application/pdf</dc:format>
  <dc:identifier>http://orgprints.org/15077/1/15077-03OE292-oekostrategieberatung-dienel-2007-marketingkette.pdf</dc:identifier>
  <dc:identifier>Dienel, Wolfram and Reuter, Jörg         (2007) Entwicklung von Kooperationsvorhaben zwischen Landwirtschaft, Marken-Herstellern und konventionellen Handelsketten zur Überwindung von Schnittstellenproblemen und Ineffizienzen innerhalb der Öko-Marketingkette.  [Overcoming interface problems and inefficiencies within the marketing chain of organic products by cooperation between the agricultural business, brand food industry and conventional retail chains.]   ÖkoStrategieBeratung/ÖkoStrategieWissen, D-Berlin.</dc:identifier>
  <dc:relation>http://orgprints.org/15077/</dc:relation>
</oai_dc:dc>