<oai_dc:dc xmlns:oai_dc="http://www.openarchives.org/OAI/2.0/oai_dc/" xmlns:dc="http://purl.org/dc/elements/1.1/" xmlns:xsi="http://www.w3.org/2001/XMLSchema-instance" xsi:schemaLocation="http://www.openarchives.org/OAI/2.0/oai_dc/ http://www.openarchives.org/OAI/2.0/oai_dc.xsd">
  <dc:title>Avaliação do efeito de diferentes substratos sobre o desenvolvimento de Euterpe Edulis (Mart.) e Roystonea regia (Kunth).</dc:title>
  <dc:creator>Brahm, Rafael Ücker</dc:creator>
  <dc:creator>Medeiros, Carlos Alberto Barbosa</dc:creator>
  <dc:creator>Cardoso, Joel Henrique</dc:creator>
  <dc:creator>Reisser Junior, Carlos</dc:creator>
  <dc:subject>Production systems</dc:subject>
  <dc:subject>Farming Systems</dc:subject>
  <dc:description>O trabalho foi realizado de janeiro a setembro de 2009, em casa de vegetação, na Embrapa Clima Temperado, Estação Experimental Cascata/RS. Não existem informações silviculturais da E. edulis e da R. regia nesta região do Estado, por essa razão, é necessário buscar um sistema que possibilite expandir a produção de palmeiras. O objetivo foi o de avaliar o efeito de diferentes substratos sobre o desenvolvimento inicial das plantas de E. eduli e R. regia. Os tratamentos foram: T1 , Plantmax®; T2 , solo mato; T3 ,solo argiloso; T4 ,solo mato/solo argiloso 1:1; T5 ,solo mato/casca arroz carbonizada 3:1; T6 ,solo mato/casca arroz carbonizada 1:1; T7 ,solo mato/casca arroz in natura 1:1; T8 ,solo argiloso/casca arroz carbonizada 3:1; T9 ,solo argiloso/casca arroz carbonizada 1:1; T10 ,solo argiloso/casca arroz in natura 1:1. O delineamento de blocos foi ao acaso, com quatro repetições, e quatro plantas por unidade experimental. A avaliações foram realizadas em intervalos quinzenais. Observou-se E. edulis bom crescimento vegetativo T2 e T3. R. regia, verificou-se boas respostas T5, T1, T6, e T10. Conclui-se que a utilização dos substratos solo mato ou solo argiloso, e a mistura casca de arroz in natura ou carbonizada, apresentara bom crescimento vegetativo das plantas.</dc:description>
  <dc:date>2013-02-01</dc:date>
  <dc:type>Journal paper</dc:type>
  <dc:type>NonPeerReviewed</dc:type>
  <dc:format>application/pdf</dc:format>
  <dc:identifier>http://orgprints.org/25583/1/Brahm_Avalia%C3%A7%C3%A3o%20do%20efeito%20de%20diferentes%20substratos%20sobre%20o%20desenvolvimento%20de%20Euterpe%20Edulis.pdf</dc:identifier>
  <dc:identifier>Brahm, Rafael Ücker; Medeiros, Carlos Alberto Barbosa; Cardoso, Joel Henrique and Reisser Junior, Carlos   (2013) Avaliação do efeito de diferentes substratos sobre o desenvolvimento de Euterpe Edulis (Mart.) e Roystonea regia (Kunth).  [Evaluation of the effect of different substrates on the development of Euterpe edulis(Mart.) and Roystonea regia (Kunth).]  Revista Brasileira de Agroecologia, 8 (2), pp. 148-160.</dc:identifier>
  <dc:relation>http://orgprints.org/25583/</dc:relation>
</oai_dc:dc>