<oai_dc:dc xmlns:oai_dc="http://www.openarchives.org/OAI/2.0/oai_dc/" xmlns:dc="http://purl.org/dc/elements/1.1/" xmlns:xsi="http://www.w3.org/2001/XMLSchema-instance" xsi:schemaLocation="http://www.openarchives.org/OAI/2.0/oai_dc/ http://www.openarchives.org/OAI/2.0/oai_dc.xsd">
  <dc:title>Nicht wendendes Bodenbearbeitungssystem im Ökologischen Landbau - Dammkultursystem "Turiel"</dc:title>
  <dc:subject>Cereals, pulses and oilseeds</dc:subject>
  <dc:subject>Crop husbandry</dc:subject>
  <dc:description>In dem interdisziplinären Forschungsprojekt wurde ein Exaktversuch für Systeme der reduzierten Bodenbearbeitung im Ökologischen Landbau eingerichtet. Verglichen werden das Dammkultursystem (DKS) nach Turiel-Major und das Ecomat-System der Firma Kverneland mit dem herkömmlichen Pflugsystem, jeweils im Kontext entsprechend angepasster Anbauverfahren. Im Rahmen des Projektes wurden auf der Hessischen Staatsdomäne Frankenhausen, dem Lehr- und Transferzentrum des Fachbereichs Ökologische Agrarwissenschaften der Universität Kassel, zwei Workshops durchgeführt. Durch den regelmäßigen Kontakt mit Landwirten, Beratern, Entwicklern und Wissenschaftlern wurde und wird Praxiswissen in die Bearbeitung wissenschaftlicher Fragestellungen einfließen. Der Wissenstransfer in beiden Richtungen wurde und wird intensiviert und vorangetrieben.&#xD;
Es handelt sich um einen Bodenbearbeitungssystemversuch im ersten Versuchsjahr. Insofern sind die Ergebnisse nicht geeignet, die Systeme zur Bodenbearbeitung in ihrer Gesamtheit zu bewerten.&#xD;
Der Systemwechsel zum Ecomat ist einfach zu bewerkstelligen. Die Veränderungen zum Standard-Pflugsystem sind gering. Die Vorzüge des Ecomat-Systems liegen in seiner hohen Schlagkraft. Durch die geringe Bearbeitungstiefe ist der Zugkraftbedarf gering. Bei 3 m Arbeitsbreite und Fahrgeschwindigkeiten von 9-12 km/h werden Flächenleistungen bis zu 2,5 ha/h erreicht. Das Ecomat-System hatte im Umstellungsjahr keine nachteiligen Auswirkungen auf die Erträge. Die N-Mineralisation verlief wie beim Pflugsystem.&#xD;
Bei der Umstellung auf DKS ist die Dammbreite (75 oder 90 cm) der Arbeitsbreite und der Pflanz- und Erntetechnik anzupassen. Das DKS nach Turiel-Major zeichnet sich gegenüber anderen DKS durch seine hohe Flexibilität und Arbeitsbreiten bis zu 7,2 m aus. Eine System-umstellung nach der Ernte zur Herbstbestellung ist sinnvoller als im Frühjahr. Die Erträge bei Umstellung auf das DKS waren bei der extrem trockenen Witterung im Frühjahr geringer als bei den Pflugsystemen. Sie erlauben daher keine allgemeingültige Bewertung des DKS, da sich die Veränderungen der Bodenstruktur erst nach mehreren Jahren stabilisieren werden.</dc:description>
  <dc:type>Project description</dc:type>
  <dc:type>NonPeerReviewed</dc:type>
  <dc:identifier>{Project}    Nicht wendendes Bodenbearbeitungssystem im Ökologischen Landbau - Dammkultursystem "Turiel".  [Systems of reduced tillage in organic farming: the ridge till system from Turiel-Major.]   Runs 2002 - 2003.      Project Leader(s): Brandt, Dr. Michael, Universität Kassel.</dc:identifier>
  <dc:relation>http://orgprints.org/6117/</dc:relation>
</oai_dc:dc>