<oai_dc:dc xmlns:oai_dc="http://www.openarchives.org/OAI/2.0/oai_dc/" xmlns:dc="http://purl.org/dc/elements/1.1/" xmlns:xsi="http://www.w3.org/2001/XMLSchema-instance" xsi:schemaLocation="http://www.openarchives.org/OAI/2.0/oai_dc/ http://www.openarchives.org/OAI/2.0/oai_dc.xsd">
  <dc:title>Landbrugsøkonomisk teori - klassiske ræsonnementer og nutidig kontekst</dc:title>
  <dc:creator>Ingemann, Jan Holm</dc:creator>
  <dc:subject>Policy environments and social economy</dc:subject>
  <dc:subject>Markets and trade</dc:subject>
  <dc:description>Som afsæt hævdes, at en stor del af den klassiske, landbrugsøkonomiske litteratur bidrager med indsigter og konceptioner, som det er hensigtsmæssigt at overveje i relation til en nutidig kontekst. Det drejer sig primært i relation til helt overordnede og essentielle spørgsmål om, hvorvidt man kan koncipere og forstå landbrugsproduktion som noget særligt set i forhold til andre produktive aktiviteter i en økonomi.&#xD;
&#xD;
I publikationen fremstilles et udpluk af klassisk, landbrugsøkonomisk teori med afsæt i mikroøkonomisk teori om bedriften. Endvidere diskuteres kontekstens betydning, idet de klassiske ræsonnementer konfronteres med nutidens forhold for landbrugsproduktion.</dc:description>
  <dc:date>2008</dc:date>
  <dc:type>Report</dc:type>
  <dc:type>NonPeerReviewed</dc:type>
  <dc:format>application/pdf</dc:format>
  <dc:identifier>http://orgprints.org/16087/2/16087.pdf</dc:identifier>
  <dc:identifier>Ingemann, Jan Holm         (2008) Landbrugsøkonomisk teori - klassiske ræsonnementer og nutidig kontekst.    Aalborg University, Department of Economics, Politics and Public Administration.</dc:identifier>
  <dc:relation>http://orgprints.org/16087/</dc:relation>
</oai_dc:dc>