<oai_dc:dc xmlns:oai_dc="http://www.openarchives.org/OAI/2.0/oai_dc/" xmlns:dc="http://purl.org/dc/elements/1.1/" xmlns:xsi="http://www.w3.org/2001/XMLSchema-instance" xsi:schemaLocation="http://www.openarchives.org/OAI/2.0/oai_dc/ http://www.openarchives.org/OAI/2.0/oai_dc.xsd">
  <dc:title>Der Dauerbeobachtungsversuch Trenthorst - Konzeption und Versuchsaufbau</dc:title>
  <dc:creator>Schaub, Dagmar</dc:creator>
  <dc:creator>Paulsen, Hans Marten</dc:creator>
  <dc:creator>Böhm, Herwart</dc:creator>
  <dc:creator>Rahmann, Gerold</dc:creator>
  <dc:subject>Crop combinations and interactions</dc:subject>
  <dc:subject>Soil</dc:subject>
  <dc:description>Although the crop rotation is an essential element of organic farming, only few long-term trials exist which compare different crop rotations under temperate climate. The long-term monitoring Trenthorst was established in 2003 and comprises the different crop rotations of two cash crop farms and three livestock farms specialised in dairy, pigs and goats/oil seeds respectively. In addition to the comparison of crop rotations under practical farm conditions the long-term monitoring study aims to analyse the development of soil parameters, yields and crop qualities after the conversion to organic agriculture. On each arable field four monitoring points were established, where the relevant parameters are measured. The yields of the first three years are presented in a separate paper (SCHAUB et al. 2007).</dc:description>
  <dc:date>2007</dc:date>
  <dc:type>Conference paper, poster, etc.</dc:type>
  <dc:type>NonPeerReviewed</dc:type>
  <dc:format>application/pdf</dc:format>
  <dc:identifier>http://orgprints.org/9609/1/9609_Schaub_Poster.pdf</dc:identifier>
  <dc:identifier>Schaub, Dagmar; Paulsen, Hans Marten; Böhm, Herwart and Rahmann, Gerold    (2007) Der Dauerbeobachtungsversuch Trenthorst - Konzeption und Versuchsaufbau.  [Long-term monitoring Trenthorst – conception and study setup.]      Poster at:   Zwischen Tradition und Globalisierung - 9. Wissenschaftstagung Ökologischer Landbau, Universität Hohenheim, Stuttgart, Deutschland, 20.-23.03.2007.</dc:identifier>
  <dc:relation>http://orgprints.org/9609/</dc:relation>
</oai_dc:dc>