<oai_dc:dc xmlns:oai_dc="http://www.openarchives.org/OAI/2.0/oai_dc/" xmlns:dc="http://purl.org/dc/elements/1.1/" xmlns:xsi="http://www.w3.org/2001/XMLSchema-instance" xsi:schemaLocation="http://www.openarchives.org/OAI/2.0/oai_dc/ http://www.openarchives.org/OAI/2.0/oai_dc.xsd">
  <dc:title>Publikationsliste, 1990-2010</dc:title>
  <dc:creator>Wyss, Eric</dc:creator>
  <dc:subject>Crop health, quality, protection</dc:subject>
  <dc:subject>Biodiversity and ecosystem services</dc:subject>
  <dc:description>Publikationsliste, 1990-2010</dc:description>
  <dc:date>2010-04</dc:date>
  <dc:type>Other</dc:type>
  <dc:type>NonPeerReviewed</dc:type>
  <dc:format>application/pdf</dc:format>
  <dc:identifier>http://orgprints.org/16972/1/Literaturliste_Eric_Wyss-1990-2010.pdf</dc:identifier>
  <dc:identifier>Wyss, Eric    (2010) Publikationsliste, 1990-2010.  [List of Publications, 1990-2010.]  Forschungsinstitut für biologischen Landbau (FiBL), CH-5070 Frick, Pflanzenschutz: Schädlinge, Nützlinge.   [Completed]</dc:identifier>
  <dc:relation>http://orgprints.org/16972/</dc:relation>
</oai_dc:dc>