<oai_dc:dc xmlns:oai_dc="http://www.openarchives.org/OAI/2.0/oai_dc/" xmlns:dc="http://purl.org/dc/elements/1.1/" xmlns:xsi="http://www.w3.org/2001/XMLSchema-instance" xsi:schemaLocation="http://www.openarchives.org/OAI/2.0/oai_dc/ http://www.openarchives.org/OAI/2.0/oai_dc.xsd">
  <dc:title>Ansätze für einen Ausbau der staatlichen Förderung der Produktion</dc:title>
  <dc:creator>Nieberg, Hiltrud</dc:creator>
  <dc:subject>Farm economics</dc:subject>
  <dc:subject>Policy environments and social economy</dc:subject>
  <dc:description>Es sei darauf hingewiesen, dass eine alleinige Erhöhung der Flächenförderung, unabhängig davon, wie sie ausgestaltet ist, für eine deutliche Ausdehnung des ökologischen Landbaus wenig sinnvoll ist. Gebraucht werden integrative Strategiekonzepte. Im Hinblick auf die Ausdehnung der Produktion darf der vermehrte Beratungsbedarf seitens der Landwirte nicht vernachlässigt werden.</dc:description>
  <dc:contributor>Nieberg, Hiltrud</dc:contributor>
  <dc:date>2001</dc:date>
  <dc:type>Conference paper, poster, etc.</dc:type>
  <dc:type>NonPeerReviewed</dc:type>
  <dc:format>application/pdf</dc:format>
  <dc:identifier>http://orgprints.org/1621/1/zi024399.pdf</dc:identifier>
  <dc:identifier>Nieberg, Hiltrud    (2001) Ansätze für einen Ausbau der staatlichen Förderung der Produktion.  [An approach for an expansion of governmental aid in production.]  In: Nieberg, Hiltrud (Ed.)  Tagung: Politik für den ökologischen Landbau, 5-6 April 2001, Kurzfassungen und Pressemitteilungen der Referenten, pp. 37-38.</dc:identifier>
  <dc:relation>http://orgprints.org/1621/</dc:relation>
</oai_dc:dc>