<oai_dc:dc xmlns:oai_dc="http://www.openarchives.org/OAI/2.0/oai_dc/" xmlns:dc="http://purl.org/dc/elements/1.1/" xmlns:xsi="http://www.w3.org/2001/XMLSchema-instance" xsi:schemaLocation="http://www.openarchives.org/OAI/2.0/oai_dc/ http://www.openarchives.org/OAI/2.0/oai_dc.xsd">
  <dc:title>CREATING EDUCATION AND TRAINING OPPORTUNITIES TO SUPPORT THE DEVELOPMENT OF DIRECT MARKETING STRATEGIES</dc:title>
  <dc:creator>Juister , Evelyn</dc:creator>
  <dc:creator>Berner, Nina</dc:creator>
  <dc:creator>Häring, Anna Maria</dc:creator>
  <dc:subject>Social aspects</dc:subject>
  <dc:subject>Education, extension and communication</dc:subject>
  <dc:description>The objective of our research was to identify the educational needs in direct marketing and the existing opportunities for training and education using the model region of Berlin/Brandenburg as an example to be able to give the relevant education and training actors recommendations on how to structure the options they offer in terms of content and methodology. A further aim was to identify suitable teaching and learning concepts and other aspects relevant to participation from the farmers' point of view.</dc:description>
  <dc:publisher>Johann Heinrich von Thünen-Institut</dc:publisher>
  <dc:contributor>Rahmann, G.</dc:contributor>
  <dc:contributor>Aksoy, U.</dc:contributor>
  <dc:date>2014-10</dc:date>
  <dc:type>Conference paper, poster, etc.</dc:type>
  <dc:type>NonPeerReviewed</dc:type>
  <dc:format>application/pdf</dc:format>
  <dc:identifier>http://orgprints.org/23906/1/23906_Juisteretal_MM.pdf</dc:identifier>
  <dc:identifier>Juister , Evelyn; Berner, Nina and Häring, Anna Maria    (2014) CREATING EDUCATION AND TRAINING OPPORTUNITIES TO SUPPORT THE DEVELOPMENT OF DIRECT MARKETING STRATEGIES.   In: Rahmann, G. and Aksoy, U. (Eds.)  Building Organic Bridges, Johann Heinrich von Thünen-Institut, Braunschweig, Germany, 2, Thuenen Report, no. 20, pp. 431-434.</dc:identifier>
  <dc:relation>http://orgprints.org/23906/</dc:relation>
</oai_dc:dc>