<oai_dc:dc xmlns:oai_dc="http://www.openarchives.org/OAI/2.0/oai_dc/" xmlns:dc="http://purl.org/dc/elements/1.1/" xmlns:xsi="http://www.w3.org/2001/XMLSchema-instance" xsi:schemaLocation="http://www.openarchives.org/OAI/2.0/oai_dc/ http://www.openarchives.org/OAI/2.0/oai_dc.xsd">
  <dc:title>Qualitätssicherung und Verbraucherschutz bei ökologisch erzeugtem Schweinefleisch (BÖL-Projekt Nr. 02OE453)</dc:title>
  <dc:creator>Sundrum, Albert</dc:creator>
  <dc:subject>Food security, food quality and human health</dc:subject>
  <dc:subject>Surveys and statistics</dc:subject>
  <dc:subject>Pigs</dc:subject>
  <dc:description>Versuchsbeschreibung/Fragestellung:&#xD;
Aussagen von Schlachtunternehmen deuten darauf hin, dass Schlachtkörper von Schweinen aus ökologischer Erzeugung eine große Variation hinsichtlich der Qualitätskriterien und der pathologisch-anatomischen Organbefunde aufweisen. Ein erhöhtes Ausmaß von pathologisch-anatomischen Schlachtkörper- und Organbefunden läuft dem Anforderungsprofil der an ökologisch erzeugtem Schweinefleisch interessierten Verbraucherklientel zuwider. Auch steht eine große Variation bei den Schlachtkörperqualitäten dem Wunsch des Handels nach einem möglichst einheitlichen Produktsegment entgegen. Derzeit liegen in Deutschland keine fundierten Untersuchungen über die Qualitäten von Schlachtkörpern aus ökologischer Erzeugung vor. Für Handel und Verarbeitung bestehen daher erhebliche Unsicherheiten, die ein maßgebliches Hemmnis für die Ausweitung des Marktsegmentes darstellen.&#xD;
Ziel der Forschungsvorhabens ist es, die derzeit am Schlachthof Fulda für das Unternehmen tegutâ angelieferten Schweine von ca. 20 ökologisch wirtschaftenden Betrieben hinsichtlich der Schlachtkörperqualitäten und der Organbefunde systematisch zu erfassen. Parallel sollen auf den zuliefernden Erzeugerbetrieben Erhebungen zum jeweils praktizierten Tiergesundheitsmanagement durchgeführt werden. Anhand der Erhebungen sollen die spezifischen, für die ökologische Schweinehaltung bestehenden Risikofaktoren hinsichtlich der Tiergesundheit identifiziert werden. &#xD;
&#xD;
&#xD;
voraussichtliche Veröffentlichung der Ergebnisse: Januar 2004&#xD;
&#xD;
&#xD;
(Laufzeit: 1.10.2002 – 31.12.2003)</dc:description>
  <dc:date>2002</dc:date>
  <dc:type>Project description</dc:type>
  <dc:type>NonPeerReviewed</dc:type>
  <dc:format>application/pdf</dc:format>
  <dc:identifier>http://orgprints.org/931/1/handbuch-kein-Dokument.pdf</dc:identifier>
  <dc:identifier>{Project}    Qualitätssicherung und Verbraucherschutz bei ökologisch erzeugtem Schweinefleisch (BÖL-Projekt Nr. 02OE453).  [Quality assurance and customer protection with organic porc.]   Runs 2002 - 2004.      Project Leader(s): Sundrum, Albert, Universität Kassel, Fachbereich Ökologische Agrarwissenschaften.</dc:identifier>
  <dc:relation>http://orgprints.org/931/</dc:relation>
</oai_dc:dc>