<oai_dc:dc xmlns:oai_dc="http://www.openarchives.org/OAI/2.0/oai_dc/" xmlns:dc="http://purl.org/dc/elements/1.1/" xmlns:xsi="http://www.w3.org/2001/XMLSchema-instance" xsi:schemaLocation="http://www.openarchives.org/OAI/2.0/oai_dc/ http://www.openarchives.org/OAI/2.0/oai_dc.xsd">
  <dc:title>Ausbildung zum Weidepraktiker – Evaluierung des Lerntransfers</dc:title>
  <dc:creator>Horn, Marco</dc:creator>
  <dc:creator>Edler, Veronika</dc:creator>
  <dc:creator>Steinwidder, Andreas</dc:creator>
  <dc:creator>Kaipel, Liane</dc:creator>
  <dc:subject>Education, extension and communication</dc:subject>
  <dc:subject>Knowledge management</dc:subject>
  <dc:description>The aim of the present study was to evaluate the transfer of learning of the professional training course “Ausbildung zum Weidepraktiker”. An online questionnaire (17 questions) was developed and sent out to alumni of the course. A return rate of 48 % was achieved. The results show that a number of the studied key aspects of the course were already implemented by the participants before visiting the training. Actions implemented because of the professional training were these which required expert knowledge. More than 70 % of the participant believed that the training motivated them to optimise their pasture management and 67 % rated the training´s benefit for agricultural practice as excellent. The majority of the alumni believed that there should be a stronger focus on transfer of learning in future trainings.</dc:description>
  <dc:publisher>Verlag Dr. Köster, Berlin</dc:publisher>
  <dc:date>2014-09-12</dc:date>
  <dc:type>Conference paper, poster, etc.</dc:type>
  <dc:type>NonPeerReviewed</dc:type>
  <dc:format>application/pdf</dc:format>
  <dc:identifier>http://orgprints.org/26988/3/26988_horn.pdf</dc:identifier>
  <dc:identifier>Horn, Marco; Edler, Veronika; Steinwidder, Andreas and Kaipel, Liane    (2014) Ausbildung zum Weidepraktiker – Evaluierung des Lerntransfers.       Poster at:   13. Wissenschaftstagung Ökologischer Landbau, Hochschule für nachhaltige Entwicklung Eberswalde, 17. - 20. März 2015.</dc:identifier>
  <dc:relation>http://orgprints.org/26988/</dc:relation>
</oai_dc:dc>