<oai_dc:dc xmlns:oai_dc="http://www.openarchives.org/OAI/2.0/oai_dc/" xmlns:dc="http://purl.org/dc/elements/1.1/" xmlns:xsi="http://www.w3.org/2001/XMLSchema-instance" xsi:schemaLocation="http://www.openarchives.org/OAI/2.0/oai_dc/ http://www.openarchives.org/OAI/2.0/oai_dc.xsd">
  <dc:title>Tagungsreader: Statusseminar "Das Neuste aus der Ressortforschung für den Ökologischen Landbau 2006"</dc:title>
  <dc:subject>Breeding, genetics and propagation</dc:subject>
  <dc:subject>Germany</dc:subject>
  <dc:subject>Sheep and goats</dc:subject>
  <dc:subject>Health and welfare</dc:subject>
  <dc:subject>Breeding and genetics</dc:subject>
  <dc:subject>Food security, food quality and human health</dc:subject>
  <dc:subject>Crop health, quality, protection</dc:subject>
  <dc:subject>Markets and trade</dc:subject>
  <dc:description>INHALTSVERZEICHNIS:&#xD;
.&#xD;
VORWORT&#xD;
Gerold Rahmann und Rainer Oppermann (FAL-OEL): Ökolandbau und Biomärkte 2005&#xD;
.&#xD;
BODEN/PFLANZE&#xD;
Corinna Rüfer (BFEL-KA): Sekundäre Pflanzenstoffe in ökologisch und konventionell angebautem Gemüse und Obst. &#xD;
Rita Grosch (IGZ): Selektion von Antagonisten gegen Rhizoctonia solani.&#xD;
Uta Schnock (BSA): Wertprüfungen für den Ökolandbau der Arten Winterweichweizen, Sommergerste und Kartoffel.&#xD;
Bärbel Jansen (BfR): Potentielle Allergenität von konventionell versus ökologisch produziertem Gemüse.&#xD;
Stefan Kühne (BBA): Feldversuche der Biologischen Bundesanstalt für Land- und Forstwirtschaft zum Pflanzenschutz im Ökologischen Landbau.&#xD;
Ulrich Darsow (BAZ): Prebreeding auf Phytophthora-Resistenz der Kartoffel - Ergebnisse eines Langzeitprojekts und Aussichten für den Ökologischen Landbau&#xD;
.&#xD;
TIER&#xD;
Kerstin Barth (FAL): Aufzucht von Schaf- und Ziegenlämmern: arteigene oder artfremde natürliche Milch?&#xD;
Joachim Molkentin (BFEL-KI) Untersuchungen zur analytischen Unterscheidung ökologisch und konventionell erzeugter Milch.&#xD;
Matthias Moje (BFEL-Kulmbach): Erfassung des Gesundheitsstatus von Schweinen und Rindern aus ökologischer sowie konventioneller Produktion anhand differenzierter klinischer und pathologisch-anatomischer Befunde am Schlachthof.&#xD;
Henrike Glawatz (FBN): Versuchsplanung zum Vergleich von Legehybridherkünften unter den Bedingungen des ökologischen Landbaus.&#xD;
.&#xD;
MENSCH&#xD;
Heinz Wendt (FAL): Mögliche Auswirkungen einer weltweiten Zollfreiheit für Ökoprodukte auf den deutschen Ökomarkt&#xD;
Katrin Zander (FAL): Entwicklung des ökologischen Landbaus in Osteuropa</dc:description>
  <dc:publisher>Senatsarbeitsgruppe Ökologischer Landbau</dc:publisher>
  <dc:contributor>Rahmann, Gerold</dc:contributor>
  <dc:date>2006</dc:date>
  <dc:type>Proceedings</dc:type>
  <dc:type>NonPeerReviewed</dc:type>
  <dc:format>application/pdf</dc:format>
  <dc:identifier>http://orgprints.org/7683/1/7683-rahmann-g-2006-Statusseminar.pdf</dc:identifier>
  <dc:identifier>Rahmann, Gerold (Ed.)    (2006) Tagungsreader: Statusseminar "Das Neuste aus der Ressortforschung für den Ökologischen Landbau 2006".  [Proceedings of the Seminar: "Recent results of state funded research on organic farming 2006".]  Senatsarbeitsgruppe Ökologischer Landbau.  Proceedings of Statusseminar der Ressortforschungseinrichtungen des BMVEL, Braunschweig, 02.03.2006.   [Unpublished]</dc:identifier>
  <dc:relation>http://orgprints.org/7683/</dc:relation>
</oai_dc:dc>