<oai_dc:dc xmlns:oai_dc="http://www.openarchives.org/OAI/2.0/oai_dc/" xmlns:dc="http://purl.org/dc/elements/1.1/" xmlns:xsi="http://www.w3.org/2001/XMLSchema-instance" xsi:schemaLocation="http://www.openarchives.org/OAI/2.0/oai_dc/ http://www.openarchives.org/OAI/2.0/oai_dc.xsd">
  <dc:title>HighCrop billedværktøj – vejen til mindre ukrudt og bedre udbytter</dc:title>
  <dc:creator>Fog, Erik</dc:creator>
  <dc:subject>Technology transfer</dc:subject>
  <dc:description>Præsentation af HighCrop billedværktøjet på "Rodukrudtsdag" den 4. oktober 2013. Temadag for landmænd, konsulenter og landbrugsskolelærere om ukrudtskontrol i økologisk landbrug.</dc:description>
  <dc:date>2013-10-03</dc:date>
  <dc:type>Conference paper, poster, etc.</dc:type>
  <dc:type>NonPeerReviewed</dc:type>
  <dc:format>application/pdf</dc:format>
  <dc:identifier>http://orgprints.org/24453/7/24453.pdf</dc:identifier>
  <dc:identifier>Fog, Erik    (2013) HighCrop billedværktøj – vejen til mindre ukrudt og bedre udbytter.  [HighCrop Picture Planning Tool - the road to less weeds and better yield.]      Speech at:   Temadag om ukrudtskontrol i økologisk landbrug, 4. oktober 2013.     [Unpublished]</dc:identifier>
  <dc:relation>http://orgprints.org/24453/</dc:relation>
</oai_dc:dc>