<oai_dc:dc xmlns:oai_dc="http://www.openarchives.org/OAI/2.0/oai_dc/" xmlns:dc="http://purl.org/dc/elements/1.1/" xmlns:xsi="http://www.w3.org/2001/XMLSchema-instance" xsi:schemaLocation="http://www.openarchives.org/OAI/2.0/oai_dc/ http://www.openarchives.org/OAI/2.0/oai_dc.xsd">
  <dc:title>Neue Erkenntnisse in der Distelregulierung</dc:title>
  <dc:creator>Dierauer, Hansueli</dc:creator>
  <dc:subject>Crop health, quality, protection</dc:subject>
  <dc:subject>Weed management</dc:subject>
  <dc:description>Die Ackerkratzdistel&#xD;
- Lebenszyklus Ackerkratzdistel&#xD;
- Vermehrung über Wurzelsystem&#xD;
- Wurzelausläufer&#xD;
- Biologie: Reservestoffverlauf&#xD;
- Ursachen in der Fruchtfolge&#xD;
- Ursachen in der Bodenbearbeitung</dc:description>
  <dc:date>2013</dc:date>
  <dc:type>Conference paper, poster, etc.</dc:type>
  <dc:type>NonPeerReviewed</dc:type>
  <dc:format>application/pdf</dc:format>
  <dc:identifier>http://orgprints.org/26003/1/Arenenberg_dierauer_disteln.pdf</dc:identifier>
  <dc:identifier>Dierauer, Hansueli    (2013) Neue Erkenntnisse in der Distelregulierung.       Paper at:   Agroscope Bioackerbautag, Arenenberg, Schweiz, 29.11.2013.     [Completed]</dc:identifier>
  <dc:relation>http://orgprints.org/26003/</dc:relation>
</oai_dc:dc>