<oai_dc:dc xmlns:oai_dc="http://www.openarchives.org/OAI/2.0/oai_dc/" xmlns:dc="http://purl.org/dc/elements/1.1/" xmlns:xsi="http://www.w3.org/2001/XMLSchema-instance" xsi:schemaLocation="http://www.openarchives.org/OAI/2.0/oai_dc/ http://www.openarchives.org/OAI/2.0/oai_dc.xsd">
  <dc:title>Grise på overlevelsestur</dc:title>
  <dc:creator>Nielsen, Karen Munk</dc:creator>
  <dc:subject>Farming Systems</dc:subject>
  <dc:subject>Animal husbandry</dc:subject>
  <dc:description>Griseforsøg 2012: 72 slagtesvin på friland følges fra fravænning til slagtning. Både tilvækst og kvalitet undersøges.</dc:description>
  <dc:date>2012-08-24</dc:date>
  <dc:type>Newspaper or magazine article</dc:type>
  <dc:type>NonPeerReviewed</dc:type>
  <dc:format>application/pdf</dc:format>
  <dc:identifier>http://orgprints.org/21998/6/21998.pdf</dc:identifier>
  <dc:identifier>Nielsen, Karen Munk    (2012) Grise på overlevelsestur.   Økologi &amp; Erhverv, 24 August 2012, pp. 14-15.</dc:identifier>
  <dc:relation>http://orgprints.org/21998/</dc:relation>
</oai_dc:dc>