<oai_dc:dc xmlns:oai_dc="http://www.openarchives.org/OAI/2.0/oai_dc/" xmlns:dc="http://purl.org/dc/elements/1.1/" xmlns:xsi="http://www.w3.org/2001/XMLSchema-instance" xsi:schemaLocation="http://www.openarchives.org/OAI/2.0/oai_dc/ http://www.openarchives.org/OAI/2.0/oai_dc.xsd">
  <dc:title>Quantitative Analyse der sektoralen Auswirkungen einer Ausdehnung des ökologischen Landbaus in der EU</dc:title>
  <dc:creator>Offermann, Frank</dc:creator>
  <dc:subject>Policy environments and social economy</dc:subject>
  <dc:description>Der ökologische Landbau hat sich in der Europäischen Union im letzten Jahrzehnt äußerst dynamisch entwickelt. In Anbetracht der agrar- und gesellschaftspolitischen Rahmenbedingungen und der steigenden Nachfrage nach ökologisch erzeugten Produkten ist eine weitere Ausdehnung zu erwarten. Vor diesem Hintergrund untersucht diese Arbeit, welche Folgen eine deutliche Ausdehnung ökologischer Landbausysteme in der Europäischen Union im Hinblick auf Landnutzung, Agrarproduktion, Märkte und Umwelt hat. Für die quantitative Analyse wird das komparativ-statisches Agrarsektormodell CAPRI erweitert und angepasst. &#xD;
Eine Ausdehnung des ökologischen Landbaus auf 10 oder 20 % der LF wirkt sich auf eine Reihe von politikrelevanten Parametern des EU-Agrarsektors aus. Die Effekte fallen jedoch zum Teil deutlich geringer aus, als dies ausgehend von einzelbetrieblichen Vergleichsrechnungen prognostiziert wird. Folgende Auswirkungen einer Ausdehnung des ökologischen Landbaus auf 10 oder 20 % der LF lassen sich festhalten:&#xD;
-	Änderungen bei den Produktionsstrukturen &#xD;
-	Die Erzeugung fast aller Produkte geht bei steigender Bedeutung des ökologischen Landbaus zurück, Quotenprodukte stellen hier eine wichtige Ausnahme dar&#xD;
-	Für eine Reihe von landwirtschaftlichen Erzeugnissen ist aufgrund des Produktionsrückgangs mit einem leichten Anstieg der Erzeugerpreise zu rechnen. Eine Ausnahme stellen die Preise für Getreide und Kälber dar. &#xD;
-	Im Hinblick auf die Umweltwirkungen einer Ausdehnung des ökologischen Landbaus weist die quantitative Analyse ausgewählter Agrarumweltindikatoren auf eine positive Gesamtentwicklung bei Nährstoffüberschüssen, bei der Verwendung von Pflanzenschutzmitteln und bei der Emission von Treibhausgasen hin. &#xD;
In einem zweiten Arbeitsschritt untersucht die vorliegende Arbeit, inwieweit sich innerhalb des gewählten Modellansatzes Aspekte der Prognose und Politikfolgenabschätzung für den ökologischen Landbau integrieren lassen. &#xD;
Dazu werden die Auswirkungen der Änderungen verschiedener exogener Einflussfaktoren auf die Ausdehnung des ökologischen Landbaus analysiert. Neben der derzeit viel diskutierten Erhöhung der Förderung für den ökologischen Landbau und einer Finanzierung durch den gleichzeitigen Abbau der Stützung in anderen Bereichen des Agrarsektors werden auch die Folgen eines vollständigen Abbaus der Preisaufschläge für ökologisch erzeugte Produkte betrachtet. &#xD;
Die Ergebnisse der Modellrechnungen belegen, dass die Auswirkungen einer Ausdehnung des ökologischen Landbaus in erheblichem Maße von der regionalen Verteilung und der Produktionsrichtung der umstellenden Betriebe abhängen. Damit eröffnet sich für die Politik die Möglichkeit, über die Ausgestaltung der Förderung aktiv die Erreichung definierter Ziele effizienter zu verfolgen. Um für eine zielorientierte Ausgestaltung der Förderung weitergehende Empfehlungen geben zu können, sollten zukünftige Untersuchungen neben der Folgenabschätzung und der Analyse geeigneter Maßnahmen zur Förderung einer Ausdehnung des ökologischen Landbaus auch die Diskussion des „optimalen“ Anteils des ökologischen Landbaus vor dem Hintergrund der jeweiligen Ziele im Rahmen einer Zielanalyse bzw. Ziel-Mittel-Analyse umfassen. Angesichts der Vielzahl der agrarpolitischen Ziele und der komplexen Wechselbeziehungen bei gleichzeitig noch unvollständiger Informationslage stellt die Bearbeitung dieser Fragestellung allerdings ein ambitiöses Vorhaben dar, das voraussichtlich nur schrittweise zu lösen sein wird.&#xD;
&#xD;
Kurzfassung der Zusammenfassung aus: Offermann, F. (2003): Quantitative Analyse der sektoralen Auswirkungen einer Ausdehnung des ökologischen Landbaus in der EU. Berliner Schriften zur Agrar- und Umweltökonomik, Band 5. Aachen: Shaker Verlag.</dc:description>
  <dc:publisher>Shaker Verlag, Aachen</dc:publisher>
  <dc:date>2003</dc:date>
  <dc:type>Book</dc:type>
  <dc:type>NonPeerReviewed</dc:type>
  <dc:format>application/pdf</dc:format>
  <dc:identifier>http://orgprints.org/810/2/820-offermann-f-2003-quantitative-analyse-EU-zusammenfassung.pdf</dc:identifier>
  <dc:format>application/pdf</dc:format>
  <dc:identifier>http://orgprints.org/810/3/820-offermann-f-2003-quantitative-analyse-EU-summary.pdf</dc:identifier>
  <dc:identifier>Offermann, Frank    (2003) Quantitative Analyse der sektoralen Auswirkungen einer Ausdehnung des ökologischen Landbaus in der EU.    Berliner Schriften zur Agrar- und Umweltökonomik, no. 5. Shaker Verlag, Aachen.</dc:identifier>
  <dc:relation>http://orgprints.org/810/</dc:relation>
</oai_dc:dc>