<oai_dc:dc xmlns:oai_dc="http://www.openarchives.org/OAI/2.0/oai_dc/" xmlns:dc="http://purl.org/dc/elements/1.1/" xmlns:xsi="http://www.w3.org/2001/XMLSchema-instance" xsi:schemaLocation="http://www.openarchives.org/OAI/2.0/oai_dc/ http://www.openarchives.org/OAI/2.0/oai_dc.xsd">
  <dc:title>Klinische Prüfung von Homöopathika (Nosoden) in der Kontrolle von Mastitiden des Rindes (NoKoM)</dc:title>
  <dc:creator>Fidelak, Christian</dc:creator>
  <dc:creator>Spranger, Jörg</dc:creator>
  <dc:creator>Klocke, Peter</dc:creator>
  <dc:creator>Hamann, Jörn</dc:creator>
  <dc:creator>Heuwieser, Wolfgang</dc:creator>
  <dc:subject>Dairy cattle</dc:subject>
  <dc:subject>Health and welfare</dc:subject>
  <dc:subject>Beef cattle</dc:subject>
  <dc:description>In einem Milchviehbetrieb (250 Kühe) wurde eine homöopathische Trockenstellprophylaxe unter vollständigem Verzicht von antibiotischen Trockenstellern geprüft. Eine bestandsspezifische Mischnosode D30 wurde im Vergleich zu einem Placebo eingesetzt. Die Tiere wurden in wöchentlichem Abstand viermal vor dem Trockenstellen (TS), zur Abkalbung und eine Woche post partum (p.p.) mit je 5 ml des Studienpräparates peroral behandelt. Der Eutergesundheitszustand wurde zu den Behandlungen, in der 6. Woche und am Ende des 2. und 3. Laktationsmonats durch zytobakteriologische Untersuchungen erfasst. Insgesamt kamen 79 Tiere mit 314 Vierteln in die Auswertung (Verum: n=41/164; Placebo: n=58/150). In beiden Versuchsgruppen traten vergleichbare Neuinfektions-, Heilungs- und Erkrankungsraten auf. Die Neuinfektionsrate p.p. lag in der Verumgruppe bei ca. 20 % und über den Beobachtungszeitraum 5%-20% niedriger als in der Placebogruppe (p&gt;0,05). Zum TS waren 33 Vierteln bakteriologisch positiv. Die Heilungsraten der betroffenen Viertel waren gering, und in den Behandlungsgruppen vergleichbar (p&gt;0,05). Der vollständige Verzicht auf antibiotische Trockensteller führte nicht zur Verschlechterung der Eutergesundheit, sondern u.A. zu einer Zunahme gesunder Euterviertel. Die mittlere Tankzellzahl konnten leicht gesenkt werden. Obwohl während der Studie euterpathogene Erregern auftraten, konnte kein Anstieg an Mastitiserkrankungen festgestellt werden. Die Ergebnisse zeigen, dass der Einsatz von antibiotischen Trockenstellern deutlich reduziert werden kann, wenngleich auf ihn, vor allem in Problembetrieben, nicht ganz verzichtet werden kann. Voraussetzung bleibt aber die Optimierung des Umfeldes der Tiere. Das Konzept kann in Verbindung mit dem selektiven Einsatz von Antibiotika zusammen mit einer tierärztlichen Bestandsbetreuung auch in anderen Betrieben umgesetzt werden und liefert somit neue Erkenntnisse für Sicherung der Tiergesundheit im ökologischen Landbau.</dc:description>
  <dc:date>2004</dc:date>
  <dc:type>Report</dc:type>
  <dc:type>NonPeerReviewed</dc:type>
  <dc:format>application/pdf</dc:format>
  <dc:identifier>http://orgprints.org/12683/1/12683-02OE410-fu-fidelak-2004-nosoden_final.pdf</dc:identifier>
  <dc:identifier>Fidelak, Christian; Spranger, Jörg; Klocke, Peter; Hamann, Jörn and Heuwieser, Wolfgang         (2004) Klinische Prüfung von Homöopathika (Nosoden) in der Kontrolle von Mastitiden des Rindes (NoKoM).  [Clinical examination of homeopathics (nosodes) for dry cow treatment.]   Freie Universität Berlin, Fachbereich Veterinärmedizin.</dc:identifier>
  <dc:relation>http://orgprints.org/12683/</dc:relation>
</oai_dc:dc>