<oai_dc:dc xmlns:oai_dc="http://www.openarchives.org/OAI/2.0/oai_dc/" xmlns:dc="http://purl.org/dc/elements/1.1/" xmlns:xsi="http://www.w3.org/2001/XMLSchema-instance" xsi:schemaLocation="http://www.openarchives.org/OAI/2.0/oai_dc/ http://www.openarchives.org/OAI/2.0/oai_dc.xsd">
  <dc:title>MTT's berry varieties - rich in phytochemicals</dc:title>
  <dc:creator>Karhu, S.</dc:creator>
  <dc:creator>Hellström, J.</dc:creator>
  <dc:creator>Hietaranta, T.</dc:creator>
  <dc:creator>Mattila, P.</dc:creator>
  <dc:creator>Pihlava, J.-M.</dc:creator>
  <dc:creator>Tahvonen, R.T.</dc:creator>
  <dc:subject>Food security, food quality and human health</dc:subject>
  <dc:description>The realized importance of the phytochemical quality of berries in human nutrition has&#xD;
given new focus and importance to berry breeding programs. The breeding work at&#xD;
MTT achieves to keep the inner quality of berries at high level, and even increase it, in&#xD;
addition to reach the agronomic breeding targets in the changing climatic conditions in&#xD;
the North.</dc:description>
  <dc:publisher>Nordic Association of Agricultural Scientists</dc:publisher>
  <dc:contributor>Niemeläinen, O.</dc:contributor>
  <dc:contributor>Kiviharju, E.</dc:contributor>
  <dc:date>2010</dc:date>
  <dc:type>Conference paper, poster, etc.</dc:type>
  <dc:type>NonPeerReviewed</dc:type>
  <dc:format>application/pdf</dc:format>
  <dc:identifier>http://orgprints.org/18311/1/karhu.p.pdf</dc:identifier>
  <dc:identifier>Karhu, S.; Hellström, J.; Hietaranta, T.; Mattila, P.; Pihlava, J.-M. and Tahvonen, R.T.    (2010) MTT's berry varieties - rich in phytochemicals.       Paper at:   Plant breeding and management for human nutrition - How we can produce more healthful crops and food products? NJF seminar 419, Forssa, Finland, 10-11 June 2010.</dc:identifier>
  <dc:relation>http://orgprints.org/18311/</dc:relation>
</oai_dc:dc>