<oai_dc:dc xmlns:oai_dc="http://www.openarchives.org/OAI/2.0/oai_dc/" xmlns:dc="http://purl.org/dc/elements/1.1/" xmlns:xsi="http://www.w3.org/2001/XMLSchema-instance" xsi:schemaLocation="http://www.openarchives.org/OAI/2.0/oai_dc/ http://www.openarchives.org/OAI/2.0/oai_dc.xsd">
  <dc:title>Triticale mit verbesserter Stickstoffeffizienz für den ökologischen Landbau</dc:title>
  <dc:creator>Thiemt, Elisabeth</dc:creator>
  <dc:subject>Cereals, pulses and oilseeds</dc:subject>
  <dc:subject>Breeding, genetics and propagation</dc:subject>
  <dc:description>Die niedrige Stickstoff(N)-Versorgung im ökologischen Landbau kann als eines der Kernprobleme angesehen werden. Eine gezielte Züchtung von Triticalesorten, welche den zur Verfügung stehenden Stickstoff effizienter nutzen, kann daher einen wichtigen Beitrag zur Steigerung der Produktivität des ökologischen Landbaus leisten. &#xD;
&#xD;
Im Rahmen des Projektes sollten (1) quantitativ-genetische Parameter zur Analyse der genotypischen Variation für die N-Effizienz geschätzt, (2) eine geeignete Zuchtstrategie zur Verbesserung der N-Effizienz von Triticale unter Berücksichtigung der Besonderheiten des ökologischen Anbaus gewählt und (3) die Bedeutung die Komponenten der N-Aufnahme– und N-Verwertungseffizienz für den Gesamtkomplex N-Effizienz untersucht werden.&#xD;
&#xD;
Die Feldversuche wurden an zwei ökologisch bewirtschafteten Standorten durchgeführt. An jedem Standorte wurden zwei N-Stufen (gedüngt mit Hornmehl vs. ungedüngt) angelegt. &#xD;
&#xD;
Auf beiden N-Stufen wurde signifikante genotypische Variation für die erfassten Merkmale nachgewiesen. Die vorhandenen Unterschiede im aktuellen Triticalematerial sind sofort für die züchterische Selektion nutzbar. &#xD;
&#xD;
Es wurden drei Zuchtstrategien für die Verbesserung der N-Effizienz bei Triticale untersucht: Die indirekte Verbesserung (Auslese erfolgt nur auf der hohen N-Stufe), die kombinierte Verbesserung (Auslese basiert auf einem Index der gewichteten mittleren Leistung auf der niedrigen und der hohen N-Stufe) und die Auftrennung in zwei Zuchtprogramme. Entsprechend dieser Strategien wurde Triticalematerial mit unterschiedlicher Anpassung an die N-Versorgung entwickelt und im Feld geprüft. Langfristig ist eine kombinierte Selektion zu empfehlen. &#xD;
&#xD;
Für die Verbesserung der N-Effizienz unter ökologischen Anbaubedingungen sind sowohl die N-Aufnahme als auch die N-Verwertung von Bedeutung und sollten parallel züchterisch verbessert. Die bei Triticale gewonnenen Erkenntnisse können auf die beiden Elternarten Weizen und Roggen übertragen werden.</dc:description>
  <dc:date>2006</dc:date>
  <dc:type>Report</dc:type>
  <dc:type>NonPeerReviewed</dc:type>
  <dc:format>application/pdf</dc:format>
  <dc:identifier>http://orgprints.org/11203/1/11203-03OE617-uni-hohenheim-thiemt-2006-triticale.pdf</dc:identifier>
  <dc:identifier>Thiemt, Elisabeth         (2006) Triticale mit verbesserter Stickstoffeffizienz für den ökologischen Landbau.  [Triticale varieties with improved nitrogen efficiency for organic farming.]   Universität Hohenheim, Stuttgart, Landessaatzuchtanstalt (720).</dc:identifier>
  <dc:relation>http://orgprints.org/11203/</dc:relation>
</oai_dc:dc>