<oai_dc:dc xmlns:oai_dc="http://www.openarchives.org/OAI/2.0/oai_dc/" xmlns:dc="http://purl.org/dc/elements/1.1/" xmlns:xsi="http://www.w3.org/2001/XMLSchema-instance" xsi:schemaLocation="http://www.openarchives.org/OAI/2.0/oai_dc/ http://www.openarchives.org/OAI/2.0/oai_dc.xsd">
  <dc:title>Entomovektortehnoloogia kasutamise efektiivsus hahkhallituse (Botrytis cinerea Pers.) bioloogilises tõrjes  aedmaasikal (Fragaria x ananassa Duch.)</dc:title>
  <dc:creator>Muljar, Riin</dc:creator>
  <dc:creator>Karise, Reet</dc:creator>
  <dc:creator>Mänd, Marika</dc:creator>
  <dc:subject>Crop health, quality, protection</dc:subject>
  <dc:description>Hahkhallitus on aedmaasikal suuri saagikadusid põhjustav seenhaigus (Døving ja Mage, 2001; Williamson jt., 2007), mille tõrjumine keemiliste taimekaitsevahenditega on mahetootjale keelatud. Seetõttu on tekkinud vajadus alternatiivsete taimekaitsemeetodite järele, mis oleks loodust säästvamad ning sobiks ka kasutamiseks mahepõllumajanduses. Üheks selliseks alternatiiviks on entomovektortehnoloogia – biotõrje meetod, kus pulbrilisi biopreparaate viivad taimeõitele mesilaselaadsed putukad. Antud meetod sobib kasutamiseks õisi kahjustavate taimehaiguste ja -kahjurite tõrjel, kuna toitu (õietolmu, nektarit) otsides kannavad mesilased biopreparaadi täpselt aedmaasika õitele – see võimaldab vähendada preparaadikulu ning säästa keskkonda. Mesitarude&#xD;
lennuavadele kinnitatakse preparaadiga täidetud kastikesed ehk dispenserid, millest välja lennates kleepub pulber töömesilaste kehakarvade ja jalgade külge, kust edasi see kantakse kultuurtaimede õitele. Kuna entomovektoritena kasutatavad mesilased teevad päeva jooksul mitmeid korjelende, kantakse biopreparaat ka alles äsja avanenud õitele (Mommaerts ja Smagghe, 2011). Antud taimekaitsemeetodi lisaboonuseks on tolmeldamine, mis tõstab aedmaasika saagikust ning viljade kvaliteeti. Entomovektortehnoloogiat on edukalt testitud mitmetes riikides (Mommaerts ja Smagghe, 2011), kuid praktilises tootmises avamaal on seda kasutama hakatud seni vaid Soomes (Hokkanen ja Menzler-Hokkanen, 2009). Seega oleks antud biotõrje meetodit vaja katsetada ka meie kohalikes tingimustes, kus muutlik kliima võib mõjutada hahkhallituse levikut. Meie eesmärgiks oli uurida kui efektiivne on meemesilase poolt levitatav biofungitsiid PrestopMix hahkhallituse tõrjes aedmaasikal Eesti põllutingimustes.</dc:description>
  <dc:contributor>Metspalu, Luule</dc:contributor>
  <dc:contributor>Luik, Anne</dc:contributor>
  <dc:date>2014</dc:date>
  <dc:type>Conference paper, poster, etc.</dc:type>
  <dc:type>NonPeerReviewed</dc:type>
  <dc:format>application/pdf</dc:format>
  <dc:identifier>http://orgprints.org/28622/1/Muljar%20etal%202014.pdf</dc:identifier>
  <dc:identifier>Muljar, Riin; Karise, Reet and Mänd, Marika    (2014) Entomovektortehnoloogia kasutamise efektiivsus hahkhallituse (Botrytis cinerea Pers.) bioloogilises tõrjes aedmaasikal (Fragaria x ananassa Duch.).  [The effectiveness of entomovectortechnology in the biological control of gray mold (Botrytis cinerea Pers.) in strawberry (Fragaria x ananassa Duch.).]  In: Metspalu, Luule and Luik, Anne (Eds.)  Teaduselt mahepõllumajandusele, pp. 64-67.</dc:identifier>
  <dc:relation>http://orgprints.org/28622/</dc:relation>
</oai_dc:dc>