<oai_dc:dc xmlns:oai_dc="http://www.openarchives.org/OAI/2.0/oai_dc/" xmlns:dc="http://purl.org/dc/elements/1.1/" xmlns:xsi="http://www.w3.org/2001/XMLSchema-instance" xsi:schemaLocation="http://www.openarchives.org/OAI/2.0/oai_dc/ http://www.openarchives.org/OAI/2.0/oai_dc.xsd">
  <dc:title>Entwicklung und Optimierung des Zierpflanzenanbaus zu nachhaltiger und ökologischer Produktion im Rahmen eines Netzwerkes von Leitbetrieben und Versuchsanstellern</dc:title>
  <dc:subject>Crop health, quality, protection</dc:subject>
  <dc:subject>Ornamentals, flower bulbs and tree nurseries</dc:subject>
  <dc:description>Die Bioland Beratung GmbH hat, nach Aufforderung der Bundesanstalt für Landwirtschaft und Ernährung (BLE) einen Projektantrag auf der Basis der im Frühjahr eingereichten Projektskizze zum Thema „Entwicklung und Optimierung des ökologischen Zierpflanzenanbaus im Rahmen eines Netzwerkes von Leitbetrieben und Versuchsanstellern“ eingereicht. Der Antrag kann eine Projektförderung von der Geschäftsstelle des Bundesprogramms Ökologischer Landbau und anderer Formen nachhaltiger Landwirtschaft (GS-BÖLN) nach sich ziehen, wenn der Antrag bewilligt wird. Der Projektstart ist für Herbst 2011 geplant. Das Projekt soll über einen Zeitraum von drei Jahren bearbeitet werden. Inhaltliche Schwerpunkte des Projektes sind Fragen der Produktionstechnik und des Marketings.&#xD;
&#xD;
Im Bereich der Produktionstechnik sollen folgende Schwerpunkte in Leitbetrieben und bei Versuchsanstellern bearbeitet werden:&#xD;
- Sortimentssichtung Beet- &amp; Balkonpflanzen (Sortimente Frühjahr, Sommer, Herbst) und Zimmerpflanzen: Welche Sorten und Arten lassen sich aus den vorhandenen Sichtungsuntersuchungen für die Kultivierung von Bio-Zierpflanzen auf der Basis vegetativer und generativer Vermehrung  ohne Einsatz von Beizmitteln, Stauchungsmitteln und ohne synthetische Pflanzenschutzmittel empfehlen? Aus den abgeleiteten Empfehlungen soll nach Abstimmung mit den Vermarktern und auf der Basis einer Kundenbefragung ein Testanbau in den Leitbetrieben oder/und Versuchseinrichtungen durchgeführt werden. Es ist darauf zu achten, dass sich aus der Beet- &amp; Balkon- und Zimmerpflanzensichtung ein ganzjähriges Marktangebot ableiten lässt.&#xD;
- Düngung: Welche biozertifizierten Handelsdünger eignen sich für den Punktdüngungseinsatz bei Bio-Zierpflanzen und –Kräuter in Topf- und Beetkulturen, sowohl unter technischen als auch pflanzenphysiologischen Aspekten? Welche Düngeempfehlungen lassen sich daraus für die im Bio-Anbau geeigneten Arten und Sorten ableiten?&#xD;
- Generative Jungpflanzenproduktion: Welches Sortiment muss als ökologische Jungpflanze produziert werden, um ein Wachstum des Absatzes dieses Sortimentes als Bio-Zierpflanze zu steigern? Partner für die Produktion von Sämlingsjungpflanzen in Bioqualität werden gesucht und produktionstechnisch, betriebswirtschaftlich, vermarktungstechnisch unterstützt und in das Netzwerk eingebunden. Besonderes Augenmerk wird auf die Einbindung sozialer Gärtnereien gelegt. Erste positive Erfahrungen diesbezüglich sind erfolgt.&#xD;
- Unkrautmanagement: Welchen Einfluss haben die verschiedenen Düngertechniken auf den Unkrautdruck im Topf/im Betrieb? Zur Unkrautbekämpfung wird das Heißwasser-Schaum-Verfahren auf seine Praxistauglichkeit und die phytosanitäre Wirkung hin überprüft und unter betriebswirtschaftlichen Aspekten mit den praxisüblichen Verfahren (Handarbeit) verglichen.&#xD;
- Pflanzenpflege und -stärkung: Wie ist die Pflanzenverträglichkeit und Wirkung von praxisrelevanten Pflanzenstärkungsmitteln bei Anwendung verschiedener Ausbringungsformen – Spritzen, Sprühen, Kaltnebeln – zu beurteilen?&#xD;
&#xD;
Im Bereich des Marketings sollen die Wünsche und das Marktverhalten der Verbraucher, Vermarktungseinrichtungen und Bündelungsunternehmen des Gartenbaus erfasst und analysiert werden. Dies soll in Zusammenarbeit mit Hochschulen, z.B. der Fontys, Venlo, Lehrstuhl Food &amp; FlowerManagement oder der Hochschule Rhein Waal oder der Hochschule Niederrhein nach Ausschreibung der Gewerke erfolgen. Es wird eine enge Abstimmung in der Zusammenarbeit mit den Marketingabteilungen der Marktpartner, der wissenschaftlichen Mitarbeiter der Hochschule und ausführenden Studenten herbeigeführt.&#xD;
&#xD;
Der Technologie- und Wissenstransfer in die Praxis ist wie folgt geplant: Durch die Integration des Projektes in Beratung und Praxis ist über die gesamte Laufzeit ein intensiver Dialog von Landwirten, Beratung und Forschung gewährleistet. Die Ergebnisse werden praxisgerecht aufbereitet und als Beratungsmerkblatt in den Internetportalen www.oekolandbau.de, www.hortigate.de, www.oekolandbau.nrw.de, sowie in der Öko-Beraterdatenbank des Landeskuratoriums für pflanzliche Erzeugung veröffentlicht.&#xD;
Angaben zur Finanzierung des Projekts finden Sie im Förderkatalog des Bundes unter http://foerderportal.bund.de/foekat/jsp/StartAction.do. Bitte geben Sie in das Suchfeld eine 28 plus das Förderkennzeichen (FKZ) des BÖLN-Projektes ein, z.B. 2808OE212 für das BÖLN-Projekt mit der FKZ 08OE212.</dc:description>
  <dc:type>Project description</dc:type>
  <dc:type>NonPeerReviewed</dc:type>
  <dc:format>application/msword</dc:format>
  <dc:identifier>http://orgprints.org/19508/1/11-10-21_BOELN-Projekt_Bio-Zierpflanzen.doc</dc:identifier>
  <dc:identifier>{Project}    Entwicklung und Optimierung des Zierpflanzenanbaus zu nachhaltiger und ökologischer Produktion im Rahmen eines Netzwerkes von Leitbetrieben und Versuchsanstellern.  [Development and optimization of ecological ornamental plants as part of a network from leading companies and experimenter.]   Runs 2011 - 2014.      Project Leader(s): Fisel, Thomas, Bioland Beratung GmbH, D-Augsburg.</dc:identifier>
  <dc:relation>http://orgprints.org/19508/</dc:relation>
</oai_dc:dc>