<oai_dc:dc xmlns:oai_dc="http://www.openarchives.org/OAI/2.0/oai_dc/" xmlns:dc="http://purl.org/dc/elements/1.1/" xmlns:xsi="http://www.w3.org/2001/XMLSchema-instance" xsi:schemaLocation="http://www.openarchives.org/OAI/2.0/oai_dc/ http://www.openarchives.org/OAI/2.0/oai_dc.xsd">
  <dc:title>Braucht Biowein weniger Energie? - Ökobilanzierung von Bioweinen</dc:title>
  <dc:creator>Wyss, Daniel</dc:creator>
  <dc:creator>van der Meer, Markus</dc:creator>
  <dc:creator>Schader, Christian</dc:creator>
  <dc:subject>Farming Systems</dc:subject>
  <dc:subject>Viticulture</dc:subject>
  <dc:subject>Environmental aspects</dc:subject>
  <dc:description>Gesamtbetriebliche Energieflüsse werden erfasst um die Umweltwirkungen europäischer Bioweine zu beurteilen (Traubenproduktion, Kelterung, Transport). Ziel ist, den ökologischen „Fussabdruck“ der Betriebe zu bestimmen und Massnahmen für die Verbesserung zu erarbeiten.</dc:description>
  <dc:date>2009</dc:date>
  <dc:type>Conference paper, poster, etc.</dc:type>
  <dc:type>NonPeerReviewed</dc:type>
  <dc:format>application/pdf</dc:format>
  <dc:identifier>http://orgprints.org/21177/1/Poster_Natur_definitiv.pdf</dc:identifier>
  <dc:identifier>Wyss, Daniel; van der Meer, Markus and Schader, Christian    (2009) Braucht Biowein weniger Energie? - Ökobilanzierung von Bioweinen.       Poster at:   NATUR Kongress 4/09: Die Natur der Energie - die Energie der Natur, Kongresszentrum der Messe Basel, Schweiz, 19.2.2009.     [Completed]</dc:identifier>
  <dc:relation>http://orgprints.org/21177/</dc:relation>
</oai_dc:dc>