<oai_dc:dc xmlns:oai_dc="http://www.openarchives.org/OAI/2.0/oai_dc/" xmlns:dc="http://purl.org/dc/elements/1.1/" xmlns:xsi="http://www.w3.org/2001/XMLSchema-instance" xsi:schemaLocation="http://www.openarchives.org/OAI/2.0/oai_dc/ http://www.openarchives.org/OAI/2.0/oai_dc.xsd">
  <dc:title>Untersuchungen zur Qualitätsoptimierung von Babyglaskost</dc:title>
  <dc:creator>Meischner, Tabea</dc:creator>
  <dc:creator>Geier, Uwe</dc:creator>
  <dc:subject>Food security, food quality and human health</dc:subject>
  <dc:description>Konventionelle wie ökologische Babyglaskost wird in der Industrie einer Vielzahl von Verarbeitungsprozessen (Druck, hohe Temperaturen, Vakuum) unterzogen, die starke Auswirkungen auf die Qualität des Endproduktes haben bzw. die Bildung schädlicher Substanzen, wie Furan und Benzol, hervorrufen. Untersuchungen belegen den qualitätsmindernden Effekt des Sterilisierens und des Tiefgefrierens für Babynahrung. Aufgrund dieser Problemfelder bemühte sich der Forschungsring e.V. in Zusammenarbeit mit Kultursaat e.V. um die Entwicklung einer qualitativ hochwertigeren Alternative zu herkömmlicher Babyglaskost. Mit Hilfe einer Literaturrecherche sowie zahlreicher Laborversuche wurde ein schonendes Herstellungsverfahren entwickelt. Die Bestimmung der Endproduktqualität erfolgte mittels zahlreicher Untersuchungsmethoden. Die sensorischen, analytischen und bildschaffenden Untersuchungen ergaben deutliche Qualitätsunterschiede zwischen den selbst hergestellten Gläschen, den vergleichbaren Produkten aus dem Handel sowie auch zwischen den einzelnen Möhrensorten. Die pasteurisierten Gläschen erwiesen sich in der bildschaffenden Untersuchung als möhrentypischer, frischer und wurden in den sensorischen Untersuchungen von den Probanden bevorzugt. Der Furangehalt war bei den pasteurisierten Proben deutlich vermindert.</dc:description>
  <dc:date>2011</dc:date>
  <dc:type>Conference paper, poster, etc.</dc:type>
  <dc:type>NonPeerReviewed</dc:type>
  <dc:format>application/pdf</dc:format>
  <dc:identifier>http://orgprints.org/17565/3/Meischner_17565.pdf</dc:identifier>
  <dc:identifier>Meischner, Tabea and Geier, Uwe    (2011) Untersuchungen zur Qualitätsoptimierung von Babyglaskost.  [quality improvement of baby food jars for organic farming.]      Poster at:   11. Wissenschaftstagung Ökologischer Landbau, Gießen, 15.-18. März 2011.</dc:identifier>
  <dc:relation>http://orgprints.org/17565/</dc:relation>
</oai_dc:dc>