<oai_dc:dc xmlns:oai_dc="http://www.openarchives.org/OAI/2.0/oai_dc/" xmlns:dc="http://purl.org/dc/elements/1.1/" xmlns:xsi="http://www.w3.org/2001/XMLSchema-instance" xsi:schemaLocation="http://www.openarchives.org/OAI/2.0/oai_dc/ http://www.openarchives.org/OAI/2.0/oai_dc.xsd">
  <dc:title>Die postinfektionelle Wirkung von Calciumhydroxid auf Konidien von &#xD;
Venturia inaequalis</dc:title>
  <dc:creator>Montag, Jurith</dc:creator>
  <dc:creator>Schreiber, Lukas</dc:creator>
  <dc:creator>Schönherr, Jörg</dc:creator>
  <dc:subject>Crop health, quality, protection</dc:subject>
  <dc:subject>Fruit and berries</dc:subject>
  <dc:description>The post-infection activity of hydrated lime against conidia of Venturia inaequalis was evaluated using an in vitro test system based on isolated apple leaf cuticles. Experiments were conducted at 20°C and treatments were applied 24 or 48 h after inoculation. Experiments were assessed by counting living primary stromata 72 h after inoculation using fluorescence microscopy and fluorescein diacetate (FDA) as a vital stain. At the conditions of the in vitro test system hydrated lime had a post-infection activity. Suspension of 5 g l-1 applied 24 h after inoculation (16 h after infection) killed all primary stromata and stopped their further development. Treatments 48 h after inoculation reduced the number of vital primary stromata to 60% of control. Treatments with saturated solutions of hydrated lime (pH 12.45) and with KOH solutions of different pH showed that a pH higher than 12.4 was needed to be 100% effective. Suspensions of calcium carbonate (6.75 g l-1) had no effect.</dc:description>
  <dc:publisher>Fördergemeinschaft Ökologischer Obstbau e.V. (FÖKO), Traubenplatz 5, D-74189 Weinsberg</dc:publisher>
  <dc:contributor>Boos, Markus</dc:contributor>
  <dc:date>2006</dc:date>
  <dc:type>Conference paper, poster, etc.</dc:type>
  <dc:type>NonPeerReviewed</dc:type>
  <dc:format>application/pdf</dc:format>
  <dc:identifier>http://orgprints.org/8821/1/ecofruit_12th_14.pdf</dc:identifier>
  <dc:identifier>Montag, Jurith; Schreiber, Lukas and Schönherr, Jörg    (2006) Die postinfektionelle Wirkung von Calciumhydroxid auf Konidien von Venturia inaequalis.  [The post-infection activity of hydrated lime against conidia of Venturia inaequalis.]  In: Boos, Markus (Ed.)  ecofruit - 12th International Conference on Cultivation Technique and Phytopathological Problems in Organic Fruit-Growing: Proceedings to the Conference from 31st January to 2nd February 2006 at Weinsberg/Germany, Fördergemeinschaft Ökologischer Obstbau e.V. (FÖKO), Traubenplatz 5, D-74189 Weinsberg, pp. 77-80.</dc:identifier>
  <dc:relation>http://orgprints.org/8821/</dc:relation>
</oai_dc:dc>