<oai_dc:dc xmlns:oai_dc="http://www.openarchives.org/OAI/2.0/oai_dc/" xmlns:dc="http://purl.org/dc/elements/1.1/" xmlns:xsi="http://www.w3.org/2001/XMLSchema-instance" xsi:schemaLocation="http://www.openarchives.org/OAI/2.0/oai_dc/ http://www.openarchives.org/OAI/2.0/oai_dc.xsd">
  <dc:title>Pollinering och kontroll av skadegörare i ekologiska klöverfröodlingar - effekter av diversifiering på fält- och landskapsnivå</dc:title>
  <dc:subject>Crop health, quality, protection</dc:subject>
  <dc:subject>Pasture and forage crops</dc:subject>
  <dc:subject>Biodiversity and ecosystem services</dc:subject>
  <dc:description>Tillgång till ekologiskt odlat utsäde av klöver utgör en flaskhals för ekologisk odling. Otillräcklig pollinering och angrepp av insektsskadegörare kan begränsa skörden. Genom att förändra odlingstekniken i det odlade fältet kan man förbättra viktiga ekosystemtjänster såsom pollinering och biologisk kontroll. En uthållig och stabil förvaltning av ekosystemtjänster kräver dock även ett landskapsperspektiv. Projektet kommer, för att säkra en hög och stabil skörd av ekologiskt odlad klöverfrö, att utveckla odlings- och förvaltningsstrategier på fält- och landskapsnivå. På fältnivå undersöker vi om pollinationen förbättras när de pollinerande insekterna tillförs en tidigt blommande resurs till den sent blommande klövern. Vi utför dessa försök i två olika landskapstyper som vi sedan tidigare vet har olika mångfald och artsammansättning av pollinerande insekter och naturliga fiender till skadegörare: heterogena och homogena intensivt odlade landskap. I varje landskap etablerar vi fält med en tidigt blommande gröda (höstraps) och/eller en sent blommande gröda (klöver). I varje fält utför vi en rad studier på pollinering och biologisk kontroll i klöver. Vi undersöker artsammansättning och antal av blombesökande insekter, humlor populationstillväxt, angrepp av fröätande vivlar och deras naturliga fiender. Vi utför pollineringsexperiment i röd- och vitklöver och mäter skördens storlek och kvalitet Projektet är ett samarbete mellan SLU, Hushållningssällskapen (HS) och Lunds universitet</dc:description>
  <dc:type>Project description</dc:type>
  <dc:type>NonPeerReviewed</dc:type>
  <dc:identifier>{Project}    Pollinering och kontroll av skadegörare i ekologiska klöverfröodlingar - effekter av diversifiering på fält- och landskapsnivå.    Runs 0007 - 0009.      Project Leader(s): Bommarco, Riccardo and Wallenhammar, Ann-Charlotte.</dc:identifier>
  <dc:relation>http://orgprints.org/13495/</dc:relation>
</oai_dc:dc>