<oai_dc:dc xmlns:oai_dc="http://www.openarchives.org/OAI/2.0/oai_dc/" xmlns:dc="http://purl.org/dc/elements/1.1/" xmlns:xsi="http://www.w3.org/2001/XMLSchema-instance" xsi:schemaLocation="http://www.openarchives.org/OAI/2.0/oai_dc/ http://www.openarchives.org/OAI/2.0/oai_dc.xsd">
  <dc:title>Vergleich genetisch diverser Brokkoli-Populationssorten mit einer F1-Hybride unter ökologischen Anbaubedingungen</dc:title>
  <dc:creator>Howlett, Sally</dc:creator>
  <dc:creator>Winkler, Louisa</dc:creator>
  <dc:creator>Döring, Thomas F.</dc:creator>
  <dc:creator>Pearce, Helen</dc:creator>
  <dc:creator>Negri, Valeria</dc:creator>
  <dc:creator>Torricelli, Renzo</dc:creator>
  <dc:creator>Wolfe, Martin</dc:creator>
  <dc:subject>Vegetables</dc:subject>
  <dc:subject>Breeding, genetics and propagation</dc:subject>
  <dc:description>Field trials were conducted for three years on an organic farm in England to assess the performance and yield variability of two synthetic sprouting broccoli populations with 4 or 8 parents respectively, along with the original landrace mother plants and a commercial F1 hybrid variety as control (Santée). In terms of total yield, Santée outperformed the other entries, but for some other traits, e.g. heading time and number of sprouts, Santée was comparable with the mean of one or more of the genetically diverse entries. Analysis of yield variability over time showed mixed results. With regard to total yield and total sprout number, variability was higher in the F1 hybrid than in the genetically diverse populations, but for other parameters such as average sprout weight and time to maturity, patterns were less clear. Using broccoli populations in commercial production will depend on acceptability of within-population variability of phenotypic traits, especially maturation time.</dc:description>
  <dc:publisher>Verlag Dr. Köster, Berlin</dc:publisher>
  <dc:date>2014-09-12</dc:date>
  <dc:type>Conference paper, poster, etc.</dc:type>
  <dc:type>NonPeerReviewed</dc:type>
  <dc:format>application/pdf</dc:format>
  <dc:identifier>http://orgprints.org/26985/1/26985_howlett.pdf</dc:identifier>
  <dc:identifier>Howlett, Sally; Winkler, Louisa; Döring, Thomas F.; Pearce, Helen; Negri, Valeria; Torricelli, Renzo and Wolfe, Martin    (2014) Vergleich genetisch diverser Brokkoli-Populationssorten mit einer F1-Hybride unter ökologischen Anbaubedingungen.       Poster at:   13. Wissenschaftstagung Ökologischer Landbau, Hochschule für nachhaltige Entwicklung Eberswalde, 17. - 20. März 2015.</dc:identifier>
  <dc:relation>http://orgprints.org/26985/</dc:relation>
</oai_dc:dc>