<oai_dc:dc xmlns:oai_dc="http://www.openarchives.org/OAI/2.0/oai_dc/" xmlns:dc="http://purl.org/dc/elements/1.1/" xmlns:xsi="http://www.w3.org/2001/XMLSchema-instance" xsi:schemaLocation="http://www.openarchives.org/OAI/2.0/oai_dc/ http://www.openarchives.org/OAI/2.0/oai_dc.xsd">
  <dc:title>Herkunftsvergleiche von Legehennen in Station und Feld unter besonderer Berücksichtigung ökologischer Haltungsverfahren</dc:title>
  <dc:creator>Glawatz, H.</dc:creator>
  <dc:creator>Kjaer, J</dc:creator>
  <dc:creator>Schrader, L.</dc:creator>
  <dc:creator>Reinsch, N.</dc:creator>
  <dc:subject>Breeding and genetics</dc:subject>
  <dc:description>Der Beitrag beschreibt die Bedingungen von Legeleistungsprüfungen in Deutschland mit Bezug auf Genotyp Umwelt-Interaktionen. Außerdem werden die Besonderheiten der Eierproduktion auf ökologischer Basis herausgestellt. Daraus werden Anregungen für ein Konzept einer zukünftigen Feldprüfung von Legehennen erarbeitet. In Deutschland werden keine offiziellen Legeleistungsprüfungen der Länder mehr durchgeführt. Unabhängige Leistungsinformationen aus Herkunftsvergleichen stehen daher nur aus einzelnen Prüfungen (LfL Bayern, 2006) zur Verfügung. Interaktionen zwischen Legehennenherkünften und unterschiedlichen Haltungssystemen sind nach Literaturangaben gut belegt. Für die Ökoproduktion von Eiern ist aufgrund der  produktionstechnischen Unterschiede zur konventionellen Produktion ebenfalls mit solchen Wechselwirkungen zu rechnen. Deshalb braucht die ökologische Eierproduktion  eine Leistungsprüfung, die auf die speziellen Produktionsbedingungen abgestimmt ist. Die Entwicklung eines Feldtests für Legehennen in ökologischer Haltung kann daher ein Weg sein, das gegenwärtige Informationsdefizit der Landwirte über die Leistung und das Verhalten erhältlicher Zuchtprodukte unter Öko-Bedingungen zu verringern. Das Konzept muss eine praktikable Datenerfassung gewährleisten. Ein geeignetes und  kostengünstig durchführbares Versuchsdesign zur Ermittlung der durchschnittlichen Eignung von Legehennenherkünften für die ökologische Haltung muss dazu entwickelt werden.</dc:description>
  <dc:publisher>Verlag Eugen Ulmer, Stuttgart</dc:publisher>
  <dc:date>2007-04</dc:date>
  <dc:type>Journal paper</dc:type>
  <dc:type>NonPeerReviewed</dc:type>
  <dc:format>application/pdf</dc:format>
  <dc:identifier>http://orgprints.org/11644/1/ZueKu3-07_Glawatz198-208.pdf</dc:identifier>
  <dc:identifier>Glawatz, H.; Kjaer, J; Schrader, L. and Reinsch, N.   (2007) Herkunftsvergleiche von Legehennen in Station und Feld unter besonderer Berücksichtigung ökologischer Haltungsverfahren.  [Line comparisons of laying hens in station and field with consideration of organic housing.]  Züchtungskunde, 79 (3), pp. 198-208.</dc:identifier>
  <dc:relation>http://orgprints.org/11644/</dc:relation>
</oai_dc:dc>