<oai_dc:dc xmlns:oai_dc="http://www.openarchives.org/OAI/2.0/oai_dc/" xmlns:dc="http://purl.org/dc/elements/1.1/" xmlns:xsi="http://www.w3.org/2001/XMLSchema-instance" xsi:schemaLocation="http://www.openarchives.org/OAI/2.0/oai_dc/ http://www.openarchives.org/OAI/2.0/oai_dc.xsd">
  <dc:title>Gruppenhaltung ferkelführender Sauen im Ökobetrieb - Vergleich zweier unterschiedlicher Buchten</dc:title>
  <dc:creator>Kühberger, Martin</dc:creator>
  <dc:creator>Jais, Christina</dc:creator>
  <dc:subject>Pigs</dc:subject>
  <dc:description>Von Februar 2004 bis März 2005 wurden zwei verschiedene Buchten zur Gruppenhaltung ferkelführender Sauen im Hinblick auf ihre Wirkung auf Produktionsleistung und Tierver-halten verglichen. Die „Kojenbucht“ wies eine Strukturierung in Einzelliegeplätze („Ko-jen“) und einen gemeinsamen Aktivitätsbereich auf. In der „Einraumbucht“ fehlte diese Unterteilung. Alle Sauen ferkelten einzeln in Bewegungsbuchten ab. Jeweils drei Sauen mit ihren Würfen wurden zusammengestallt, sobald der jüngste Wurf 10 Tage alt war. In beiden Gruppenbuchten wurden die Daten von jeweils sechs Sauengruppen erfasst. &#xD;
Es traten keine Unterschiede zwischen den beiden Buchtenvarianten hinsichtlich Produk-tionsleistungen und Tierverhalten auf. &#xD;
Im Durchschnitt wurden 11,2 Ferkel je Wurf lebend geboren. Bis zum 7. Lebenstag traten 12,4 % Ferkelverluste auf, von der Geburt bis zum 35. Lebenstag der Ferkel beliefen sich diese auf 13,2 %. Es traten keine Ferkelverluste auf, die durch die Gruppenhaltung verur-sacht worden waren. Das Geburtsgewicht lag im Schnitt bei 1579 g. Am 28. Lebenstag wogen die Ferkel 8464 g, was einer täglichen Zunahme von 246 g entspricht. &#xD;
Die Sauen der Kojenbucht lagen nur zu rund 60 % der Gesamtliegezeit in den Liegekojen. Das Ziel, durch das Angebot von Liegekojen die Sauen zum Liegen und Säugen zu ver-einzeln, wurde somit nicht uneingeschränkt erreicht. Pro Tag wurden in der 3. Laktati-onswoche 27,2 Säugeakte, in der 4. Laktationswoche 26,6 Säugeakte beobachtet. Die Syn-chronität der Säugeakte lag auf einem sehr hohen Niveau. Der Anteil der erfolgreichen Säugeakte mit Milchfluss lag bei 91,3 %.</dc:description>
  <dc:publisher>Bayerische Landesanstalt für Landwirtschaft (LfL), Freising</dc:publisher>
  <dc:contributor>Wiesinger, Klaus</dc:contributor>
  <dc:date>2007-03</dc:date>
  <dc:type>Conference paper, poster, etc.</dc:type>
  <dc:type>NonPeerReviewed</dc:type>
  <dc:format>application/pdf</dc:format>
  <dc:identifier>http://orgprints.org/13830/1/LfL_Kuehberger_2007_gruppenhaltung_sauen_13830.pdf</dc:identifier>
  <dc:identifier>Kühberger, Martin and Jais, Christina    (2007) Gruppenhaltung ferkelführender Sauen im Ökobetrieb - Vergleich zweier unterschiedlicher Buchten.   In: Wiesinger, Klaus (Ed.)  Angewandte Forschung und Beratung für den ökologischen Landbau in Bayern, Bayerische Landesanstalt für Landwirtschaft (LfL), Freising, Schriftenreihe der Bayerischen Landesanstalt für Landwirtschaft, no.  3/2007, pp. 35-44.</dc:identifier>
  <dc:relation>http://orgprints.org/13830/</dc:relation>
</oai_dc:dc>