<oai_dc:dc xmlns:oai_dc="http://www.openarchives.org/OAI/2.0/oai_dc/" xmlns:dc="http://purl.org/dc/elements/1.1/" xmlns:xsi="http://www.w3.org/2001/XMLSchema-instance" xsi:schemaLocation="http://www.openarchives.org/OAI/2.0/oai_dc/ http://www.openarchives.org/OAI/2.0/oai_dc.xsd">
  <dc:title>Mais-Bohnen-Gemenge: Eintopf für die Kühe</dc:title>
  <dc:creator>Fischer, Jenny</dc:creator>
  <dc:creator>Böhm, Herwart</dc:creator>
  <dc:subject>Production systems</dc:subject>
  <dc:subject>Crop combinations and interactions</dc:subject>
  <dc:subject>Cereals, pulses and oilseeds</dc:subject>
  <dc:description>Das Konzept für einen Gemengeanbau von Silomais mit Stangen- bzw. Feuerbohnen wird beschrieben sowie erste Ergebnisse aus pflanzenbaulichen Versuchen mit verschiedenenen Sorten vorgestellt. Ergänzend wurden auch die Rohnaährstoffe bestimmt sowie die Silierfähigkeit der Gemenge geprüft.&#xD;
Aus den bisherigen Versuchsergebnissen lässt sich ableiten, dass der Mischfruchtanbau von Mais mit Bohnen ein vielversprechendes Anbausystem ist. Es kann dazu beitragen, die Protein- und Energieversorgung aus regional erzeugten Futtermitteln zu verbessern. Die Ergebnisse zeigen auch, dass die Entwicklung der Gemengepartner von den Umwelt- und Konkurrenzverhältnissen im Gemenge, d.h. letztlich von den jeweiligen Witterungs- und Standortbedingungen abhängen.</dc:description>
  <dc:date>2013</dc:date>
  <dc:type>Newspaper or magazine article</dc:type>
  <dc:type>NonPeerReviewed</dc:type>
  <dc:format>application/pdf</dc:format>
  <dc:identifier>http://orgprints.org/27895/1/FISCHER_ETAL_MAIS_TOPAGRAR13.pdf</dc:identifier>
  <dc:identifier>Fischer, Jenny and Böhm, Herwart    (2013) Mais-Bohnen-Gemenge: Eintopf für die Kühe.   Top agrar, 2013, 100 (10), pp. 68-71.</dc:identifier>
  <dc:relation>http://orgprints.org/27895/</dc:relation>
</oai_dc:dc>