<oai_dc:dc xmlns:oai_dc="http://www.openarchives.org/OAI/2.0/oai_dc/" xmlns:dc="http://purl.org/dc/elements/1.1/" xmlns:xsi="http://www.w3.org/2001/XMLSchema-instance" xsi:schemaLocation="http://www.openarchives.org/OAI/2.0/oai_dc/ http://www.openarchives.org/OAI/2.0/oai_dc.xsd">
  <dc:title>Ekologiskt lantbruk konferens 22-23 november 2005. Ultuna, Uppsala. Sammanfattningar av föredrag och postrar. SLU. Centrum för uthålligt lantbruk.</dc:title>
  <dc:subject>"Organics" in general</dc:subject>
  <dc:description>Konferensen ”Att navigera i en ny tid” – satte fokus på hur vi kan hantera nya förutsättningar såsom förändrad jordbrukspolitik, ökad globalisering, strukturrationaliseringar i jordbruket, en ny landsbygdspolitik, nya konsumtionsmönster och nya mål för det ekologiska lantbruket. Konferensen visade drivkrafter och kunskap kring hållbar livsmedelsproduktion och -konsumtion, samt hur lantbrukare, konsumenter och övriga aktörer blir och är delaktiga i det nödvändiga utvecklingsarbetet. På konferensen presenteras och diskuteras såväl forskningsresultat som praktiska exempel. För att belysa frågorna utifrån olika perspektiv bjöds de medverkande i konferensprogrammet in från en rad olika yrkeskategorier. Ambitionen var att konferensen ska fungera som en träffpunkt och vara ett viktigt forum för samtal om framtidsfrågorna för ekologiskt lantbruk och hållbar livsmedelskonsumtion. Konferensen har delfinansierats av EU via Jordbruksverkets medel för kompetensutveckling inom lantbruket. I denna rapport finns sammanfattningar av presenterade föredrag, inledningar till diskussioner samt sammandrag av postrar. Författarna ansvarar själva för innehållet i sina texter. Konferensarrangörer var Centrum för uthålligt lantbruk (CUL), SLU.</dc:description>
  <dc:publisher>Centrum för uthålligt lantbruk</dc:publisher>
  <dc:contributor>Ullvén, Karin</dc:contributor>
  <dc:contributor>Alm, Jessica</dc:contributor>
  <dc:date>2005-11</dc:date>
  <dc:type>Report</dc:type>
  <dc:type>NonPeerReviewed</dc:type>
  <dc:format>application/pdf</dc:format>
  <dc:identifier>http://orgprints.org/6434/1/konfrapport2005.pdf</dc:identifier>
  <dc:identifier>Ullvén, Karin and Alm, Jessica (Eds.)    (2005) Ekologiskt lantbruk konferens 22-23 november 2005. Ultuna, Uppsala. Sammanfattningar av föredrag och postrar. SLU. Centrum för uthålligt lantbruk.  [Organic farming conference 22–23 november 2005. Ultuna, Uppsala. Abstracts of lectures and posters. SLU. Centre for sustainable agriculture.]   Centrum för uthålligt lantbruk.</dc:identifier>
  <dc:relation>http://orgprints.org/6434/</dc:relation>
</oai_dc:dc>