<oai_dc:dc xmlns:oai_dc="http://www.openarchives.org/OAI/2.0/oai_dc/" xmlns:dc="http://purl.org/dc/elements/1.1/" xmlns:xsi="http://www.w3.org/2001/XMLSchema-instance" xsi:schemaLocation="http://www.openarchives.org/OAI/2.0/oai_dc/ http://www.openarchives.org/OAI/2.0/oai_dc.xsd">
  <dc:title>Rationsgestaltung und Eignung unterschiedlicher Herkünfte für die ökologische Hähnchenmast</dc:title>
  <dc:creator>Schmidt, Eggert</dc:creator>
  <dc:creator>Bellof, Gerhard</dc:creator>
  <dc:subject>Poultry</dc:subject>
  <dc:subject>Breeding and genetics</dc:subject>
  <dc:subject>Feeding and growth</dc:subject>
  <dc:description>Unter Beachtung der Vorgaben (VO (EG) Nr. 834/2007 u. 889/2008) wurden die langsam wachsenden Herkünfte (ISA-Red, ISA-JA-757, ISA-JA-957, Cobb-Sasso-150, Ross-Rowan) sowie die schnell wachsende Ross-308 vergleichend geprüft. Die Versuche bis zum 81. Tag erfolgten in der Fachhochschule Weihenstephan mit 240 Küken pro Herkunft (3 Genotypen/Versuch; 24 Abteile; 15 männliche und 15 weibliche pro Abteil). Genotypen mit hohem Wachstumsvermögen erreichten auch mit ökologisch erzeugten Futterkomponenten ihr genetisches Potenzial und nutzten das Futter (~12,0-12,3 MJ ME/kg) effizienter aus. Nach 56 Tagen wurden folgende Lebendgewichte und Brustanteile (incl. Haut und Knochen, % vom Schlachtkörpergewicht) erzielt: ISA-Red-JA 2104 g (Brust 27%), ISA-JA-757 2384 g (Brust 31%), ISA-JA-957 2463 g (Brust 30%), Cobb-Sasso-150 2467 g (Brust 32%), Ross-Rowan 3044 g (Brust 37%), Ross-308 3689 g (Brust 34%). Mängel in der Fleischbeschaffenheit (pH-Wert im Brustfleisch 20 Min. p.m.) wurden nicht beobachtet.&#xD;
Parallel wurden Futtermischungen mit abgesenkten Energiegehalten (~11 MJ ME/kg) geprüft. Da Geflügel den geringeren Energiegehalt durch erhöhten Futterkonsum kompensieren kann, ermöglicht dies die Verwendung ökologisch erzeugter Futterkomponenten mit vergleichsweise geringer EAS-Ausstattung, wenn ein konstantes Verhältnis essentieller Aminosäuren zu ME beachtet wird. &#xD;
Abgesenkte Energiegehalte führten nicht in jedem Fall zu proportional gesteigerten Futteraufnahmen. Einer beliebigen Ausdehnung dieses Ansatzes sind offenbar Grenzen gesetzt. Teilweise bestanden signifikante Interaktionen zwischen energiereduziertem Futter und genetischem Wachstumsvermögen. Schneller wachsende Genotypen erzielten ein überproportional geringeres Körpergewicht, wenn sie energiereduziertes Futter erhielten (Körpermasse am Tag 28: ISA-Red-JA  -12%; ISA-JA-957 -18%; Ross-308 -23%).&#xD;
Die ausschließliche Stallhaltung beeinträchtigte die Mastleistung nicht. Der Grünauslauf wurde nur von einem Teil der Tiere genutzt.</dc:description>
  <dc:date>2008</dc:date>
  <dc:type>Report</dc:type>
  <dc:type>NonPeerReviewed</dc:type>
  <dc:format>application/pdf</dc:format>
  <dc:identifier>http://orgprints.org/15871/1/15871-06OE151-fh-weihenstephan-schmidt-2008-haehnchenmast.pdf</dc:identifier>
  <dc:identifier>Schmidt, Eggert and Bellof, Gerhard         (2008) Rationsgestaltung und Eignung unterschiedlicher Herkünfte für die ökologische Hähnchenmast.  [Feed Mixture and Appropriateness of Different Genotypes for Organic Chicken production.]   Fachhochschule Weihenstephan, D-Freising, Fakultät Land- und Ernährungswirtschaft.</dc:identifier>
  <dc:relation>http://orgprints.org/15871/</dc:relation>
</oai_dc:dc>