<oai_dc:dc xmlns:oai_dc="http://www.openarchives.org/OAI/2.0/oai_dc/" xmlns:dc="http://purl.org/dc/elements/1.1/" xmlns:xsi="http://www.w3.org/2001/XMLSchema-instance" xsi:schemaLocation="http://www.openarchives.org/OAI/2.0/oai_dc/ http://www.openarchives.org/OAI/2.0/oai_dc.xsd">
  <dc:title>Saatgut, Sortenwahl, Jungpflanzenaufzucht</dc:title>
  <dc:creator>Koller, Martin</dc:creator>
  <dc:creator>Lichtenhahn, Martin</dc:creator>
  <dc:creator>Arncken, Christine</dc:creator>
  <dc:description>Saatgut, Sortenwahl, Jungpflanzenaufzucht.</dc:description>
  <dc:publisher>Bioland Verlag</dc:publisher>
  <dc:contributor>George, E.</dc:contributor>
  <dc:contributor>Eghbal, R.</dc:contributor>
  <dc:date>2003</dc:date>
  <dc:type>Book chapter</dc:type>
  <dc:type>NonPeerReviewed</dc:type>
  <dc:format>rtf</dc:format>
  <dc:identifier>http://orgprints.org/2823/1/no-document-rft.rtf</dc:identifier>
  <dc:identifier>Koller, Martin; Lichtenhahn, Martin and Arncken, Christine    (2003) Saatgut, Sortenwahl, Jungpflanzenaufzucht.    In: George, E. and Eghbal, R. (Eds.)   Ökologischer Gemüsebau.  Bioland Verlag, pp. 14-21.</dc:identifier>
  <dc:relation>http://orgprints.org/2823/</dc:relation>
</oai_dc:dc>