<oai_dc:dc xmlns:oai_dc="http://www.openarchives.org/OAI/2.0/oai_dc/" xmlns:dc="http://purl.org/dc/elements/1.1/" xmlns:xsi="http://www.w3.org/2001/XMLSchema-instance" xsi:schemaLocation="http://www.openarchives.org/OAI/2.0/oai_dc/ http://www.openarchives.org/OAI/2.0/oai_dc.xsd">
  <dc:title>Verfahrenskosten der Grundfuttererzeugung auf ökologisch&#xD;
wirtschaftenden Betrieben am Beispiel der Anwelksilage</dc:title>
  <dc:creator>Hermle, Martin</dc:creator>
  <dc:creator>Grube, Dr. Jens</dc:creator>
  <dc:creator>Klöble, Dr. Ulrike</dc:creator>
  <dc:subject>Pasture and forage crops</dc:subject>
  <dc:subject>Farm economics</dc:subject>
  <dc:description>In this paper costs of different production approaches are compared with one another.&#xD;
The figures used are based on findings from the KTBL work programme Calculation&#xD;
Data. Variable costs of 15€ per GJ Net Lactation Energy are achievable on a 20 ha&#xD;
field with very favourable yield levels and using relatively small-scale mechanisation.&#xD;
Further savings are possible by adjusting mechanisation scale to better match the&#xD;
areas being treated. From analysis of the results it became clear that the yield assessments&#xD;
for pasture growth were only seldom applied in practical farming. Additionally,&#xD;
on the farms where the figures were gathered reseeding or over-seeding were&#xD;
seldom carried out.</dc:description>
  <dc:date>2009</dc:date>
  <dc:type>Conference paper, poster, etc.</dc:type>
  <dc:type>NonPeerReviewed</dc:type>
  <dc:format>application/pdf</dc:format>
  <dc:identifier>http://orgprints.org/14335/1/Hermle_14335.pdf</dc:identifier>
  <dc:identifier>Hermle, Martin; Grube, Dr. Jens and Klöble, Dr. Ulrike    (2009) Verfahrenskosten der Grundfuttererzeugung auf ökologisch wirtschaftenden Betrieben am Beispiel der Anwelksilage.       Poster at:   10. Wissenschaftstagung Ökologischer Landbau, Zürich, 11.-13. Februar 2009.</dc:identifier>
  <dc:relation>http://orgprints.org/14335/</dc:relation>
</oai_dc:dc>