<oai_dc:dc xmlns:oai_dc="http://www.openarchives.org/OAI/2.0/oai_dc/" xmlns:dc="http://purl.org/dc/elements/1.1/" xmlns:xsi="http://www.w3.org/2001/XMLSchema-instance" xsi:schemaLocation="http://www.openarchives.org/OAI/2.0/oai_dc/ http://www.openarchives.org/OAI/2.0/oai_dc.xsd">
  <dc:title>EcoServe – Organic hayfields as resource for pollinators</dc:title>
  <dc:creator>Strandberg, B.</dc:creator>
  <dc:subject>Biodiversity and ecosystem services</dc:subject>
  <dc:description>Organic hay fields as resource for pollinators&#xD;
›Main objective&#xD;
To investigate the potential improvements for wild pollinators by establishment of organic grasslands with a large proportion of selected herbs beneficial for pollinators&#xD;
›Expected results&#xD;
Significant results on pollinators and food resources for pollinators in organic grasslands and especially hay fields.&#xD;
Recommendations on species composition and cutting regimes for organic hayfields in order to improve the ecological services with special focus on pollination.</dc:description>
  <dc:date>2011</dc:date>
  <dc:type>Conference paper, poster, etc.</dc:type>
  <dc:type>NonPeerReviewed</dc:type>
  <dc:format>application/pdf</dc:format>
  <dc:identifier>http://orgprints.org/26594/7/26594.pdf</dc:identifier>
  <dc:identifier>Strandberg, B.    (2011) EcoServe – Organic hayfields as resource for pollinators.       Speech at:   25th SCAPE meeting , 27-30 Oct. 2011 .     [Completed]</dc:identifier>
  <dc:relation>http://orgprints.org/26594/</dc:relation>
</oai_dc:dc>