<oai_dc:dc xmlns:oai_dc="http://www.openarchives.org/OAI/2.0/oai_dc/" xmlns:dc="http://purl.org/dc/elements/1.1/" xmlns:xsi="http://www.w3.org/2001/XMLSchema-instance" xsi:schemaLocation="http://www.openarchives.org/OAI/2.0/oai_dc/ http://www.openarchives.org/OAI/2.0/oai_dc.xsd">
  <dc:title>Einfluss verschiedener Fruchtfolgen viehhaltender und viehloser Systeme auf Ertrag und Produktivität: &#xD;
Ergebnisse eines Dauerfeldversuches</dc:title>
  <dc:creator>Schneider, Regina</dc:creator>
  <dc:creator>Salzeder, Georg</dc:creator>
  <dc:creator>Schmidt, Martin</dc:creator>
  <dc:creator>Wiesinger, Klaus</dc:creator>
  <dc:creator>Urbatzka, Peer</dc:creator>
  <dc:subject>Crop combinations and interactions</dc:subject>
  <dc:description>In organic crop rotations proportion, use and type of legumes have a different effect on subsequent crops. The yield of subsequent cash crops is affected by the farming system (livestock with organic fertilizer or stockless) and the temporal distance of the cash crop to the legume. To investigate the intermediate- and long-term effects on yield and productivity, a long-term field trial with six crop rotations was established in 1997 in Viehhausen, Upper Bavaria (one crop rotation with a period of 5 years, five crop rotations with 3 years). The present report tested these crop rotations regarding yield and productivity for the years 2000 to 2010.&#xD;
Significant differences were determined in productivity when legumes were included into the calculation. Crop rotations with grass-clover leys in meadow mowing (with livestock) and the return of the nutrients as manure had the highest productivity. The crop rotations with grain legume showed the same productivity as crop rotations with mulched grass-clover leys.</dc:description>
  <dc:date>2013-09-09</dc:date>
  <dc:type>Conference paper, poster, etc.</dc:type>
  <dc:type>NonPeerReviewed</dc:type>
  <dc:format>application/pdf</dc:format>
  <dc:identifier>http://orgprints.org/21331/1/21331_Schneider.pdf</dc:identifier>
  <dc:identifier>Schneider, Regina; Salzeder, Georg; Schmidt, Martin; Wiesinger, Klaus and Urbatzka, Peer    (2013) Einfluss verschiedener Fruchtfolgen viehhaltender und viehloser Systeme auf Ertrag und Produktivität: Ergebnisse eines Dauerfeldversuches.       Paper at:   12. Wissenschaftstagung Ökologischer Landbau, Rheinische Friedrich-Wilhelms-Universität, Bonn, 5. bis 8. März 2013.</dc:identifier>
  <dc:relation>http://orgprints.org/21331/</dc:relation>
</oai_dc:dc>