<oai_dc:dc xmlns:oai_dc="http://www.openarchives.org/OAI/2.0/oai_dc/" xmlns:dc="http://purl.org/dc/elements/1.1/" xmlns:xsi="http://www.w3.org/2001/XMLSchema-instance" xsi:schemaLocation="http://www.openarchives.org/OAI/2.0/oai_dc/ http://www.openarchives.org/OAI/2.0/oai_dc.xsd">
  <dc:title>Entwicklung ertragssicherer Saflor-Stämme mit hohen Ölgehalten für den ökologischen Anbau</dc:title>
  <dc:creator>Wurl, Günter</dc:creator>
  <dc:creator>Biertümpfel, Andrea</dc:creator>
  <dc:creator>Graf, Torsten</dc:creator>
  <dc:subject>Cereals, pulses and oilseeds</dc:subject>
  <dc:subject>Breeding, genetics and propagation</dc:subject>
  <dc:description>Zur Entwicklung ölreicher, krankheitstoleranter Saflor-Stämme wurde ein in der ehemaligen Thüringer Zuchtstation Bendeleben in den 1930er Jahren entwickelter Stamm (nur ca. 25 % Ölgehalt, aber gute Krankheitsresistenz) im Gewächshaus mit der spanischen Sorte ‚Sepasa’ (bis 46 % Ölgehalt, aber hohe Botrytisanfälligkeit) frei abblühen gelassen. Die Auskreuzung betrug ca. 50 %. Aus der im Feld als Einzelpflanzen angebauten F2-Generation wurden 550 ertragreiche Pflanzen geerntet und von jeder Pflanze an 30 Körnern der durchschnittliche Schalenanteil ermittelt. Pflanzen mit einem Schalenanteil &lt; 40 % sind im Feld nachgebaut worden (ca. 50 Nummern, Einzelpflanzenanbau, 30 x 30 cm, 5,4 m² Anbaufläche/Nachkommenschaft). Je eine Pflanze mit hohem Kornertrag und niedrigem durchschnittlichen Schalenanteil aus jeder Parzelle wurde für den nächstjährigen Anbau ausgewählt und gleichzeitig das Restsaatgut der 14 besten Parzellen (homogen, frühreif, ertragreich) für eine exakte Ertragsprüfung verwendet. &#xD;
Die Ermittlung des Schalenanteils an Einzelkörnern und –pflanzen hat sich als schnelle und preiswerte Methode zur Einschätzung des Ölgehaltes erwiesen (ermittelte Korrelation zwischen Ölgehalt und Schalenanteil r = 0,88). Technisch ist die Trennung von Schale und Kern leicht durch kurzzeitiges Einquellen der Samen in Wasser zu erreichen. &#xD;
In den bisher fünfjährigen Ertragsprüfungen mit Stämmen aus der Kreuzung ‚Sepasa’ und Stamm ‚Bendeleben’ hat sich gezeigt, dass diese der Standardsorte ‚Sabina’ in günstigen Jahren mit sonnigem und trockenem Wetter während der Blüte ertraglich überlegen sein können. Sie wiesen gleichzeitig einen im Durchschnitt 30 % höheren Ölgehalt als ‚Sabina’ auf. Die Stämme waren in morphologischer Hinsicht bereits in der F4 weitgehend homogen, enthielten aber noch viele botrytrisanfällige Pflanzen, wie sich 2007 zeigte. In diesem Jahr mit starkem Infektionsdruck waren bei zwei Drittel aller angebauten Stämme und Einzelpflanzennachkommenschaften (EPN) gravierende Ertragseinbußen festzustellen. Immerhin wiesen 15 EPN aber durchgängig keine Ertragsminderung bei gleichzeitig höherem Ölgehalt als ‚Sabina’ auf. Es ist also durchaus möglich, durch Einkreuzung von südeuropäischen oder amerikanischen Stämmen, die sich durchgehend in eigenen Prüfungen als botrytisanfällig erwiesen haben, in angepasste Typen, botrytistolerante Formen mit hohen Ölgehalten zu entwickeln. &#xD;
Als einfachste Methode zur Selektion von dünnschaligen, ölreichen Typen aus spaltenden Populationen hat sich die Isolation von ca. 20 Blütenköpfchen einer Pflanze mit Crispac-Tüten mit Supermicrolochung und Bestimmung deren genetischen Status an Einzelkörnern aus nichtisolierten Köpfchen derselben Pflanze erwiesen. Der Samenansatz unter Isolation ist allerdings gering und die Keimfähigkeit der Samen niedrig. Andere Methoden, wie die Auslese von Einzelpflanzen mit niedrigem Schalenanteil oder die Anzucht von schalenlosen Kernen mit hohem Ölgehalt führten nur zu einem partiellen Erfolg, so dass in den Ertragsprüfungen nur 37,6 % Ölgehalt bei einem Stamm erreicht werden konnten. &#xD;
Die Probleme des Safloranbaus unter mitteleuropäischen Bedingungen sind mit der Entwicklung botrytistoleranter ölreicher Stämme nicht gelöst. Eine ausreichende Befruchtung ist in kühlen und feuchten Jahren nicht gegeben, weil Saflor zwingend auf die Bestäubung durch Insekten angewiesen ist. Es kommt zur Bildung einer größeren Anzahl parthenokarper (= hohler) Samen, wodurch der Ertrag und insbesondere der Ölgehalt deutlich sinken. Die Erhöhung der Selbstfertilität muss deshalb zukünftig ein wichtiges Zuchtziel sein.</dc:description>
  <dc:date>2007</dc:date>
  <dc:type>Project description</dc:type>
  <dc:type>NonPeerReviewed</dc:type>
  <dc:identifier>{Project}    Entwicklung ertragssicherer Saflor-Stämme mit hohen Ölgehalten für den ökologischen Anbau.  [Development of safflower types with high oil content and disease tolerance for organic farming.]   Runs 2005 - 2007.      Project Leader(s): Vetter, Dr. habil. Armin, Thüringer Landesanstalt für Landwirtschaft, D-Dornburg.</dc:identifier>
  <dc:relation>http://orgprints.org/13824/</dc:relation>
</oai_dc:dc>