<oai_dc:dc xmlns:oai_dc="http://www.openarchives.org/OAI/2.0/oai_dc/" xmlns:dc="http://purl.org/dc/elements/1.1/" xmlns:xsi="http://www.w3.org/2001/XMLSchema-instance" xsi:schemaLocation="http://www.openarchives.org/OAI/2.0/oai_dc/ http://www.openarchives.org/OAI/2.0/oai_dc.xsd">
  <dc:title>Ausdünnung von Elstar mit Schwefelkalk in Norddeutschland</dc:title>
  <dc:creator>Clever, Michael</dc:creator>
  <dc:subject>Crop health, quality, protection</dc:subject>
  <dc:subject>Fruit and berries</dc:subject>
  <dc:description>Thinning trials with lime sulphur in comparison to other products were carried out for 4 years in an ‘Elstar orchard’ at the OVB Jork in Northern Germany. Beside the yield, the influence on fruit size, colour, russet-ting and return bloom of treated trees were observed. Mechanic thinning was too strong and had other negative effects. Thinning with potato meal and coconut soap had no effect. Organic oil (Telmion) reduced the yield between 0 and 20%. Lime sulphur reduced the yield 0 – 40% in comparison of the concentration and the number of applications. There were great fluctuations from year to year. In conclusion lime sulphur gives the best results, but the variation from year to year is not acceptable for a practical advising in the northern area of Germany.</dc:description>
  <dc:publisher>Fördergemeinschaft Ökologischer Obstbau e.V. (FÖKO), Traubenplatz 5, D-74189 Weinsberg</dc:publisher>
  <dc:contributor>Boos, Markus</dc:contributor>
  <dc:date>2006</dc:date>
  <dc:type>Conference paper, poster, etc.</dc:type>
  <dc:type>NonPeerReviewed</dc:type>
  <dc:format>application/pdf</dc:format>
  <dc:identifier>http://orgprints.org/9023/1/ecofruit_12th_37.pdf</dc:identifier>
  <dc:identifier>Clever, Michael    (2006) Ausdünnung von Elstar mit Schwefelkalk in Norddeutschland.  [Thinning of Elstar with lime sulfur in Nothern Germany.]  In: Boos, Markus (Ed.)  ecofruit - 12th International Conference on Cultivation Technique and Phytopathological Problems in Organic Fruit-Growing: Proceedings to the Conference from 31st January to 2nd February 2006 at Weinsberg/Germany, Fördergemeinschaft Ökologischer Obstbau e.V. (FÖKO), Traubenplatz 5, D-74189 Weinsberg, pp. 213-217.</dc:identifier>
  <dc:relation>http://orgprints.org/9023/</dc:relation>
</oai_dc:dc>