<oai_dc:dc xmlns:oai_dc="http://www.openarchives.org/OAI/2.0/oai_dc/" xmlns:dc="http://purl.org/dc/elements/1.1/" xmlns:xsi="http://www.w3.org/2001/XMLSchema-instance" xsi:schemaLocation="http://www.openarchives.org/OAI/2.0/oai_dc/ http://www.openarchives.org/OAI/2.0/oai_dc.xsd">
  <dc:title>Soil quality changes in field trials comparing organic reduced tillage to plough systems across Europe (TILMAN-ORG Session)</dc:title>
  <dc:creator>Fliessbach, Andreas</dc:creator>
  <dc:creator>Hammerl, Verena</dc:creator>
  <dc:creator>Antichi, Daniele</dc:creator>
  <dc:creator>Barberi, Paolo</dc:creator>
  <dc:creator>Berner, Alfred</dc:creator>
  <dc:creator>Bufe, Cornelia</dc:creator>
  <dc:creator>Delfosse, Philippe</dc:creator>
  <dc:creator>Gattinger, Andreas</dc:creator>
  <dc:creator>Grosse, Meike</dc:creator>
  <dc:creator>Haase, Thorsten</dc:creator>
  <dc:creator>Heß, Jürgen</dc:creator>
  <dc:creator>Hissler, Christophe</dc:creator>
  <dc:creator>Koal, Phillip</dc:creator>
  <dc:creator>Kranzler, Andreas</dc:creator>
  <dc:creator>Krauss, Maike</dc:creator>
  <dc:creator>Mäder, Paul</dc:creator>
  <dc:creator>Peigné, Joséphine</dc:creator>
  <dc:creator>Pritsch, Karin</dc:creator>
  <dc:creator>Reintam, Endla</dc:creator>
  <dc:creator>Surböck, Andreas</dc:creator>
  <dc:creator>Vian, Jean François</dc:creator>
  <dc:creator>Schloter, Michael</dc:creator>
  <dc:subject>Soil quality</dc:subject>
  <dc:subject>Crop combinations and interactions</dc:subject>
  <dc:subject>Soil biology</dc:subject>
  <dc:subject>Soil tillage</dc:subject>
  <dc:subject>Air and water emissions</dc:subject>
  <dc:description>Field trials on reduced soil tillage under organic farming conditions across Europe were used to compare the soil quality changes over time. Soil organic carbon fractions, soil carbon stocks and microbial community structure were analysed. Most severe differences between plough and reduced tillage were found in the top ten cm of the soil profile. Differences became less or not significant in deeper layers. Analyses are still ongoing and will only be ready to be presented at the conference.</dc:description>
  <dc:publisher>Johann Heinrich von Thünen-Institut</dc:publisher>
  <dc:contributor>Rahmann, G.</dc:contributor>
  <dc:contributor>Aksoy, U.</dc:contributor>
  <dc:date>2014-10</dc:date>
  <dc:type>Conference paper, poster, etc.</dc:type>
  <dc:type>NonPeerReviewed</dc:type>
  <dc:format>application/pdf</dc:format>
  <dc:identifier>http://orgprints.org/24293/1/24293%20TILMAN%20Fliessbach_revised_MM.pdf</dc:identifier>
  <dc:identifier>Fliessbach, Andreas; Hammerl, Verena; Antichi, Daniele; Barberi, Paolo; Berner, Alfred; Bufe, Cornelia; Delfosse, Philippe; Gattinger, Andreas; Grosse, Meike; Haase, Thorsten; Heß, Jürgen; Hissler, Christophe; Koal, Phillip; Kranzler, Andreas; Krauss, Maike; Mäder, Paul; Peigné, Joséphine; Pritsch, Karin; Reintam, Endla; Surböck, Andreas; Vian, Jean François and Schloter, Michael    (2014) Soil quality changes in field trials comparing organic reduced tillage to plough systems across Europe (TILMAN-ORG Session).   In: Rahmann, G. and Aksoy, U. (Eds.)  Building Organic Bridges, Johann Heinrich von Thünen-Institut, Braunschweig, Germany, 4, Thuenen Report, no. 20, pp. 1051-1054.</dc:identifier>
  <dc:relation>http://orgprints.org/24293/</dc:relation>
</oai_dc:dc>