<oai_dc:dc xmlns:oai_dc="http://www.openarchives.org/OAI/2.0/oai_dc/" xmlns:dc="http://purl.org/dc/elements/1.1/" xmlns:xsi="http://www.w3.org/2001/XMLSchema-instance" xsi:schemaLocation="http://www.openarchives.org/OAI/2.0/oai_dc/ http://www.openarchives.org/OAI/2.0/oai_dc.xsd">
  <dc:title>The Control of Stem Blight and the Spread of Potato Late Blight by Copper Seed Treatment</dc:title>
  <dc:creator>Zellner, Michael</dc:creator>
  <dc:creator>Keil, Sven</dc:creator>
  <dc:creator>Benker, Marianne</dc:creator>
  <dc:subject>Crop health, quality, protection</dc:subject>
  <dc:subject>Root crops</dc:subject>
  <dc:description>Late blight still is an unsolved problem in organic potato farming. Up to now the most effective way to control this disease is the use of copper fungicides. Transferring results from regular farming, seed treatments with copper fungicides shall postpone the beginning of the blight epidemic and decrease the spread of the disease with soil water. Thus stem blight, which can’t be prevented otherwise, shall be reduced. In field trials, conducted 2005-2007, copper fungicide treatments reduced primary stem infections (stem blight) and the spreading of the pathogen from infected seed tubers.</dc:description>
  <dc:publisher>European Association for Potato Research, AV Zeist, The Netherlands</dc:publisher>
  <dc:date>2008</dc:date>
  <dc:type>Conference paper, poster, etc.</dc:type>
  <dc:type>NonPeerReviewed</dc:type>
  <dc:format>application/pdf</dc:format>
  <dc:identifier>http://orgprints.org/15331/1/keil-etal-2008-control-of-stem-blight_Brasov-Romania_p294-296.pdf</dc:identifier>
  <dc:identifier>Zellner, Michael; Keil, Sven and Benker, Marianne    (2008) The Control of Stem Blight and the Spread of Potato Late Blight by Copper Seed Treatment.   In:     Abstracts of the 17th Triennial Conference of the European Association for Potato Research, European Association for Potato Research, AV Zeist, The Netherlands, pp. 294-296.</dc:identifier>
  <dc:relation>http://orgprints.org/15331/</dc:relation>
</oai_dc:dc>