<oai_dc:dc xmlns:oai_dc="http://www.openarchives.org/OAI/2.0/oai_dc/" xmlns:dc="http://purl.org/dc/elements/1.1/" xmlns:xsi="http://www.w3.org/2001/XMLSchema-instance" xsi:schemaLocation="http://www.openarchives.org/OAI/2.0/oai_dc/ http://www.openarchives.org/OAI/2.0/oai_dc.xsd">
  <dc:title>Presentation of AOANS,Pilot Training  Session for advisors in Slovenia and The farmers’ seminar in Slovenia</dc:title>
  <dc:creator>Križman, Nataša</dc:creator>
  <dc:creator>Poštrak, Nevenka</dc:creator>
  <dc:subject>Technology transfer</dc:subject>
  <dc:description>PP presentation of AOANS (association of organic agricultire farmers N-E Slowenia),Pilot Training  Session for advisors in Slovenia and The farmers’ seminar in Slovenia about Organic Balkanet project.</dc:description>
  <dc:date>2011-11-17</dc:date>
  <dc:type>Conference paper, poster, etc.</dc:type>
  <dc:type>NonPeerReviewed</dc:type>
  <dc:format>application/pdf</dc:format>
  <dc:identifier>http://orgprints.org/19741/2/19741.pdf</dc:identifier>
  <dc:identifier>Križman, Nataša and Poštrak, Nevenka    (2011) Presentation of AOANS,Pilot Training Session for advisors in Slovenia and The farmers’ seminar in Slovenia.       Workshop at:   OrganicBalkanet meeting, Bucharest, 16.-18.11.2011.     [Submitted]</dc:identifier>
  <dc:relation>http://orgprints.org/19741/</dc:relation>
</oai_dc:dc>