<oai_dc:dc xmlns:oai_dc="http://www.openarchives.org/OAI/2.0/oai_dc/" xmlns:dc="http://purl.org/dc/elements/1.1/" xmlns:xsi="http://www.w3.org/2001/XMLSchema-instance" xsi:schemaLocation="http://www.openarchives.org/OAI/2.0/oai_dc/ http://www.openarchives.org/OAI/2.0/oai_dc.xsd">
  <dc:title>A cross-disciplinary approach to multicriteria assessment and communication of the effects of organic food systems</dc:title>
  <dc:creator>Alrøe, Hugo Fjelsted</dc:creator>
  <dc:creator>Noe, Egon</dc:creator>
  <dc:subject>Technology assessment</dc:subject>
  <dc:subject>Research methodology and philosophy</dc:subject>
  <dc:description>This paper describes a cross- and transdisciplinary approach to develop a multicriteria assessment framework that aims to help organic actors and stakeholders conduct, document and communicate balanced overall assessments of the effects of organic food systems on society and nature. The framework will be based on extensive analyses of existing methods for multicriteria assessment and communication, and the adaptation and development of selected methods to suit organic food systems and the principles organic agriculture. The validity and utility of the framework is secured through involvement of actors and participatory testing of prototypes in practice. The goal is to help sustain an integrated development of the organic production, contribute to open and credible communication, and thereby support long term growth.</dc:description>
  <dc:publisher>ISOFAR</dc:publisher>
  <dc:contributor>Neuhoff, Daniel</dc:contributor>
  <dc:contributor>Halberg, Niels</dc:contributor>
  <dc:contributor>Rasmussen, Ilse A.</dc:contributor>
  <dc:contributor>Hermansen, John E.</dc:contributor>
  <dc:contributor>Ssekyewa, Charles</dc:contributor>
  <dc:contributor>Sohn, Sang Mok</dc:contributor>
  <dc:date>2011</dc:date>
  <dc:type>Conference paper, poster, etc.</dc:type>
  <dc:type>NonPeerReviewed</dc:type>
  <dc:format>application/pdf</dc:format>
  <dc:identifier>http://orgprints.org/19951/1/19951.pdf</dc:identifier>
  <dc:identifier>Alrøe, Hugo Fjelsted and Noe, Egon    (2011) A cross-disciplinary approach to multicriteria assessment and communication of the effects of organic food systems.   In: Neuhoff, Daniel; Halberg, Niels; Rasmussen, Ilse A.; Hermansen, John E.; Ssekyewa, Charles and Sohn, Sang Mok (Eds.)  Organic is Life - Knowledge of Tomorrow, ISOFAR, 2,  313-316.</dc:identifier>
  <dc:relation>http://orgprints.org/19951/</dc:relation>
</oai_dc:dc>