<oai_dc:dc xmlns:oai_dc="http://www.openarchives.org/OAI/2.0/oai_dc/" xmlns:dc="http://purl.org/dc/elements/1.1/" xmlns:xsi="http://www.w3.org/2001/XMLSchema-instance" xsi:schemaLocation="http://www.openarchives.org/OAI/2.0/oai_dc/ http://www.openarchives.org/OAI/2.0/oai_dc.xsd">
  <dc:title>Migration und Ausbreitung der Kirschfruchtfliege innerhalb von&#xD;
Obstanlagen – Möglichkeit der biologischen Bodenbehandlung</dc:title>
  <dc:creator>Daniel, Claudia</dc:creator>
  <dc:creator>Wyss, Eric</dc:creator>
  <dc:subject>Crop health, quality, protection</dc:subject>
  <dc:description>The European cherry fruit fly (Rhagoletis cerasi) is the only pest insect which makes a&#xD;
insecticide treatment of cherry fruit necessary. With regard of residue free cherries a&#xD;
biocontrol method for R. cerasi by soil applications seems attractive. However, soil&#xD;
treatments can only be effective if the migration of flies is low. In order to examine the&#xD;
potential of soil treatments and to understand the dispersal behaviour of R. cerasi in&#xD;
orchards, experiments using nettings to cover the soil were conducted. The&#xD;
experiments were arranged in commercial, organically managed orchards. The&#xD;
nettings reduced fruit infestation by 90%. In addition, it was shown that the flies move&#xD;
only very short distances (less than 5 m) within orchards. Thus, soil treatments are an&#xD;
interesting strategy to control R. cerasi in extensively managed orchards.</dc:description>
  <dc:publisher>Verlag Dr. Köster</dc:publisher>
  <dc:date>2009</dc:date>
  <dc:type>Conference paper, poster, etc.</dc:type>
  <dc:type>NonPeerReviewed</dc:type>
  <dc:format>application/pdf</dc:format>
  <dc:identifier>http://orgprints.org/13967/1/Daniel_13967.pdf</dc:identifier>
  <dc:format>application/pdf</dc:format>
  <dc:identifier>http://orgprints.org/13967/2/Poster_Kirschfruchtfliege_Daniel_wisstagung2009.pdf</dc:identifier>
  <dc:identifier>Daniel, Claudia and Wyss, Eric    (2009) Migration und Ausbreitung der Kirschfruchtfliege innerhalb von Obstanlagen – Möglichkeit der biologischen Bodenbehandlung.       Poster at:   10. Wissenschaftstagung Ökologischer Landbau, Zürich, 11.-13. Februar 2009.</dc:identifier>
  <dc:relation>http://orgprints.org/13967/</dc:relation>
</oai_dc:dc>