<oai_dc:dc xmlns:oai_dc="http://www.openarchives.org/OAI/2.0/oai_dc/" xmlns:dc="http://purl.org/dc/elements/1.1/" xmlns:xsi="http://www.w3.org/2001/XMLSchema-instance" xsi:schemaLocation="http://www.openarchives.org/OAI/2.0/oai_dc/ http://www.openarchives.org/OAI/2.0/oai_dc.xsd">
  <dc:title>Evolução da ferrugem (Hemileia vastatrix) e da cercosporiose (Cercospora coffeicola) em agroecossistemas cafeeiros convencional, organo-mineral e orgânico.</dc:title>
  <dc:creator>Lopes, Paulo Rogério</dc:creator>
  <dc:creator>Ferraz, José Maria Guzman</dc:creator>
  <dc:creator>Theodoro, Vanessa Christina</dc:creator>
  <dc:creator>Lopes, Iara Maria</dc:creator>
  <dc:subject>Production systems</dc:subject>
  <dc:subject>Farming Systems</dc:subject>
  <dc:description>A presente pesquisa teve como objetivo avaliar a incidência de Hemileia vastatrix (ferrugem) e Cercospora coffeicola (cercosporiose) em agroecossistemas cafeeiros conduzidos sob manejo convencional, organo-mineral e orgânico no município de Poço-Fundo, sul de Minas Gerais. Para tanto, selecionou-se uma propriedade cafeeira que possuía os três sistemas de manejo evidenciados. As avaliações para determinação da incidência da ferrugem e da cercosporiose do cafeeiro foram realizadas mensalmente, durante um ano (dez/07 a nov/08). Coletaram-se 10 folhas do 3º ou 4º par em todos os lados da planta, sendo amostrados 20 cafeeiros por agroecossistema, tomados aleatoriamente por meio de caminhamento em zigue-zague nos agroecossistemas, totalizando 200 folhas coletadas em cada sistema. A maior incidência da ferrugem no agroecossistema convencional ocorreu em agosto, atingindo índice de 15% e a cercosporiose alcançou 38,5% de incidência em julho. Os agroecossistemas organo-mineral e orgânico apresentaram elevados níveis de ataque da ferrugem e cercosporiose, alcançando índices extremos de incidência a partir do mês de julho, ultrapassando 80% de incidência de ferrugem e 54,5% de cercosporiose.</dc:description>
  <dc:date>2012</dc:date>
  <dc:type>Journal paper</dc:type>
  <dc:type>NonPeerReviewed</dc:type>
  <dc:format>application/pdf</dc:format>
  <dc:identifier>http://orgprints.org/22963/1/Lopes_Evolu%C3%A7%C3%A3o.pdf</dc:identifier>
  <dc:identifier>Lopes, Paulo Rogério ; Ferraz, José Maria Guzman ; Theodoro, Vanessa Christina  and Lopes, Iara Maria    (2012) Evolução da ferrugem (Hemileia vastatrix) e da cercosporiose (Cercospora coffeicola) em agroecossistemas cafeeiros convencional, organo-mineral e orgânico.  [Evolution of coffee rust (Hemileia vastatrix) and brown eye spot (Cercospora coffeicola) in conventional, organic-mineral and organic coffee agroecosystem.]  Revista Brasileira de Agroecologia, 7 (1), pp. 160-168.</dc:identifier>
  <dc:relation>http://orgprints.org/22963/</dc:relation>
</oai_dc:dc>