<oai_dc:dc xmlns:oai_dc="http://www.openarchives.org/OAI/2.0/oai_dc/" xmlns:dc="http://purl.org/dc/elements/1.1/" xmlns:xsi="http://www.w3.org/2001/XMLSchema-instance" xsi:schemaLocation="http://www.openarchives.org/OAI/2.0/oai_dc/ http://www.openarchives.org/OAI/2.0/oai_dc.xsd">
  <dc:title>Effekte unterschiedlicher Systeme der Grundbodenbearbeitung&#xD;
auf Erträge und Beikraut im Dauerfeldversuch Gladbacherhof</dc:title>
  <dc:creator>Schulz, Franz</dc:creator>
  <dc:creator>Brock, Christopher</dc:creator>
  <dc:creator>Leithold, Günter</dc:creator>
  <dc:subject>Nutrient turnover</dc:subject>
  <dc:subject>Crop combinations and interactions</dc:subject>
  <dc:subject>Weed management</dc:subject>
  <dc:subject>Soil tillage</dc:subject>
  <dc:description>An organic long-term-field experiment with two factors has been carried out since&#xD;
1998 at the experimental station Gladbacherhof, University of Giessen. Effects of&#xD;
different crop rotations combined with tillage treatments (mouldboard plough, twolayer-&#xD;
plough and tillage without plough) on plants, soil and weeds have been&#xD;
investigated. This article presents results on cash crop yields and weeds according to&#xD;
soil tillage. It can be concluded that, as for the yields, reduced tillage systems could&#xD;
cope with the regularly ploughed reference system if at least a shallow soil inversion&#xD;
was carried out. Concerning the lower yields in the soil tillage system without&#xD;
ploughing the impact of nutrient availability seems to be more important than the&#xD;
competition by weeds.</dc:description>
  <dc:date>2009</dc:date>
  <dc:type>Conference paper, poster, etc.</dc:type>
  <dc:type>NonPeerReviewed</dc:type>
  <dc:format>application/pdf</dc:format>
  <dc:identifier>http://orgprints.org/14272/1/Schulz_14272.pdf</dc:identifier>
  <dc:identifier>Schulz, Franz; Brock, Christopher and Leithold, Günter    (2009) Effekte unterschiedlicher Systeme der Grundbodenbearbeitung auf Erträge und Beikraut im Dauerfeldversuch Gladbacherhof.       Paper at:   10. Wissenschaftstagung Ökologischer Landbau, Zürich, 11.-13. Februar 2009.</dc:identifier>
  <dc:relation>http://orgprints.org/14272/</dc:relation>
</oai_dc:dc>