<oai_dc:dc xmlns:oai_dc="http://www.openarchives.org/OAI/2.0/oai_dc/" xmlns:dc="http://purl.org/dc/elements/1.1/" xmlns:xsi="http://www.w3.org/2001/XMLSchema-instance" xsi:schemaLocation="http://www.openarchives.org/OAI/2.0/oai_dc/ http://www.openarchives.org/OAI/2.0/oai_dc.xsd">
  <dc:title>Ukrudt i økologiske marker skal bekæmpes på nye måder</dc:title>
  <dc:creator>Melander, Bo</dc:creator>
  <dc:subject>Weed management</dc:subject>
  <dc:description>Beskrivelse af hovedindholdet i FØJOIII-projektet WEEDS</dc:description>
  <dc:publisher>Landbrugsavisen</dc:publisher>
  <dc:date>2008-04</dc:date>
  <dc:type>Newspaper or magazine article</dc:type>
  <dc:type>NonPeerReviewed</dc:type>
  <dc:format>application/pdf</dc:format>
  <dc:identifier>http://orgprints.org/14700/1/14700.pdf</dc:identifier>
  <dc:identifier>Melander, Bo    (2008) Ukrudt i økologiske marker skal bekæmpes på nye måder.   Landbrugsavisen, April 2008.</dc:identifier>
  <dc:relation>http://orgprints.org/14700/</dc:relation>
</oai_dc:dc>