<oai_dc:dc xmlns:oai_dc="http://www.openarchives.org/OAI/2.0/oai_dc/" xmlns:dc="http://purl.org/dc/elements/1.1/" xmlns:xsi="http://www.w3.org/2001/XMLSchema-instance" xsi:schemaLocation="http://www.openarchives.org/OAI/2.0/oai_dc/ http://www.openarchives.org/OAI/2.0/oai_dc.xsd">
  <dc:title>MONITORAGGIO DEI MELETI DEL CANAVESE COLPITI DA FITOPLASMI AGENTI CAUSALI DI AP (APPLE PROLIFERATION)</dc:title>
  <dc:creator>PINNA, MASSIMO</dc:creator>
  <dc:creator>GAMBA, URSULA</dc:creator>
  <dc:creator>SPAGNOLO, SANDRA</dc:creator>
  <dc:creator>ZACCARA, PATRIZIA</dc:creator>
  <dc:creator>TEDESCHI, ROSEMARIE</dc:creator>
  <dc:creator>GALLO, SERGIO</dc:creator>
  <dc:subject>Crop health, quality, protection</dc:subject>
  <dc:description>Gli scopazzi del melo, causati da fitoplasmi, rappresentano una delle più pericolose avversità del melo. Negli ultimi anni si sono diffusi in molte regioni del nord Italia. Lo scopo del lavoro è stato definire le aree più colpite in provincia di Torino e studiare il ciclo biologico del vettore Cacopsilla melanoneura, nella prospettiva di un successivo controllo biologico</dc:description>
  <dc:publisher>PROVINCIA DI TORINO</dc:publisher>
  <dc:contributor>TURCHI, ANNALISA</dc:contributor>
  <dc:contributor>SALVATI, MARCELLO</dc:contributor>
  <dc:date>2003-09</dc:date>
  <dc:type>Journal paper</dc:type>
  <dc:type>NonPeerReviewed</dc:type>
  <dc:format>application/pdf</dc:format>
  <dc:identifier>http://orgprints.org/6810/1/monitoraggio_AP01.pdf</dc:identifier>
  <dc:identifier>PINNA, MASSIMO; GAMBA, URSULA; SPAGNOLO, SANDRA; ZACCARA, PATRIZIA; TEDESCHI, ROSEMARIE and GALLO, SERGIO   (2003) MONITORAGGIO DEI MELETI DEL CANAVESE COLPITI DA FITOPLASMI AGENTI CAUSALI DI AP (APPLE PROLIFERATION).  [MONITORING IN APPLES ORCHARDS OF CANAVESE AREA(TO, Italy) AFFECTED BY APPLE PROLIFERATION.]  BOLLETTINO DI AGRICOLTURA BIOLOGICA Edited by CRAB (Reference Centre for Organic Farming, Turin Province) (1), pp. 9-20.</dc:identifier>
  <dc:relation>http://orgprints.org/6810/</dc:relation>
</oai_dc:dc>