<oai_dc:dc xmlns:oai_dc="http://www.openarchives.org/OAI/2.0/oai_dc/" xmlns:dc="http://purl.org/dc/elements/1.1/" xmlns:xsi="http://www.w3.org/2001/XMLSchema-instance" xsi:schemaLocation="http://www.openarchives.org/OAI/2.0/oai_dc/ http://www.openarchives.org/OAI/2.0/oai_dc.xsd">
  <dc:title>Pluimvee: aanbieden van ruwvoer</dc:title>
  <dc:creator>Wagenaar, Jan-Paul</dc:creator>
  <dc:subject>Feeding and growth</dc:subject>
  <dc:subject>Health and welfare</dc:subject>
  <dc:subject>Poultry</dc:subject>
  <dc:description>In de biologische legpluimveehouderij is het aanbieden van ruwvoer verplicht. In de praktijk wordt dit op heel verschillende manieren ingevuld. Het verstrekken van ruwvoer aan leghennen is een geschikte manier om aan verschillende welzijnsdoelen invulling te geven. Het verstrekken van ruwvoer draagt bij aan een betere verdeling van hennen over het huisvestingssysteem, biedt hennen een functionele, en qua tijd substantiële, extra tijdsbesteding aan en kan een positieve bijdrage leveren aan het functioneren van het maagdarmstelsei van de hen. Ruwvoerverstrekking is ook voor de gangbare bedrijfsvoering interessant. Het aanbieden van ruwvoer aan gezonde hennen had positieve effecten op ontwikkeling en gedrag, ook in de opfok. Hierbij werd echter vastgesteld dat problemen die tijdens de opfok slechts in beperkte mate waarneembaar zijn, tijdens de leg een grotere vorm aan kunnen nemen. Met het oog op o.a. preventie van verenpikken tijdens de leg is het daarom belangrijk een maatregel ais het dagelijks aanbieden van ruwvoer tijdens de opfok ten allen tijde te overwegen. Dit geldt voor zowel biologische als gangbare leghennen. In beide systemen geldt dat goed basismanagement (klimaat, voer, etc) optimaal moet zijn voor goede resultaten. Bij kleine verstoringen in het basismanagement kan ruwvoer een helpende hand bieden: het biedt de kip afleiding en functioneel substraat voor het verteringssysteem.</dc:description>
  <dc:publisher>Wageningen UR Livestock Research</dc:publisher>
  <dc:contributor>Bracke, M.B.M</dc:contributor>
  <dc:date>2011</dc:date>
  <dc:type>Book chapter</dc:type>
  <dc:type>NonPeerReviewed</dc:type>
  <dc:format>application/pdf</dc:format>
  <dc:identifier>http://orgprints.org/20789/1/2541.pdf</dc:identifier>
  <dc:identifier>Wagenaar, Jan-Paul    (2011) Pluimvee: aanbieden van ruwvoer.  [Poultry: Providing roughage.]   In: Bracke, M.B.M (Ed.)   Verbeteren welzijnsprestaties in de biologische veehouderij: Korte termijn prioriteiten en aanzet tot lange termijn visie.  Report, no. 479. Wageningen UR Livestock Research, Lelystad, chapter 5, pp. 19-23.</dc:identifier>
  <dc:relation>http://orgprints.org/20789/</dc:relation>
</oai_dc:dc>