<oai_dc:dc xmlns:oai_dc="http://www.openarchives.org/OAI/2.0/oai_dc/" xmlns:dc="http://purl.org/dc/elements/1.1/" xmlns:xsi="http://www.w3.org/2001/XMLSchema-instance" xsi:schemaLocation="http://www.openarchives.org/OAI/2.0/oai_dc/ http://www.openarchives.org/OAI/2.0/oai_dc.xsd">
  <dc:title>How can organic agriculture contribute to long-term climate goals?</dc:title>
  <dc:creator>Sundberg, C.</dc:creator>
  <dc:creator>Röös, E.</dc:creator>
  <dc:creator>Salomon, E.</dc:creator>
  <dc:creator>Wivstad, M.</dc:creator>
  <dc:subject>Air and water emissions</dc:subject>
  <dc:subject>Farm nutrient management</dc:subject>
  <dc:description>The EU countries aim to reduce their emissions of greenhouse gases (GHG) by 80-95% by 2050 (European Commission, 2011). The food sector accounts today for 25% of Swedish greenhouse gas emissions, most of which arise in agricultural production, so there is a need for radical reduction of GHG emissions in this sector. For organic farming in Sweden, this implies that it is time to move beyond the discussion on whether organic products have a lower or higher life-cycle climate impact than conventional products (Cederberg et al 2011). Instead, the interesting question is: What can and should be done to drastically reduce the climate impact of organic agriculture? The science-based response to that question is relevant for Swedish agriculture as a whole.&#xD;
Development towards lower climate impact from organic agriculture requires further monitoring and technology development to reduce emissions of nitrous oxide, methane and carbon dioxide. But it also involves developing production systems that are more efficient in the use of nutrients, energy and land, as well as shifting focus from producing animal food towards more legume, grain, vegetable and fruit products.</dc:description>
  <dc:contributor>Løes, Anne-Kristin</dc:contributor>
  <dc:contributor>Askegaard, Margrethe</dc:contributor>
  <dc:contributor>Langer, Vibeke</dc:contributor>
  <dc:contributor>Partanen, Kirsi</dc:contributor>
  <dc:contributor>Pehme, Sirli</dc:contributor>
  <dc:contributor>Rasmussen, Ilse A.</dc:contributor>
  <dc:contributor>Salomon, Eva</dc:contributor>
  <dc:contributor>Sørensen, Peter</dc:contributor>
  <dc:contributor>Ullvén, Karin</dc:contributor>
  <dc:contributor>Wivstad, Maria</dc:contributor>
  <dc:date>2013-08-21</dc:date>
  <dc:type>Conference paper, poster, etc.</dc:type>
  <dc:type>NonPeerReviewed</dc:type>
  <dc:format>application/pdf</dc:format>
  <dc:identifier>http://orgprints.org/24516/1/24516.pdf</dc:identifier>
  <dc:identifier>Sundberg, C.; Röös, E.; Salomon, E. and Wivstad, M.    (2013) How can organic agriculture contribute to long-term climate goals?   In: Løes, Anne-Kristin; Askegaard, Margrethe; Langer, Vibeke; Partanen, Kirsi; Pehme, Sirli; Rasmussen, Ilse A.; Salomon, Eva; Sørensen, Peter; Ullvén, Karin and Wivstad, Maria (Eds.)  Organic farming systems as a driver for change, NJF Report, no. 9 (3), pp. 37-38.</dc:identifier>
  <dc:relation>http://orgprints.org/24516/</dc:relation>
</oai_dc:dc>