<oai_dc:dc xmlns:oai_dc="http://www.openarchives.org/OAI/2.0/oai_dc/" xmlns:dc="http://purl.org/dc/elements/1.1/" xmlns:xsi="http://www.w3.org/2001/XMLSchema-instance" xsi:schemaLocation="http://www.openarchives.org/OAI/2.0/oai_dc/ http://www.openarchives.org/OAI/2.0/oai_dc.xsd">
  <dc:title>Biozertifizierung im Einzelhandel: Legal, illegal, ganz egal?</dc:title>
  <dc:creator>Neuendorff, Jochen</dc:creator>
  <dc:subject>Consumer issues</dc:subject>
  <dc:subject>Regulation</dc:subject>
  <dc:description>Im Artikel werden die Pflicht von Einzelhändlern zur Teilnahme am Öko-Kontrollverfahren erläutert und ein risikoorientiertes Kontrollverfahren für den Einzelhandel vorgestellt.</dc:description>
  <dc:date>2013-10-01</dc:date>
  <dc:type>Journal paper</dc:type>
  <dc:type>NonPeerReviewed</dc:type>
  <dc:format>application/pdf</dc:format>
  <dc:identifier>http://orgprints.org/23556/1/OEL168_42_43_Neuendorff.pdf</dc:identifier>
  <dc:identifier>Neuendorff, Jochen   (2013) Biozertifizierung im Einzelhandel: Legal, illegal, ganz egal?   Ökologie &amp; Landbau, 168 (4/2013), pp. 42-43.</dc:identifier>
  <dc:relation>http://orgprints.org/23556/</dc:relation>
</oai_dc:dc>