<oai_dc:dc xmlns:oai_dc="http://www.openarchives.org/OAI/2.0/oai_dc/" xmlns:dc="http://purl.org/dc/elements/1.1/" xmlns:xsi="http://www.w3.org/2001/XMLSchema-instance" xsi:schemaLocation="http://www.openarchives.org/OAI/2.0/oai_dc/ http://www.openarchives.org/OAI/2.0/oai_dc.xsd">
  <dc:title>Zum Nutzungspotential alternativer Leguminosen und Wiesenkräuter – unter besonderer Berücksichtigung sekundärer Pflanzeninhaltsstoffe</dc:title>
  <dc:creator>Hamacher, Maike</dc:creator>
  <dc:creator>Loges, Ralf</dc:creator>
  <dc:creator>Taube, Friedhelm</dc:creator>
  <dc:subject>Pasture and forage crops</dc:subject>
  <dc:subject>Feeding and growth</dc:subject>
  <dc:description>Legumes and herbs are able to contribute to productivity and biodiversity in forage production. Besides they are known for beneficial properties for nutritive value and animal health. In the present study the potential yield and forage quality of eight legumes, four herbs and perennial ryegrass were tested under growing conditions in northern Germany. Due to their ability to bind protein and affect ruminal fermentation in a favourable manner, concentration of condensed tannins (CT) and total phenols (TP) were measured. Regarding some forage quality parameters, herbs and alternative legumes were equal or even exceed standard species. In general, herbs were lower in dry matter yield and crude protein, but higher in energy content and TP. Highest TP were found in Salad Burnet. Only Sainfoin and Birdsfoot Trefoil showed high amounts of CT.</dc:description>
  <dc:publisher>Verlag Dr. Köster, Berlin</dc:publisher>
  <dc:date>2014-09-21</dc:date>
  <dc:type>Conference paper, poster, etc.</dc:type>
  <dc:type>NonPeerReviewed</dc:type>
  <dc:format>application/pdf</dc:format>
  <dc:identifier>http://orgprints.org/27259/1/27259_hamacher.pdf</dc:identifier>
  <dc:identifier>Hamacher, Maike; Loges, Ralf and Taube, Friedhelm    (2014) Zum Nutzungspotential alternativer Leguminosen und Wiesenkräuter – unter besonderer Berücksichtigung sekundärer Pflanzeninhaltsstoffe.       Paper at:   13. Wissenschaftstagung Ökologischer Landbau, Hochschule für nachhaltige Entwicklung Eberswalde, 17. - 20. März 2015.</dc:identifier>
  <dc:relation>http://orgprints.org/27259/</dc:relation>
</oai_dc:dc>