<oai_dc:dc xmlns:oai_dc="http://www.openarchives.org/OAI/2.0/oai_dc/" xmlns:dc="http://purl.org/dc/elements/1.1/" xmlns:xsi="http://www.w3.org/2001/XMLSchema-instance" xsi:schemaLocation="http://www.openarchives.org/OAI/2.0/oai_dc/ http://www.openarchives.org/OAI/2.0/oai_dc.xsd">
  <dc:title>Differences in grain/straw ratio, protein content and yield in landraces and modern varieties of different wheat species under organic farming.</dc:title>
  <dc:creator>Konvalina, Petr</dc:creator>
  <dc:creator>Stehno, Zdenek</dc:creator>
  <dc:creator>Capouchova, Ivana</dc:creator>
  <dc:creator>Zechner, Elisabeth</dc:creator>
  <dc:creator>Berger, Sandra</dc:creator>
  <dc:creator>Grausgruber, Heinrich</dc:creator>
  <dc:creator>Janovska, Dagmar</dc:creator>
  <dc:creator>Moudry , Jan</dc:creator>
  <dc:subject>Farming Systems</dc:subject>
  <dc:subject>Breeding, genetics and propagation</dc:subject>
  <dc:description>Hulled wheat species (einkorn, emmer, spelt) are presumed to be an alternative to bread wheat in organic agriculture since the yield penalty is less pronounced under organic farming and generally higher prices can be achieved for specialty grains. The present study analyzed differences between wheat species with respect to biomass production, harvest index, grain yield and protein content. Spring hulled wheat genetic resources and bread wheat check cultivars were grown in organic field trials in the Czech Republic and Austria between 2010 and 2012. Generally, hulled wheat species were inferior in grain yield and distribution of assimilates to the grain compared to modern bread wheat. Biomass production of some emmer and spelt landraces was similar to bread wheat. A higher protein content (+3–6 %) was observed for spelt, however, considering protein yield the differences between spelt and bread wheat became less pronounced. With respect to the recent high market demand for spelt and the absence of available spring grown varieties some of the landraces were identified as valuable resources for the development of spring spelt varieties suitable for organic farming.</dc:description>
  <dc:date>2014</dc:date>
  <dc:type>Journal paper</dc:type>
  <dc:type>NonPeerReviewed</dc:type>
  <dc:identifier>Konvalina, Petr; Stehno, Zdenek; Capouchova, Ivana; Zechner, Elisabeth; Berger, Sandra; Grausgruber, Heinrich; Janovska, Dagmar and Moudry , Jan    (2014) Differences in grain/straw ratio, protein content and yield in landraces and modern varieties of different wheat species under organic farming.   Euphytica, 199 (1-2), pp. 31-40.</dc:identifier>
  <dc:relation>http://orgprints.org/28262/</dc:relation>
</oai_dc:dc>