<oai_dc:dc xmlns:oai_dc="http://www.openarchives.org/OAI/2.0/oai_dc/" xmlns:dc="http://purl.org/dc/elements/1.1/" xmlns:xsi="http://www.w3.org/2001/XMLSchema-instance" xsi:schemaLocation="http://www.openarchives.org/OAI/2.0/oai_dc/ http://www.openarchives.org/OAI/2.0/oai_dc.xsd">
  <dc:title>Was bedeutet „Konventionalisierung“? Konventionelle Lösungsansätze statt Kreislaufdenken untergraben den Biolandbau</dc:title>
  <dc:creator>Bartel-Kratochvil, Dr. Ruth</dc:creator>
  <dc:creator>Lindenthal, Dr. Thomas</dc:creator>
  <dc:creator>Zollitsch, Dr. Werner</dc:creator>
  <dc:creator>Darnhofer, Dr. Ika</dc:creator>
  <dc:subject>Policy environments and social economy</dc:subject>
  <dc:description>In den letzten Jahren war der Biolandbau mit vielen neuen Herausforderungen und neuen Möglichkeiten konfrontiert. Die Nachfrage nach Bioprodukten ist gestiegen, die Verarbeitung ist vielfälltiger, der ökonomische Druck ist stärker geworden. Auch die Produktionstechnik auf Biobetrieben hat sich weiterentwickelt.</dc:description>
  <dc:date>2008</dc:date>
  <dc:type>Conference paper, poster, etc.</dc:type>
  <dc:type>NonPeerReviewed</dc:type>
  <dc:format>application/pdf</dc:format>
  <dc:identifier>http://orgprints.org/14942/1/5_Poster_Konv_Mar08_final.pdf</dc:identifier>
  <dc:identifier>Bartel-Kratochvil, Dr. Ruth; Lindenthal, Dr. Thomas; Zollitsch, Dr. Werner and Darnhofer, Dr. Ika    (2008) Was bedeutet „Konventionalisierung“? Konventionelle Lösungsansätze statt Kreislaufdenken untergraben den Biolandbau.       Poster at:   Bioforschung für die Praxis, Seminarzentrum Am Spiegeln, Wien, 8.4.2008.</dc:identifier>
  <dc:relation>http://orgprints.org/14942/</dc:relation>
</oai_dc:dc>