<oai_dc:dc xmlns:oai_dc="http://www.openarchives.org/OAI/2.0/oai_dc/" xmlns:dc="http://purl.org/dc/elements/1.1/" xmlns:xsi="http://www.w3.org/2001/XMLSchema-instance" xsi:schemaLocation="http://www.openarchives.org/OAI/2.0/oai_dc/ http://www.openarchives.org/OAI/2.0/oai_dc.xsd">
  <dc:title>Beurteilung der Lungengesundheit von Schweinen aus verschiedenen ökologischen Haltungssystemen mittels BAL und Lungenhistologie</dc:title>
  <dc:creator>Rieger, Monika A.</dc:creator>
  <dc:creator>Sundrum, A.</dc:creator>
  <dc:creator>Jungbluth, T.</dc:creator>
  <dc:creator>Hartung, E.</dc:creator>
  <dc:subject>Pigs</dc:subject>
  <dc:subject>Health and welfare</dc:subject>
  <dc:description>Im vorliegenden Forschungsvorhaben wurde die Lungengesundheit von Schweinen in Abhängigkeit von verschiedenen Haltungs- und Managementbedingungen beschrieben. Die Untersuchung erfolgte an Mastschweinen verschiedener Herkünfte (konventionell – ökologischer Tiefstreustall – Stall nach EU-Öko-VO – Freilandhaltung) und an Tieren unterschiedlichen Alters. In der konventionellen Schweinemast handelte es sich hierbei um Ferkel, Läufer und Mastschweine derselben Herkunft, in der ökologischen Schweinemast um Läufer, Mastschweine und XXL-Schweine von jeweils zwei Beständen. Letztere Untersuchung diente vor allem der Abbildung möglicher Effekte von Unterschieden im betrieblichen und Hygienemanagement auf die Tiergesundheit in den beiden ökologischen Beständen. Der Gesundheitszustand der Tiere mit Betonung des Lungenbefundes wurde über Schlachtkörperuntersuchungen, bronchoalveoläre Lavage (BAL) und histologische Untersuchung makroskopisch auffälliger Lungenbefunde erfasst. Allgemein wurde festgestellt, dass die Tiere im Zeitverlauf und in Abhängigkeit von den Haltungsbedingungen Zeichen einer zunehmenden entzündlichen Veränderung im Bereich der Atemwege zeigten (BAL: prozentuale Reduktion der Makrophagen bei gleichzeitigem relativen Anstieg der Lymphozyten). Die histologische Untersuchung wies auf ein unterschiedlich ausgeprägtes v.a. viral bedingtes infektiöses Geschehen hin, das möglicherweise durch eine in unterschiedlichem Ausmaß bestehende irritative Schädigung der Atemwege gefördert wurde. Sowohl bei Untersuchung der Mastschweine als auch bei Probenahme bei unterschiedlich alten Tieren wurde deutlich, dass den Managementfaktoren (Entwurmung, Impfstatus, Hygiene) eine bedeutende Rolle im Hinblick auf den Gesundheitszustand zukommt. Im negativen Fall führte dieser Effekt dazu, dass die Anzahl auffälliger Befunde trotz vergleichsweiser guter Stallluftqualität (sehr) hoch war. Neben baulich-technischen Faktoren kommt folglich dem Management eine sehr große Bedeutung zu.</dc:description>
  <dc:date>2005</dc:date>
  <dc:type>Project description</dc:type>
  <dc:type>NonPeerReviewed</dc:type>
  <dc:identifier>{Project}    Beurteilung der Lungengesundheit von Schweinen aus verschiedenen ökologischen Haltungssystemen mittels BAL und Lungenhistologie.  [Lung health assessment of pigs from different housing systems by the methods of bronchoalveolar lavage (BAL) and lung histology examination.]   Runs 2004 - 2005.      Project Leader(s): Rieger, Dr. Monika A., Bergische Universität Wuppertal.</dc:identifier>
  <dc:relation>http://orgprints.org/15222/</dc:relation>
</oai_dc:dc>