<oai_dc:dc xmlns:oai_dc="http://www.openarchives.org/OAI/2.0/oai_dc/" xmlns:dc="http://purl.org/dc/elements/1.1/" xmlns:xsi="http://www.w3.org/2001/XMLSchema-instance" xsi:schemaLocation="http://www.openarchives.org/OAI/2.0/oai_dc/ http://www.openarchives.org/OAI/2.0/oai_dc.xsd">
  <dc:title>Salmonella og Campylobacter i økologisk svineproduktion</dc:title>
  <dc:creator>Jensen, A.N.</dc:creator>
  <dc:creator>Baggesen, D.L.</dc:creator>
  <dc:subject>Pigs</dc:subject>
  <dc:description>De mere ekstensive systemer i økologisk svineproduktion formodes at have en positiv effekt på dyrenes robusthed f.eks. over for infektioner. Der er dog ingen dokumentation for, at økologiske svin har et lavere indhold af de almindelige zoonotiske bakterier som f.eks. Salmonella og Campylobacter end konventionelle svin. &#xD;
&#xD;
Et forsøg med økologiske smågrise viste, at salmonellainfektioner kan overføres både mellem grisene men også via et salmonellasmittet miljø. Graden af den smitte grisene udsættes for synes væsentlig for etablering af en infektion. Campylobacter, som anses for at være en naturlig del af grisens tarmflora, blev fundet i alle smågrisene. Desuden var det muligt at påvise både den typisk svineassocierede Campylobacter art C. coli og arten C. jejuni vha. en ny metode.</dc:description>
  <dc:date>2004</dc:date>
  <dc:type>Other</dc:type>
  <dc:type>NonPeerReviewed</dc:type>
  <dc:format>application/pdf</dc:format>
  <dc:identifier>http://orgprints.org/4141/1/4141.pdf</dc:identifier>
  <dc:identifier>Jensen, A.N. and Baggesen, D.L.    (2004) Salmonella og Campylobacter i økologisk svineproduktion.  [Salmonella and Campylobacter in organic pig production.]  .</dc:identifier>
  <dc:relation>http://orgprints.org/4141/</dc:relation>
</oai_dc:dc>