<oai_dc:dc xmlns:oai_dc="http://www.openarchives.org/OAI/2.0/oai_dc/" xmlns:dc="http://purl.org/dc/elements/1.1/" xmlns:xsi="http://www.w3.org/2001/XMLSchema-instance" xsi:schemaLocation="http://www.openarchives.org/OAI/2.0/oai_dc/ http://www.openarchives.org/OAI/2.0/oai_dc.xsd">
  <dc:title>Grøngødning som kvælstofkilde</dc:title>
  <dc:creator>Korsgaard, Maren</dc:creator>
  <dc:subject>Nutrient turnover</dc:subject>
  <dc:subject>Farm nutrient management</dc:subject>
  <dc:description>Bælgplanterne rummer jordens smarteste gødningsfabriker. I rodknoldene samarbejder de kvælstofsamlende bakterier med planten om at producere proteiner. Energien leveres af solen, råstofferne er luftens kuldioxyd og kvælstof, og det eneste affaldsprodukt er ilt. Renere produktion findes vist ikke. Gødningsfabrikationen sker helt lokalt i din egen mark, så gødningen er allerede placeret, klar til den efterfølgende afgrøde. Det er simpelthen en smart måde at gøde sine marker på.</dc:description>
  <dc:publisher>Økologisk Rådgivning</dc:publisher>
  <dc:contributor>Blume, Steffen</dc:contributor>
  <dc:date>2012-11-05</dc:date>
  <dc:type>Report chapter</dc:type>
  <dc:type>NonPeerReviewed</dc:type>
  <dc:format>application/pdf</dc:format>
  <dc:identifier>http://orgprints.org/27265/6/27265.pdf</dc:identifier>
  <dc:identifier>Korsgaard, Maren    (2012) Grøngødning som kvælstofkilde.  [Green manure as a nitrogen source.]   In: Blume, Steffen (Ed.)  Økologisk Planteavlsberetning 2012.  Økologisk Rådgivning, chapter 12.</dc:identifier>
  <dc:relation>http://orgprints.org/27265/</dc:relation>
</oai_dc:dc>