<oai_dc:dc xmlns:oai_dc="http://www.openarchives.org/OAI/2.0/oai_dc/" xmlns:dc="http://purl.org/dc/elements/1.1/" xmlns:xsi="http://www.w3.org/2001/XMLSchema-instance" xsi:schemaLocation="http://www.openarchives.org/OAI/2.0/oai_dc/ http://www.openarchives.org/OAI/2.0/oai_dc.xsd">
  <dc:title>Anbautelegramm Lupinen (Lupinus angustifolius L., Lupinus luteus L., Lupinus albus L.)</dc:title>
  <dc:creator>Böhm, Herwart</dc:creator>
  <dc:creator>Gruber, Harriet</dc:creator>
  <dc:subject>Cereals, pulses and oilseeds</dc:subject>
  <dc:description>Für den Lupinenanbau werden in einem kurzgefassten Anbautelegramm die Stärken und Schwächen der weißen, gelben und blauen Lupinen sowie grundlegende Kennwerte zu Standortansprüchen, Aussaat, Unkrautregulierung, Nährstoffbedarf und Schaderregern dargestellt.</dc:description>
  <dc:publisher>KTBL</dc:publisher>
  <dc:date>2013</dc:date>
  <dc:type>Book chapter</dc:type>
  <dc:type>NonPeerReviewed</dc:type>
  <dc:format>application/pdf</dc:format>
  <dc:identifier>http://orgprints.org/27892/1/Boehm_Gruber_9-1_Lupine_KTBL_2013.pdf</dc:identifier>
  <dc:identifier>Böhm, Herwart and Gruber, Harriet    (2013) Anbautelegramm Lupinen (Lupinus angustifolius L., Lupinus luteus L., Lupinus albus L.).    In:   Kuratorium für Technik und Bauwesen in der Landwirtschaft e.V. (KTBL) (Ed.)   Körnerleguminosen anbauen und verwerten.  KTBL-Heft, no. 100. KTBL, Darmstadt, Deutschland, pp. 30-31.</dc:identifier>
  <dc:relation>http://orgprints.org/27892/</dc:relation>
</oai_dc:dc>