<oai_dc:dc xmlns:oai_dc="http://www.openarchives.org/OAI/2.0/oai_dc/" xmlns:dc="http://purl.org/dc/elements/1.1/" xmlns:xsi="http://www.w3.org/2001/XMLSchema-instance" xsi:schemaLocation="http://www.openarchives.org/OAI/2.0/oai_dc/ http://www.openarchives.org/OAI/2.0/oai_dc.xsd">
  <dc:title>Produktion og næringsstofudnyttelse i kløvergræsmarker</dc:title>
  <dc:creator>Eriksen, Jørgen</dc:creator>
  <dc:subject>Farming Systems</dc:subject>
  <dc:subject>Animal husbandry</dc:subject>
  <dc:subject>Feeding and growth</dc:subject>
  <dc:subject>Farm nutrient management</dc:subject>
  <dc:description>Der vises resultater fra det økologiske kvægsædskifte i Foulum omkring produktion og nitratudvaskning i kløver-græsmarker med forskellig alder og management. Desuden beskrives positiv eftervirkning af afgræsning og af iblanding af rødkløver. Endelig beskrives betydningen af køers fysiske påvirkning af marken for vandtransport i jorden.</dc:description>
  <dc:publisher>Intern rapport • husdyrbrug Nr. 27</dc:publisher>
  <dc:date>2010-09-15</dc:date>
  <dc:type>Report chapter</dc:type>
  <dc:type>NonPeerReviewed</dc:type>
  <dc:format>application/pdf</dc:format>
  <dc:identifier>http://orgprints.org/17913/1/17913.pdf</dc:identifier>
  <dc:format>application/pdf</dc:format>
  <dc:identifier>http://orgprints.org/17913/4/17913_pr%C3%A6sentation.pdf</dc:identifier>
  <dc:identifier>Eriksen, Jørgen    (2010) Produktion og næringsstofudnyttelse i kløvergræsmarker.    In:     Økologisk græsmarksproduktion og udnyttelse til mælkeproduktion.  Intern rapport • husdyrbrug Nr. 27, Aarhus Universitet, chapter 3, pp. 21-26.</dc:identifier>
  <dc:relation>http://orgprints.org/17913/</dc:relation>
</oai_dc:dc>