<oai_dc:dc xmlns:oai_dc="http://www.openarchives.org/OAI/2.0/oai_dc/" xmlns:dc="http://purl.org/dc/elements/1.1/" xmlns:xsi="http://www.w3.org/2001/XMLSchema-instance" xsi:schemaLocation="http://www.openarchives.org/OAI/2.0/oai_dc/ http://www.openarchives.org/OAI/2.0/oai_dc.xsd">
  <dc:title>Sorte x Umwelt – Interaktionen von Winterweizen im biologischen Landbau</dc:title>
  <dc:creator>Hildermann, Isabell</dc:creator>
  <dc:creator>Messmer, Monika</dc:creator>
  <dc:creator>Kunz, Peter</dc:creator>
  <dc:creator>Pregitzer, Anjana</dc:creator>
  <dc:creator>Boller, Thomas</dc:creator>
  <dc:creator>Wiemken, Andres</dc:creator>
  <dc:creator>Mäder, Paul</dc:creator>
  <dc:subject>Cereals, pulses and oilseeds</dc:subject>
  <dc:subject>Breeding, genetics and propagation</dc:subject>
  <dc:description>Winterweizensorten für den Biolandbau müssen an sehr variable Umweltbedingungen angepasst sein. Acht biologisch und konventionell gezüchtete Weizensorten wurden 2007 im DOKLangzeitversuch in CH-Therwil in zwei bio-dynamischen Systemen (BIODYN 1 und BIODYN 2) auf Loess und 2008 auf bio-dynamischen Betrieben in Rheinau (SH) (Sand mit hohem Kiesanteil), Fehraltorf (ZH) (sandiger Lehm) und Vielbringen-Worb (BE) (sandiger Lehm) an marginalen Standorten getestet.</dc:description>
  <dc:publisher>SGPW/SSA: Schweizerische Gesellschaft für Pflanzenbauwissenschaften</dc:publisher>
  <dc:date>2010-03</dc:date>
  <dc:type>Conference paper, poster, etc.</dc:type>
  <dc:type>NonPeerReviewed</dc:type>
  <dc:format>application/pdf</dc:format>
  <dc:identifier>http://orgprints.org/26574/1/SGPW_Bulletin23_2010.pdf</dc:identifier>
  <dc:identifier>Hildermann, Isabell; Messmer, Monika; Kunz, Peter; Pregitzer, Anjana; Boller, Thomas; Wiemken, Andres and Mäder, Paul    (2010) Sorte x Umwelt – Interaktionen von Winterweizen im biologischen Landbau.   In:     Innovation im Pflanzenbau: von der Idee zur Umsetzung, SGPW/SSA: Schweizerische Gesellschaft für Pflanzenbauwissenschaften, Bulletin, no. 23.</dc:identifier>
  <dc:relation>http://orgprints.org/26574/</dc:relation>
</oai_dc:dc>