<oai_dc:dc xmlns:oai_dc="http://www.openarchives.org/OAI/2.0/oai_dc/" xmlns:dc="http://purl.org/dc/elements/1.1/" xmlns:xsi="http://www.w3.org/2001/XMLSchema-instance" xsi:schemaLocation="http://www.openarchives.org/OAI/2.0/oai_dc/ http://www.openarchives.org/OAI/2.0/oai_dc.xsd">
  <dc:title>Assessing the sustainability of EU organic and low input dairy farms</dc:title>
  <dc:creator>Leach, Katharine</dc:creator>
  <dc:subject>Dairy cattle</dc:subject>
  <dc:subject>Systems research and participatory research</dc:subject>
  <dc:description>The EU funded Sustainable Organic and Low Input Dairy Systems project (SOLID), aims to support the improvement of sustainable production on organic and low input dairy farms. 10 farms in each of 9 countries participated in an initial interview based assessment.&#xD;
The article presents some results from the UK (Ten OMSCo and seven Calon Wen farms), Austria, Finland and Den-mark. Other countries - Romania, Italy, Spain, Greece and the Netherlands - are also involved in the project, but since these countries have very different production systems from the UK they are not covered in this article</dc:description>
  <dc:publisher>ORC</dc:publisher>
  <dc:contributor>Leach, Katharine</dc:contributor>
  <dc:contributor>Gerrard, Catherine L</dc:contributor>
  <dc:contributor>Padel, Susanne</dc:contributor>
  <dc:date>2012</dc:date>
  <dc:type>Newspaper or magazine article</dc:type>
  <dc:type>NonPeerReviewed</dc:type>
  <dc:format>application/pdf</dc:format>
  <dc:identifier>http://orgprints.org/22874/1/Leach%20%20Bulletin%20111%20on%20sustainablity%20assessment.pdf</dc:identifier>
  <dc:identifier>Leach, Katharine    (2012) Assessing the sustainability of EU organic and low input dairy farms.   Organic Research Centre Bulletin, 2012, 111 (Winter), pp. 9-10.</dc:identifier>
  <dc:relation>http://orgprints.org/22874/</dc:relation>
</oai_dc:dc>