<oai_dc:dc xmlns:oai_dc="http://www.openarchives.org/OAI/2.0/oai_dc/" xmlns:dc="http://purl.org/dc/elements/1.1/" xmlns:xsi="http://www.w3.org/2001/XMLSchema-instance" xsi:schemaLocation="http://www.openarchives.org/OAI/2.0/oai_dc/ http://www.openarchives.org/OAI/2.0/oai_dc.xsd">
  <dc:title>Sapore, Freschezza e Contenuto in nutrienti&#xD;
Informazioni ai dettaglianti circa il Controllo di Qualità e la Sicurezza nelle filiere di Produzione Biologica</dc:title>
  <dc:creator>Velimirov, Alberta</dc:creator>
  <dc:creator>Bergamo, Paolo</dc:creator>
  <dc:creator>Lück, Lorna</dc:creator>
  <dc:creator>Brandt, Kirsten</dc:creator>
  <dc:subject>Food security, food quality and human health</dc:subject>
  <dc:description>Questo opuscolo rappresenta una piccola guida pratica per i commercianti e descrive ciò che viene fatto per assicurare la qualità ed il sapore di 7 alimenti biologici, che cosa è migliorabile e cosa possono fare i dettaglianti per ottimizzare la qualità degli alimenti. Altri opuscoli per i consumatori si occupano della autenticità o frode, della salubrità o contaminazione mentre opuscoli separati sono indirizzati ai dettaglianti ed ai produttori di specifici alimenti.</dc:description>
  <dc:publisher>Forschungsinstitut für biologischen Landbau, CH-5070 Frick; University of Newcastle, UK-NE1 7RU,Newcastle upon Tyne; Consiglio Nazionale delle RicercheIstituto di Scienze dell'Alimentazione, Istituto di Scienze dell'Alimentazione, I-83100 Avellino</dc:publisher>
  <dc:date>2005</dc:date>
  <dc:type>Book</dc:type>
  <dc:type>NonPeerReviewed</dc:type>
  <dc:format>application/pdf</dc:format>
  <dc:identifier>http://orgprints.org/4980/1/1_Qualiy_Retailer_IT.pdf</dc:identifier>
  <dc:identifier>Velimirov, Alberta; Bergamo, Paolo; Lück, Lorna and Brandt, Kirsten    (2005) Sapore, Freschezza e Contenuto in nutrienti Informazioni ai dettaglianti circa il Controllo di Qualità e la Sicurezza nelle filiere di Produzione Biologica.  [Taste, Freshness and Nutrients Information to Retailers regarding Control of Quality and Safety in Organic Production Chains.]   Organic HACCP, no. Nr. 1. Forschungsinstitut für biologischen Landbau, CH-5070 Frick; University of Newcastle, UK-NE1 7RU,Newcastle upon Tyne; Consiglio Nazionale delle RicercheIstituto di Scienze dell'Alimentazione, Istituto di Scienze dell'Alimentazione, I-83100 Avellino.   [Unpublished]</dc:identifier>
  <dc:relation>http://orgprints.org/4980/</dc:relation>
</oai_dc:dc>