<oai_dc:dc xmlns:oai_dc="http://www.openarchives.org/OAI/2.0/oai_dc/" xmlns:dc="http://purl.org/dc/elements/1.1/" xmlns:xsi="http://www.w3.org/2001/XMLSchema-instance" xsi:schemaLocation="http://www.openarchives.org/OAI/2.0/oai_dc/ http://www.openarchives.org/OAI/2.0/oai_dc.xsd">
  <dc:title>Deltagardriven forskning, Teori och praktik för svenskt lantbruk?</dc:title>
  <dc:subject>Systems research and participatory research</dc:subject>
  <dc:description>Arbetet innebär att syntetisera och bearbeta det arbete och den process som gruppen "Deltagardriven forskning Ekologisk växthusodling av tomat" har gjort kring vilka aspekter de menar bör ingå i vad som kan kallas ”ekologiska tomater” och vad som påverkar hur ”ekologiskt” deras egna odlingar drivs. Studien är ett exempel på hur deltagardriven forskning, med sin breda ansats, genom att arbeta med frågeställningar ur den lokala situationen kan bidra med kunskaper till de större sammanhangen, i detta fall ekologiskt lantbruk i stort. Det är också av intresse att beskriva hur deltagardriven forskning används inom ekologiskt lantbruk, i ett i-land som Sverige men framförallt hur en grupp lantbrukare ställts sig frågor ur ett större sammanhang, utanför de ekonomiska ramarna för sin verksamhet.</dc:description>
  <dc:type>Project description</dc:type>
  <dc:type>NonPeerReviewed</dc:type>
  <dc:identifier>{Project}    Deltagardriven forskning, Teori och praktik för svenskt lantbruk?  [Exploring the theory och practice of participatory research in Swedish agriculture.]   Runs 2004 - 2006.      Project Leader(s): Eksvärd, Karin, Swedish University of Agricultural Sciences, SLU.</dc:identifier>
  <dc:relation>http://orgprints.org/7796/</dc:relation>
</oai_dc:dc>