<oai_dc:dc xmlns:oai_dc="http://www.openarchives.org/OAI/2.0/oai_dc/" xmlns:dc="http://purl.org/dc/elements/1.1/" xmlns:xsi="http://www.w3.org/2001/XMLSchema-instance" xsi:schemaLocation="http://www.openarchives.org/OAI/2.0/oai_dc/ http://www.openarchives.org/OAI/2.0/oai_dc.xsd">
  <dc:title>Die Wirkungen von gesundheitsbezogenen Aussagen (Health Claims) auf das Kaufverhalten: Unterschiede zwischen ökologischen und konventionellen Lebensmitteln</dc:title>
  <dc:subject>Food security, food quality and human health</dc:subject>
  <dc:subject>Markets and trade</dc:subject>
  <dc:subject>Consumer issues</dc:subject>
  <dc:description>Gesundheit ist ein zunehmend wichtiges Thema im Lebensmittelmarkt. Zum einen fühlen sich Konsumenten vermehrt selbst verantwortlich für das knappe Gut ihrer individuellen Gesundheit, zum anderen wird von Seiten des Gesetzgebers und des Verbraucherschutzes versucht, mit Informationen über Ernährung einen positiven Einfluss auf die Gesundheit der Bevölkerung auszuüben. Aus diesen Gründen wird derzeit in der EU, ähnlich wie in einigen Ländern, eine gesetzliche Regelung von gesundheitsbezogenen Angaben auf Lebensmitteln vorbereitet. Nicht erforscht ist jedoch bisher, ob und wie Konsumenten von Öko-Lebensmitteln im Vergleich zu Konsumenten konventioneller Lebensmittel in Deutschland von diesen so genannten ‚Health Claims’ in ihrer Informationssuche und Kaufentscheidung beeinflusst werden. Zur Klärung dieser Fragestellung werden Verbraucher von Öko-Lebensmitteln in einem realitätsnah gestalteten Kaufsimulationsexperiment im Labor vor eine Auswahlentscheidung gestellt und dabei per Videoaufnahme bezüglich ihres Informations­suchverhaltens beobachtet. Anschließend werden die Probanden im mündlichen Interview zu ihrer Entscheidung und ihrer Beurteilung der Informationen befragt. Mit Hilfe psycho- und soziodemografischer Daten werden die Hintergründe des Verhaltens erforscht. Anhand der Ergebnisse eines parallelen DFG-Forschungsprojektes (http://gepris.dfg.de/gepris/) wird das Verhalten der Öko-Konsumenten mit dem Verhalten von Konsumenten konventioneller Lebensmittel verglichen. Insbesondere soll untersucht werden, welchen Beitrag das theoretische Konstrukt des Involvements zur Erklärung des Kaufverhaltens angesichts von Health Claims liefert. Die Erkenntnisse des Projektes sollen als Entscheidungsgrundlage für Akteure der Öko-Lebensmittelbranche dienen. So können die gewonnenen Informationen den Unternehmen dabei helfen, auf den oben angesprochenen Trend im Lebensmittelmarkt angemessen zu reagieren. Das Projekt trägt damit zu einem nachhaltigen Wachstum des Öko-Lebensmittelmarktes bei.</dc:description>
  <dc:type>Project description</dc:type>
  <dc:type>NonPeerReviewed</dc:type>
  <dc:identifier>{Project}    Die Wirkungen von gesundheitsbezogenen Aussagen (Health Claims) auf das Kaufverhalten: Unterschiede zwischen ökologischen und konventionellen Lebensmitteln.  [The impact of health claims on buying behaviour: Differences between organic and conventional foods.]   Runs 2007 - 2008.      Project Leader(s): Hamm, Prof. Dr. Ulrich and Maroscheck, Dipl.Umweltwissenschaftlerin Nicole, University of Kassel, Faculty of Organic Agricultural Sciences.</dc:identifier>
  <dc:relation>http://orgprints.org/11661/</dc:relation>
</oai_dc:dc>