<oai_dc:dc xmlns:oai_dc="http://www.openarchives.org/OAI/2.0/oai_dc/" xmlns:dc="http://purl.org/dc/elements/1.1/" xmlns:xsi="http://www.w3.org/2001/XMLSchema-instance" xsi:schemaLocation="http://www.openarchives.org/OAI/2.0/oai_dc/ http://www.openarchives.org/OAI/2.0/oai_dc.xsd">
  <dc:title>O programa nacional de fortalecimento da agricultura familiar no Brasil: uma análise sobre a distribuição regional e setorial dos recursos.</dc:title>
  <dc:creator>Azevedo, Francisco Fransualdo</dc:creator>
  <dc:creator>Pessôa, Vera Lúcia Salazar</dc:creator>
  <dc:subject>Social aspects</dc:subject>
  <dc:description>No Brasil, as políticas públicas para o espaço rural sempre tenderam a priorizar a agricultura patronal, em detrimento dos agricultores familiares. Todavia, os estudos realizados pelos órgãos FAO - INCRA deram subsídio para a criação do Programa Nacional de Fortalecimento da Agricultura Familiar (PRONAF), resultando em um novo direcionamento dos investimentos públicos, os quais passaram a contemplar o segmento dos agricultores familiares. Entende-se o PRONAF como uma política não-compensatória, que, apesar de seus problemas, tem contribuído de fato para mudanças e melhorias no espaço agrário brasileiro. Desde sua criação no final da década de 1990, o PRONAF passou por várias mudanças em sua estrutura administrativa e operacional, a fim de alcançar seus objetivos e adequar-se face a complexa realidade social agrária brasileira. Sendo assim, o presente estudo visa discutir as ações do Estado por meio desse Programa, a partir de suas linhas de atuação, bem como analisar a distribuição de suas concessões de crédito regional e setorialmente. Assim, os procedimentos metodológicos utilizados para a realização deste trabalho compreendem pesquisa bibliográfica e documental, além de pesquisa em fontes secundárias, no intuito de obter dados e informações relevantes para a análise das relações sociais estabelecidas em meio a esse processo de concretização e espacialização desse Programa. Dentre as implicações do PRONAF pode-se notar em âmbito nacional, uma diminuição da disparidade regional brasileira, bem como a preocupação que o Programa tem demonstrado com os aspectos socioculturais locais e regionais, como forma de garantir que seus investimentos perpassem a dimensão econômica, mas valorize outras dimensões, a exemplo dos elementos culturais.</dc:description>
  <dc:date>2011-09</dc:date>
  <dc:type>Journal paper</dc:type>
  <dc:type>NonPeerReviewed</dc:type>
  <dc:format>application/pdf</dc:format>
  <dc:identifier>http://orgprints.org/22400/1/Azevedo_Programa.pdf</dc:identifier>
  <dc:identifier>Azevedo, Francisco Fransualdo  and Pessôa, Vera Lúcia Salazar    (2011) O programa nacional de fortalecimento da agricultura familiar no Brasil: uma análise sobre a distribuição regional e setorial dos recursos.  [The national program of strengthening of family agriculture in Brazil: an analyze on the regional and sector resources distribution.]  Sociedade &amp; Natureza, 23 (3), pp. 483-496.</dc:identifier>
  <dc:relation>http://orgprints.org/22400/</dc:relation>
</oai_dc:dc>