<oai_dc:dc xmlns:oai_dc="http://www.openarchives.org/OAI/2.0/oai_dc/" xmlns:dc="http://purl.org/dc/elements/1.1/" xmlns:xsi="http://www.w3.org/2001/XMLSchema-instance" xsi:schemaLocation="http://www.openarchives.org/OAI/2.0/oai_dc/ http://www.openarchives.org/OAI/2.0/oai_dc.xsd">
  <dc:title>Mellem bedrag og den rette kurs</dc:title>
  <dc:creator>Lassen, Jesper</dc:creator>
  <dc:subject>Composting and manuring</dc:subject>
  <dc:subject>Recycling, balancing and resource management</dc:subject>
  <dc:subject>Biodiversity and ecosystem services</dc:subject>
  <dc:subject>Consumer issues</dc:subject>
  <dc:subject>Farm nutrient management</dc:subject>
  <dc:description>A presentation of the preliminary results of the analysis of focus groups with organic farmers and organic consumers about out-phasing the use of conventional manure in organic agriculture.</dc:description>
  <dc:date>2013-03-02</dc:date>
  <dc:type>Conference paper, poster, etc.</dc:type>
  <dc:type>NonPeerReviewed</dc:type>
  <dc:format>application/pdf</dc:format>
  <dc:identifier>http://orgprints.org/24742/7/24742.pdf</dc:identifier>
  <dc:identifier>Lassen, Jesper    (2013) Mellem bedrag og den rette kurs.       Speech at:   Oplæg ved Økologisk Landsforenings generalforsamling 2013, Horsens, 2. marts 2013.</dc:identifier>
  <dc:relation>http://orgprints.org/24742/</dc:relation>
</oai_dc:dc>