<oai_dc:dc xmlns:oai_dc="http://www.openarchives.org/OAI/2.0/oai_dc/" xmlns:dc="http://purl.org/dc/elements/1.1/" xmlns:xsi="http://www.w3.org/2001/XMLSchema-instance" xsi:schemaLocation="http://www.openarchives.org/OAI/2.0/oai_dc/ http://www.openarchives.org/OAI/2.0/oai_dc.xsd">
  <dc:title>Forsøgsbeskrivelse af specialforsøg BAR-OF WP2 2004</dc:title>
  <dc:creator>Hansen, Preben Klarskov</dc:creator>
  <dc:creator>Kristensen, Kristian</dc:creator>
  <dc:creator>Rasmussen, Ilse A.</dc:creator>
  <dc:subject>Crop health, quality, protection</dc:subject>
  <dc:subject>Crop combinations and interactions</dc:subject>
  <dc:subject>Cereals, pulses and oilseeds</dc:subject>
  <dc:subject>Weed management</dc:subject>
  <dc:description>Dokumentet indeholder en beskrivelse af specialforsøget BAR-OF WP2 beliggende på Forskningscenter Flakkebjerg.</dc:description>
  <dc:date>2004</dc:date>
  <dc:type>Report</dc:type>
  <dc:type>NonPeerReviewed</dc:type>
  <dc:format>application/pdf</dc:format>
  <dc:identifier>http://orgprints.org/3432/1/3432.pdf</dc:identifier>
  <dc:identifier>Hansen, Preben Klarskov; Kristensen, Kristian and Rasmussen, Ilse A.         (2004) Forsøgsbeskrivelse af specialforsøg BAR-OF WP2 2004.    Danmarks JordbrugsForskning, Afdeling for Plantebeskyttelse.</dc:identifier>
  <dc:relation>http://orgprints.org/3432/</dc:relation>
</oai_dc:dc>