<oai_dc:dc xmlns:oai_dc="http://www.openarchives.org/OAI/2.0/oai_dc/" xmlns:dc="http://purl.org/dc/elements/1.1/" xmlns:xsi="http://www.w3.org/2001/XMLSchema-instance" xsi:schemaLocation="http://www.openarchives.org/OAI/2.0/oai_dc/ http://www.openarchives.org/OAI/2.0/oai_dc.xsd">
  <dc:title>Vårtriticalesorter</dc:title>
  <dc:creator>Blume, Steffen</dc:creator>
  <dc:subject>Breeding, genetics and propagation</dc:subject>
  <dc:subject>Crop health, quality, protection</dc:subject>
  <dc:description>Da gulrusten hærgede vintertriticalenfor nogle år siden, blev interessen for at dyrke vårtriticale større. Selvom gulrusten også kan angribe vårtriticalen, har det endnu ikke været et nævnværdigt problem, idet de anvendte sorter tilsyneladende yder god resistens.</dc:description>
  <dc:publisher>Økologisk Rådgivning</dc:publisher>
  <dc:contributor>Blume, Steffen</dc:contributor>
  <dc:date>2011-10-24</dc:date>
  <dc:type>Report chapter</dc:type>
  <dc:type>NonPeerReviewed</dc:type>
  <dc:format>application/pdf</dc:format>
  <dc:identifier>http://orgprints.org/27450/6/27450.pdf</dc:identifier>
  <dc:identifier>Blume, Steffen    (2011) Vårtriticalesorter.  [Spring triticale varieties.]   In: Blume, Steffen (Ed.)  Økologisk Planteavlsberetning 2011.  Økologisk Rådgivning, chapter 11, p. 38.</dc:identifier>
  <dc:relation>http://orgprints.org/27450/</dc:relation>
</oai_dc:dc>