<oai_dc:dc xmlns:oai_dc="http://www.openarchives.org/OAI/2.0/oai_dc/" xmlns:dc="http://purl.org/dc/elements/1.1/" xmlns:xsi="http://www.w3.org/2001/XMLSchema-instance" xsi:schemaLocation="http://www.openarchives.org/OAI/2.0/oai_dc/ http://www.openarchives.org/OAI/2.0/oai_dc.xsd">
  <dc:title>Zertifizierung von Außer-Haus-Verpflegung - Offizielle Statements und Untersuchungsdaten einiger europäischer Zertifizierungsstellen</dc:title>
  <dc:creator>Strassner, Carola</dc:creator>
  <dc:creator>Lukas, Melanie</dc:creator>
  <dc:subject>Regulation</dc:subject>
  <dc:description>Die neue EG-Öko-Regulierung wurde am 1. Januar 2009 wirksam. Sie schließt Außer-Haus-Verpflegung explizit aus (Kommissionsregulierung (EG) No 889/2008 vom 5. September). In der Folge befasst sich jeder Mitgliedstaat individuell mit dieser Thematik und entwickelt private Standards, regionale oder nationale Richtlinien für die Bio-Zertifizierung der Großküchen und Gastronomie. Dieser Überblick präsentiert die Situation in den iPOPY Ländern, Norwegen, Finnland, Dänemark und Italien, in denen Öko-Kontrollstellen um Information über ihre Systeme und Strategien zu diesem Sektor gebeten wurden. Die Studie offenbart sehr verschiedene Lösungswege, sich mit der "Nichtregulierung" zu befassen. In Norwegen werden die vielen Einheiten durch die einzelne nationale Kontrollstelle zertifiziert. In Finnland bezieht sich die finnische Nahrungsmittelsicherheitsorganisation auf das sog. "Step-by-step“ Programm, aber es wird betont, dass es keine offizielle Regulierung gibt. In Dänemark wurde im Januar 2009 ein Modell mit den Kategorien "Gold-Silber-Bronze" eingeführt. In Italien liegt der Fokus derzeit nicht auf der Zertifizierung, aber es gibt einige Bestrebungen, um Richtlinien dafür zu entwickeln. Die unterschiedlichen Landesbedingungen, die in diesem Sektor bestehen, macht verständlich, warum Länder individuelle Strategien entwickeln. Dennoch gibt es einige Punkte, z.B. Komponentenangebot oder Rohstoffaustausch, die über die Länder hinweg ähnlich sind.</dc:description>
  <dc:date>2011</dc:date>
  <dc:type>Conference paper, poster, etc.</dc:type>
  <dc:type>NonPeerReviewed</dc:type>
  <dc:format>application/pdf</dc:format>
  <dc:identifier>http://orgprints.org/17449/3/Strassner_17449.pdf</dc:identifier>
  <dc:identifier>Strassner, Carola and Lukas, Melanie    (2011) Zertifizierung von Außer-Haus-Verpflegung - Offizielle Statements und Untersuchungsdaten einiger europäischer Zertifizierungsstellen.  [Certification of catering, restaurants and hotels - official statements and survey data from some European certification bodies.]      Poster at:   11. Wissenschaftstagung Ökologischer Landbau, Gießen, 15.-18. März 2011.</dc:identifier>
  <dc:relation>http://orgprints.org/17449/</dc:relation>
</oai_dc:dc>