<oai_dc:dc xmlns:oai_dc="http://www.openarchives.org/OAI/2.0/oai_dc/" xmlns:dc="http://purl.org/dc/elements/1.1/" xmlns:xsi="http://www.w3.org/2001/XMLSchema-instance" xsi:schemaLocation="http://www.openarchives.org/OAI/2.0/oai_dc/ http://www.openarchives.org/OAI/2.0/oai_dc.xsd">
  <dc:title>Fittere Kälber, weniger Arbeit und ein paar Probleme</dc:title>
  <dc:creator>Krebs, Adrian</dc:creator>
  <dc:subject>Beef cattle</dc:subject>
  <dc:description>Die Mutter- und Ammengebundene Kälberaufzucht (MAgKa) ist immer noch im Pionierstadium, in der Schweiz gibt es rund zwanzig Betriebe, welche die Kälber enger mit den Müttern zusammenleben und saugen lassen, während die Kühe gleichzeitig gemolken werden. Für die Praktiker überwiegen die Vorteile: Intensivere Beziehung zwischen Kuh und Kalb, fittere Jungtiere und Arbeitsersparnis. Es gibt aber auch ein paar Probleme, für die jeder Betrieb seine individuelle Lösung finden muss.</dc:description>
  <dc:date>2014</dc:date>
  <dc:type>Newspaper or magazine article</dc:type>
  <dc:type>NonPeerReviewed</dc:type>
  <dc:format>application/pdf</dc:format>
  <dc:identifier>http://orgprints.org/26026/1/bioaktuell.ch-krebs.pdf</dc:identifier>
  <dc:identifier>Krebs, Adrian    (2014) Fittere Kälber, weniger Arbeit und ein paar Probleme.   bioaktuell, 2014, 1/14, pp. 14-15.</dc:identifier>
  <dc:relation>http://orgprints.org/26026/</dc:relation>
</oai_dc:dc>