<oai_dc:dc xmlns:oai_dc="http://www.openarchives.org/OAI/2.0/oai_dc/" xmlns:dc="http://purl.org/dc/elements/1.1/" xmlns:xsi="http://www.w3.org/2001/XMLSchema-instance" xsi:schemaLocation="http://www.openarchives.org/OAI/2.0/oai_dc/ http://www.openarchives.org/OAI/2.0/oai_dc.xsd">
  <dc:title>The added value of organic farming for environment and health: facts and consumer perceptions</dc:title>
  <dc:creator>Van Huylenbroeck, Guido</dc:creator>
  <dc:creator>Mondelaers, Koen</dc:creator>
  <dc:creator>Aertsens, Joris</dc:creator>
  <dc:subject>Environmental aspects</dc:subject>
  <dc:subject>"Organics" in general</dc:subject>
  <dc:subject>Food security, food quality and human health</dc:subject>
  <dc:subject>Food systems</dc:subject>
  <dc:subject>Farming Systems</dc:subject>
  <dc:subject>Values, standards and certification</dc:subject>
  <dc:subject>Consumer issues</dc:subject>
  <dc:description>The added value of organic farming for environment and health: facts and consumer perceptions.&#xD;
&#xD;
This paper introduces the articles in the Special Issue on Organic Food and Farming. &#xD;
&#xD;
cf. the related links to get access to each of the individual articles</dc:description>
  <dc:publisher>Emerald</dc:publisher>
  <dc:date>2009</dc:date>
  <dc:type>Journal paper</dc:type>
  <dc:type>NonPeerReviewed</dc:type>
  <dc:identifier>Van Huylenbroeck, Guido; Mondelaers, Koen and Aertsens, Joris   (2009) The added value of organic farming for environment and health: facts and consumer perceptions.   British Food Journal, 11 (10), pp. 1021-1027.</dc:identifier>
  <dc:relation>http://orgprints.org/16915/</dc:relation>
</oai_dc:dc>