<oai_dc:dc xmlns:oai_dc="http://www.openarchives.org/OAI/2.0/oai_dc/" xmlns:dc="http://purl.org/dc/elements/1.1/" xmlns:xsi="http://www.w3.org/2001/XMLSchema-instance" xsi:schemaLocation="http://www.openarchives.org/OAI/2.0/oai_dc/ http://www.openarchives.org/OAI/2.0/oai_dc.xsd">
  <dc:title>Humussphäre - Projekt zu Energie sparenden und Humus aufbauenden Methoden in der Landwirtschaft. Teil 6: Das Jahr 2010: "Das bedingungslose Grundeinkommen"</dc:title>
  <dc:creator>Strüber, Klaus</dc:creator>
  <dc:subject>Farming Systems</dc:subject>
  <dc:description>Ein Demeter-Betrieb versucht, auf seinen Flächen den Traktoreneinsatz durch den Einsatz von Zugpferden zu reduzieren. Problematisch sind hierbei die Lohnkosten. Das bedingungslose Grundeinkommen (BGE) wird als eine Möglichkeit gesehen, um den Zugpferdeeinsatz wieder in die Landwirtschaft zurück zu bringen. Der Artikel beschreibt die Idee des BGE und enthält ein Szenario über einen landwirtschaftlichen Betrieb in Deutschland mit BGE.</dc:description>
  <dc:date>2011-09</dc:date>
  <dc:type>Journal paper</dc:type>
  <dc:type>NonPeerReviewed</dc:type>
  <dc:format>application/pdf</dc:format>
  <dc:identifier>http://orgprints.org/19602/1/SP_59_BGE.pdf</dc:identifier>
  <dc:identifier>Strüber, Klaus   (2011) Humussphäre - Projekt zu Energie sparenden und Humus aufbauenden Methoden in der Landwirtschaft. Teil 6: Das Jahr 2010: "Das bedingungslose Grundeinkommen".  [Humussphäre- a projekt about energy-saving and build-on humus methods in agriculture. Part 6: The year 2010: Basic income guarantee.]  Starke Pferde, 59, pp. 41-42.</dc:identifier>
  <dc:relation>http://orgprints.org/19602/</dc:relation>
</oai_dc:dc>