<oai_dc:dc xmlns:oai_dc="http://www.openarchives.org/OAI/2.0/oai_dc/" xmlns:dc="http://purl.org/dc/elements/1.1/" xmlns:xsi="http://www.w3.org/2001/XMLSchema-instance" xsi:schemaLocation="http://www.openarchives.org/OAI/2.0/oai_dc/ http://www.openarchives.org/OAI/2.0/oai_dc.xsd">
  <dc:title>Goal conflicts in long-term cropping system trials - the example of carrots</dc:title>
  <dc:creator>Modig, P.</dc:creator>
  <dc:creator>Albertsson Juhlin, M.-L.</dc:creator>
  <dc:creator>Gunnarsson, A.</dc:creator>
  <dc:creator>Gissén, C.</dc:creator>
  <dc:subject>Crop combinations and interactions</dc:subject>
  <dc:subject>Vegetables</dc:subject>
  <dc:subject>Farm nutrient management</dc:subject>
  <dc:description>Agricultural research on multiple cropping systems in parallel increases the potential for knowledge transfer between organic and conventional systems. This project aims to develop cropping systems towards greater sustainability through work in long-term trials that have a unique opportunity to contribute to a holistic research perspective. Data on the fourth crop rotation (2007-2012) are now being compiled. This paper presents preliminary results from cultivation of carrots as an example to demonstrate goal conflicts in organic and conventional systems between good nutrient management and good economy on one hand and nematode control and intensive cropping systems (good short-term economy) on the other. Good productivity and sustainable production levels are major overall goals in the project. The conclusion is that more research on nematode susceptibility and propagating at different crops and varieties is very important.</dc:description>
  <dc:contributor>Løes, Anne-Kristin</dc:contributor>
  <dc:contributor>Askegaard, Margrethe</dc:contributor>
  <dc:contributor>Langer, Vibeke</dc:contributor>
  <dc:contributor>Partanen, Kirsi</dc:contributor>
  <dc:contributor>Pehme, Sirli</dc:contributor>
  <dc:contributor>Rasmussen, Ilse A.</dc:contributor>
  <dc:contributor>Salomon, Eva</dc:contributor>
  <dc:contributor>Sørensen, Peter</dc:contributor>
  <dc:contributor>Ullvén, Karin</dc:contributor>
  <dc:contributor>Wivstad, Maria</dc:contributor>
  <dc:date>2013-08-22</dc:date>
  <dc:type>Conference paper, poster, etc.</dc:type>
  <dc:type>NonPeerReviewed</dc:type>
  <dc:format>application/pdf</dc:format>
  <dc:identifier>http://orgprints.org/24573/1/24573.pdf</dc:identifier>
  <dc:format>application/pdf</dc:format>
  <dc:identifier>http://orgprints.org/24573/2/24573p.pdf</dc:identifier>
  <dc:identifier>Modig, P.; Albertsson Juhlin, M.-L.; Gunnarsson, A. and Gissén, C.    (2013) Goal conflicts in long-term cropping system trials - the example of carrots.   In: Løes, Anne-Kristin; Askegaard, Margrethe; Langer, Vibeke; Partanen, Kirsi; Pehme, Sirli; Rasmussen, Ilse A.; Salomon, Eva; Sørensen, Peter; Ullvén, Karin and Wivstad, Maria (Eds.)  Organic farming systems as a driver for change, NJF Report, no. 9 (3), pp. 135-136.</dc:identifier>
  <dc:relation>http://orgprints.org/24573/</dc:relation>
</oai_dc:dc>