<oai_dc:dc xmlns:oai_dc="http://www.openarchives.org/OAI/2.0/oai_dc/" xmlns:dc="http://purl.org/dc/elements/1.1/" xmlns:xsi="http://www.w3.org/2001/XMLSchema-instance" xsi:schemaLocation="http://www.openarchives.org/OAI/2.0/oai_dc/ http://www.openarchives.org/OAI/2.0/oai_dc.xsd">
  <dc:title>Wirtschaftliche Situation ökologischer Betriebe in ausgewählten Ländern Europas: Stand, Entwicklung und wichtige Einflußfaktoren</dc:title>
  <dc:creator>Offermann, Frank</dc:creator>
  <dc:creator>Nieberg, Hiltrud</dc:creator>
  <dc:subject>Policy environments and social economy</dc:subject>
  <dc:subject>Farm economics</dc:subject>
  <dc:description>Ziel dieses Beitrags ist es, einen Überblick über die wirtschaftliche Lage ökologisch wirtschaftender Betriebe in ausgewählten Ländern Europas zu geben und aufzuzei-gen, unter welchen Rahmenbedingungen und für welche Betriebstypen die Umstel-lung auf ökologischen Landbau ökonomisch vorteilhaft ist.&#xD;
Um Aussagen über die Wirtschaftlichkeit der Bewirtschaftungssysteme treffen zu können, wurden insbesondere der Gewinn je ha LF sowie je nichtentlohnter Famili-enarbeitskraft und einige bedeutende gewinnbeeinflussende Größen wie Ertragsni-veau, erzielbare Preise, Kosten, staatliche Zahlungen und der Arbeitszeitbedarf nä-her untersucht und mit den Ergebnissen konventioneller Referenzbetriebe vergli-chen. Die Qualität der Datengrundlage ist zwischen den Ländern sehr uneinheitlich. Dies gilt es bei der Interpretation der Ergebnisse zu berücksichtigen.&#xD;
Trotz eines allgemein in ökologisch bewirtschafteten Betrieben deutlich geringeren Ertragsniveaus zeigen die verfügbaren Daten, dass sich die Umstellung auf ökologi-schen Landbau in vielen Ländern Europas als wirtschaftlich interessante Alternative erwiesen hat. Ein wesentlicher Einflussfaktor ist dabei die Realisierung von Erzeu-gerpreisaufschlägen. Diese gelang fast durchgängig eher im pflanzlichen als im tieri-schen Bereich. Als günstig hat sich auch die Entwicklung der Agrarpolitik erwiesen. Neben der Einführung der flächenbezogenen Beihilfen für die Umstellung auf öko-logischen Landbau erhöhte auch die mit der Agrarreform von 1992 eingeleitete Um-stellung der Preisstützung auf die Zahlung flächenbezogener Ausgleichzahlungen sowie die Einführung der prämierten Flächenstillegung die wirtschaftliche Vorzüg-lichkeit extensiver Anbauverfahren. &#xD;
Anhand der untersuchten Erfolgsindikatoren kann gezeigt werden, dass vor allem die marktfruchtorientierten Betriebe von den skizzierten Entwicklungen profitiert haben. Die relative Wettbewerbsfähigkeit der ökologischen Milchviehbetriebe streut dage-gen sehr stark zwischen den untersuchten Ländern. Insgesamt lässt sich hinsichtlich der Entwicklung des Gewinns zwischen ökologisch und konventionell geführten Betrieben eine auffallend parallele Entwicklung erkennen. Dies lässt vermuten, dass externe, system-unabhängige Faktoren beide Landbausysteme in ähnlicher Weise beeinflussen. &#xD;
Im Hinblick auf die Entwicklungsperspektiven des ökologischen Landbaus zeichnet sich für die nächsten Jahre mit den Beschlüssen der Agenda 2000 und den eindeuti-gen Signalen einiger europäischer Regierungen eine weitere Verbesserung der all-gemeinen Rahmenbedingungen ab. Inwieweit auch von einer Vergrößerung des Käu-ferpotentials langfristig neue Impulse ausgehen werden, lässt sich derzeit noch nicht abschätzen.</dc:description>
  <dc:publisher>Deutscher Fachverlag GmbH, Frankfurt am Main</dc:publisher>
  <dc:date>2001</dc:date>
  <dc:type>Journal paper</dc:type>
  <dc:type>NonPeerReviewed</dc:type>
  <dc:format>application/pdf</dc:format>
  <dc:identifier>http://orgprints.org/812/1/07-2001-Offermann.pdf</dc:identifier>
  <dc:identifier>Offermann, Frank and Nieberg, Hiltrud   (2001) Wirtschaftliche Situation ökologischer Betriebe in ausgewählten Ländern Europas: Stand, Entwicklung und wichtige Einflußfaktoren.  [Economic situation of organic farms in selected European countries: Actual state, trend and important influencing factors.]  Agrarwirtschaft; Zeitschrift für Betriebswirtschaft, Marktforschung und Agrarpolitik, 50 (7), pp. 421-427.</dc:identifier>
  <dc:relation>http://orgprints.org/812/</dc:relation>
</oai_dc:dc>