<oai_dc:dc xmlns:oai_dc="http://www.openarchives.org/OAI/2.0/oai_dc/" xmlns:dc="http://purl.org/dc/elements/1.1/" xmlns:xsi="http://www.w3.org/2001/XMLSchema-instance" xsi:schemaLocation="http://www.openarchives.org/OAI/2.0/oai_dc/ http://www.openarchives.org/OAI/2.0/oai_dc.xsd">
  <dc:title>Avaliação interdisciplinar de um sistema de captação de água de chuva construído através de processo participativo com agricultores familiares paulistas.</dc:title>
  <dc:creator>Binotti, Túlio Caio</dc:creator>
  <dc:creator>Stolf, Rubismar</dc:creator>
  <dc:creator>Costa, Manoel Baltasar Baptista da</dc:creator>
  <dc:creator>Antonini, Sandra Regina Ceccato</dc:creator>
  <dc:subject>Farm economics</dc:subject>
  <dc:subject>Farming Systems</dc:subject>
  <dc:subject>Environmental aspects</dc:subject>
  <dc:description>Sistemas de captação de água de chuva são frequentemente utilizados no semi árido rural brasileiro, porém em outras regiões rurais brasileiras são ainda pouco usados, mesmo com toda problemática envolvendo os recursos hídricos. Este trabalho é fruto de uma pesquisa ação que teve como objetivo avaliar um sistema de captação de água de chuva construído em processo participativo com os agricultores em um assentamento do Programa de Reforma Agrária paulista. Para verificar a viabilidade e sustentabilidade do sistema construído, foi analisada a qualidade da água da cisterna, a utilização e percepção dos agricultores quanto ao sistema e o retorno de seu investimento. Os resultados obtidos demonstram que houve empoderamento dos agricultores sobre o sistema de captação de água de chuva construído, obteve-se qualidade da água adequada ao uso que os produtores destinaram para o recurso e retorno de investimento de um ano. O sistema de captação de água de chuva construído é viável para a comunidade, apresentando níveis de sustentabilidade nos aspectos ambientais, sociais e econômicos.</dc:description>
  <dc:date>2013</dc:date>
  <dc:type>Journal paper</dc:type>
  <dc:type>NonPeerReviewed</dc:type>
  <dc:format>application/pdf</dc:format>
  <dc:identifier>http://orgprints.org/24416/1/BINOTTI%2C%20T%C3%BAlio%20Caio_Avalia%C3%A7%C3%A3o%20interdisciplinar%20de%20um%20sistema%20de%20capta%C3%A7%C3%A3o.pdf</dc:identifier>
  <dc:identifier>Binotti, Túlio Caio; Stolf, Rubismar; Costa, Manoel Baltasar Baptista da and Antonini, Sandra Regina Ceccato   (2013) Avaliação interdisciplinar de um sistema de captação de água de chuva construído através de processo participativo com agricultores familiares paulistas.  [Interdisciplinary assessment of rainwater catchment system built through a participative process with family farmers from São Paulo.]  Revista Brasileira de Agroecologia, 8 (1), pp. 130-141.</dc:identifier>
  <dc:relation>http://orgprints.org/24416/</dc:relation>
</oai_dc:dc>