<oai_dc:dc xmlns:oai_dc="http://www.openarchives.org/OAI/2.0/oai_dc/" xmlns:dc="http://purl.org/dc/elements/1.1/" xmlns:xsi="http://www.w3.org/2001/XMLSchema-instance" xsi:schemaLocation="http://www.openarchives.org/OAI/2.0/oai_dc/ http://www.openarchives.org/OAI/2.0/oai_dc.xsd">
  <dc:title>Der Markt für ökolgisches Gemüse: Strukturen und Entwicklungen</dc:title>
  <dc:creator>Maack, Kai</dc:creator>
  <dc:creator>Goy, Iris Angela</dc:creator>
  <dc:subject>Policy environments and social economy</dc:subject>
  <dc:subject>Markets and trade</dc:subject>
  <dc:subject>Farm economics</dc:subject>
  <dc:description>Gemessen am absoluten Absatzvolumen ist Deutschland der größte Öko-Markt für Lebensmittel in Europa. Gemüse spielt dabei eine wichtige Rolle. Innerhalb der letzten Jahre hat sich der Öko-Gemüsemarkt von einem Nischenmarkt zu einem bedeutenden Marktsegment entwickelt. Damit einhergehend war eine wachsende Konkurrenzsituation. Die stark wachsende Verbrauchernachfrage nach ökologischem Gemüse, die in den letzten Jahren durch das zunehmende Engagement des Lebensmitteleinzelhandels insbesondere der Discounter, sowie den anhaltenden Gründungsboom neuer Bio-Supermärkte verstärkt wurde, führte bei einigen Gemüsearten zwischenzeitlich zu Versorgungsengpässen. Die Angebotsseite hat allerdings nicht ausreichend auf die steigende  Nachfrage reagiert. Einerseits konnten bei den Gemüse-Anbauflächen in den letzten fünf Jahren nur vergleichsweise geringe Zuwächse verzeichnet werden, anderseits konnte bedingt durch steigende Importe ein hoher Preisdruck auf die deutschen Erzeuger beobachtet werden. Die dynamische Marktsituation verlangt nach umfassenden und belastbaren Daten, um der Politik Hinweise für eine effiziente und nachhaltige Entwicklung des Öko-Gemüsemarktes zu geben. Während über das Konsumverhalten beim Kauf von Öko-Gemüse eine Vielzahl von Untersuchungen vorliegt, ist für die Angebotsseite ein Mangel an quantitativen Daten und deskriptiven Analysen festzustellen. Diese Datenlücke war Anlass für die vorliegende Studie zur Analyse des Angebots von Öko-Gemüse in Deutschland. Die Studie liefert umfassende und belastbare Informationen, die einen bisher fehlenden Einblick in den sehr intransparenten Öko-Gemüsemarkt ermöglichen. Neben der Beschreibung der Marktstrukturen der Nachfrageseite werden besonders die Strukturen und Entwicklungen der ökologischen Gemüsebaubetriebe beschrieben. Die Studie liefert Informationen über die verschiedenen Produktionsprogramme, dem Einsatz von Produktionsfaktoren, Ertragsmengen, Vermarktungswege und wirtschaftliche Lage der Betriebe.&#xD;
Der Hauptteil der Studie basiert auf Daten, die aus einer bundesweiten Befragung von 204 ökologisch wirtschaftenden Gartenbauunternehmen stammen. Die Befragung erfolgte im Rahmen des vom Zentrum für Betriebswirtschaft im Gartenbau e.V. (ZBG) durchgeführten und vom „Bundesprogramm Ökologischer Landbau“ geförderten Projektes „Bundesweite repräsentative Erhebung und Analyse der verbreiteten Produktions- und Vermarktungssysteme im ökologischen Gartenbau und Aufbau eines bundesweiten Praxis-Forschungs-Netzwerkes im ökologischen Gartenbau“.</dc:description>
  <dc:publisher>Zentrum für Betriebswirtschaft im Gartenbau e.V, Hannover.</dc:publisher>
  <dc:date>2006</dc:date>
  <dc:type>Book</dc:type>
  <dc:type>NonPeerReviewed</dc:type>
  <dc:format>application/pdf</dc:format>
  <dc:identifier>http://orgprints.org/8780/1/Der_Markt_fuer_oekologisches_Gemuese_kurz.pdf</dc:identifier>
  <dc:identifier>Maack, Kai and Goy, Iris Angela    (2006) Der Markt für ökolgisches Gemüse: Strukturen und Entwicklungen.    Forschungsberichte. Zentrum für Betriebswirtschaft im Gartenbau e.V, Hannover..</dc:identifier>
  <dc:relation>http://orgprints.org/8780/</dc:relation>
</oai_dc:dc>