<oai_dc:dc xmlns:oai_dc="http://www.openarchives.org/OAI/2.0/oai_dc/" xmlns:dc="http://purl.org/dc/elements/1.1/" xmlns:xsi="http://www.w3.org/2001/XMLSchema-instance" xsi:schemaLocation="http://www.openarchives.org/OAI/2.0/oai_dc/ http://www.openarchives.org/OAI/2.0/oai_dc.xsd">
  <dc:title>Gødskning af vintersæd</dc:title>
  <dc:creator>Schou, Anders</dc:creator>
  <dc:subject>Cereals, pulses and oilseeds</dc:subject>
  <dc:subject>Composting and manuring</dc:subject>
  <dc:description>Økologisk Rådgivning har i 2009 gennemført forsøg med stigende mængde gødning til fire arter af vintersæd: vinterhvede (Frument), vintertriticale (Korpus), vinterrug (Marcelo) og vinterhavre (Tardis). Forsøgene blev udført på arealer nær Roskilde.</dc:description>
  <dc:publisher>Økologisk Rådgivning</dc:publisher>
  <dc:contributor>Blume, Steffen</dc:contributor>
  <dc:contributor>Hansen, Jesper</dc:contributor>
  <dc:date>2009-11-02</dc:date>
  <dc:type>Report chapter</dc:type>
  <dc:type>NonPeerReviewed</dc:type>
  <dc:format>application/pdf</dc:format>
  <dc:identifier>http://orgprints.org/27476/7/27476.pdf</dc:identifier>
  <dc:identifier>Schou, Anders    (2009) Gødskning af vintersæd.  [Fertilizing winter cereals.]   In: Blume, Steffen and Hansen, Jesper (Eds.)  Økologisk Planteavlsberetning 2009.  Økologisk Rådgivning, chapter 9.</dc:identifier>
  <dc:relation>http://orgprints.org/27476/</dc:relation>
</oai_dc:dc>