<oai_dc:dc xmlns:oai_dc="http://www.openarchives.org/OAI/2.0/oai_dc/" xmlns:dc="http://purl.org/dc/elements/1.1/" xmlns:xsi="http://www.w3.org/2001/XMLSchema-instance" xsi:schemaLocation="http://www.openarchives.org/OAI/2.0/oai_dc/ http://www.openarchives.org/OAI/2.0/oai_dc.xsd">
  <dc:title>Klimagasemission im Futterbau: Vergleich von leguminosenbasierten und intensiv stickstoffgedüngten Grünlandbeständen</dc:title>
  <dc:creator>Schmeer, Maria</dc:creator>
  <dc:creator>Dittert, Klaus</dc:creator>
  <dc:creator>Loges, Ralf</dc:creator>
  <dc:creator>Taube, Friedhelm</dc:creator>
  <dc:subject>Air and water emissions</dc:subject>
  <dc:description>Aim of the presented study was the comparison of the specific emissions of CO2 equivalents of a legume based and a mineral N fertilised grassland considering the N2O emissions caused by N fertilisation and soil compaction. The field trial was set up on the experimental station “Hohenschulen” in northern Germany with the factors soil compaction, N fertilisation and experimental year. The N2O emissions were affected by an interaction of soil compaction and N fertilisation, especially under moist spring conditions. The specific CO2-equivalent emission per unit energy yield was 67 % higher for the mineral N-fertilised grassland compared to the legume based grassland.</dc:description>
  <dc:date>2011</dc:date>
  <dc:type>Conference paper, poster, etc.</dc:type>
  <dc:type>NonPeerReviewed</dc:type>
  <dc:format>application/pdf</dc:format>
  <dc:identifier>http://orgprints.org/17590/3/Loges_17590.pdf</dc:identifier>
  <dc:identifier>Schmeer, Maria; Dittert, Klaus; Loges, Ralf and Taube, Friedhelm    (2011) Klimagasemission im Futterbau: Vergleich von leguminosenbasierten und intensiv stickstoffgedüngten Grünlandbeständen.       Paper at:   11. Wissenschaftstagung Ökologischer Landbau, Gießen, 16.-18. März 2011.</dc:identifier>
  <dc:relation>http://orgprints.org/17590/</dc:relation>
</oai_dc:dc>