<oai_dc:dc xmlns:oai_dc="http://www.openarchives.org/OAI/2.0/oai_dc/" xmlns:dc="http://purl.org/dc/elements/1.1/" xmlns:xsi="http://www.w3.org/2001/XMLSchema-instance" xsi:schemaLocation="http://www.openarchives.org/OAI/2.0/oai_dc/ http://www.openarchives.org/OAI/2.0/oai_dc.xsd">
  <dc:title>Red clover for silage: management impacts on protein content in the season after sowing</dc:title>
  <dc:creator>O'Kiely, P.</dc:creator>
  <dc:creator>Black, A.D.</dc:creator>
  <dc:subject>Pasture and forage crops</dc:subject>
  <dc:subject>Post harvest management and techniques</dc:subject>
  <dc:description>Red clover cultivar (Merviot vs. Ruttinova) impacted on annual yield while an earlier harvesting schedule improved herbage digestibility. In contrast, the application of inorganic N to red clover in spring resulted in no benefit. This paper reports the treatment effects on crop crude protein concentration.</dc:description>
  <dc:publisher>Teagasc</dc:publisher>
  <dc:date>2007</dc:date>
  <dc:type>Conference paper, poster, etc.</dc:type>
  <dc:type>NonPeerReviewed</dc:type>
  <dc:format>application/pdf</dc:format>
  <dc:identifier>http://orgprints.org/28947/1/OKiely2007Red%20clover%28Y1%29CP.pdf</dc:identifier>
  <dc:identifier>O'Kiely, P. and Black, A.D.    (2007) Red clover for silage: management impacts on protein content in the season after sowing.   In:     Proceedings of the Agricultural Research Forum 2008, Teagasc, Tullamore, p. 111.</dc:identifier>
  <dc:relation>http://orgprints.org/28947/</dc:relation>
</oai_dc:dc>