<oai_dc:dc xmlns:oai_dc="http://www.openarchives.org/OAI/2.0/oai_dc/" xmlns:dc="http://purl.org/dc/elements/1.1/" xmlns:xsi="http://www.w3.org/2001/XMLSchema-instance" xsi:schemaLocation="http://www.openarchives.org/OAI/2.0/oai_dc/ http://www.openarchives.org/OAI/2.0/oai_dc.xsd">
  <dc:title>Feldsalat-Sorten und Herkünfte im Vergleich</dc:title>
  <dc:creator>Regnat, Rudolf</dc:creator>
  <dc:subject>Crop health, quality, protection</dc:subject>
  <dc:subject>Breeding, genetics and propagation</dc:subject>
  <dc:subject>Vegetables</dc:subject>
  <dc:description>Der Artikel fasst die Versuche aus den Jahren 2006 und 2007 mit Winterfeldsalat unter Glas der Versuchsbetriebe für ökologischen Gemüsebau LVG Heidelberg und LWG Bamberg zusammen. Verglichen wurden vier Sorten verschiedener Vermehrer hinsichtlich Ertrag, Keimfähigkeit, Gesundheit, Pflanzweite und Topfgröße.</dc:description>
  <dc:publisher>Arbeitsgemeinschaft Ökologische Gartenbauberatung GbR</dc:publisher>
  <dc:date>2008-10</dc:date>
  <dc:type>Journal paper</dc:type>
  <dc:type>NonPeerReviewed</dc:type>
  <dc:format>application/pdf</dc:format>
  <dc:identifier>http://orgprints.org/16190/1/Ausgabe_04-08.pdf</dc:identifier>
  <dc:identifier>Regnat, Rudolf   (2008) Feldsalat-Sorten und Herkünfte im Vergleich.   ÖKOmenischer Gärtnerrundbrief (04/2008), pp. 30-31.</dc:identifier>
  <dc:relation>http://orgprints.org/16190/</dc:relation>
</oai_dc:dc>