<oai_dc:dc xmlns:oai_dc="http://www.openarchives.org/OAI/2.0/oai_dc/" xmlns:dc="http://purl.org/dc/elements/1.1/" xmlns:xsi="http://www.w3.org/2001/XMLSchema-instance" xsi:schemaLocation="http://www.openarchives.org/OAI/2.0/oai_dc/ http://www.openarchives.org/OAI/2.0/oai_dc.xsd">
  <dc:title>A agroecologia promovendo a segurança alimentar: um estudo de caso do semi-árido brasileiro.</dc:title>
  <dc:creator>Branco, Telma Branco</dc:creator>
  <dc:creator>Marra, José Felipe</dc:creator>
  <dc:subject>"Organics" in general</dc:subject>
  <dc:subject>Brazil</dc:subject>
  <dc:description>A experiência da família do Sr. Antônio Santino de Freitas que demonstra como a proposta de trabalho com a agroecologia&#xD;
pode contribuir para criar uma situação de disponibilidade&#xD;
de alimento suficiente, de boa qualidade e diversificado.</dc:description>
  <dc:date>2004</dc:date>
  <dc:type>Journal paper</dc:type>
  <dc:type>NonPeerReviewed</dc:type>
  <dc:format>application/pdf</dc:format>
  <dc:identifier>http://orgprints.org/21243/1/Branco_agroecologia.pdf</dc:identifier>
  <dc:identifier>Branco, Telma Branco and Marra, José Felipe   (2004) A agroecologia promovendo a segurança alimentar: um estudo de caso do semi-árido brasileiro.  [Agroecology promoting food security: case study of the brazilian semi-arid.]  Revista Agriculturas: experiências em agroecologia, 1, pp. 15-16.</dc:identifier>
  <dc:relation>http://orgprints.org/21243/</dc:relation>
</oai_dc:dc>