<oai_dc:dc xmlns:oai_dc="http://www.openarchives.org/OAI/2.0/oai_dc/" xmlns:dc="http://purl.org/dc/elements/1.1/" xmlns:xsi="http://www.w3.org/2001/XMLSchema-instance" xsi:schemaLocation="http://www.openarchives.org/OAI/2.0/oai_dc/ http://www.openarchives.org/OAI/2.0/oai_dc.xsd">
  <dc:title>Die verschmähten Biokälber</dc:title>
  <dc:creator>Krebs, Adrian</dc:creator>
  <dc:subject>Animal husbandry</dc:subject>
  <dc:subject>Beef cattle</dc:subject>
  <dc:subject>Markets and trade</dc:subject>
  <dc:description>Auf den Schweizer Biomilchbetrieben werden jährlich 50 000 Kälber geboren, zwei Drittel davon gehen in die Mast, grossmehrheitlich aber in konventionelle Betriebe. Nun sucht man nach Wegen, um einen grösseren Anteil dieser Tiere im Biokanal zu vermarkten, zum Beispiel als Bio Weide-Beef. Dafür braucht es mehr Milchbetriebe, die bereit sind, die Kälber im eigenen Stall abzutränken. Damit könnte auch der Antibiotikaeinsatz reduziert werden.</dc:description>
  <dc:date>2014</dc:date>
  <dc:type>Newspaper or magazine article</dc:type>
  <dc:type>NonPeerReviewed</dc:type>
  <dc:format>application/pdf</dc:format>
  <dc:identifier>http://orgprints.org/27787/1/ArtikelKrebs_ba6.pdf</dc:identifier>
  <dc:identifier>Krebs, Adrian    (2014) Die verschmähten Biokälber.   bioaktuell, 2014, 6, pp. 4-5.</dc:identifier>
  <dc:relation>http://orgprints.org/27787/</dc:relation>
</oai_dc:dc>