<oai_dc:dc xmlns:oai_dc="http://www.openarchives.org/OAI/2.0/oai_dc/" xmlns:dc="http://purl.org/dc/elements/1.1/" xmlns:xsi="http://www.w3.org/2001/XMLSchema-instance" xsi:schemaLocation="http://www.openarchives.org/OAI/2.0/oai_dc/ http://www.openarchives.org/OAI/2.0/oai_dc.xsd">
  <dc:title>Tastversuch zur Kompensation negativer Ertragsreaktionen nach Strohdüngung im (viehlosen) Getreideanbau</dc:title>
  <dc:creator>Kolbe, Hartmut</dc:creator>
  <dc:subject>Nutrient turnover</dc:subject>
  <dc:subject>Cereals, pulses and oilseeds</dc:subject>
  <dc:subject>Crop combinations and interactions</dc:subject>
  <dc:subject>Composting and manuring</dc:subject>
  <dc:description>After straw application unfavourable yield effects are also known from (stockless) organic farming systems (BECKMANN et al. 2002). Therefore, different methods of straw application (without, standard before ploughing, after ploughing, after sawing) were combined with application of green materials (legumes, grasses) and cultivation of oats as the following crop. Results of these trials should lead to principal solutions in optimization of these cultivation systems.</dc:description>
  <dc:date>2007</dc:date>
  <dc:type>Conference paper, poster, etc.</dc:type>
  <dc:type>NonPeerReviewed</dc:type>
  <dc:format>application/pdf</dc:format>
  <dc:identifier>http://orgprints.org/9515/1/9515_Kolbe_Poster.pdf</dc:identifier>
  <dc:identifier>Kolbe, Hartmut    (2007) Tastversuch zur Kompensation negativer Ertragsreaktionen nach Strohdüngung im (viehlosen) Getreideanbau.  [Field trial for negative yield effect compensation after straw application in (stockless) cereal production systems.]      Poster at:   Zwischen Tradition und Globalisierung - 9. Wissenschaftstagung Ökologischer Landbau, Universität Hohenheim, Stuttgart, Deutschland, 20.-23.03.2007.</dc:identifier>
  <dc:relation>http://orgprints.org/9515/</dc:relation>
</oai_dc:dc>