<oai_dc:dc xmlns:oai_dc="http://www.openarchives.org/OAI/2.0/oai_dc/" xmlns:dc="http://purl.org/dc/elements/1.1/" xmlns:xsi="http://www.w3.org/2001/XMLSchema-instance" xsi:schemaLocation="http://www.openarchives.org/OAI/2.0/oai_dc/ http://www.openarchives.org/OAI/2.0/oai_dc.xsd">
  <dc:title>Mineralinnhold i planter og mineralforsyning til drøvtyggere i økologisk landbruk</dc:title>
  <dc:subject>Crop health, quality, protection</dc:subject>
  <dc:subject>Quality and evaluation of inputs</dc:subject>
  <dc:description>28 økologiske gårder er med i forskningsprogrammet. Gårdene representerer både kyst-og innlandsklima og forskjellige jordsmonnstyper. &#xD;
Sommeren 2001 og 2002 ble matjordas og engas innhold av makromineralene fosfor (P), svovel (S), magnesium (Mg), natrium (Na), kalsium (Ca), kalium (K) og klor (Cl) og mikromineralene selen (Se), kobolt (Co), molybden (Mo), kopper (Cu), mangan (Mn), jern (Fe) og sink (Zn). Resultatene skal bl.a vurderes opp mot klima, berggrunn, jordsmonn, jordpakking og dyras behov for mineraler ved forskjellige avdråttsnivåer. &#xD;
Mars/april 2002 ble det tatt ut blodprøver av dyrene på noen av sau- og kugårdene for å vurdere dyras forsyning av selen, kopper og E-vitamin. Det utføres forsøk med fôring av organisk selen til sau og mjølkekyr. Sammen med Canadiske forskningsmiljø utvikles en metode for Se-analyser ved svært lave Se-konsentrasjoner i prøvematerialet. Det gjennomføres et potteforsøk for å undersøke transpirasjonens effekt på Se-opptak av selenat og selenitt i hvete. &#xD;
Sommeren 2004 og 2005 gjennomføres feltforsøk med tilleggsgjødsling av lettløselig svovel og kalium. Aktuelle gjødselkilder prøves også ut i potteforsøk. Resultatene skal innarbeides i gjødselplanleggingsprogram for økologisk landbruk.</dc:description>
  <dc:type>Project description</dc:type>
  <dc:type>NonPeerReviewed</dc:type>
  <dc:format>source</dc:format>
  <dc:identifier>http://orgprints.org/6096/1/6096.doc</dc:identifier>
  <dc:identifier>{Project}    MINERALSIP: Mineralinnhold i planter og mineralforsyning til drøvtyggere i økologisk landbruk.  [Mineral content in plants and mineral supply for ruminants in organic agriculture.]   Runs 2001 - 2006.      Project Leader(s): Hansen, Sissel and Strøm, Turid, Norwegian Centre for Ecological Agriculture.</dc:identifier>
  <dc:relation>http://orgprints.org/6096/</dc:relation>
</oai_dc:dc>