<oai_dc:dc xmlns:oai_dc="http://www.openarchives.org/OAI/2.0/oai_dc/" xmlns:dc="http://purl.org/dc/elements/1.1/" xmlns:xsi="http://www.w3.org/2001/XMLSchema-instance" xsi:schemaLocation="http://www.openarchives.org/OAI/2.0/oai_dc/ http://www.openarchives.org/OAI/2.0/oai_dc.xsd">
  <dc:title>FARM BASED BREEDING OF DUAL PURPOSE POULTRY - Experiences from a biodynamic poultry farm in The Netherlands</dc:title>
  <dc:creator>Nauta, Wytze</dc:creator>
  <dc:creator>Slingenbergh, Gerjan</dc:creator>
  <dc:creator>Vredevoogd, Wim</dc:creator>
  <dc:creator>Wagenaar, Jan-Paul</dc:creator>
  <dc:creator>Bestman, Monique</dc:creator>
  <dc:subject>Breeding and genetics</dc:subject>
  <dc:subject>Poultry</dc:subject>
  <dc:description>Since 2009 a small scale breeding and selection project started on a biodynamic farm in The Netherlands. The overall goal is to breed stronger hens that do well under organic conditions and show lower rates of mortality and at the same time have roosters that can be reared for meat production. In this paper results concerning egg and meat production are given, as well as thoughts about economic aspects.</dc:description>
  <dc:date>2011-10</dc:date>
  <dc:type>Conference paper, poster, etc.</dc:type>
  <dc:type>NonPeerReviewed</dc:type>
  <dc:format>application/pdf</dc:format>
  <dc:identifier>http://orgprints.org/23953/3/23953.pdf</dc:identifier>
  <dc:identifier>Nauta, Wytze; Slingenbergh, Gerjan; Vredevoogd, Wim; Wagenaar, Jan-Paul and Bestman, Monique    (2011) FARM BASED BREEDING OF DUAL PURPOSE POULTRY - Experiences from a biodynamic poultry farm in The Netherlands.       Paper at:   IFOAM Organic World Congress 2014, Istanbul, Turkey, 13-15 October 2014.     [Completed]</dc:identifier>
  <dc:relation>http://orgprints.org/23953/</dc:relation>
</oai_dc:dc>