<oai_dc:dc xmlns:oai_dc="http://www.openarchives.org/OAI/2.0/oai_dc/" xmlns:dc="http://purl.org/dc/elements/1.1/" xmlns:xsi="http://www.w3.org/2001/XMLSchema-instance" xsi:schemaLocation="http://www.openarchives.org/OAI/2.0/oai_dc/ http://www.openarchives.org/OAI/2.0/oai_dc.xsd">
  <dc:title>Auswirkungen einer Schwefeldüngung auf den Ertrag und die Nährstoffzusammensetzung eines Kleegrasbestandes</dc:title>
  <dc:creator>Böhm, Herwart</dc:creator>
  <dc:subject>Composting and manuring</dc:subject>
  <dc:subject>Crop husbandry</dc:subject>
  <dc:description>In a field experiment at the Experimental Farm for Organic Farming in Northern Germany, the effect of sulphur application in the form of MgSO4 to a red clover-grass mixture was measured in the year 2011. At the beginning of the vegetation period in the spring plots were fertilised with 30 and 60 kg S ha-1. The sulphur fertilisation resulted in significantly higher fresh weight and dry matter yields and otherwise in a lower dry matter content as compared to an unfertilised treatment. The content of crude protein and sulphur were significantly increased by sulphur application. The N/S-ratios in the fertilised plots showed values below the threshold of 15 for an adequate supply of sulphur. The N-withdrawals added up over the three cuts increased in the fertilised plots by over 55 %. S-withdrawals increased from 8 kg S ha-1 in the unfertilised plots by more than 10 kg S ha-1. In the comparison of the 30 and 60 kg S ha-1 fertilisation level there was no significant effect on yield level, but on N/S-ratio and N uptake. Therefore, a sulphur fertilisation level of 30 kg ha-1 can be considered sufficient.</dc:description>
  <dc:date>2012-09-28</dc:date>
  <dc:type>Conference paper, poster, etc.</dc:type>
  <dc:type>NonPeerReviewed</dc:type>
  <dc:format>application/pdf</dc:format>
  <dc:identifier>http://orgprints.org/21493/1/21493_Boehm.pdf</dc:identifier>
  <dc:identifier>Böhm, Herwart    (2012) Auswirkungen einer Schwefeldüngung auf den Ertrag und die Nährstoffzusammensetzung eines Kleegrasbestandes.       Paper at:   12. Wissenschaftstagung Ökologischer Landbau, Bonn, 5.-8. März 2013.</dc:identifier>
  <dc:relation>http://orgprints.org/21493/</dc:relation>
</oai_dc:dc>