<oai_dc:dc xmlns:oai_dc="http://www.openarchives.org/OAI/2.0/oai_dc/" xmlns:dc="http://purl.org/dc/elements/1.1/" xmlns:xsi="http://www.w3.org/2001/XMLSchema-instance" xsi:schemaLocation="http://www.openarchives.org/OAI/2.0/oai_dc/ http://www.openarchives.org/OAI/2.0/oai_dc.xsd">
  <dc:title>Von Kundentypen und Konsummustern – Berliner Bio-Einkaufsstätten im Visier</dc:title>
  <dc:creator>Schäfer, Martina</dc:creator>
  <dc:creator>Walk, Heike</dc:creator>
  <dc:creator>Madsen, Gudula</dc:creator>
  <dc:subject>Community development</dc:subject>
  <dc:subject>Consumer issues</dc:subject>
  <dc:description>Bio-Supermärkte, Einkaufsgemeinschaften, Wochenmärkte, Abokisten – die Möglichkeiten, Lebensmittel aus ökologischem Anbau zu beziehen haben sich in den letzten Jahren stark ausgeweitet. Die neuen Einkaufsformen haben in Berlin meist regen Anklang gefunden: Bio-Supermärkte sprießen wie Pilze aus dem Boden, die Mitgliederzahlen der Einkaufsgemein-schaften klettern kontinuierlich in die Höhe und mehrere Anbieter von Abokisten mit Le-bensmitteln aus dem Umland konnten sich innerhalb kürzester Zeit etablieren. Diese Erfolgsgeschichten deuten darauf hin, dass es den neuen Vermarktungsformen gelingt, an bestehende Kundenbedürfnisse anzuknüpfen und unterschiedliche Einkaufsgewohnheiten zu befriedigen.&#xD;
Wer kauft in Berlin wo, wie oft und warum Bioprodukte? Werden einige Einkaufsstätten vor allem wegen ihrer angenehmen Atmosphäre besucht? Wo kann der gehetzte Single sich um 19.30 seinen Lieblings-Brotaufstrich und die tiefgekühlte Biopizza besorgen? Gibt es Orte, wo frau sich kennt und beim Einkaufen miteinander quatscht und andere, in denen man auch mal in Ruhe seinen Einkaufswagen vor sich herschieben kann? Werden bestimmte Produkte in bestimmten Läden gekauft und wo fühlen sich die Bio-Neukunden am wohlsten? So lauten einige der Fragestellungen eines vom BMBF geförderten Forschungsprojekts in Berlin. Mit Hilfe umfangreicher Kundeninterviews1 sollen Antworten auf diese Fragen und Hinweise dafür gefunden werden, ob eine Profilierung der Einkaufsstätten auf unterschiedliche Kundenbedürfnisse dazu beiträgt, den Konsum von Bioprodukten insgesamt auszuweiten. Für die Berliner Untersuchung wurden Ökologische Wochenmärkte, Einkaufsgemeinschaften, Bio-Supermärkte und Biocorner in einem konventionellen Kaufhaus ausgewählt.&#xD;
&#xD;
Zusammenfassend lässt sich feststellen, dass die Ausdifferenzierung des Berliner Biomarkts&#xD;
bereits voll im Gang ist. Der Vielfalt der Kundenbedürfnisse wird mit unterschiedlichem Erscheinungsbild, anderen Schwerpunkten im Sortiment und verschiedener Außendarstellung&#xD;
begegnet. Eine konsequente Weiterentwicklung der jeweiligen Profilierungsstrategie lässt&#xD;
weiterhin einen zwar nicht rasanten aber stetigen Anstieg des Anteils von Biokäufern erwarten. Dauerhaften Erfolg werden – unserer Meinung nach – nur die Einkaufsstätten haben, die es schaffen, unverwechselbar zu werden.</dc:description>
  <dc:publisher>ABL Verlag, Hamm</dc:publisher>
  <dc:contributor>AgrarBündnis, AG Land- und Regionalentwicklung - Universität Gesamthochschule Kassel</dc:contributor>
  <dc:date>2001</dc:date>
  <dc:type>Book chapter</dc:type>
  <dc:type>NonPeerReviewed</dc:type>
  <dc:format>application/pdf</dc:format>
  <dc:identifier>http://orgprints.org/1291/1/schaefer-m-2001-kundentypen-konsummuster.pdf</dc:identifier>
  <dc:identifier>Schäfer, Martina; Walk, Heike and Madsen, Gudula    (2001) Von Kundentypen und Konsummustern – Berliner Bio-Einkaufsstätten im Visier.  [On Consumer Types and Consumption Patterns - Investigating Organic Stores in Berlin.]   In: AgrarBündnis, AG Land- und Regionalentwicklung - Universität Gesamthochschule Kassel (Ed.)   Der kritische Agrarbericht.  Jahrbuch. ABL Verlag, Hamm, pp. 338-344.</dc:identifier>
  <dc:relation>http://orgprints.org/1291/</dc:relation>
</oai_dc:dc>