<oai_dc:dc xmlns:oai_dc="http://www.openarchives.org/OAI/2.0/oai_dc/" xmlns:dc="http://purl.org/dc/elements/1.1/" xmlns:xsi="http://www.w3.org/2001/XMLSchema-instance" xsi:schemaLocation="http://www.openarchives.org/OAI/2.0/oai_dc/ http://www.openarchives.org/OAI/2.0/oai_dc.xsd">
  <dc:title>Maßnahmen zur Reduzierung hornbedingter Verletzungen bei der Aufstallung von Jungrindern nach der Sommerweide</dc:title>
  <dc:creator>Rettke, Caroline</dc:creator>
  <dc:creator>Hörning, Bernhard</dc:creator>
  <dc:creator>Hauswald, Anja</dc:creator>
  <dc:creator>Verhoeven, Anne</dc:creator>
  <dc:creator>Hünting, Klaus</dc:creator>
  <dc:creator>Kempkens, Karl</dc:creator>
  <dc:subject>Dairy cattle</dc:subject>
  <dc:subject>Beef cattle</dc:subject>
  <dc:subject>Health and welfare</dc:subject>
  <dc:description>Die Bio-Verordnung erlaubt eine Enthornung von Rindern nur mit Ausnahmegenehmigung. Dennoch sind in Deutschland die meisten Milchkühe auf Biobetrieben enthornt. Ziel der Untersuchung war ein Vergleich verschiedener Hornschutzmaßnahmen bei der Aufstallung von Jungvieh nach der Sommerweideperiode. Drei Gruppen mit je 8 Jungrindern (12 - 21 Monate) wurden verwendet (Verhaltensbeobachtungen, Verletzungsbonitierungen). Anders als in der Kontrollgruppe wiesen die beiden Gruppen mit Holzkugeln bzw. Zitzengummis auf den Hörnern keine Verletzungen auf.</dc:description>
  <dc:publisher>Verlag Dr. Köster, Berlin</dc:publisher>
  <dc:date>2014-09-18</dc:date>
  <dc:type>Conference paper, poster, etc.</dc:type>
  <dc:type>NonPeerReviewed</dc:type>
  <dc:format>application/pdf</dc:format>
  <dc:identifier>http://orgprints.org/27122/1/27122_rettke.pdf</dc:identifier>
  <dc:identifier>Rettke, Caroline; Hörning, Bernhard; Hauswald, Anja; Verhoeven, Anne; Hünting, Klaus and Kempkens, Karl    (2014) Maßnahmen zur Reduzierung hornbedingter Verletzungen bei der Aufstallung von Jungrindern nach der Sommerweide.       Poster at:   13. Wissenschaftstagung Ökologischer Landbau, Hochschule für nachhaltige Entwicklung Eberswalde, 17. - 20. März 2015.</dc:identifier>
  <dc:relation>http://orgprints.org/27122/</dc:relation>
</oai_dc:dc>