<oai_dc:dc xmlns:oai_dc="http://www.openarchives.org/OAI/2.0/oai_dc/" xmlns:dc="http://purl.org/dc/elements/1.1/" xmlns:xsi="http://www.w3.org/2001/XMLSchema-instance" xsi:schemaLocation="http://www.openarchives.org/OAI/2.0/oai_dc/ http://www.openarchives.org/OAI/2.0/oai_dc.xsd">
  <dc:title>Verschiedene Kulturarten für den integrierten und biologischen Anbau</dc:title>
  <dc:subject>Cereals, pulses and oilseeds</dc:subject>
  <dc:subject>Breeding, genetics and propagation</dc:subject>
  <dc:subject>Root crops</dc:subject>
  <dc:description>In Zusammenarbeit mit den Branchenorganisationen werden regionalspezifische Probleme im Rahmen der Sortenprüfung bei Ölpflanzen, Körnerleguminosen und Zuckerrüben bearbeitet (Federführung RAC). Aus einer Vielzahl von aus- und inländischen Züchtungen muss eine optimale Sortenauswahl getroffen werden. Neben der Ertragsleistung und -sicherheit stehen v.a. Krankheitsresistenzen und gute Verarbeitungseigenschaften im Vordergrund. Ziel ist es, die Sortenversuche v.a. auf biologisch bewirtschafteten Standorten durchzuführen. Als Alternative zu genetisch veränderter Soja und zu tierischem Protein sind die einheimisch biologisch erzeugten Soja und Lupine besonders interessant.Bio-Landwirte suchen nach neuen Ackerkulturen, welche die Fruchtfolge aufwerten, umweltschonend erzeugt und mit hoher Wertsschöpfung vermarktet werden können. Wir erarbeiten Empfehlungen zum Anbau von Lupinen, Mohn, Saflor und Winterraps.In der Umsetzung einer nachhaltigen landwirtschaftlichen Produktion sollten sich für nachwachsende Rohstoffe interessante Perspektiven eröffnen. Für deren Realisierung benötigten die Interessenten Kenntnisse zum Anbau der verschiedenen Kulturarten. Wir zeigen auf, in welchen Bereichen zukünftig die besten Marktchancen für nachwachsende Rohstoffe bestehen könnten.</dc:description>
  <dc:type>Project description</dc:type>
  <dc:type>NonPeerReviewed</dc:type>
  <dc:format>application/pdf</dc:format>
  <dc:identifier>http://orgprints.org/5140/1/Hebeisen-2005-verschiedene-Kulturen.pdf</dc:identifier>
  <dc:identifier>{Project}    Verschiedene Kulturarten für den integrierten und biologischen Anbau.  [Different arable crops for integrated and organic farming.]   Runs 2003 - 2007.      Project Leader(s): Hebeisen, Thomas, Agroscope FAL Reckenholz, Swiss Federal Research Station for Agroecology and Agriculture, CH-8046 Zurich, E-mail: info@fal.admin.ch.</dc:identifier>
  <dc:relation>http://orgprints.org/5140/</dc:relation>
</oai_dc:dc>