<oai_dc:dc xmlns:oai_dc="http://www.openarchives.org/OAI/2.0/oai_dc/" xmlns:dc="http://purl.org/dc/elements/1.1/" xmlns:xsi="http://www.w3.org/2001/XMLSchema-instance" xsi:schemaLocation="http://www.openarchives.org/OAI/2.0/oai_dc/ http://www.openarchives.org/OAI/2.0/oai_dc.xsd">
  <dc:title>Die postinfektionellen Wirkungen von Kupferhydroxid und Kupfersulfat auf Konidien von Venturia inaequalis</dc:title>
  <dc:creator>Montag, Jurith</dc:creator>
  <dc:creator>Schreiber, Lukas</dc:creator>
  <dc:creator>Schönherr, Jörg</dc:creator>
  <dc:subject>Crop health, quality, protection</dc:subject>
  <dc:subject>Fruit and berries</dc:subject>
  <dc:description>The post-infection activity of copper hydroxide and copper sulfate against conidia of Venturia inaequalis were evaluated using an in vitro test system based on isolated apple leaf cuticles. Experiments were conducted at 20°C and treatments were applied 24 or 48 h after inoculation. Experiments were assessed by counting living primary stromata 72 h after inoculation using fluorescence microscopy and fluorescein diacetate (FDA) as a vital stain. Copper hydroxide and copper sulfate showed post-infection activity and killed primary stromata, provided the surface of the CM was kept wet. Copper hydroxide was more effective than copper sulfate and was able to kill all primary stromata 24 h after inoculation at concentrations of 116 and 231 mg l-1. Results indicate different modes of action for the highly water soluble copper sulfate and the slightly soluble copper hydroxide. Application of copper hydroxide to dry CM did not kill primary stromata. Hence, for copper hydroxide to exert post-infection activity leaves must be wet.</dc:description>
  <dc:publisher>Fördergemeinschaft Ökologischer Obstbau e.V. (FÖKO)</dc:publisher>
  <dc:contributor>Boos, Markus</dc:contributor>
  <dc:date>2006</dc:date>
  <dc:type>Conference paper, poster, etc.</dc:type>
  <dc:type>NonPeerReviewed</dc:type>
  <dc:format>application/pdf</dc:format>
  <dc:identifier>http://orgprints.org/9024/1/ecofruit_12th_38.pdf</dc:identifier>
  <dc:identifier>Montag, Jurith; Schreiber, Lukas and Schönherr, Jörg    (2006) Die postinfektionellen Wirkungen von Kupferhydroxid und Kupfersulfat auf Konidien von Venturia inaequalis.  [The post-infection activities of copper hydroxide and copper sulfate against conidia of Venturia inaequalis.]  In: Boos, Markus (Ed.)  ecofruit - 12th International Conference on Cultivation Technique and Phytopathological Problems in Organic Fruit-Growing: Proceedings to the Conference from 31st January to 2nd February 2006 at Weinsberg/Germany, Fördergemeinschaft Ökologischer Obstbau e.V. (FÖKO), Weinsberg, Germany, pp. 218-224.</dc:identifier>
  <dc:relation>http://orgprints.org/9024/</dc:relation>
</oai_dc:dc>