<oai_dc:dc xmlns:oai_dc="http://www.openarchives.org/OAI/2.0/oai_dc/" xmlns:dc="http://purl.org/dc/elements/1.1/" xmlns:xsi="http://www.w3.org/2001/XMLSchema-instance" xsi:schemaLocation="http://www.openarchives.org/OAI/2.0/oai_dc/ http://www.openarchives.org/OAI/2.0/oai_dc.xsd">
  <dc:title>Homoeopathy in Bovine Mastitis - A Randomised Placebo Controlled Double-Blind Study</dc:title>
  <dc:creator>Fidelak, Christian</dc:creator>
  <dc:creator>Paal, K.</dc:creator>
  <dc:creator>Merck, C.C.</dc:creator>
  <dc:creator>Klocke, Peter</dc:creator>
  <dc:creator>Spranger, Jörg</dc:creator>
  <dc:subject>Dairy cattle</dc:subject>
  <dc:subject>Health and welfare</dc:subject>
  <dc:description>Homoeopathy in Bovine Mastitis - A Randomised Placebo Controlled Double-Blind Study.</dc:description>
  <dc:publisher>The Royal London Homoeopathic Hospital</dc:publisher>
  <dc:date>2003</dc:date>
  <dc:type>Book chapter</dc:type>
  <dc:type>NonPeerReviewed</dc:type>
  <dc:format>rtf</dc:format>
  <dc:identifier>http://orgprints.org/2765/1/no-document-rft.rtf</dc:identifier>
  <dc:identifier>Fidelak, Christian; Paal, K.; Merck, C.C.; Klocke, Peter and Spranger, Jörg    (2003) Homoeopathy in Bovine Mastitis - A Randomised Placebo Controlled Double-Blind Study.    In:      Improving the success of Homoeopathy 4.  The Royal London Homoeopathic Hospital, pp. 97-98.</dc:identifier>
  <dc:relation>http://orgprints.org/2765/</dc:relation>
</oai_dc:dc>