<oai_dc:dc xmlns:oai_dc="http://www.openarchives.org/OAI/2.0/oai_dc/" xmlns:dc="http://purl.org/dc/elements/1.1/" xmlns:xsi="http://www.w3.org/2001/XMLSchema-instance" xsi:schemaLocation="http://www.openarchives.org/OAI/2.0/oai_dc/ http://www.openarchives.org/OAI/2.0/oai_dc.xsd">
  <dc:title>Recent advances in weed management in cereals in Denmark</dc:title>
  <dc:creator>Rasmussen, Ilse A.</dc:creator>
  <dc:creator>Melander, Bo</dc:creator>
  <dc:creator>Rasmussen, Karsten</dc:creator>
  <dc:creator>Jensen, Rikke K.</dc:creator>
  <dc:creator>Hansen, Preben K.</dc:creator>
  <dc:creator>Rasmussen, Gitte</dc:creator>
  <dc:creator>Christensen, Svend</dc:creator>
  <dc:creator>Rasmussen, Jesper</dc:creator>
  <dc:subject>Weed management</dc:subject>
  <dc:subject>Cereals, pulses and oilseeds</dc:subject>
  <dc:description>Cultural methods for prevention and improved crop competitiveness against weeds and mechanical weed control.</dc:description>
  <dc:publisher>vdf Hochschulverlag AG an der ETH Zürich</dc:publisher>
  <dc:contributor>Alföldi, T.</dc:contributor>
  <dc:contributor>Lockeretz, W.</dc:contributor>
  <dc:contributor>Niggli, U.</dc:contributor>
  <dc:date>2000</dc:date>
  <dc:type>Conference paper, poster, etc.</dc:type>
  <dc:type>NonPeerReviewed</dc:type>
  <dc:format>application/pdf</dc:format>
  <dc:identifier>http://orgprints.org/250/1/management.PDF</dc:identifier>
  <dc:format>application/pdf</dc:format>
  <dc:identifier>http://orgprints.org/250/2/IFOAM2000_2.pdf</dc:identifier>
  <dc:identifier>Rasmussen, Ilse A.; Melander, Bo; Rasmussen, Karsten; Jensen, Rikke K.; Hansen, Preben K.; Rasmussen, Gitte; Christensen, Svend and Rasmussen, Jesper    (2000) Recent advances in weed management in cereals in Denmark.       Paper at:   13th IFOAM Scientific Conference, Basel, Switzerland, 28 to 31 August 2000.</dc:identifier>
  <dc:relation>http://orgprints.org/250/</dc:relation>
</oai_dc:dc>