<oai_dc:dc xmlns:oai_dc="http://www.openarchives.org/OAI/2.0/oai_dc/" xmlns:dc="http://purl.org/dc/elements/1.1/" xmlns:xsi="http://www.w3.org/2001/XMLSchema-instance" xsi:schemaLocation="http://www.openarchives.org/OAI/2.0/oai_dc/ http://www.openarchives.org/OAI/2.0/oai_dc.xsd">
  <dc:title>Effects of organic farming on weed abundance - long-term results from a site in northern Germany</dc:title>
  <dc:creator>Verschwele, Arnd</dc:creator>
  <dc:creator>Zwerger, Peter</dc:creator>
  <dc:subject>Weed management</dc:subject>
  <dc:subject>Biodiversity and ecosystem services</dc:subject>
  <dc:description>One of the aims of organic farming systems is to maintain or enhance the agricultural and natural biodiversity in agro-ecosystems. Weeds can contribute to biodiversity but also need to be controlled. Compared to conventional farming the weed density and diversity in organic farming is expected to be enhanced because of reduced fertilisation and low efficacy of control measures. It is also assumed that the diversity of crops, especially alternation of summer and winter crops, results in a greater range of weed species. However, relatively few data are available confirming this benefit of organic farming. Thus, continuous monitoring studies have been started in 1996 on a trial area for organic farming in northern Germany.</dc:description>
  <dc:publisher>EWRS</dc:publisher>
  <dc:contributor>Barberi, Paolo, et al.</dc:contributor>
  <dc:date>2005</dc:date>
  <dc:type>Conference paper, poster, etc.</dc:type>
  <dc:type>NonPeerReviewed</dc:type>
  <dc:format>application/pdf</dc:format>
  <dc:identifier>http://orgprints.org/5016/1/s2verschwele.pdf</dc:identifier>
  <dc:identifier>Verschwele, Arnd and Zwerger, Peter    (2005) Effects of organic farming on weed abundance - long-term results from a site in northern Germany.  [Auswirkungen des Ökologischen Landbaus auf die Verunkrautung - Langzeitergebnisse von einem Standort in Norddeutschland.]  In: Barberi, Paolo, et al. (Ed.)  Proceedings of the 13th EWRS Symposium, EWRS.</dc:identifier>
  <dc:relation>http://orgprints.org/5016/</dc:relation>
</oai_dc:dc>