<oai_dc:dc xmlns:oai_dc="http://www.openarchives.org/OAI/2.0/oai_dc/" xmlns:dc="http://purl.org/dc/elements/1.1/" xmlns:xsi="http://www.w3.org/2001/XMLSchema-instance" xsi:schemaLocation="http://www.openarchives.org/OAI/2.0/oai_dc/ http://www.openarchives.org/OAI/2.0/oai_dc.xsd">
  <dc:title>Effect meerjarige toepassing groenbemester en organische mest op bodemkwaliteit bij continuteelt maïs : 2e rapport project Zorg voor Zand</dc:title>
  <dc:creator>van Schooten, H.A.</dc:creator>
  <dc:creator>van Eekeren, N.</dc:creator>
  <dc:creator>Hanegraaf, M.C.</dc:creator>
  <dc:creator>van der Burgt, G.J.</dc:creator>
  <dc:creator>de Visser, M.</dc:creator>
  <dc:subject>Soil biology</dc:subject>
  <dc:description>In 2005 is onderzoek gedaan naar het effect van meerjarige toepassing van groenbemester en organische bemesting op diverse bodemkwaliteitskenmerken bij continuteelt van snijmaïs op zandgrond. De conclusie is dat het effect op de bodemkwaliteit en gewasopbrengst van organische bemesting wat groter was dan van groenbemester. De biologische activiteit werd nauwelijks beïnvloed door beide behandelingen.</dc:description>
  <dc:date>2006-09</dc:date>
  <dc:type>Report</dc:type>
  <dc:type>NonPeerReviewed</dc:type>
  <dc:format>application/pdf</dc:format>
  <dc:identifier>http://orgprints.org/9692/1/01_Rapport.pdf</dc:identifier>
  <dc:identifier>van Schooten, H.A.; van Eekeren, N.; Hanegraaf, M.C.; van der Burgt, G.J. and de Visser, M.         (2006) Effect meerjarige toepassing groenbemester en organische mest op bodemkwaliteit bij continuteelt maïs : 2e rapport project Zorg voor Zand.  [Effect of long-term application of cover crops and organic manure on soil quality in a continuous maize production system : 2nd report project Care for Sand.]  Rapport, no. 01. WUR, Animal Sciences Group.</dc:identifier>
  <dc:relation>http://orgprints.org/9692/</dc:relation>
</oai_dc:dc>