<oai_dc:dc xmlns:oai_dc="http://www.openarchives.org/OAI/2.0/oai_dc/" xmlns:dc="http://purl.org/dc/elements/1.1/" xmlns:xsi="http://www.w3.org/2001/XMLSchema-instance" xsi:schemaLocation="http://www.openarchives.org/OAI/2.0/oai_dc/ http://www.openarchives.org/OAI/2.0/oai_dc.xsd">
  <dc:title>Zehn Jahre differenzierte Grundbodenbearbeitung im ökologischen Ackerbau (Projekt Ökologische Bodenbewirtschaftung) - Entwicklung der organischen Bodensubstanz, Nährstoffgehalte sowie bodenbiologischen Eigenschaften</dc:title>
  <dc:creator>Weber, Marion</dc:creator>
  <dc:creator>Emmerling, PD Dr. Christoph</dc:creator>
  <dc:subject>Soil biology</dc:subject>
  <dc:subject>Soil quality</dc:subject>
  <dc:subject>Soil tillage</dc:subject>
  <dc:description>This study investigated the lasting impact of reduced and conservation tillage, namely two-layer ploughing (LP) and layer-cultivating (LC) on soil ecological properties (physical, chemical, microbiological) in an organic farming system relative to ploughing (P). As a major trend, the amounts of soil organic C, microbial biomass –C and –N, Cmic to Corg  ratio, and microbial activity increased in 0-15cm depth in the order P –LP – LC while they decreased in 15-25cm depth in the same order, both in green fallow and winter rye plots. For example, in 0-15 cm depth soil microbial biomass –C concentration was significantly 21 % (LP) and 30 % (LC) greater in green fallow plots or 15 % to 23 % greater in winter rye plots than in P. This was highly correlated with an increase in aggregate stability at these sites. Non-ploughing also resulted in a significant higher bulk density. In addition, there was much evidence that the microbial community changed towards fungi in 0-15 cm depth in reduced and conservation tillage plots. The abundance and fresh biomass of earthworms as well as species richness seemed to benefit from reduced soil tillage intensity. The highest amounts of abundance, fresh biomass and numbers of earthworm species in the current study were found in the plots with the layer cultivation treatment. No tillage effects were found for the amount of plant available P in soil. It can be concluded that reduced or conservation tillage in organic farming systems has beneficial effects on soil organic matter, microbial biomass and potential activity, as well as on earthworms.</dc:description>
  <dc:publisher>kassel university press GmbH, Kassel</dc:publisher>
  <dc:contributor>Heß, J</dc:contributor>
  <dc:contributor>Rahmann, G</dc:contributor>
  <dc:date>2005</dc:date>
  <dc:type>Conference paper, poster, etc.</dc:type>
  <dc:type>NonPeerReviewed</dc:type>
  <dc:format>application/pdf</dc:format>
  <dc:identifier>http://orgprints.org/3757/1/3757.pdf</dc:identifier>
  <dc:identifier>Weber, Marion and Emmerling, PD Dr. Christoph    (2005) Zehn Jahre differenzierte Grundbodenbearbeitung im ökologischen Ackerbau (Projekt Ökologische Bodenbewirtschaftung) - Entwicklung der organischen Bodensubstanz, Nährstoffgehalte sowie bodenbiologischen Eigenschaften.  [Long-term effects of reduced and conservation tillage in organic farming on soil organic matter and nutrient content, and soil biological properties.]  In: Heß, J and Rahmann, G (Eds.)  Ende der Nische, Beiträge zur 8. Wissenschaftstagung Ökologischer Landbau, kassel university press GmbH, Kassel.</dc:identifier>
  <dc:relation>http://orgprints.org/3757/</dc:relation>
</oai_dc:dc>