<oai_dc:dc xmlns:oai_dc="http://www.openarchives.org/OAI/2.0/oai_dc/" xmlns:dc="http://purl.org/dc/elements/1.1/" xmlns:xsi="http://www.w3.org/2001/XMLSchema-instance" xsi:schemaLocation="http://www.openarchives.org/OAI/2.0/oai_dc/ http://www.openarchives.org/OAI/2.0/oai_dc.xsd">
  <dc:title>Ökologische Milchziegenhaltung - Jahr für Jahr mehr Milch -</dc:title>
  <dc:creator>Rahmann, Gerold</dc:creator>
  <dc:creator>Hauschild, Birte</dc:creator>
  <dc:subject>Sheep and goats</dc:subject>
  <dc:description>Der Bio-Ziegenmilchmarkt boomt und die Preise sind interessant (&gt;0,70 €/kg). Ziegenmilchproduktion benötigt keine Milchquote und sie kann auf relativ wenig Fläche und mit vergleichsweise einfachen Gebäuden und wenig Kapital als Haupterwerbszweig aufgebaut werden. Außerdem sind Ziegen tolle Tiere. Immer mehr Betriebe überlegen deswegen den Einstieg in die Produktion. Es gibt jedoch nur wenig Erfahrung mit dem Aufbau einer Bio-Milchziegenherde. Unklar ist vor allem, welche Leistungen zu erwarten sind. Am Institut für Ökologischen Landbau der FAL in Trenthorst wurde 2001 mit Lämmern eine Milchziegenherde etabliert, die seit 2003 gemolken wird. Neben den üblichen Forschungsarbeiten mit dieser Herde (Eutergesundheit, Milchqualität, Parasitenkontrolle, behornte Tiere, Stall- und Weidetechnik, artgerechte Haltung, alternative Futtermittel und Lämmeraufzuchtverfahren: www.oel.fal.de) liegen auch die Daten von vier Laktationsjahren (2003 – 2006) vor. Sie sollen hier vorgestellt werden.</dc:description>
  <dc:publisher>Bioland Verlagsgesellschaft</dc:publisher>
  <dc:date>2007</dc:date>
  <dc:type>Journal paper</dc:type>
  <dc:type>NonPeerReviewed</dc:type>
  <dc:format>application/pdf</dc:format>
  <dc:identifier>http://orgprints.org/12977/1/rahmann-hauschild-Milchziegen_Langartikel.pdf</dc:identifier>
  <dc:identifier>Rahmann, Gerold and Hauschild, Birte   (2007) Ökologische Milchziegenhaltung - Jahr für Jahr mehr Milch -.  [Organic Goat Milk Production.]  Bioland (7), pp. 18-19.</dc:identifier>
  <dc:relation>http://orgprints.org/12977/</dc:relation>
</oai_dc:dc>