<oai_dc:dc xmlns:oai_dc="http://www.openarchives.org/OAI/2.0/oai_dc/" xmlns:dc="http://purl.org/dc/elements/1.1/" xmlns:xsi="http://www.w3.org/2001/XMLSchema-instance" xsi:schemaLocation="http://www.openarchives.org/OAI/2.0/oai_dc/ http://www.openarchives.org/OAI/2.0/oai_dc.xsd">
  <dc:title>Præsentation af status for Bioconval til Organic RDD 14.12.12</dc:title>
  <dc:creator>Bjerrum, Lotte</dc:creator>
  <dc:subject>"Organics" in general</dc:subject>
  <dc:subject>Feeding and growth</dc:subject>
  <dc:subject>Health and welfare</dc:subject>
  <dc:description>Kort status for Bioconval projektet på statusmøde for Organic RDD projekter den 14. december 2012.</dc:description>
  <dc:date>2012-12-14</dc:date>
  <dc:type>Other</dc:type>
  <dc:type>NonPeerReviewed</dc:type>
  <dc:format>application/pdf</dc:format>
  <dc:identifier>http://orgprints.org/22104/7/22104.pdf</dc:identifier>
  <dc:identifier>Bjerrum, Lotte    (2012) Præsentation af status for Bioconval til Organic RDD 14.12.12.   .   [Completed]</dc:identifier>
  <dc:relation>http://orgprints.org/22104/</dc:relation>
</oai_dc:dc>