<oai_dc:dc xmlns:oai_dc="http://www.openarchives.org/OAI/2.0/oai_dc/" xmlns:dc="http://purl.org/dc/elements/1.1/" xmlns:xsi="http://www.w3.org/2001/XMLSchema-instance" xsi:schemaLocation="http://www.openarchives.org/OAI/2.0/oai_dc/ http://www.openarchives.org/OAI/2.0/oai_dc.xsd">
  <dc:title>FiBL-Betriebsnetz. Jahresbericht 2005</dc:title>
  <dc:creator>Rudmann, Christine</dc:creator>
  <dc:creator>Chevillat, Véronique</dc:creator>
  <dc:creator>Richter, Toralf</dc:creator>
  <dc:subject>Policy environments and social economy</dc:subject>
  <dc:subject>Farming Systems</dc:subject>
  <dc:description>Der vorliegende Jahresbericht ist der erste Bericht zu den Aktivitäten im neuen FiBLBetriebsnetz. Er beinhaltet die Beschreibung des Auf- und Umbaus des Netzes, sowie eine Zusammenfassung der Tätigkeiten, welche im Laufe des Jahres 2005 stattgefunden haben. Der Bericht ist folgendermassen aufgebaut:&#xD;
Zuerst werden organisatorische Neuigkeiten zum Betriebsnetz beschrieben. Danach folgt die Zusammenfassung der Tätigkeiten des Jahres 2005. In einem separaten Kapitel werden die Workshops zum Thema Lebensqualität, welche im Rahmen der Jahrestagungen stattgefunden haben, beschrieben. Am Schluss sind im Anhang die Fragebogen zum Thema Lebensqualität beigefügt.</dc:description>
  <dc:date>2006</dc:date>
  <dc:type>Report</dc:type>
  <dc:type>NonPeerReviewed</dc:type>
  <dc:format>application/pdf</dc:format>
  <dc:identifier>http://orgprints.org/8591/1/Rudmann-etal-2006-FiBL_Betriebsnetz_Jahresbericht05.pdf</dc:identifier>
  <dc:identifier>Rudmann, Christine; Chevillat, Véronique and Richter, Toralf         (2006) FiBL-Betriebsnetz. Jahresbericht 2005.  [FiBL-FarmNet. Annual Report 2005.]   Forschungsinstitut für biologischen Landbau (FiBL) CH-Frick.</dc:identifier>
  <dc:relation>http://orgprints.org/8591/</dc:relation>
</oai_dc:dc>