<oai_dc:dc xmlns:oai_dc="http://www.openarchives.org/OAI/2.0/oai_dc/" xmlns:dc="http://purl.org/dc/elements/1.1/" xmlns:xsi="http://www.w3.org/2001/XMLSchema-instance" xsi:schemaLocation="http://www.openarchives.org/OAI/2.0/oai_dc/ http://www.openarchives.org/OAI/2.0/oai_dc.xsd">
  <dc:title>Bestøvning og biodiversitet</dc:title>
  <dc:creator>Strandberg, B.</dc:creator>
  <dc:subject>Biodiversity and ecosystem services</dc:subject>
  <dc:description>Præsentation af insekterne&#xD;
•Hvorfor er bestøvende insekter vigtige?&#xD;
–Bestøvning af afgrøder og vilde planter&#xD;
–Biodiversitet&#xD;
•Status for bestøvende insekter og deres fødeplanter&#xD;
•Trusler mod bestøvende insekter&#xD;
•Fødeudbud og –behov&#xD;
•Hvordan påvirker pesticider bestøverne&#xD;
•Hvordan kan vi hjælpe bestøverne</dc:description>
  <dc:date>2014</dc:date>
  <dc:type>Conference paper, poster, etc.</dc:type>
  <dc:type>NonPeerReviewed</dc:type>
  <dc:format>application/pdf</dc:format>
  <dc:identifier>http://orgprints.org/26593/7/26593.pdf</dc:identifier>
  <dc:identifier>Strandberg, B.    (2014) Bestøvning og biodiversitet.       Speech at:   Foredrag for Vestjyske biavlerforeninger, Herning, Februar 2014.     [Completed]</dc:identifier>
  <dc:relation>http://orgprints.org/26593/</dc:relation>
</oai_dc:dc>