<oai_dc:dc xmlns:oai_dc="http://www.openarchives.org/OAI/2.0/oai_dc/" xmlns:dc="http://purl.org/dc/elements/1.1/" xmlns:xsi="http://www.w3.org/2001/XMLSchema-instance" xsi:schemaLocation="http://www.openarchives.org/OAI/2.0/oai_dc/ http://www.openarchives.org/OAI/2.0/oai_dc.xsd">
  <dc:title>Emissionsreduktion bei Haltung auf Spaltenböden: Bewertung eines neuartigen Reinigungsverfahrens</dc:title>
  <dc:creator>Georg, Heiko</dc:creator>
  <dc:creator>Retz, Stefanie</dc:creator>
  <dc:subject>Beef cattle</dc:subject>
  <dc:subject>Air and water emissions</dc:subject>
  <dc:description>Die Laufstallhaltung von Rindern trägt in hohen Maß zu den Gesamtemission von Ammoniak bei. Als eine wichtige Quelle können Laufflächen wie Spaltenböden angesehen werden. Daher war das Ziel der Untersuchungen, die Auswirkungen eines Reinigungssytems für Spaltenboden auf die Ammoniakemissionen in der Rinderhaltung zu bewerten. Das Reinigunsgerät stellt eine Kombination von Hochdruck- Wasserdüse, mechanische Sternewalze und einem Gummischieber dar.</dc:description>
  <dc:publisher>Lehr- und Forschungszentrum für Landwirtschaft Raumberg-Gumpenstein</dc:publisher>
  <dc:date>2011</dc:date>
  <dc:type>Conference paper, poster, etc.</dc:type>
  <dc:type>NonPeerReviewed</dc:type>
  <dc:format>application/pdf</dc:format>
  <dc:identifier>http://orgprints.org/19663/1/657_OEL_Beitrag_Georg_Retz_Bautagung_Gumpenstein_2011.pdf</dc:identifier>
  <dc:identifier>Georg, Heiko and Retz, Stefanie    (2011) Emissionsreduktion bei Haltung auf Spaltenböden: Bewertung eines neuartigen Reinigungsverfahrens.   In:     Bautagung Raumberg-Gumpenstein 2011, Lehr- und Forschungszentrum für Landwirtschaft Raumberg-Gumpenstein, Raumberg-Gumpenstein, pp. 25-28.</dc:identifier>
  <dc:relation>http://orgprints.org/19663/</dc:relation>
</oai_dc:dc>