<oai_dc:dc xmlns:oai_dc="http://www.openarchives.org/OAI/2.0/oai_dc/" xmlns:dc="http://purl.org/dc/elements/1.1/" xmlns:xsi="http://www.w3.org/2001/XMLSchema-instance" xsi:schemaLocation="http://www.openarchives.org/OAI/2.0/oai_dc/ http://www.openarchives.org/OAI/2.0/oai_dc.xsd">
  <dc:title>Erschließung und Management adäquater Bestäuber zur Ertragsoptimierung und Qualitätssicherung im Erdbeer- und Kulturheidelbeeranbau</dc:title>
  <dc:subject>Biodiversity and ecosystem services</dc:subject>
  <dc:subject>Fruit and berries</dc:subject>
  <dc:description>Ziel dieses Projektes ist die Erschließung adäquater Bestäuber zur Ertragsoptimierung und Qualitätssicherung für den ökologischen Erdbeer- und Kulturheidelbeeranbau. Dabei soll ein zuverlässiges Bestäuber- und Landschaftsmanagement erarbeitet werden, um zukünftig bestehende Potentiale im Bereich des ökologischen Beerenanbaus besser ausnutzen zu können. Dieses soll über zwei verschiedene Wege angestrebt werden: zum einen über den gezielten Einsatz von Wildbienen (aus Zuchten) in den zu bestäubenden Kulturen und zum anderen über die Schaffung optimaler Lebensbedingungen zur Förderung natürlich vorkommender Wildbienenpopulationen im Umfeld der zu bestäubenden Kulturen.</dc:description>
  <dc:type>Project description</dc:type>
  <dc:type>NonPeerReviewed</dc:type>
  <dc:identifier>{Project}    Erschließung und Management adäquater Bestäuber zur Ertragsoptimierung und Qualitätssicherung im Erdbeer- und Kulturheidelbeeranbau.    Runs 2004 - 2006.      Project Leader(s): Boecking, Dr. Otto, Niedersächsisches Landesamt für Verbraucherschutz und Lebensmittelsicherheit.</dc:identifier>
  <dc:relation>http://orgprints.org/6517/</dc:relation>
</oai_dc:dc>