<oai_dc:dc xmlns:oai_dc="http://www.openarchives.org/OAI/2.0/oai_dc/" xmlns:dc="http://purl.org/dc/elements/1.1/" xmlns:xsi="http://www.w3.org/2001/XMLSchema-instance" xsi:schemaLocation="http://www.openarchives.org/OAI/2.0/oai_dc/ http://www.openarchives.org/OAI/2.0/oai_dc.xsd">
  <dc:title>Combining physical and cultural weed control with biological methods – prospects for integrated non-chemical weed management strategies</dc:title>
  <dc:creator>Hatcher, Scientist Paul</dc:creator>
  <dc:creator>Melander, Scientist Bo</dc:creator>
  <dc:subject>Weed management</dc:subject>
  <dc:description>The paper deals with the possibilities of combining physical weed control with biological weed control.</dc:description>
  <dc:date>2004</dc:date>
  <dc:type>Conference paper, poster, etc.</dc:type>
  <dc:type>NonPeerReviewed</dc:type>
  <dc:format>application/pdf</dc:format>
  <dc:identifier>http://orgprints.org/2615/1/Abstracts_Lillehammer_2004.pdf</dc:identifier>
  <dc:identifier>Hatcher, Scientist Paul and Melander, Scientist Bo    (2004) Combining physical and cultural weed control with biological methods – prospects for integrated non-chemical weed management strategies.   In:     Proceedings of the 6th EWRS on Physical and Cultural Weed Control, p. 30.</dc:identifier>
  <dc:relation>http://orgprints.org/2615/</dc:relation>
</oai_dc:dc>