<oai_dc:dc xmlns:oai_dc="http://www.openarchives.org/OAI/2.0/oai_dc/" xmlns:dc="http://purl.org/dc/elements/1.1/" xmlns:xsi="http://www.w3.org/2001/XMLSchema-instance" xsi:schemaLocation="http://www.openarchives.org/OAI/2.0/oai_dc/ http://www.openarchives.org/OAI/2.0/oai_dc.xsd">
  <dc:title>Effizientes Stickstoffmanagement mindert Nitrataustrag</dc:title>
  <dc:creator>Haas, Guido</dc:creator>
  <dc:subject>Air and water emissions</dc:subject>
  <dc:description>Stickstoff stellt in der landwirtschaftlichen Flächennutzung den zentralen Nährstoff für die Ertrags- und Qualitätsbildung dar, ist aber auch das Element der mit den größten Umweltwirkungen. Der Ökologische Landbau weist in vielen Vergleichsuntersuchungen geringere Nitratausträge auf. Aber es gibt Schwachpunkte, die mit gezielten Strategien auszuräumen sind.</dc:description>
  <dc:publisher>Forschungsring für Biologisch-Dynamische Wirtschaftsweise e.V., Darmstadt</dc:publisher>
  <dc:date>2003</dc:date>
  <dc:type>Journal paper</dc:type>
  <dc:type>NonPeerReviewed</dc:type>
  <dc:format>application/pdf</dc:format>
  <dc:identifier>http://orgprints.org/2219/1/2219-haas-LE-N-Management.pdf</dc:identifier>
  <dc:identifier>Haas, Guido   (2003) Effizientes Stickstoffmanagement mindert Nitrataustrag.  [An efficient nitrogen management decreases the eluviation of nitrate.]  Lebendige Erde (05/03), pp. 37-39.</dc:identifier>
  <dc:relation>http://orgprints.org/2219/</dc:relation>
</oai_dc:dc>