<oai_dc:dc xmlns:oai_dc="http://www.openarchives.org/OAI/2.0/oai_dc/" xmlns:dc="http://purl.org/dc/elements/1.1/" xmlns:xsi="http://www.w3.org/2001/XMLSchema-instance" xsi:schemaLocation="http://www.openarchives.org/OAI/2.0/oai_dc/ http://www.openarchives.org/OAI/2.0/oai_dc.xsd">
  <dc:title>Pflanzenschutz im Ökologischen Landbau – Informationsangebote im Internetportal www.oekolandbau.de</dc:title>
  <dc:creator>Marx, Dr. Peggy</dc:creator>
  <dc:creator>Kühne, PD Dr. Stefan</dc:creator>
  <dc:subject>Crop health, quality, protection</dc:subject>
  <dc:description>www.oekolandbau.de provided information about plant protection in organic farming. More than 500 pages with text and figures clear up about pest organism in agriculture, horticulture, fruit-growing, winegrowing, weed control, store protection, beneficial organism and regulations.</dc:description>
  <dc:publisher>kassel university press GmbH, Kassel</dc:publisher>
  <dc:contributor>Heß, J</dc:contributor>
  <dc:contributor>Rahmann, G</dc:contributor>
  <dc:date>2005</dc:date>
  <dc:type>Conference paper, poster, etc.</dc:type>
  <dc:type>NonPeerReviewed</dc:type>
  <dc:format>application/pdf</dc:format>
  <dc:identifier>http://orgprints.org/3580/1/3580.pdf</dc:identifier>
  <dc:identifier>Marx, Dr. Peggy and Kühne, PD Dr. Stefan    (2005) Pflanzenschutz im Ökologischen Landbau – Informationsangebote im Internetportal www.oekolandbau.de.  [Plant protection in organic farming - comprehensive information on www.oekolandbau.de.]  In: Heß, J and Rahmann, G (Eds.)  Ende der Nische, Beiträge zur 8. Wissenschaftstagung Ökologischer Landbau, kassel university press GmbH, Kassel.</dc:identifier>
  <dc:relation>http://orgprints.org/3580/</dc:relation>
</oai_dc:dc>