<oai_dc:dc xmlns:oai_dc="http://www.openarchives.org/OAI/2.0/oai_dc/" xmlns:dc="http://purl.org/dc/elements/1.1/" xmlns:xsi="http://www.w3.org/2001/XMLSchema-instance" xsi:schemaLocation="http://www.openarchives.org/OAI/2.0/oai_dc/ http://www.openarchives.org/OAI/2.0/oai_dc.xsd">
  <dc:title>Vermarktungsinitiativen für Bioprodukte: Beispiele, Strategien, Erfolgsfaktoren</dc:title>
  <dc:creator>Schmid, Otto</dc:creator>
  <dc:creator>Sanders, Jürn</dc:creator>
  <dc:creator>Richter, Toralf</dc:creator>
  <dc:subject>Markets and trade</dc:subject>
  <dc:subject>Policy environments and social economy</dc:subject>
  <dc:description>Immer mehr Bäuerinnen und Bauern ergreifen die Chance, ihre Bioprodukte über Vermarktungsinitiativen gemeinschaftlich am Markt abzusetzen. Doch welche Wege führen zum Erfolg? Das Handbuch zeigt auf, welche Typen von Vermarktungsinitiativen es gibt und welche Faktoren zum Erfolg beitragen können. Es werden 15 Schweizer Vermarktungsinitiativen vorgestellt und analysiert. Bewertungshilfen zur Planung und Erfolgskontrolle von Vermarktungsinitiativen runden das Handbuch ab. Es richtet sich an alle Akteure, die in den Bereichen Produktion und Vermarktung von Bioprodukten sowie Regionalentwicklung tätig sind. Grundlage des Buches sind Ergebnisse einer Analyse von Schweizer Vermarktungsinitiativen, die im Rahmen eines europäischen Forschungsprojektes gemacht wurden (OMIaRD: Organic Marketing Initiatives and Rural Development).</dc:description>
  <dc:publisher>Forschungsinstitut für biologischen Landbau, Frick</dc:publisher>
  <dc:date>2003</dc:date>
  <dc:type>Book</dc:type>
  <dc:type>NonPeerReviewed</dc:type>
  <dc:format>application/pdf</dc:format>
  <dc:identifier>http://orgprints.org/2674/1/schmid-2003-vermarktungsinitiativen_LINK.pdf</dc:identifier>
  <dc:identifier>Schmid, Otto; Sanders, Jürn and Richter, Toralf    (2003) Vermarktungsinitiativen für Bioprodukte: Beispiele, Strategien, Erfolgsfaktoren.  [Marketing initiatives for organic products: Examples, strategies, factors for success.]    Forschungsinstitut für biologischen Landbau, Frick.</dc:identifier>
  <dc:relation>http://orgprints.org/2674/</dc:relation>
</oai_dc:dc>