<oai_dc:dc xmlns:oai_dc="http://www.openarchives.org/OAI/2.0/oai_dc/" xmlns:dc="http://purl.org/dc/elements/1.1/" xmlns:xsi="http://www.w3.org/2001/XMLSchema-instance" xsi:schemaLocation="http://www.openarchives.org/OAI/2.0/oai_dc/ http://www.openarchives.org/OAI/2.0/oai_dc.xsd">
  <dc:title>Tromletørring skal sikre kvalitetskorn</dc:title>
  <dc:creator>Kristensen, Scientist Erik Fløjgaard</dc:creator>
  <dc:subject>Post harvest management and techniques</dc:subject>
  <dc:subject>Food security, food quality and human health</dc:subject>
  <dc:subject>Buildings and machinery</dc:subject>
  <dc:description>Svampevækst i korn kan forringe kvaliteten og i værste fald gøre det sundhedsskadeligt for både dyr og mennesker. Nye forsøg viser, at tromletørring kan reducere svampeforekomsten markant uden i øvrigt at forringe kvaliteten</dc:description>
  <dc:publisher>Økologisk Landsforening</dc:publisher>
  <dc:date>2003-08</dc:date>
  <dc:type>Newspaper or magazine article</dc:type>
  <dc:type>NonPeerReviewed</dc:type>
  <dc:format>application/pdf</dc:format>
  <dc:identifier>http://orgprints.org/1245/1/Klumme_tromle.pdf</dc:identifier>
  <dc:identifier>Kristensen, Scientist Erik Fløjgaard    (2003) Tromletørring skal sikre kvalitetskorn.  [Drum drying, a method to ensure high-quality grain.]  Økologisk Jordbrug, August 2003 (293), p. 6.</dc:identifier>
  <dc:relation>http://orgprints.org/1245/</dc:relation>
</oai_dc:dc>