<oai_dc:dc xmlns:oai_dc="http://www.openarchives.org/OAI/2.0/oai_dc/" xmlns:dc="http://purl.org/dc/elements/1.1/" xmlns:xsi="http://www.w3.org/2001/XMLSchema-instance" xsi:schemaLocation="http://www.openarchives.org/OAI/2.0/oai_dc/ http://www.openarchives.org/OAI/2.0/oai_dc.xsd">
  <dc:title>Einsatz von Quassia zur Bekämpfung der Hopfenblattlaus Phorodon humuli in der Sonderkultur Hopfen</dc:title>
  <dc:creator>Weihrauch, Florian</dc:creator>
  <dc:creator>Schwarz, Johannes</dc:creator>
  <dc:creator>Engelhard, Bernhard</dc:creator>
  <dc:subject>Crop health, quality, protection</dc:subject>
  <dc:description>Der wichtigste Schädling im Hopfenbau ist generell die Hopfenblattlaus Phorodon humuli. Zu ihrer Bekämpfung wurden bereits zu Beginn des 20. Jahrhunderts weltweit Quassia-Extrakte eingesetzt. Knapp hundert Jahre später wurde Quassia bzw. dessen Wirkstoff Quassin als Option zur Blattlausbekämpfung im Ökologischen Hopfenbau wiederentdeckt, da zu diesem Zeitpunkt insbesondere die zugelassenen Pyrethrine keine befriedigende Wirkung mehr zeigten. Im Rahmen mehrerer Versuche zur biologischen Wirksamkeit, die von 2002 bis 2006 über fünf Vegetationsperioden durchgeführt und dabei ständig wissenschaftlich begleitet wurden, erwies sich Quassin als effektiver Wirkstoff zur Blattlausbekämpfung bei ökologisch bewirtschafteten Aroma-Hopfensorten. Als erfolgversprechendste Methode der Applikation des Wirkstoffes wurde eine systemische Methode entwickelt, wobei das Quassin als ölige Suspension mit einem Pinsel direkt auf die Rebenbasis aufgetragen wird, um sich dann in der ganzen Pflanze zu verteilen. Diese Methode war nicht nur die effektivste, sondern stellte mit Sicherheit auch die umweltfreundlichste Variante dar. Als optimale Wirkstoffmenge bei der systemischen Applikation wurden 24 g/ha Quassin ermittelt.&#xD;
Um Quassin in der EU als Wirkstoff generell verfügbar zu machen, muss dieser erst auf Annex I der EU-Richtlinie 91/414/EWG des Rates gelistet sein. Um die nötigen Daten dafür zu generieren, wurden im Jahr 2007 drei weitere Wirksamkeitsprüfungen durchgeführt. Dabei wurde erstmals auch die Wirksamkeit von Quassin in einer konventionell bewirtschafteten Hochalpha-Sorte geprüft. Die dabei gewonnenen Ergebnisse unterstreichen die aktuelle Bedeutung von Quassin als dem derzeit einzigen effektiven Wirkstoff zur Blattlausbekämpfung im Ökologischen Hopfenbau, insbesondere bei systemischer Applikation.</dc:description>
  <dc:publisher>Biologische Bundesanstalt für Land- und Forstwirtschaft (BBA), D-Braunschweig</dc:publisher>
  <dc:contributor>Kühne, S.</dc:contributor>
  <dc:contributor>Ganzelmeier, H.</dc:contributor>
  <dc:contributor>Friedrich, B.</dc:contributor>
  <dc:date>2007</dc:date>
  <dc:type>Conference paper, poster, etc.</dc:type>
  <dc:type>NonPeerReviewed</dc:type>
  <dc:format>application/pdf</dc:format>
  <dc:identifier>http://orgprints.org/15392/1/Weihrauch-2007-BBA_12.Fachgespraech_2007_Berichtsversion.pdf</dc:identifier>
  <dc:format>application/pdf</dc:format>
  <dc:identifier>http://orgprints.org/15392/2/Weihrauch-etal-2007-12.Fachgespraech_BBA_2007-abstract.pdf</dc:identifier>
  <dc:identifier>Weihrauch, Florian; Schwarz, Johannes and Engelhard, Bernhard    (2007) Einsatz von Quassia zur Bekämpfung der Hopfenblattlaus Phorodon humuli in der Sonderkultur Hopfen.   In: Kühne, S.; Ganzelmeier, H. and Friedrich, B. (Eds.)  Pflanzenschutz im ökologischen Landbau - Probleme und Lösungsansätze - 12. Fachgespräch zum Thema „Anwendung von Pflanzenschutzmitteln und innovativer Verfahren im Ökologischen Landbau - Neue Wirkstoffe und Applikationstechnik“, Biologische Bundesanstalt für Land- und Forstwirtschaft (BBA), D-Braunschweig, Berichte aus der Biologischen Bundesanstalt für Land- und Forstwirtschaft (BBA), no. 141, pp. 53-60.</dc:identifier>
  <dc:relation>http://orgprints.org/15392/</dc:relation>
</oai_dc:dc>