<oai_dc:dc xmlns:oai_dc="http://www.openarchives.org/OAI/2.0/oai_dc/" xmlns:dc="http://purl.org/dc/elements/1.1/" xmlns:xsi="http://www.w3.org/2001/XMLSchema-instance" xsi:schemaLocation="http://www.openarchives.org/OAI/2.0/oai_dc/ http://www.openarchives.org/OAI/2.0/oai_dc.xsd">
  <dc:title>Parameters for Carrot Quality: and the development of the Inner Quality concept</dc:title>
  <dc:creator>Northolt, Martin</dc:creator>
  <dc:creator>van der Burgt, Geert-Jan</dc:creator>
  <dc:creator>Buisman, Thiemo</dc:creator>
  <dc:creator>Vanden Bogaerde, Arne</dc:creator>
  <dc:subject>Food security, food quality and human health</dc:subject>
  <dc:subject>Specific methods</dc:subject>
  <dc:subject>Root crops</dc:subject>
  <dc:description>The life processes of the carrot plant were demonstrated by various parameters in this study.&#xD;
Growth processes, including photosynthesis, absorption of nitrogen and other nutrients and formation of cells, tissues and organs, are measured by the parameters weight of leaves and roots and emission 30-50 white of delayed luminescence. The nitrate content may indicate growth but has to be investigated further.&#xD;
Differentiation processes, including refining, ordering, ripening and secondary metabolisms, are measured by the parameters root stumpiness, saccharose, sweetness, dry matter and emission 30-50 ratio of delayed luminescence. Some other parameters may indicate differentiation processes but have to be further investigated: leaves/root weight ratio, monosaccharides/saccharose ratio, carotenes, initial and total emission white, hyperbolicity ratio and slope white of delayed luminescence.&#xD;
Integration of growth and differentiation is measured by resistance to pests and disease, total appreciation and storage test. Some other parameters may indicate integration but need further investigation: carrot taste, slope white of delayed luminescence.&#xD;
Copper chloride crystallisation did not produce clear pictures due to failure of the method applied and should be further investigated since, in the Apple-1 and -2 studies  (Bloksma et al., 2001, 2004 b), it was one of the indicators of the life processes.&#xD;
Electro-chemical parameters, except possibly pH, did not indicate growth processes in his study or in the Apple-1 and -2 studies.</dc:description>
  <dc:date>2004</dc:date>
  <dc:type>Report</dc:type>
  <dc:type>NonPeerReviewed</dc:type>
  <dc:format>application/pdf</dc:format>
  <dc:identifier>http://orgprints.org/4265/1/4265.pdf</dc:identifier>
  <dc:identifier>Northolt, Martin; van der Burgt, Geert-Jan; Buisman, Thiemo and Vanden Bogaerde, Arne         (2004) Parameters for Carrot Quality: and the development of the Inner Quality concept.  [Met Nederlandse samenvatting: Parameters voor wortelkwaliteit en de ontwikkeling van het Innerlijke Kwaliteitsconcept / mit deutscher Zusammenfassung: Parametern für Möhrenqualität und die Entwicklung des Begriffs der Inneren Qualität.]  Louis Bolk Instituut Publications, no. GVV05 / FQH04. Louis Bolk Instituut.</dc:identifier>
  <dc:relation>http://orgprints.org/4265/</dc:relation>
</oai_dc:dc>