<oai_dc:dc xmlns:oai_dc="http://www.openarchives.org/OAI/2.0/oai_dc/" xmlns:dc="http://purl.org/dc/elements/1.1/" xmlns:xsi="http://www.w3.org/2001/XMLSchema-instance" xsi:schemaLocation="http://www.openarchives.org/OAI/2.0/oai_dc/ http://www.openarchives.org/OAI/2.0/oai_dc.xsd">
  <dc:title>Ekologiskt foder – krävs det andra värphönsgenotyper? Ekologiskt lantbruk konferens 22-23 november 2005. Ultuna, Uppsala. Sammanfattningar av föredrag och postrar. SLU. Centrum för uthålligt lantbruk.</dc:title>
  <dc:creator>Elwinger, Klas</dc:creator>
  <dc:subject>Poultry</dc:subject>
  <dc:subject>Animal husbandry</dc:subject>
  <dc:subject>Health and welfare</dc:subject>
  <dc:subject>Breeding and genetics</dc:subject>
  <dc:subject>Feeding and growth</dc:subject>
  <dc:description>Orsaker till skillnader i produktion och beteenden i olika inhysningsformer för värphöns har till stor del en genetisk bakgrund. Generellt är bruna genotyper som ej näbbtrimmas mer benägna till fjäderplockning och hackning än vita leghornkorsningar. Olika genotyper visade sig från produktionssynpunkt reagera lika på förändringar i fodersammansättning, men olika från djurhälso- och beteendesynpunkt. Med de näringsmässigt strängare KRAV-regler som förespeglas träda i kraft 2001 krävs från djurskyddssynpunkt sannolikt andra genotyper, men kraven riskerar att bli högre ställda än vad som är biologiskt möjligt att uppfylla.</dc:description>
  <dc:publisher>Federativ tryckeri AB</dc:publisher>
  <dc:date>2005</dc:date>
  <dc:type>Conference paper, poster, etc.</dc:type>
  <dc:type>NonPeerReviewed</dc:type>
  <dc:format>application/pdf</dc:format>
  <dc:identifier>http://orgprints.org/6746/1/elwinger123_1281.pdf</dc:identifier>
  <dc:identifier>Elwinger, Klas    (2005) Ekologiskt foder – krävs det andra värphönsgenotyper? Ekologiskt lantbruk konferens 22-23 november 2005. Ultuna, Uppsala. Sammanfattningar av föredrag och postrar. SLU. Centrum för uthålligt lantbruk.  [Nutrition of organic layers - do we need other genotypes?]  In:     Ekologiskt lantbruk konferens 22-23 november 2005. Ultuna, Uppsala. Sammanfattningar av föredrag och postrar. SLU. Centrum för uthålligt lantbruk., Federativ tryckeri AB, pp. 123-128.</dc:identifier>
  <dc:relation>http://orgprints.org/6746/</dc:relation>
</oai_dc:dc>