<oai_dc:dc xmlns:oai_dc="http://www.openarchives.org/OAI/2.0/oai_dc/" xmlns:dc="http://purl.org/dc/elements/1.1/" xmlns:xsi="http://www.w3.org/2001/XMLSchema-instance" xsi:schemaLocation="http://www.openarchives.org/OAI/2.0/oai_dc/ http://www.openarchives.org/OAI/2.0/oai_dc.xsd">
  <dc:title>Feldversuchsstationen zum Ökologischen Landbau der Sächsischen Landesanstalt für Landwirtschaft</dc:title>
  <dc:subject>Environmental aspects</dc:subject>
  <dc:subject>Food security, food quality and human health</dc:subject>
  <dc:subject>"Organics" in general</dc:subject>
  <dc:subject>Soil</dc:subject>
  <dc:subject>Knowledge management</dc:subject>
  <dc:subject>Crop husbandry</dc:subject>
  <dc:subject>Recycling, balancing and resource management</dc:subject>
  <dc:description>Es werden Einrichtungen der Sächsischen Landesanstalt für Landwirtschaft beschrieben, auf denen Feldversuche zum Ökologischen Landbau durchgeführt werden.</dc:description>
  <dc:type>Research facility description</dc:type>
  <dc:type>NonPeerReviewed</dc:type>
  <dc:format>application/pdf</dc:format>
  <dc:identifier>http://orgprints.org/10470/1/Oeko_Versuchskonzept_Sn.pdf</dc:identifier>
  <dc:identifier>{Facility}   Feldversuchsstationen zum Ökologischen Landbau der Sächsischen Landesanstalt für Landwirtschaft.  [Experimental stations for Organic Agriculture by the Saxon State Institute for Agriculture.]      Facility Leader(s): Sächsische Landesanstalt für Landwirtschaft, Dresden, Sächsische Landesanstalt für Landwirtschaft.</dc:identifier>
  <dc:relation>http://orgprints.org/10470/</dc:relation>
</oai_dc:dc>