<oai_dc:dc xmlns:oai_dc="http://www.openarchives.org/OAI/2.0/oai_dc/" xmlns:dc="http://purl.org/dc/elements/1.1/" xmlns:xsi="http://www.w3.org/2001/XMLSchema-instance" xsi:schemaLocation="http://www.openarchives.org/OAI/2.0/oai_dc/ http://www.openarchives.org/OAI/2.0/oai_dc.xsd">
  <dc:title>Organic production in Finland</dc:title>
  <dc:creator>Rahtola, Mikko</dc:creator>
  <dc:subject>Crop husbandry</dc:subject>
  <dc:subject>Animal husbandry</dc:subject>
  <dc:description>Organic production in Finland is presented in this paper. The statistics contain organic farms and area, most important crops, horticultural crops, and certified livestock.</dc:description>
  <dc:publisher>Nordic Association of Agricultural Scientists</dc:publisher>
  <dc:date>2005</dc:date>
  <dc:type>Conference paper, poster, etc.</dc:type>
  <dc:type>NonPeerReviewed</dc:type>
  <dc:format>application/pdf</dc:format>
  <dc:identifier>http://orgprints.org/5785/1/nsemi.pdf</dc:identifier>
  <dc:identifier>Rahtola, Mikko    (2005) Organic production in Finland.   In:     NJF Report, Nordic Association of Agricultural Scientists, 1 (1), p. 277.</dc:identifier>
  <dc:relation>http://orgprints.org/5785/</dc:relation>
</oai_dc:dc>