<oai_dc:dc xmlns:oai_dc="http://www.openarchives.org/OAI/2.0/oai_dc/" xmlns:dc="http://purl.org/dc/elements/1.1/" xmlns:xsi="http://www.w3.org/2001/XMLSchema-instance" xsi:schemaLocation="http://www.openarchives.org/OAI/2.0/oai_dc/ http://www.openarchives.org/OAI/2.0/oai_dc.xsd">
  <dc:title>Abschätzung von Bestandeseigenschaften in Leguminosengras-Gemengen &#xD;
mit nichtdestruktiven Methoden</dc:title>
  <dc:creator>Fricke, Thomas</dc:creator>
  <dc:creator>Wachendorf, Michael</dc:creator>
  <dc:subject>Pasture and forage crops</dc:subject>
  <dc:subject>Cereals, pulses and oilseeds</dc:subject>
  <dc:subject>Crop combinations and interactions</dc:subject>
  <dc:description>To describe spatial heterogeneity of crop properties, non-destructive methods can be helpful in capturing whole field data sets. This paper shows examples of different sensor methods that have been evaluated to measure biomass and legume content in legume-grass mixtures. Biomass has been estimated using vegetation indices (NDVI, SR, EVI and REIP) calculated from spectral reflectance measurements in greenhouse experiments. The index REIP has been used to identify species composition as well. Furthermore, biomass values can be derived from ultra sonic measurements of sward heights. To quantify legume contents in short term leys, which is important for forage quality and nitrogen flows, image analysis tools have been used in different experi-ments with good results. These examples indicate a hopeful perspective to estimate biomass and species composition. However, the structural and functional complexity of legume-grass mixtures requires adapted methods to specific crop characteristics like e.g. predefinition of legume species.</dc:description>
  <dc:date>2007</dc:date>
  <dc:type>Conference paper, poster, etc.</dc:type>
  <dc:type>NonPeerReviewed</dc:type>
  <dc:format>application/pdf</dc:format>
  <dc:identifier>http://orgprints.org/9537/1/9537_Fricke_Poster.pdf</dc:identifier>
  <dc:identifier>Fricke, Thomas and Wachendorf, Michael    (2007) Abschätzung von Bestandeseigenschaften in Leguminosengras-Gemengen mit nichtdestruktiven Methoden.  [Prediction of Crop Properties in Legume/Grass Mixtures by non-destructive methods.]      Poster at:   Zwischen Tradition und Globalisierung - 9. Wissenschaftstagung Ökologischer Landbau, Universität Hohenheim, Stuttgart, Deutschland, 20.-23.03.2007.</dc:identifier>
  <dc:relation>http://orgprints.org/9537/</dc:relation>
</oai_dc:dc>