<oai_dc:dc xmlns:oai_dc="http://www.openarchives.org/OAI/2.0/oai_dc/" xmlns:dc="http://purl.org/dc/elements/1.1/" xmlns:xsi="http://www.w3.org/2001/XMLSchema-instance" xsi:schemaLocation="http://www.openarchives.org/OAI/2.0/oai_dc/ http://www.openarchives.org/OAI/2.0/oai_dc.xsd">
  <dc:title>The committed organic consumer</dc:title>
  <dc:creator>Geen, Natalie</dc:creator>
  <dc:creator>Firth, Chris</dc:creator>
  <dc:subject>"Organics" in general</dc:subject>
  <dc:subject>Food systems</dc:subject>
  <dc:subject>Markets and trade</dc:subject>
  <dc:description>Abstract - UK committed organic consumers are reported to be about 23 per cent of consumers and account for 84 per cent of organic sales.  This paper compares the committed organic consumer who is also a member of the UK’s national charity for organic growing (HDRA), to committed organic consumers in the wider UK population.  Broad parallels were found between these two groups of consumers although there were differences in purchasing drivers as environmental issues were relatively more important to HDRA members than other committed organic consumers. There was also a higher prevalence of vegetarianism and gardening in the HDRA sample. Yet consumer preferences are dynamic and there is perhaps no single, stereotypical, organic consumer.</dc:description>
  <dc:date>2006</dc:date>
  <dc:type>Conference paper, poster, etc.</dc:type>
  <dc:type>NonPeerReviewed</dc:type>
  <dc:format>application/pdf</dc:format>
  <dc:identifier>http://orgprints.org/7125/1/7125.pdf</dc:identifier>
  <dc:format>application/pdf</dc:format>
  <dc:identifier>http://orgprints.org/7125/2/7125_ppt.pdf</dc:identifier>
  <dc:identifier>Geen, Natalie and Firth, Chris    (2006) The committed organic consumer.       Paper at:   Joint Organic Congress, Odense, Denmark, May 30-31, 2006.</dc:identifier>
  <dc:relation>http://orgprints.org/7125/</dc:relation>
</oai_dc:dc>