<oai_dc:dc xmlns:oai_dc="http://www.openarchives.org/OAI/2.0/oai_dc/" xmlns:dc="http://purl.org/dc/elements/1.1/" xmlns:xsi="http://www.w3.org/2001/XMLSchema-instance" xsi:schemaLocation="http://www.openarchives.org/OAI/2.0/oai_dc/ http://www.openarchives.org/OAI/2.0/oai_dc.xsd">
  <dc:title>Gødskning af vårsædarter</dc:title>
  <dc:creator>Schou, Anders</dc:creator>
  <dc:subject>Cereals, pulses and oilseeds</dc:subject>
  <dc:subject>Composting and manuring</dc:subject>
  <dc:description>I 2008 blev fire forskellige arter af vårsæd afprøvet i de økologiske landsforsøg. Arterne blev afprøvet med tre forskellige forfrugter: korn, kløvergræs og enårig afgrøde med grøngødning. Valg af forfrugt har stor betydning for mængden af plantetilgængeligt kvælstof i rodzonen. Den får således også stor indflydelse på hvor mange kg. NH4-N det kan ”betale” sig at tildele afgrøden.</dc:description>
  <dc:contributor>Hansen, Jesper</dc:contributor>
  <dc:date>2008-11-03</dc:date>
  <dc:type>Report chapter</dc:type>
  <dc:type>NonPeerReviewed</dc:type>
  <dc:format>application/pdf</dc:format>
  <dc:identifier>http://orgprints.org/27497/6/27497.pdf</dc:identifier>
  <dc:identifier>Schou, Anders    (2008) Gødskning af vårsædarter.  [Fertilization of spring cereal species.]   In: Hansen, Jesper (Ed.)  Økologisk Planteavlsberetning 2008.  Økologisk Rådgivning, chapter 8, pp. 29-31.</dc:identifier>
  <dc:relation>http://orgprints.org/27497/</dc:relation>
</oai_dc:dc>