<oai_dc:dc xmlns:oai_dc="http://www.openarchives.org/OAI/2.0/oai_dc/" xmlns:dc="http://purl.org/dc/elements/1.1/" xmlns:xsi="http://www.w3.org/2001/XMLSchema-instance" xsi:schemaLocation="http://www.openarchives.org/OAI/2.0/oai_dc/ http://www.openarchives.org/OAI/2.0/oai_dc.xsd">
  <dc:title>Evaluierung von Saflor-Akzessionen für den Ökologischen Landbau</dc:title>
  <dc:creator>Reinbrecht, Dr. Carsten</dc:creator>
  <dc:creator>Barth, Dr. Susanne</dc:creator>
  <dc:creator>von Witzke-Ehbrecht, Dr. Sabine</dc:creator>
  <dc:creator>Khan, Muhammad Awais</dc:creator>
  <dc:creator>Becker, Prof. Dr. Heiko C.</dc:creator>
  <dc:creator>Kahnt, Prof. Dr. Günter</dc:creator>
  <dc:creator>Claupein, Prof. Dr. Wilhelm</dc:creator>
  <dc:subject>Cereals, pulses and oilseeds</dc:subject>
  <dc:subject>Breeding, genetics and propagation</dc:subject>
  <dc:description>In Deutschland werden im Ökologischen Landbau trotz vorhandener Nachfrage nach Speiseöl nur sehr wenige Ölpflanzen angebaut. Saflor oder Färberdistel ist dabei als eine sinnvolle Alternative zu Raps bzw. Sonnenblumen anzusehen, es liegen jedoch bislang nur wenige Untersuchungen zur Anbauwürdigkeit vor. 741 Saflorherkünfte wurden 2002 auf ihre Anbaueignung unter hiesigen Klimabedingungen zweiortig geprüft. 2003 wurden 65 daraus ausgelesene, überlegene Herkünfte in einer dreiortigen Leistungsprüfung getestet. Es zeigte sich neben einer sehr großen Variabilität des verwendeten Materials, dass sich vorrangig europäische Formen durch eine gute Kornausbildung und höhere Samenerträge auszeichneten. Zwischen beiden Jahren bestand keine Beziehung in den Samenerträgen der 65 Herkünfte.</dc:description>
  <dc:publisher>Gesellschaft für Pflanzenzüchtung e. V.</dc:publisher>
  <dc:contributor>Hammer, Prof. Dr. Karl</dc:contributor>
  <dc:contributor>Becker, Prof. Dr. Heiko C.</dc:contributor>
  <dc:date>2004</dc:date>
  <dc:type>Conference paper, poster, etc.</dc:type>
  <dc:type>NonPeerReviewed</dc:type>
  <dc:format>application/pdf</dc:format>
  <dc:identifier>http://orgprints.org/3701/1/Vortr%C3%A4ge_f%C3%BCr_Pflanzenz%C3%BCchtung_62%2C_CR.pdf</dc:identifier>
  <dc:identifier>Reinbrecht, Dr. Carsten; Barth, Dr. Susanne; von Witzke-Ehbrecht, Dr. Sabine; Khan, Muhammad Awais; Becker, Prof. Dr. Heiko C.; Kahnt, Prof. Dr. Günter and Claupein, Prof. Dr. Wilhelm    (2004) Evaluierung von Saflor-Akzessionen für den Ökologischen Landbau.  [Evaluation of accessions of safflower for a use in organic farming.]  In: Hammer, Prof. Dr. Karl and Becker, Prof. Dr. Heiko C. (Eds.)  On-farm-Management von pflanzengenetischen Ressourcen im Rahmen der Pflanzenzüchtung, Gesellschaft für Pflanzenzüchtung e. V., 62, Vorträge für Pflanzenzüchtung, pp. 101-103.</dc:identifier>
  <dc:relation>http://orgprints.org/3701/</dc:relation>
</oai_dc:dc>