<oai_dc:dc xmlns:oai_dc="http://www.openarchives.org/OAI/2.0/oai_dc/" xmlns:dc="http://purl.org/dc/elements/1.1/" xmlns:xsi="http://www.w3.org/2001/XMLSchema-instance" xsi:schemaLocation="http://www.openarchives.org/OAI/2.0/oai_dc/ http://www.openarchives.org/OAI/2.0/oai_dc.xsd">
  <dc:title>Betriebswirtschaftlicher Vergleich des Winterraps- und Winterweizenanbaus</dc:title>
  <dc:creator>Schuster, Martina</dc:creator>
  <dc:creator>Pommer, Rene</dc:creator>
  <dc:subject>Cereals, pulses and oilseeds</dc:subject>
  <dc:subject>Farm economics</dc:subject>
  <dc:description>Winterweizen und Winterraps konkurrieren auf Grund ihres hohen Stickstoffbedarfs um die beste Stellung in der Fruchtfolge. In diesem Poster wird ein betriebswirtschaftlicher Vergleich auf Vollkostenbasis zwischen den beiden Kulturarten unter den Standortbedingungen des Ökofeldes in Roda (Sachsen) vorgenommen.</dc:description>
  <dc:date>2006</dc:date>
  <dc:type>Conference paper, poster, etc.</dc:type>
  <dc:type>NonPeerReviewed</dc:type>
  <dc:format>application/pdf</dc:format>
  <dc:identifier>http://orgprints.org/8974/1/20060608_SchusterPoster_OeklLandbau_Betriebswirtschaft.pdf</dc:identifier>
  <dc:identifier>Schuster, Martina and Pommer, Rene    (2006) Betriebswirtschaftlicher Vergleich des Winterraps- und Winterweizenanbaus.  [Farm economic comparison between winter rape seed and winter wheat cultivation.]      Poster at:   Vortragsveranstaltung mit Feldtag „Forschung zum ökologischen Landbau in Sachsen“, Roda, 14. 06. 2006.     [Unpublished]</dc:identifier>
  <dc:relation>http://orgprints.org/8974/</dc:relation>
</oai_dc:dc>