<oai_dc:dc xmlns:oai_dc="http://www.openarchives.org/OAI/2.0/oai_dc/" xmlns:dc="http://purl.org/dc/elements/1.1/" xmlns:xsi="http://www.w3.org/2001/XMLSchema-instance" xsi:schemaLocation="http://www.openarchives.org/OAI/2.0/oai_dc/ http://www.openarchives.org/OAI/2.0/oai_dc.xsd">
  <dc:title>Hestebønne-, ærte- og raps-protein samt hørfrøolie i foder til økologiske fisk</dc:title>
  <dc:creator>Jokumsen, Alfred</dc:creator>
  <dc:subject>Environmental aspects</dc:subject>
  <dc:subject>"Organics" in general</dc:subject>
  <dc:subject>Food systems</dc:subject>
  <dc:subject>Values, standards and certification</dc:subject>
  <dc:subject>Knowledge management</dc:subject>
  <dc:subject>Crop husbandry</dc:subject>
  <dc:description>Økologisk dyrkede hestebønner, ærter og raps kan erstatte en del af fiskemelsproteinet og hørfrøolie kan erstatte fiskeolie i foder til økologiske regnbueørreder. Det er blandt de seneste resultater fra forsøg i ORAQUA projektet.&#xD;
Fiskemel og fiskeolie er unikke kilder til protein og fedt i fiskefoder p.g.a. det optimale indhold af henholdsvis aminosyrer og omega-3 fedtsyrer. Men denne ressource er stærkt begrænset, hvorfor ORAQUA projektet har fokus på alternative økologiske vegetabilier i foder til økologiske fisk.</dc:description>
  <dc:date>2010-03-15</dc:date>
  <dc:type>Newspaper or magazine article</dc:type>
  <dc:type>NonPeerReviewed</dc:type>
  <dc:format>application/msword</dc:format>
  <dc:identifier>http://orgprints.org/16891/1/16891.doc</dc:identifier>
  <dc:identifier>Jokumsen, Alfred    (2010) Hestebønne-, ærte- og raps-protein samt hørfrøolie i foder til økologiske fisk.   ICROFS nyt, 15 March 2010 (1), pp. 6-7.</dc:identifier>
  <dc:relation>http://orgprints.org/16891/</dc:relation>
</oai_dc:dc>