<oai_dc:dc xmlns:oai_dc="http://www.openarchives.org/OAI/2.0/oai_dc/" xmlns:dc="http://purl.org/dc/elements/1.1/" xmlns:xsi="http://www.w3.org/2001/XMLSchema-instance" xsi:schemaLocation="http://www.openarchives.org/OAI/2.0/oai_dc/ http://www.openarchives.org/OAI/2.0/oai_dc.xsd">
  <dc:title>Optimierter Einsatz von Kartoffelprotein in der Ernährung von Regenbogenforellen nach ökologischen Kriterien</dc:title>
  <dc:creator>Tusche, Karsten</dc:creator>
  <dc:creator>Schulz, Carsten</dc:creator>
  <dc:subject>Food security, food quality and human health</dc:subject>
  <dc:subject>Feeding and growth</dc:subject>
  <dc:subject>Health and welfare</dc:subject>
  <dc:subject>Aquaculture</dc:subject>
  <dc:description>Im ersten Versuch wurde aufgezeigt, dass der Einsatz von Kartoffelproteinen als Fischmehlersatz in der ökologischen Ernährung von Regenbogenforellen im höchsten Maße von der Qualität des Rohstoffs abhängig ist. Vor allem der Gehalt an Glykoalkaloiden und anderen möglichen antinutritiven Inhaltstoffen spielt eine Rolle, was wiederum durch die Substitutionshöhe beeinflusst werden kann. Der Geschmack, die Verdauung und Verwertung werden durch hohe Substitutionsraten stark (negativ) beeinflusst. Als Abschlussempfehlung für diesen ersten Versuch werden als maximale Proteinaustauschhöhe 50% mit einem LG-PPC angegeben, wobei das Futter weiterhin einen hohen nutritiven Wert aufweist. Gerade die Akzeptanz der Futterpartikel sollte in zukünftigen Forschungsvorhaben verbessert werden, um zu gewährleisten, dass Nährstoff dieses neuen Einsatzstoffes in ausreichenden Mengen in den Organismus gelangen. Dies könnte über den Einsatz von Geschmackstoffen erfolgen.&#xD;
Generell haben gereinigte Kartoffelproteine das Potential als alternative Proteinquelle in ökologischen Fischfuttermitteln verwendet zu werden. Es lässt sich nach den Vorgaben der EU Gesetzgebung verwenden und bietet aus ernährungsphysiologischer Sicht alle benötigten Aminosäuren, ohne das eine Supplementierung mit freien AS erfolgen müsste. Dennoch müssen weitere Erkenntnisse für eine bessere Verwendung und Ausnutzung in der Ernährung von Forellen gefunden werden.&#xD;
Für den Einsatz von geschmacksverstärkenden Futtereinsatzstoffen lässt sich zusammenfassend festhalten, dass alle Kartoffelproteingruppen eine reduzierte Futteraufnahme und Wachstum aufwiesen, wenn sie mit den Fischmehl-Futtergruppen verglichen werden. Weiterhin muss festgehalten werden, dass alle PPC Gruppen auch, oder gerade im Vergleich mit der GFM Gruppe ebenfalls geringere Wachstumsleistungen aufwies. Dies könnte zum einen darauf hindeuten, dass über die Glykoalkaloide hinaus weitere antinutritive Effekte von den PPC ausgehen, welche aber an dieser Stelle nicht erfasst wurden und zum anderen könnte die Wirkung von Solanin und Chaconin durch die hohe Attraktivität von Fischmehl kompensiert worden sein. Dennoch lag das PER in allen Fütterungsgruppen über 2, was auf eine gute Proteinverwertung hindeutet. Unterstützt wird diese Aussage durch die guten Futterquotienten zwischen 0,91 – 1,15. Die höchsten täglichen Fütterungsraten wurden in den Fischmehlgruppen (FM und GFM) ermittelt. Der Effekt von Fischmehl auf den Geschmack war deutlich intensiver als jeglicher verwendeter Geschmacksverstärker im Versuch. Unter diesen geschmacksverstärkenden Substanzen wies Blutmehl die höchsten Futteraufnahmen auf. Neben diesem Effekt zeigte sich zusätzlich ein positiver Einfluss auf die Bindeeigenschaften im Futterpartikel. Dies ist für die Zukunft ein weiterer wichtiger Punkt für den Einsatz von Kartoffelproteinen in biologisch-organischen Fischfuttermitteln. Neben der hohen biologischen Wertigkeit des Proteins, verhindert die Feinkörnigkeit des Rohstoffs PPC eine stabile Verarbeitung.&#xD;
Als abschließende Beurteilung lässt sich festhalten, dass alle verwendeten Kombinationen von Weizenkleber und konzentrierten Kartoffelproteinen in der Lage waren 56% des eingesetzten Fischmehls (auf der Proteinebene) in Futtermitteln für Regenbogenforellen problemlos zu ersetzen. Dabei wurde keinerlei negativer Einfluss auf die Futteraufnahme, Verwertung, Wachstum und die Tiergesundheit festgestellt. Darüber hinaus zeigte auch die Ganzkörperzusammensetzung und Blutparameteranalyse, dass alle angebotenen Futtermittel eine ausreichende Versorgung sicherstellen können. Beide verwendeten Rohstoffe können nicht nur aus zertifizierungs-rechtlicher Sicht, sondern auch aus ernährungsphysiologischer Sicht für den Einsatz in organisch-biologischen Fischfuttermitteln empfohlen werden. Die Einsatzmengen eines jeden Rohstoffs werden gerade bei Weizenkleber durch den ernährungsphysiologischen Bedarf der jeweiligen Art bestimmt und liegen nach aktuellen Erkenntnissen bei ca. 190 g kg-1 Futtermittel. Bei höheren Konzentrationen treten beim Weizenkleber Mangelsituationen (v.a. Lysin) und beim Kartoffelprotein (&gt;300 g kg-1 Futtermittel)  Geschmacksprobleme auf. &#xD;
Die Kombination beider Rohstoffe nutzt die Vorteile des günstigen jedoch zum Teil minderwertigen Weizenkleberproteins, welches durch lediglich geringe Mengen eines hochgereinigten Kartoffelproteinkonzentrates aufgewertet werden kann. Dadurch entsteht ein nachhaltiges und zertifizierungsfähiges Fischfuttermittel mit einem hohen nutritiven Wert und hoher Stabilität im Wasser.</dc:description>
  <dc:date>2011-10-30</dc:date>
  <dc:type>Report</dc:type>
  <dc:type>NonPeerReviewed</dc:type>
  <dc:format>application/pdf</dc:format>
  <dc:identifier>http://orgprints.org/19627/1/19627-08OE058-uni_kiel-2011-tusche-kartoffelprotein_regenbogenforellen.pdf</dc:identifier>
  <dc:identifier>Tusche, Karsten and Schulz, Carsten         (2011) Optimierter Einsatz von Kartoffelprotein in der Ernährung von Regenbogenforellen nach ökologischen Kriterien.  [Optimized use of potato protein concentrates in organic aquaculture diets for rainbow trout (Oncorhynchus mykiss).]   Christian-Albrechts-Universität, D-Kiel, Institut für Tierzucht und Tierhaltung, Fachbereich: Aquakultur.</dc:identifier>
  <dc:relation>http://orgprints.org/19627/</dc:relation>
</oai_dc:dc>