<oai_dc:dc xmlns:oai_dc="http://www.openarchives.org/OAI/2.0/oai_dc/" xmlns:dc="http://purl.org/dc/elements/1.1/" xmlns:xsi="http://www.w3.org/2001/XMLSchema-instance" xsi:schemaLocation="http://www.openarchives.org/OAI/2.0/oai_dc/ http://www.openarchives.org/OAI/2.0/oai_dc.xsd">
  <dc:title>Biomass production and N2-fixation in seven grass-legume mixtures</dc:title>
  <dc:creator>Rasmussen, J.</dc:creator>
  <dc:creator>Søegaard, K.</dc:creator>
  <dc:creator>Eriksen, J.</dc:creator>
  <dc:subject>Crop combinations and interactions</dc:subject>
  <dc:subject>Nutrient turnover</dc:subject>
  <dc:description>Inclusion of forage legumes in low-input grassland mixtures improves biomass production and soil fertility trough addition of nitrogen (N) from N2-fixation. The impacts of different mixture of legumes and companion grasses on the N production of the forage mixture have rarely been investigated under comparable soil and climatic conditions. We conducted a field experiment on a sandy soil at two nitrogen levels with seven two-species grassland mixtures: alfalfa (Medicago sativa), bird’s-foot trefoil (Lotus corniculatus), red clover (Trifolium pratense), or white clover (Trifolium repens) in mixture with perennial ryegrass (Lolium perenne), and white clover in mixture with meadow fescue (Festuca pratensis), timothy (Phleum pratense), or hybrid ryegrass (Lolium hybridum). Red clover and alfalfa fixed 400-500 kg N ha-1 and bird ’s-foot trefoil just above 100 kg N ha-1 in aboveground biomass. The white clover N fixation was affected by the companion grass species and ranged from 150 to 175 kg N ha-1. Fertilization had different effects on N2-fixation among the legumes, but also significant effects on white clover N2-fixation depending on the companion grass species.</dc:description>
  <dc:date>2010</dc:date>
  <dc:type>Conference paper, poster, etc.</dc:type>
  <dc:type>NonPeerReviewed</dc:type>
  <dc:format>application/pdf</dc:format>
  <dc:identifier>http://orgprints.org/17882/4/17882.pdf</dc:identifier>
  <dc:identifier>Rasmussen, J.; Søegaard, K. and Eriksen, J.    (2010) Biomass production and N2-fixation in seven grass-legume mixtures.       Paper at:   NJF Seminar 432, Hvanneryri, Iceland, 20-22 June.</dc:identifier>
  <dc:relation>http://orgprints.org/17882/</dc:relation>
</oai_dc:dc>