<oai_dc:dc xmlns:oai_dc="http://www.openarchives.org/OAI/2.0/oai_dc/" xmlns:dc="http://purl.org/dc/elements/1.1/" xmlns:xsi="http://www.w3.org/2001/XMLSchema-instance" xsi:schemaLocation="http://www.openarchives.org/OAI/2.0/oai_dc/ http://www.openarchives.org/OAI/2.0/oai_dc.xsd">
  <dc:title>Betydning af udsædsbåren angreb af ærtesyge</dc:title>
  <dc:creator>Nielsen, G.C.</dc:creator>
  <dc:subject>Crop health, quality, protection</dc:subject>
  <dc:description>En nærmere analyse af 13 forsøg fra 1999-2001 med ærtesyge har klarlagt en signifikant sammenhæng mellem angreb af ærtesyge på udsæden og udbytteniveauet. For hver procent frø, der blev udsået med ærtesyge, var der et udbyttetab på 0,059 hkg/ha. Ved udsåning af ærter med eksempelvis 20 procent frø med ærtesyge, kan der således forventes et udbyttetab på 1,18 hkg/ha (20 gange 0,059).</dc:description>
  <dc:date>2004-11</dc:date>
  <dc:type>Other</dc:type>
  <dc:type>NonPeerReviewed</dc:type>
  <dc:format>application/pdf</dc:format>
  <dc:identifier>http://orgprints.org/8011/1/8011.pdf</dc:identifier>
  <dc:identifier>Nielsen, G.C.    (2004) Betydning af udsædsbåren angreb af ærtesyge.   .</dc:identifier>
  <dc:relation>http://orgprints.org/8011/</dc:relation>
</oai_dc:dc>