<oai_dc:dc xmlns:oai_dc="http://www.openarchives.org/OAI/2.0/oai_dc/" xmlns:dc="http://purl.org/dc/elements/1.1/" xmlns:xsi="http://www.w3.org/2001/XMLSchema-instance" xsi:schemaLocation="http://www.openarchives.org/OAI/2.0/oai_dc/ http://www.openarchives.org/OAI/2.0/oai_dc.xsd">
  <dc:title>Gødskning af vinterspelt</dc:title>
  <dc:creator>Schou, Anders</dc:creator>
  <dc:subject>Cereals, pulses and oilseeds</dc:subject>
  <dc:subject>Composting and manuring</dc:subject>
  <dc:description>Økologisk Rådgivning har i 2008 udført et forsøg med stigende mængde gødning til vinterspelt med forfrugt korn (vinterhvede). Forsøget indgår i en serie på 6 landsforsøg med stigende mængde gødning til vinterspelt med forfrugt korn.</dc:description>
  <dc:contributor>Hansen, Jesper</dc:contributor>
  <dc:date>2008-11-03</dc:date>
  <dc:type>Report chapter</dc:type>
  <dc:type>NonPeerReviewed</dc:type>
  <dc:format>application/pdf</dc:format>
  <dc:identifier>http://orgprints.org/27495/6/27495.pdf</dc:identifier>
  <dc:identifier>Schou, Anders    (2008) Gødskning af vinterspelt.  [Fertilizing of winter spelled.]   In: Hansen, Jesper (Ed.)  Økologisk Planteavlsberetning 2008.  Økologisk Rådgivning, chapter 8, pp. 33-35.</dc:identifier>
  <dc:relation>http://orgprints.org/27495/</dc:relation>
</oai_dc:dc>