<oai_dc:dc xmlns:oai_dc="http://www.openarchives.org/OAI/2.0/oai_dc/" xmlns:dc="http://purl.org/dc/elements/1.1/" xmlns:xsi="http://www.w3.org/2001/XMLSchema-instance" xsi:schemaLocation="http://www.openarchives.org/OAI/2.0/oai_dc/ http://www.openarchives.org/OAI/2.0/oai_dc.xsd">
  <dc:title>QLIF news: Research in the European organic and low input food supply chain</dc:title>
  <dc:creator>Andreasen, Claus Bo</dc:creator>
  <dc:subject>Food systems</dc:subject>
  <dc:subject>Soil</dc:subject>
  <dc:subject>Farming Systems</dc:subject>
  <dc:subject>Crop husbandry</dc:subject>
  <dc:subject>Animal husbandry</dc:subject>
  <dc:description>The first issue of the QLIF newsletter is focused on introducing the QLIF project and the communication tool connected to the project.</dc:description>
  <dc:date>2004-11</dc:date>
  <dc:type>Web product</dc:type>
  <dc:type>NonPeerReviewed</dc:type>
  <dc:format>text/html</dc:format>
  <dc:identifier>http://orgprints.org/5343/1/index.html</dc:identifier>
  <dc:identifier>Andreasen, Claus Bo    (2004) QLIF news: Research in the European organic and low input food supply chain.   .  Online at &lt;http://www.qlif.org/qlifnews/nov04/index.html &lt;http://www.qlif.org/qlifnews/nov04/index.html&gt;&gt;.</dc:identifier>
  <dc:relation>http://orgprints.org/5343/</dc:relation>
</oai_dc:dc>