<oai_dc:dc xmlns:oai_dc="http://www.openarchives.org/OAI/2.0/oai_dc/" xmlns:dc="http://purl.org/dc/elements/1.1/" xmlns:xsi="http://www.w3.org/2001/XMLSchema-instance" xsi:schemaLocation="http://www.openarchives.org/OAI/2.0/oai_dc/ http://www.openarchives.org/OAI/2.0/oai_dc.xsd">
  <dc:title>Qualitätserhaltendes Handling von Bioobst und Biogemüse im Einzelhandel und bei der Direktvermarktung</dc:title>
  <dc:subject>Food security, food quality and human health</dc:subject>
  <dc:subject>Markets and trade</dc:subject>
  <dc:subject>Processing, packaging and transportation</dc:subject>
  <dc:description>Für den konventionellen Landbau/Handel wird von Verlusten durch nicht an das Produkt angepasste Prozessführungen von bis zu 32% der Erntemengen ausgegangen; wobei etwa 2/3 davon im Einzelhandel verursacht werden. Für den Naturkosthandel werden noch weit höhere Verderbquoten angenommen. Als Grund dafür wird die geringere Umschlaggeschwindigkeit im Vergleich zu konventionellen Produkten genannt. Außerdem muss aufgrund des Anbauverfahrens (kein Einsatz chemischer Pflanzenschutzmittel) und fehlender Konservierung (bei Südfrüchten) in der Nacherntephase mit einem vermehrten Wachstum von fäulniserregenden Mikroorganismen an der Produktoberfläche gerechnet werden. Ziel des Projektes ist daher die Erarbeitung einer Handlungs- anleitung/eines Leitfadens für die qualitätserhaltende Präsentation und Kurzzeit-Aufbewahrung von Bioobst und -gemüse zur Nutzung vor allem im Einzelhandel und bei der Direktvermarktung.</dc:description>
  <dc:type>Project description</dc:type>
  <dc:type>NonPeerReviewed</dc:type>
  <dc:identifier>{Project}    Qualitätserhaltendes Handling von Bioobst und Biogemüse im Einzelhandel und bei der Direktvermarktung.    Runs 2002 - 2004.      Project Leader(s): Linke, Dipl.-Ing. Manfred, Institut für Agrartechnik Bornim e.V..</dc:identifier>
  <dc:relation>http://orgprints.org/5737/</dc:relation>
</oai_dc:dc>