<oai_dc:dc xmlns:oai_dc="http://www.openarchives.org/OAI/2.0/oai_dc/" xmlns:dc="http://purl.org/dc/elements/1.1/" xmlns:xsi="http://www.w3.org/2001/XMLSchema-instance" xsi:schemaLocation="http://www.openarchives.org/OAI/2.0/oai_dc/ http://www.openarchives.org/OAI/2.0/oai_dc.xsd">
  <dc:title>In grasland meeste risico</dc:title>
  <dc:creator>Bestman, Monique</dc:creator>
  <dc:creator>Vogel, Tessa</dc:creator>
  <dc:subject>Health and welfare</dc:subject>
  <dc:subject>Poultry</dc:subject>
  <dc:description>We hebben literatuuronderzoek gedaan naar welke wilde vogelsoorten gezien worden in beplantingen van wilgen, miscanthus en fruit. Sommige soorten kunnen nl vogelgriep overbrengen op kippen. We wilden weten met welke beplantingen in kippenuitlopen je wilde vogels met AI-risico kunt weren.</dc:description>
  <dc:date>2014-05-30</dc:date>
  <dc:type>Newspaper or magazine article</dc:type>
  <dc:type>NonPeerReviewed</dc:type>
  <dc:format>application/pdf</dc:format>
  <dc:identifier>http://orgprints.org/27664/1/2909.pdf</dc:identifier>
  <dc:identifier>Bestman, Monique and Vogel, Tessa    (2014) In grasland meeste risico.  [AI risk greatest in outdoor range areas with grasses.]  Pluimveehouderij, 30 May 2014, 44, pp. 30-31.</dc:identifier>
  <dc:relation>http://orgprints.org/27664/</dc:relation>
</oai_dc:dc>