<oai_dc:dc xmlns:oai_dc="http://www.openarchives.org/OAI/2.0/oai_dc/" xmlns:dc="http://purl.org/dc/elements/1.1/" xmlns:xsi="http://www.w3.org/2001/XMLSchema-instance" xsi:schemaLocation="http://www.openarchives.org/OAI/2.0/oai_dc/ http://www.openarchives.org/OAI/2.0/oai_dc.xsd">
  <dc:title>Kruset skræppe</dc:title>
  <dc:creator>Melander, Bo</dc:creator>
  <dc:subject>Weed management</dc:subject>
  <dc:description>Beskrivelse af biologien hos kruset skræppe</dc:description>
  <dc:date>2009</dc:date>
  <dc:type>Web product</dc:type>
  <dc:type>NonPeerReviewed</dc:type>
  <dc:format>application/pdf</dc:format>
  <dc:identifier>http://orgprints.org/16229/1/16229.pdf</dc:identifier>
  <dc:identifier>Melander, Bo    (2009) Kruset skræppe.   .  Online at &lt;http://www.okologi.dk/Landmand/Projekter/Rodukrudt/Rodukrudt-typer/skraeppe.asp &lt;http://www.okologi.dk/Landmand/Projekter/Rodukrudt/Rodukrudt-typer/skraeppe.asp&gt;&gt;.</dc:identifier>
  <dc:relation>http://orgprints.org/16229/</dc:relation>
</oai_dc:dc>