<oai_dc:dc xmlns:oai_dc="http://www.openarchives.org/OAI/2.0/oai_dc/" xmlns:dc="http://purl.org/dc/elements/1.1/" xmlns:xsi="http://www.w3.org/2001/XMLSchema-instance" xsi:schemaLocation="http://www.openarchives.org/OAI/2.0/oai_dc/ http://www.openarchives.org/OAI/2.0/oai_dc.xsd">
  <dc:title>Bioenergy in organic farming. Consequences for soil fertility, environment, spread of animal parasites and socio-economy</dc:title>
  <dc:creator>Schmidt, Jens Ejbye</dc:creator>
  <dc:creator>Thomsen, Anne Belinda</dc:creator>
  <dc:creator>Thomsen, Mette Hedegaard</dc:creator>
  <dc:creator>Nielsen, Henrik Bangsø</dc:creator>
  <dc:creator>Oleskowicz-Popiel, Piotr</dc:creator>
  <dc:subject>Composting and manuring</dc:subject>
  <dc:subject>Post harvest management and techniques</dc:subject>
  <dc:description>Bioenergy in organic farming</dc:description>
  <dc:date>2009</dc:date>
  <dc:type>Conference paper, poster, etc.</dc:type>
  <dc:type>NonPeerReviewed</dc:type>
  <dc:format>application/pdf</dc:format>
  <dc:identifier>http://orgprints.org/19025/3/19025.pdf</dc:identifier>
  <dc:identifier>Schmidt, Jens Ejbye; Thomsen, Anne Belinda; Thomsen, Mette Hedegaard; Nielsen, Henrik Bangsø and Oleskowicz-Popiel, Piotr    (2009) Bioenergy in organic farming. Consequences for soil fertility, environment, spread of animal parasites and socio-economy.       Poster at:   1st Nordic Organic Conference, Goeteborg, Sweden, 18-20 May .</dc:identifier>
  <dc:relation>http://orgprints.org/19025/</dc:relation>
</oai_dc:dc>