<oai_dc:dc xmlns:oai_dc="http://www.openarchives.org/OAI/2.0/oai_dc/" xmlns:dc="http://purl.org/dc/elements/1.1/" xmlns:xsi="http://www.w3.org/2001/XMLSchema-instance" xsi:schemaLocation="http://www.openarchives.org/OAI/2.0/oai_dc/ http://www.openarchives.org/OAI/2.0/oai_dc.xsd">
  <dc:title>On-farm influence of production patterns on total polyphenol content in peach</dc:title>
  <dc:creator>Fauriel, J.</dc:creator>
  <dc:creator>Bellon, S.</dc:creator>
  <dc:creator>Plenet, D.</dc:creator>
  <dc:creator>Amiot, M.- J.</dc:creator>
  <dc:subject>Crop health, quality, protection</dc:subject>
  <dc:description>Peach production in France is constantly confronted with marketing problems due to a decrease in fruit consumption and increasing competition with neighbouring Mediterranean countries. The production of higher quality products using production methods such as organic farming (OF) appears to be a tangible way of differentiating and enhancing peach production. To test this hypothesis, an on-farm study was conducted in one of the major production areas in South-eastern France. Focussing on the peach cultivar, cv. Spring Lady®, paired comparisons were conducted between plots in OF and conventional farming (CF). Farmers' practices were identified and checked against crop measurements and performances (yield, sugar content, size classes) in 2004 (12 plots) and in 2005 (10 plots). Polyphenol contents were assessed as an additional component of fruit quality, using the Folin-Ciocalteu colorimetric method. Organic peaches have a higher polyphenol content at harvest. Contents were 4.8 times higher in 2004, whereas the same phenomenon was not observed in 2005. Levels of nitrogen, yield and tree vigour management appeared to be the key elements responsible for the synthesis of total polyphenols and sugar content This implies new opportunities for improving the nutritional quality of peaches, based on production methods.</dc:description>
  <dc:date>2007</dc:date>
  <dc:type>Conference paper, poster, etc.</dc:type>
  <dc:type>NonPeerReviewed</dc:type>
  <dc:format>application/pdf</dc:format>
  <dc:identifier>http://orgprints.org/9855/1/Fauriel-etal-2007-PeachProductionPolyphenols.pdf</dc:identifier>
  <dc:identifier>Fauriel, J.; Bellon, S.; Plenet, D. and Amiot, M.- J.    (2007) On-farm influence of production patterns on total polyphenol content in peach.       Paper at:   3rd QLIF Congress: Improving Sustainability in Organic and Low Input Food Production Systems, University of Hohenheim, Germany, March 20-23, 2007.</dc:identifier>
  <dc:relation>http://orgprints.org/9855/</dc:relation>
</oai_dc:dc>