<oai_dc:dc xmlns:oai_dc="http://www.openarchives.org/OAI/2.0/oai_dc/" xmlns:dc="http://purl.org/dc/elements/1.1/" xmlns:xsi="http://www.w3.org/2001/XMLSchema-instance" xsi:schemaLocation="http://www.openarchives.org/OAI/2.0/oai_dc/ http://www.openarchives.org/OAI/2.0/oai_dc.xsd">
  <dc:title>Regulierung des Falschen Mehltaus an Gurken; Teilprojekt A: Strategiekombinationen zur Regulierung des Falschen Mehltaus an Gurken unter Glas/Folie, Freiland</dc:title>
  <dc:subject>Crop health, quality, protection</dc:subject>
  <dc:subject>Greenhouses and coverings</dc:subject>
  <dc:description>Im Ökologischen Gurkenanbau stellt Befall mit dem Erreger des Falschen Mehltaus (Pseudoperonospora cubensis) eines der bedeutendsten Probleme dar. Ziel des Projektes ist es, Strategieoptionen zu erarbeiten, die zur Eindämmung des Befalls mit Falschem Mehltau an der Gurke eingesetzt werden: a) Auswahl möglichst gering anfälliger bzw. toleranter Gurkensorten , b) Kulturführungsmaßnahmen für den Salatgurkenanbau unter Glas, c) biologische Alternativpräparate auf der Basis von Pflanzenextrakten  und Mikroorganismen. Nach der Auswahl geeigneter Gurkensorten werden diese in Kombination mit Entfeuchungsstrategien bzw. in Kombination mit den biologischen Präparaten im Hinblick auf die Befallsreduktion mit Falschem Mehltau untersucht. Nach Optimierung der Kulturführungsparameter und der alternativen Präparate werden Kombinationen aller Maßnahmen eingesetzt. In jedem Jahr werden Versuche unter Praxisbedingungen durchgeführt. Die Anwendung der verschiedenen Strategien wird den jeweiligen Praxissituationen angepasst und verspricht dadurch sehr gute Erfolgsaussichten. Eine Übertragung der Ergebnisse in die Praxis wird zum einen durch die Anbindung an die Bioland-Beratung im anderen Teilprojekt, sowie durch Veröffentlichungen, Vorstellungen auf Fachseminaren und Tagungen sowie durch das Erstellen eines Anbauleitfadens gewährleistet.</dc:description>
  <dc:type>Project description</dc:type>
  <dc:type>NonPeerReviewed</dc:type>
  <dc:identifier>{Project}    Regulierung des Falschen Mehltaus an Gurken; Teilprojekt A: Strategiekombinationen zur Regulierung des Falschen Mehltaus an Gurken unter Glas/Folie, Freiland.  [Regulation of Pseudoperonospora cubensis, combination of strategies for the regulation of Pseudoperonospora cubensis of cucumber under glasshouse conditions/plastic/field grown.]   Runs 2007 - 2010.      Project Leader(s): Gärber, Dr. Ute and Schmitt, Dr. Anne, Biologische Bundesanstalt für Land- und Forstwirtschaft.</dc:identifier>
  <dc:relation>http://orgprints.org/11649/</dc:relation>
</oai_dc:dc>