<oai_dc:dc xmlns:oai_dc="http://www.openarchives.org/OAI/2.0/oai_dc/" xmlns:dc="http://purl.org/dc/elements/1.1/" xmlns:xsi="http://www.w3.org/2001/XMLSchema-instance" xsi:schemaLocation="http://www.openarchives.org/OAI/2.0/oai_dc/ http://www.openarchives.org/OAI/2.0/oai_dc.xsd">
  <dc:title>Einsatz von Raufuttermitteln (Silage, Weidelgras, Topinambur und Stoppelrüben) im Vegetationsverlauf in der ganzjährigen Freilandhaltung von Mastschweinen</dc:title>
  <dc:creator>Sappok, Mascha</dc:creator>
  <dc:creator>Pellikaan, Wilbert</dc:creator>
  <dc:creator>Schenkel, Hans</dc:creator>
  <dc:creator>Sundrum, Albert</dc:creator>
  <dc:subject>Pigs</dc:subject>
  <dc:subject>Feeding and growth</dc:subject>
  <dc:description>Im Forschungsvorhaben sollte die Aufnahme verschiedener Feldfrüchte durch Mastschweine im Freiland mittels Titandioxid als Marker und anhand von in vitro Verdaulichkeitsbestimmungen quantifiziert werden. In vier Mastdurchgängen hatten die Tiere der Versuchsvarianten freien Zugang zu den Feldfrüchten, während die Kraftfutterzuteilung um 15% (Anfangsmast) bzw. 30% (Endmast) gegenüber den Kontrollvarianten reduziert war.&#xD;
Die Tageszunahmen variierten erheblich zwischen und innerhalb der Fütterungsvarianten. Mit Topinambur als Feldfrucht konnten gegenüber den Kontrollvarianten deutlich höhere Tageszunahmen erzielt werden, während diese bei den übrigen Raufutterkomponenten zum Teil deutlich abfielen. Die Schlachtkörper wiesen im Mittel hohe Muskelfleischanteile auf.&#xD;
Untersuchungen zur Verdaulichkeit der Futtermittel führten zwischen den drei in vitro Verfahren (enzymatische Inkubation, Fermentation und enzymatische Vorbehandlung vor der Fermentation) zu vergleichbaren Resultaten und lassen alle Verfahren als geeignet erscheinen.&#xD;
Mit im Mittel 41,2% ± 5,1% wiesen die Kotproben sehr hohe Gehalte an Rohasche auf. Die Übereinstimmung der Elementmuster der Seltenen Erden zwischen den Kot- und Bodenproben legt den Schluss nahe, dass die Gehalte im Kot nahezu ausschließlich aus der aufgenommenen Erde herrührten. Die Analyse von Titandioxid im Kot nach Kjeldahl-Aufschluss führte nicht zu validen Ergebnissen. Diese wurden erst nach wiederholtem Druckaufschluss und Messung mittels ICP-OES erzielt.&#xD;
Aufgrund der hohen Aufnahmemengen von Erdmineralien sowie deren Interferenz mit Titandioxid wird geschlussfolgert, dass die Titandioxidgehalte im Kot keine belastbaren Rückschlüsse auf die Raufutteraufnahme zulassen und Titandioxid als Marker unter Freilandbedingungen nicht geeignet ist. Mögliche Risiken hinsichtlich des Verbraucherschutzes bei der Haltung von Schweinen auf potentiell rückstandsbelasteten Böden bedürfen weiterer Untersuchungen.</dc:description>
  <dc:date>2008</dc:date>
  <dc:type>Report</dc:type>
  <dc:type>NonPeerReviewed</dc:type>
  <dc:format>application/pdf</dc:format>
  <dc:identifier>http://orgprints.org/16341/1/16341-03OE407-uni_kassel-sundrum-2008-mastschweinefuetterung.pdf</dc:identifier>
  <dc:identifier>Sappok, Mascha; Pellikaan, Wilbert; Schenkel, Hans and Sundrum, Albert         (2008) Einsatz von Raufuttermitteln (Silage, Weidelgras, Topinambur und Stoppelrüben) im Vegetationsverlauf in der ganzjährigen Freilandhaltung von Mastschweinen.  [Use of roughage (silages, ryegrass, Jerusalem artichoke, and turnip) during vegetation course in year round free range production of fattening pigs.]   Universität Kassel, D-Witzenhausen, FB 11 Ökologische Agrarwissenschaften.</dc:identifier>
  <dc:relation>http://orgprints.org/16341/</dc:relation>
</oai_dc:dc>