<oai_dc:dc xmlns:oai_dc="http://www.openarchives.org/OAI/2.0/oai_dc/" xmlns:dc="http://purl.org/dc/elements/1.1/" xmlns:xsi="http://www.w3.org/2001/XMLSchema-instance" xsi:schemaLocation="http://www.openarchives.org/OAI/2.0/oai_dc/ http://www.openarchives.org/OAI/2.0/oai_dc.xsd">
  <dc:title>Mit Schlupfwespen und Gülle gegen den Rapsglanzkäfer</dc:title>
  <dc:creator>Humphrys, Clay</dc:creator>
  <dc:creator>Daniel, Claudia</dc:creator>
  <dc:subject>Crop husbandry</dc:subject>
  <dc:subject>Crop health, quality, protection</dc:subject>
  <dc:description>Raps ist eine anspruchsvolle Kultur, aber auch eine interessante: Für das Erntejahr 2008 wird die Anbaufläche um rund 800 Hektaren ausgedehnt</dc:description>
  <dc:date>2007-07-28</dc:date>
  <dc:type>Newspaper or magazine article</dc:type>
  <dc:type>NonPeerReviewed</dc:type>
  <dc:format>application/pdf</dc:format>
  <dc:identifier>http://orgprints.org/20280/4/Q_2007_SchweizerBauerRapsDossier.pdf</dc:identifier>
  <dc:identifier>Humphrys, Clay and Daniel, Claudia    (2007) Mit Schlupfwespen und Gülle gegen den Rapsglanzkäfer.   Schweizer Bauer, 28 July 2007, p. 17.</dc:identifier>
  <dc:relation>http://orgprints.org/20280/</dc:relation>
</oai_dc:dc>