<oai_dc:dc xmlns:oai_dc="http://www.openarchives.org/OAI/2.0/oai_dc/" xmlns:dc="http://purl.org/dc/elements/1.1/" xmlns:xsi="http://www.w3.org/2001/XMLSchema-instance" xsi:schemaLocation="http://www.openarchives.org/OAI/2.0/oai_dc/ http://www.openarchives.org/OAI/2.0/oai_dc.xsd">
  <dc:title>Sturende factoren voor verhoging van vet- en eiwit gehalten in biologische geitenmelk</dc:title>
  <dc:creator>Bont, Yoni</dc:creator>
  <dc:creator>Magendans, Denise</dc:creator>
  <dc:creator>van Nes, Hester</dc:creator>
  <dc:creator>Oude Lenferink, Kirsten</dc:creator>
  <dc:creator>Spit, Jan Jelle</dc:creator>
  <dc:creator>Verkuijl, Marc</dc:creator>
  <dc:subject>Sheep and goats</dc:subject>
  <dc:description>Het vetgehalte in biologische geitenmelk ligt significant lager dan in de gangbare geitenmelk. Het verschil in eiwitgehalte tussen de biologische en gangbare geitenhouderij is minimaal. Na statistische vergelijking blijkt dat het vetgehalte in de biologische geitenmelk meer fluctuatie vertoont ten opzichte van eiwit. Door te kijken naar de aspecten voeding en genetica wordt getracht mogelijkheden te bieden ter verhoging van de vet- en eiwitgehalten in de melk.</dc:description>
  <dc:date>2009-06</dc:date>
  <dc:type>Report</dc:type>
  <dc:type>NonPeerReviewed</dc:type>
  <dc:format>application/pdf</dc:format>
  <dc:identifier>http://orgprints.org/15794/1/2115.pdf</dc:identifier>
  <dc:identifier>Bont, Yoni; Magendans, Denise; van Nes, Hester; Oude Lenferink, Kirsten; Spit, Jan Jelle and Verkuijl, Marc         (2009) Sturende factoren voor verhoging van vet- en eiwit gehalten in biologische geitenmelk.  [Influencing fat and protein content in organic dairy goat's milk.]  Biogeit rapport, no. 15. Louis Bolk Instituut.</dc:identifier>
  <dc:relation>http://orgprints.org/15794/</dc:relation>
</oai_dc:dc>