<oai_dc:dc xmlns:oai_dc="http://www.openarchives.org/OAI/2.0/oai_dc/" xmlns:dc="http://purl.org/dc/elements/1.1/" xmlns:xsi="http://www.w3.org/2001/XMLSchema-instance" xsi:schemaLocation="http://www.openarchives.org/OAI/2.0/oai_dc/ http://www.openarchives.org/OAI/2.0/oai_dc.xsd">
  <dc:title>Säen, Stecken oder Pflanzen: Welches Verfahren eignet sich für Biozwiebeln am besten?  &#xD;
Semer, planter ou repiquer: Quel est le meilleur procédé pour les oignons bio?</dc:title>
  <dc:creator>Vieweger, Anja</dc:creator>
  <dc:creator>Koller, Martin</dc:creator>
  <dc:creator>Lichtenhahn, Martin</dc:creator>
  <dc:subject>Vegetables</dc:subject>
  <dc:description>Biozwiebeln werden vor allem als Steckzwiebeln angebaut. Das schnelle Wachstum am Anfang und die gegenüber Säzwiebeln verkürzte Kulturzeit erleichtern die Unkrautbekämpfung wesentlich. Der Anbau über Steckzwiebeln hat allerdings auch Nachteile: Nur wenige Zwiebelsorten sind für diesen Anbau geeignet und diese haben eine eher schlechte Lagerfähigkeit, weil sie weniger schalenfest als übliche Säzwiebelsorten sind. Auf Steckzwiebeln können zudem Krankheiten übertragen werden. Alternativ verwenden einige Biobetriebe Zwiebel-Jungpflanzen, um der Kultur einen Vorsprung gegenüber dem Unkraut zu geben. &#xD;
Auf dem Betrieb von Samuel Lüscher in Holziken AG (Schweiz) wurden die drei Kulturverfahren in einem Versuch einander gegenübergestellt, wobei das Hauptinteresse eim Arbeitsaufwand und den anfallenden Kosten lag.</dc:description>
  <dc:date>2004</dc:date>
  <dc:type>Journal paper</dc:type>
  <dc:type>NonPeerReviewed</dc:type>
  <dc:format>application/pdf</dc:format>
  <dc:identifier>http://orgprints.org/5679/1/Koller-2004-Zwiebel-Anbau.pdf</dc:identifier>
  <dc:identifier>Vieweger, Anja; Koller, Martin and Lichtenhahn, Martin   (2004) Säen, Stecken oder Pflanzen: Welches Verfahren eignet sich für Biozwiebeln am besten? Semer, planter ou repiquer: Quel est le meilleur procédé pour les oignons bio?  [Direct sowing, planting of set-onions or planting of seedlings: which is the best system for organic onion production ?]  Der Gemüsebau/ Le Maraîcher (Nr. 11), pp. 8-11.</dc:identifier>
  <dc:relation>http://orgprints.org/5679/</dc:relation>
</oai_dc:dc>