<oai_dc:dc xmlns:oai_dc="http://www.openarchives.org/OAI/2.0/oai_dc/" xmlns:dc="http://purl.org/dc/elements/1.1/" xmlns:xsi="http://www.w3.org/2001/XMLSchema-instance" xsi:schemaLocation="http://www.openarchives.org/OAI/2.0/oai_dc/ http://www.openarchives.org/OAI/2.0/oai_dc.xsd">
  <dc:title>CORE Organic pilot project FCP - presentation at mid-term: farmer consumer partnerships</dc:title>
  <dc:creator>Hamm, Ulrich</dc:creator>
  <dc:creator>Zander, Katrin</dc:creator>
  <dc:subject>Knowledge management</dc:subject>
  <dc:description>Presentation of the project with experience from the participants, including main results at mid-term, research ideas, experience with transnational research</dc:description>
  <dc:date>2009</dc:date>
  <dc:type>Conference paper, poster, etc.</dc:type>
  <dc:type>NonPeerReviewed</dc:type>
  <dc:format>application/pdf</dc:format>
  <dc:identifier>http://orgprints.org/15943/1/CORE_FCP_8June.pdf</dc:identifier>
  <dc:identifier>Hamm, Ulrich and Zander, Katrin    (2009) CORE Organic pilot project FCP - presentation at mid-term: farmer consumer partnerships.       Speech at:   Joint meeting of the CORE Organic pilot projects coordinators and CORE Organic Funding Body Network, Rome, Italy, 8 June 2009.</dc:identifier>
  <dc:relation>http://orgprints.org/15943/</dc:relation>
</oai_dc:dc>