<oai_dc:dc xmlns:oai_dc="http://www.openarchives.org/OAI/2.0/oai_dc/" xmlns:dc="http://purl.org/dc/elements/1.1/" xmlns:xsi="http://www.w3.org/2001/XMLSchema-instance" xsi:schemaLocation="http://www.openarchives.org/OAI/2.0/oai_dc/ http://www.openarchives.org/OAI/2.0/oai_dc.xsd">
  <dc:title>Vielfalt durch Nutzung erhalten: Entwicklung von Kommunikationsstrategien zur Agro-Biodiversität in der Gastronomie</dc:title>
  <dc:subject>Biodiversity and ecosystem services</dc:subject>
  <dc:subject>Education, extension and communication</dc:subject>
  <dc:subject>Produce chain management</dc:subject>
  <dc:description>Agro-Biodiversität beinhaltet die Vielfalt der Pflanzen und Tiere, die bereits landwirtschaftlich genutzt werden bzw. potenziell nutzbar sind. Für den Großteil der Bevölkerung ist die Kulturlandschaft ihrer Heimat der entscheidende Bezugspunkt zu dieser Vielfalt; regionaltypische Kulturpflanzen, traditionelle Tierrassen und darauf basierende Gerichte und Spezialitäten tragen zur regionalen Identität bei. Vielen ist die Bedeutung dieser Vielfalt für den eigenen Alltag zunächst nicht bewusst, beim Aufzeigen konkreter Beispiele werden  diese jedoch als persönlich wichtig eingeschätzt. Es fehlt also an Aufmerksamkeit für das Thema (Agro-)Biodiversität, an Erfahrbarkeit im Alltag von Menschen und an niedrigschwelligen Informations- und Handlungsangeboten dazu. &#xD;
Das erste Ziel des Forschungsprojekts ist es, die Wirksamkeit von Kommunikationsmaterialien im Hinblick auf Aufmerksamkeit für das Thema Agro-Biodiversität zu testen. Die Materialien werden im Anschluss in Restaurants der gehobenen Gastronomie eingesetzt; hier besteht die besondere Möglichkeit, Agro-Biodiversität nicht nur kognitiv zu vermitteln, sondern auch emotional erfahrbar zu machen. Neben der Wirksamkeit verschiedener Kommunikationsstrategien in den Restaurants wird ergänzend erforscht, ob die gehobene Gastronomie durch die Nutzung von Agro-Biodiversitäts-Produkten mittelfristig zu dem Ziel beitragen kann, den Erhalt der Vielfalt zu sichern. &#xD;
Angaben zur Finanzierung des Projekts finden Sie im Förderkatalog des Bundes unter http://foerderportal.bund.de/foekat/jsp/StartAction.do. Bitte geben Sie in das Suchfeld eine 28 plus das Förderkennzeichen (FKZ) des BÖLN-Projektes ein, z.B. 2808OE212 für das BÖLN-Projekt mit der FKZ 08OE212.</dc:description>
  <dc:type>Project description</dc:type>
  <dc:type>NonPeerReviewed</dc:type>
  <dc:identifier>{Project}    Vielfalt durch Nutzung erhalten: Entwicklung von Kommunikationsstrategien zur Agro-Biodiversität in der Gastronomie.  [Conserving diversity through utilisation: Development of communication strategies for agro-biodiversity in gastronomy.]   Runs 2012 - 2014.      Project Leader(s): Hamm, Prof. Dr. Ulrich and Bantle, M.Sc. Christina, Universität Kassel, Fachbereich Ökologische Agrarwissenschaften, D-Witzenhausen.</dc:identifier>
  <dc:relation>http://orgprints.org/21026/</dc:relation>
</oai_dc:dc>