<oai_dc:dc xmlns:oai_dc="http://www.openarchives.org/OAI/2.0/oai_dc/" xmlns:dc="http://purl.org/dc/elements/1.1/" xmlns:xsi="http://www.w3.org/2001/XMLSchema-instance" xsi:schemaLocation="http://www.openarchives.org/OAI/2.0/oai_dc/ http://www.openarchives.org/OAI/2.0/oai_dc.xsd">
  <dc:title>Soil carbon storage and yields of spring barley following grass leys of different age</dc:title>
  <dc:creator>Christensen, B.T.</dc:creator>
  <dc:creator>Rasmussen, J.</dc:creator>
  <dc:creator>Eriksen, J.</dc:creator>
  <dc:creator>Hansen, E.M.</dc:creator>
  <dc:subject>Nutrient turnover</dc:subject>
  <dc:subject>Crop combinations and interactions</dc:subject>
  <dc:subject>Air and water emissions</dc:subject>
  <dc:description>The inclusion of leys in arable cropping is generally found to improve soil fertility. The effect of leys depends on their botanical composition and management, but the significance of individual management factors remains confounded in most studies. We quantified the effects of one- to six-year-old pure grass leys on soil C (0-20 cm) and yields of three subsequent test crops of spring barley (Hordeum vulgare) under-sown with Italian ryegrass (Lolium perenne). Each ley was a mixture of four grass species (Lolium perenne, Festuca pratensis, Phleum pratense, Poa pratensis), exposed to three to four cuts annually. Only mineral fertilizers were applied (225 kg N ha-1 yr-1). The yield of barley was tested at six rates of N fertilizer (0 to 150 kg N ha-1). The effect of leys on nitrate leaching losses was determined in a separate experiment. Grass yields were consistently high during the ley phase (11.2 – 12.5 t DM ha-1 yr-1), and the amount of N in grass cuts equalled that applied in fertilizers. The annual accumulation of soil C during the ley phase averaged 1.1 t C ha-1. Nitrate leaching losses were halved after ley establishment, remained low until the ley was ploughed, and returned then to pre-ley levels. In the first test crop, the grain yields of barley increased with ley age. However, addition of fertilizer N eliminated the benefits of older leys. In the second and third test crop, grain yields were unaffected by ley age. Although grain N contents in the first test crop were higher following older leys, fertilizer N rate was the dominant factor. More N was removed in barley grain plus straw than was added in N fertilizers (except at 150 kg N ha-1). The amount of soil C remained nearly constant during the test phase, probably due to the use of grass catch crops. We conclude that the main impact on soil fertility of non-leguminous leys, subject to cutting and well-balanced mineral N fertilizer management, is in the accumulation of soil C and reduction of leaching losses of soil nitrate, whereas effects on subsequent cereal crops are small and transient.</dc:description>
  <dc:date>2009</dc:date>
  <dc:type>Journal paper</dc:type>
  <dc:type>NonPeerReviewed</dc:type>
  <dc:format>application/pdf</dc:format>
  <dc:identifier>http://orgprints.org/16289/1/16289.pdf</dc:identifier>
  <dc:identifier>Christensen, B.T.; Rasmussen, J.; Eriksen, J. and Hansen, E.M.   (2009) Soil carbon storage and yields of spring barley following grass leys of different age.   European Journal of Agronomy, 31, pp. 29-35.</dc:identifier>
  <dc:relation>http://orgprints.org/16289/</dc:relation>
</oai_dc:dc>