<oai_dc:dc xmlns:oai_dc="http://www.openarchives.org/OAI/2.0/oai_dc/" xmlns:dc="http://purl.org/dc/elements/1.1/" xmlns:xsi="http://www.w3.org/2001/XMLSchema-instance" xsi:schemaLocation="http://www.openarchives.org/OAI/2.0/oai_dc/ http://www.openarchives.org/OAI/2.0/oai_dc.xsd">
  <dc:title>Biolehre wird reguläres Bildungsangebot</dc:title>
  <dc:creator>Obrist, Robert</dc:creator>
  <dc:subject>Education, extension and communication</dc:subject>
  <dc:description>Mit dem Abschluss des Schuljahres im Sommer 2011 sind die Pilotlehrgänge an der Bioschule Schwand erfolgreich zu Ende gegangen. Der Kanton Bern nimmt den Lehrgang nun in sein Bildungsangebot auf.</dc:description>
  <dc:date>2011-09</dc:date>
  <dc:type>Journal paper</dc:type>
  <dc:type>NonPeerReviewed</dc:type>
  <dc:format>application/pdf</dc:format>
  <dc:identifier>http://orgprints.org/20054/1/Seiten13_ba-d-2011-7.pdf</dc:identifier>
  <dc:identifier>Obrist, Robert   (2011) Biolehre wird reguläres Bildungsangebot.   bioaktuell, 7, p. 13.</dc:identifier>
  <dc:relation>http://orgprints.org/20054/</dc:relation>
</oai_dc:dc>