<oai_dc:dc xmlns:oai_dc="http://www.openarchives.org/OAI/2.0/oai_dc/" xmlns:dc="http://purl.org/dc/elements/1.1/" xmlns:xsi="http://www.w3.org/2001/XMLSchema-instance" xsi:schemaLocation="http://www.openarchives.org/OAI/2.0/oai_dc/ http://www.openarchives.org/OAI/2.0/oai_dc.xsd">
  <dc:title>Kirschenfliege schlau bekämpfen</dc:title>
  <dc:creator>Daniel, Claudia</dc:creator>
  <dc:creator>Häseli, Andreas</dc:creator>
  <dc:subject>Fruit and berries</dc:subject>
  <dc:subject>Crop health, quality, protection</dc:subject>
  <dc:description>Der frühe Vogel fängt den Wurm... - der clevere Biobauer ist noch früher und bekämpft die Fliege: Mit Naturalis-L steht auch im Biolandbau ein geeignetes Mittel gegen die Kirschenfliege zur Verfügung. Es sind aber wiederholte Anwendungen nötig. Und wer zu spät damit anfängt oder zu früh aufhört, bezahlt Lehrgeld.</dc:description>
  <dc:date>2010</dc:date>
  <dc:type>Journal paper</dc:type>
  <dc:type>NonPeerReviewed</dc:type>
  <dc:format>application/pdf</dc:format>
  <dc:identifier>http://orgprints.org/21267/1/daniel-haeseli-ba-3_2010-p11.pdf</dc:identifier>
  <dc:identifier>Daniel, Claudia and Häseli, Andreas   (2010) Kirschenfliege schlau bekämpfen.   bioaktuell, 3/2010, p. 11.</dc:identifier>
  <dc:relation>http://orgprints.org/21267/</dc:relation>
</oai_dc:dc>