<oai_dc:dc xmlns:oai_dc="http://www.openarchives.org/OAI/2.0/oai_dc/" xmlns:dc="http://purl.org/dc/elements/1.1/" xmlns:xsi="http://www.w3.org/2001/XMLSchema-instance" xsi:schemaLocation="http://www.openarchives.org/OAI/2.0/oai_dc/ http://www.openarchives.org/OAI/2.0/oai_dc.xsd">
  <dc:title>Integration of biological mite control into outdoor strawberry production: a matter of efficacy and economy</dc:title>
  <dc:creator>Tuovinen, Tuomo</dc:creator>
  <dc:subject>Crop health, quality, protection</dc:subject>
  <dc:description>Ten years experiences in experimental and practical fields prove that effective control of strawberry mite can be achieved by inundative introductions of the predatory mite Amblyseius cucumeris. Lately, Neoseiulus barkeri has been included to experiments compare its efficacy especially in higher strawberry mite densities.</dc:description>
  <dc:publisher>Nordic Association of Agricultural Scientists</dc:publisher>
  <dc:date>2006</dc:date>
  <dc:type>Conference paper, poster, etc.</dc:type>
  <dc:type>NonPeerReviewed</dc:type>
  <dc:format>application/pdf</dc:format>
  <dc:identifier>http://orgprints.org/10641/1/Lepaa3.pdf</dc:identifier>
  <dc:identifier>Tuovinen, Tuomo    (2006) Integration of biological mite control into outdoor strawberry production: a matter of efficacy and economy.   In:     NJF Report, Nordic Association of Agricultural Scientists, 2 (10), p. 13.</dc:identifier>
  <dc:relation>http://orgprints.org/10641/</dc:relation>
</oai_dc:dc>