<oai_dc:dc xmlns:oai_dc="http://www.openarchives.org/OAI/2.0/oai_dc/" xmlns:dc="http://purl.org/dc/elements/1.1/" xmlns:xsi="http://www.w3.org/2001/XMLSchema-instance" xsi:schemaLocation="http://www.openarchives.org/OAI/2.0/oai_dc/ http://www.openarchives.org/OAI/2.0/oai_dc.xsd">
  <dc:title>Free-range pigs foraging on Jerusalem artichokes</dc:title>
  <dc:creator>Kongsted, A.G.</dc:creator>
  <dc:creator>Horsted, K.</dc:creator>
  <dc:creator>Hermansen, J.E.</dc:creator>
  <dc:subject>Pigs</dc:subject>
  <dc:description>Free-range pig production in Northern Europe is characterized by high inputs of concentrate on grassland. This increases risk of nutrient leaching, increases feed costs and puts a pressure on land resources. Pigs’ unique ability to find a part of their food directly in the field where they are kept should be taken into consideration. One below ground field forage characterized by very high yields and with great potential as fodder source is Jerusalem Artichokes (JA) tubers. The nutritional contribution from free-range foraging, growth, feed conversion and behaviour were investigated in 36 growing pigs foraging on JA and fed concentrates restrictedly (30 % of energy recommendations) or ad libitum. Behavioural observations were carried out weekly over the entire experimental period of 40 days. The average daily consumption of concentrate was 51 MJ and 11 MJ ME pig-1 for pigs fed ad libitum and restrictedly, respectively. Compared to the ad libitum fed pigs, the pigs fed restrictedly had a significant lower daily gain (560 vs. 1,224 g pig-1), improved feed conversion ratio (17.6 vs. 42.8 MJ ME concentrate kg-1 live weight gain) and spent more time foraging JA tubers (7.9 vs. 1.1%). Body conditions were comparable between the two treatments. It is estimated that pigs fed restrictedly found approximately 60% of their energy requirement from foraging in the range and consumed 1.3 kg to 1.6 kg DM of JA pig-1 per day. The results indicate good possibilities for substituting a large proportion of concentrates with home-grown JA tubers biological harvested by foraging pigs. Future studies are needed to reveal the most appropriate concentrate feeding regime when combined with foraging JA in relation to consequences for growth and feed conversion, but also for meat quality, animal health and nutrient balances.</dc:description>
  <dc:date>2013-08-26</dc:date>
  <dc:type>Conference paper, poster, etc.</dc:type>
  <dc:type>NonPeerReviewed</dc:type>
  <dc:format>application/pdf</dc:format>
  <dc:identifier>http://orgprints.org/24637/3/24637.pdf</dc:identifier>
  <dc:identifier>Kongsted, A.G.; Horsted, K. and Hermansen, J.E.    (2013) Free-range pigs foraging on Jerusalem artichokes.   In:     Book of Abstracts of the 64 Annual Meeting of the European Federation of Animal Science, p. 277.</dc:identifier>
  <dc:relation>http://orgprints.org/24637/</dc:relation>
</oai_dc:dc>