<oai_dc:dc xmlns:oai_dc="http://www.openarchives.org/OAI/2.0/oai_dc/" xmlns:dc="http://purl.org/dc/elements/1.1/" xmlns:xsi="http://www.w3.org/2001/XMLSchema-instance" xsi:schemaLocation="http://www.openarchives.org/OAI/2.0/oai_dc/ http://www.openarchives.org/OAI/2.0/oai_dc.xsd">
  <dc:title>Local Food Systems and Sustainability of Agriculture and Rural Areas</dc:title>
  <dc:creator>Ligita, Melece</dc:creator>
  <dc:subject>Food security, food quality and human health</dc:subject>
  <dc:description>The paper provides insights into food systems and local or alternative food systems. The author reveals current changes and opportunities of agricultural and agrifood sector and rural areas. The role and development opportunities of local food systems are summarized by the author.</dc:description>
  <dc:date>2012-04-26</dc:date>
  <dc:type>Teaching resource</dc:type>
  <dc:type>NonPeerReviewed</dc:type>
  <dc:format>application/vnd.ms-powerpoint</dc:format>
  <dc:identifier>http://orgprints.org/20666/1/Ligita_Melece_en_LM.ppt</dc:identifier>
  <dc:identifier>Ligita, Melece    (2012) Local Food Systems and Sustainability of Agriculture and Rural Areas.   .</dc:identifier>
  <dc:relation>http://orgprints.org/20666/</dc:relation>
</oai_dc:dc>