<oai_dc:dc xmlns:oai_dc="http://www.openarchives.org/OAI/2.0/oai_dc/" xmlns:dc="http://purl.org/dc/elements/1.1/" xmlns:xsi="http://www.w3.org/2001/XMLSchema-instance" xsi:schemaLocation="http://www.openarchives.org/OAI/2.0/oai_dc/ http://www.openarchives.org/OAI/2.0/oai_dc.xsd">
  <dc:title>Keinen Hammer gegen die Samtflecken an Tomaten gefunden</dc:title>
  <dc:creator>Koller, Martin</dc:creator>
  <dc:creator>Gallmeister, Anna</dc:creator>
  <dc:subject>Vegetables</dc:subject>
  <dc:subject>Crop health, quality, protection</dc:subject>
  <dc:description>Samtflecken an Tomaten sind besonders bei Spezialitätensortiment ein  wichtiges Anbauproblem. Am FiBL  wurden sechs verschiedene Pflanzenbehandlungsmittel in einem Praxisbetrieb getestet. Leider wies keines der Mittel eine genügende Wirksamkeit auf um den Krankheitsverlauf zumindest zu verzögern. Am wenigsten schlecht war die Wirkung noch bei einer Mischung aus Fenchelöl (Fenicur) und Kalium-Bicarbonat.</dc:description>
  <dc:date>2011</dc:date>
  <dc:type>Newspaper or magazine article</dc:type>
  <dc:type>NonPeerReviewed</dc:type>
  <dc:format>application/msword</dc:format>
  <dc:identifier>http://orgprints.org/20002/1/Koller-Gallmeister-Samtflecken.docx</dc:identifier>
  <dc:identifier>Koller, Martin and Gallmeister, Anna    (2011) Keinen Hammer gegen die Samtflecken an Tomaten gefunden.  [No break-throug against grey mold on tomatos.]  ÖKOmenischer Gärtnerrundbrief, 2011, 3, p. 29.</dc:identifier>
  <dc:relation>http://orgprints.org/20002/</dc:relation>
</oai_dc:dc>