<oai_dc:dc xmlns:oai_dc="http://www.openarchives.org/OAI/2.0/oai_dc/" xmlns:dc="http://purl.org/dc/elements/1.1/" xmlns:xsi="http://www.w3.org/2001/XMLSchema-instance" xsi:schemaLocation="http://www.openarchives.org/OAI/2.0/oai_dc/ http://www.openarchives.org/OAI/2.0/oai_dc.xsd">
  <dc:title>Organic versus GMO farming: Contamination, what contamination?</dc:title>
  <dc:creator>Paull, John</dc:creator>
  <dc:subject>Farming Systems</dc:subject>
  <dc:subject>Social aspects</dc:subject>
  <dc:subject>Values, standards and certification</dc:subject>
  <dc:subject>Environmental aspects</dc:subject>
  <dc:subject>Regulation</dc:subject>
  <dc:description>A landmark case against the planting of GMO crops in Australia has delivered a big win for GMO farmers and produced no protection for organic farmers. The case pitted farmer against farmer. An organic farmer, Steve Walsh, initiated the legal action against his GMO growing neighbour, Michael Baxter in the Supreme Court of Western Australia.&#xD;
The Marsh and Baxter farms (477 hectares and 900 ha. respectively) are adjacent to each other and located in Kojonup, 260 km south east of the capital city of Perth in the wheat belt of Western Australia (WA) - and coincidentally nearby Broomhill was one of the earliest sites in the development of the organic movement in Australia (from 1930). Just before Baxter's first crop of Monsanto’s genetically modified (GM) Roundup Ready (RR) canola (a variety of rape) was harvested, the standing crop was sprayed with herbicide (glyphosate), and rather than being direct harvested, the crop was swathed, i.e. the stalks were mown off at their base, dropped in situ and windrowed, and left in the field (exposed to the elements) for collection in two or three weeks. GMO swathes, seeds and plant material were subsequently found dispersed over much of Marsh's farm. As a consequence 70% of Marsh's farm lost its organic certification (from 29 December 2010 until it was restored in October 2013).&#xD;
Marsh sued Baxter for economic loss (agreed between the parties as $85,000), on the basis of common law negligence or private nuisance, and sought a permanent injunction, initially to stop Baxter in future planting GM canola in paddocks adjacent to Marsh's organic fields and finally lessened to stopping Baxter harvesting GM canola by swathing in adjacent paddocks. The case ran over three weeks, and was then dismissed in its entirety; so no nuisance, no negligence, no injunction, and no damages.</dc:description>
  <dc:date>2014-06</dc:date>
  <dc:type>Journal paper</dc:type>
  <dc:type>NonPeerReviewed</dc:type>
  <dc:format>application/pdf</dc:format>
  <dc:identifier>http://orgprints.org/26549/7/26549.pdf</dc:identifier>
  <dc:identifier>Paull, John   (2014) Organic versus GMO farming: Contamination, what contamination?   Journal of Organic Systems, 9 (1), pp. 2-4.</dc:identifier>
  <dc:relation>http://orgprints.org/26549/</dc:relation>
</oai_dc:dc>