<oai_dc:dc xmlns:oai_dc="http://www.openarchives.org/OAI/2.0/oai_dc/" xmlns:dc="http://purl.org/dc/elements/1.1/" xmlns:xsi="http://www.w3.org/2001/XMLSchema-instance" xsi:schemaLocation="http://www.openarchives.org/OAI/2.0/oai_dc/ http://www.openarchives.org/OAI/2.0/oai_dc.xsd">
  <dc:title>Conversion to organic farming and sustainability: a socio-ecological analysis</dc:title>
  <dc:creator>Loreto, Maria</dc:creator>
  <dc:creator>Filson, Glen</dc:creator>
  <dc:creator>Cebotarev, Nora</dc:creator>
  <dc:creator>Ferrao, Liliam</dc:creator>
  <dc:subject>Policy environments and social economy</dc:subject>
  <dc:subject>Social aspects</dc:subject>
  <dc:description>This study aims to understand the process of conversion from conventional to organic farming in Canada.   Specifically, it looks at what factors have affected this decision and if this production system improved the prospects for sustainability. In order to achieve these objectives this study uses a socio-ecological approach and focuses on organic farmers in Ontario. Besides including a bibliographic review, organic agricultural leaders were surveyed and life story interviews were conducted with producers. The results showed that the decision to become organic is influenced by the type of farmers, their context, and their rationale for conversion. The reasons for converting to organic depended not only on economic factors, but also socio-cultural and institutional parameters. The conversion was associated with a change of values towards protecting the environment and improving farmers’ lifestyles. This model of development doesn't entirely attain sustainability. In order for that to occur, the harmonization of the Canadian organic farming system requires a political solution, which humanizes the complex system of interests for organic producers and shows the potential contribution of organic farming to the achievement of sustainability goals.</dc:description>
  <dc:date>2005</dc:date>
  <dc:type>Conference paper, poster, etc.</dc:type>
  <dc:type>NonPeerReviewed</dc:type>
  <dc:format>source</dc:format>
  <dc:identifier>http://orgprints.org/4318/3/Loreto_etal_4p_revised-ed.doc</dc:identifier>
  <dc:identifier>Loreto, Maria; Filson, Glen; Cebotarev, Nora and Ferrao, Liliam    (2005) Conversion to organic farming and sustainability: a socio-ecological analysis.       Poster at:   Researching Sustainable Systems - International Scientific Conference on Organic Agriculture, Adelaide, Australia, September 21-23, 2005.     [Unpublished]</dc:identifier>
  <dc:relation>http://orgprints.org/4318/</dc:relation>
</oai_dc:dc>