<oai_dc:dc xmlns:oai_dc="http://www.openarchives.org/OAI/2.0/oai_dc/" xmlns:dc="http://purl.org/dc/elements/1.1/" xmlns:xsi="http://www.w3.org/2001/XMLSchema-instance" xsi:schemaLocation="http://www.openarchives.org/OAI/2.0/oai_dc/ http://www.openarchives.org/OAI/2.0/oai_dc.xsd">
  <dc:title>Fütterungsrichtlinien 2010 nach Bio Suisse</dc:title>
  <dc:creator>Früh, Barbara</dc:creator>
  <dc:creator>Chevillat, Véronique</dc:creator>
  <dc:subject>Feeding and growth</dc:subject>
  <dc:subject>Regulation</dc:subject>
  <dc:description>Die Bio Suisse will ihren Slogan "Ist die Knospe drauf - ist Bio drin" glaubwürdig umsetzen. Dazu gehört auch, dass die Tiere artgerecht und möglichst vollständig mit Knospefutter gefüttert werden. Das Ziel 100 Prozent Biofutter ist bei den Wiederkäuern seit Ende März 2009 erreicht. Bei den Nichtwiederkäuern wird der Anteil Nichtbiofutter auf Anfang Jahr von zehn auf fünf Prozent reduziert. Im Merkblatt steht, was genau ab dem 1. Januar 2010 gilt.</dc:description>
  <dc:publisher>Forschungsinstitut für biologischen Landbau (FiBL)</dc:publisher>
  <dc:contributor>Schmutz, Res</dc:contributor>
  <dc:date>2010</dc:date>
  <dc:type>Book</dc:type>
  <dc:type>NonPeerReviewed</dc:type>
  <dc:format>application/pdf</dc:format>
  <dc:identifier>http://orgprints.org/18050/1/fr%C3%BCh-schmutz-2010-f%C3%BCtterungsrichtlinien.pdf</dc:identifier>
  <dc:identifier>Früh, Barbara and Chevillat, Véronique    (2010) Fütterungsrichtlinien 2010 nach Bio Suisse.    FiBL-Merkblatt. Forschungsinstitut für biologischen Landbau (FiBL), CH-Frick.</dc:identifier>
  <dc:relation>http://orgprints.org/18050/</dc:relation>
</oai_dc:dc>