<oai_dc:dc xmlns:oai_dc="http://www.openarchives.org/OAI/2.0/oai_dc/" xmlns:dc="http://purl.org/dc/elements/1.1/" xmlns:xsi="http://www.w3.org/2001/XMLSchema-instance" xsi:schemaLocation="http://www.openarchives.org/OAI/2.0/oai_dc/ http://www.openarchives.org/OAI/2.0/oai_dc.xsd">
  <dc:title>Tiefflieger über Schweizer Gemüsefeldern</dc:title>
  <dc:creator>Wyss, Eric</dc:creator>
  <dc:creator>Daniel, Claudia</dc:creator>
  <dc:subject>Vegetables</dc:subject>
  <dc:subject>Crop health, quality, protection</dc:subject>
  <dc:description>Viele wichtige Gemüseschädlinge, wie zum Beispiel die Möhrenfliege, die Kleine Kohlfliege und die Kohldrehherzgallmücke, sind ausgesprochene Tiefflieger, das heisst sie bewegen sich in oder nur knapp über der Vegetation fort. Mit vertikal stehenden Netzen, so genannten Insektenzäunen, können diese Schädlinge am Einflug in die Kultur gehindert werden. &#xD;
Als wichtigste Schlussfolgerung aus den Versuchen in den Jahren 2002 und 2003 lässt sich sagen, dass die Insektenzäune gegenüber den bekannten Kulturschutznetzen entscheidende Vorteile bieten: (1) Kein Aufliegen der Netze auf der Kultur. (2) Keine Beeinflussung des Mikroklimas und damit weniger Probleme mit Krankheiten. (3) Weniger Aufwand durch einfacheres Öffnen der Zäune an den Stirnseiten der Felder bei Arbeitsdurchgängen (Unkrautregulierung).</dc:description>
  <dc:publisher>FiBL Forschungsinstitut für biologischen Landbau, BIO SUISSE (Vereinigung Schweizer Biolandbau-Organisationen)</dc:publisher>
  <dc:date>2004</dc:date>
  <dc:type>Journal paper</dc:type>
  <dc:type>NonPeerReviewed</dc:type>
  <dc:format>application/pdf</dc:format>
  <dc:identifier>http://orgprints.org/2579/1/wyss-2004-Insektennetze-Bioaktuell.pdf</dc:identifier>
  <dc:identifier>Wyss, Eric and Daniel, Claudia   (2004) Tiefflieger über Schweizer Gemüsefeldern.  [Exclusion fences in Swiss organic vegetable production.]  Bioaktuell (2), pp. 14-15.</dc:identifier>
  <dc:relation>http://orgprints.org/2579/</dc:relation>
</oai_dc:dc>