<oai_dc:dc xmlns:oai_dc="http://www.openarchives.org/OAI/2.0/oai_dc/" xmlns:dc="http://purl.org/dc/elements/1.1/" xmlns:xsi="http://www.w3.org/2001/XMLSchema-instance" xsi:schemaLocation="http://www.openarchives.org/OAI/2.0/oai_dc/ http://www.openarchives.org/OAI/2.0/oai_dc.xsd">
  <dc:title>Fjerpilning hos økologiske høns</dc:title>
  <dc:creator>Hegelund, L.</dc:creator>
  <dc:subject>"Organics" in general</dc:subject>
  <dc:description>Nogle høns har tendens til at pille fjer af hinanden og sig selv. Og en ufuldstændig fjerdragt har flere uheldige konsekvenser. Hvis fjerdragten kun dækker dele af kroppen taber hønsene mere varme, hvilket blandt andet medfører behov for mere foder. Samtidig giver nøgne dele af kroppen lettere adgang til rifter og blødninger, som kan afføde kannibalistiske handlinger fra andre høner i flokken. Og endelig er fuldbefjerede høner er en fryd for øjet, der signalerer sundhed og velvære, mens halvnøgne høner synes forkert og giver et uæstetisk indtryk. &#xD;
	I en vurdering af hønsenes velfærd indenfor økologisk ægproduktion undersøgte vi derfor fjerpilning som en af flere parametre til at vurdere dyrenes velfærd. Blandt de øvrige parametre i undersøgelsen var staldforhold, frygtsomhed, dødelighed og brug af udearealet.</dc:description>
  <dc:date>2006-03</dc:date>
  <dc:type>Newspaper or magazine article</dc:type>
  <dc:type>NonPeerReviewed</dc:type>
  <dc:format>source</dc:format>
  <dc:identifier>http://orgprints.org/9116/1/9116.doc</dc:identifier>
  <dc:identifier>Hegelund, L.    (2006) Fjerpilning hos økologiske høns.   Økologisk Jordbrug, March 2006 (357), p. 6.</dc:identifier>
  <dc:relation>http://orgprints.org/9116/</dc:relation>
</oai_dc:dc>