<oai_dc:dc xmlns:oai_dc="http://www.openarchives.org/OAI/2.0/oai_dc/" xmlns:dc="http://purl.org/dc/elements/1.1/" xmlns:xsi="http://www.w3.org/2001/XMLSchema-instance" xsi:schemaLocation="http://www.openarchives.org/OAI/2.0/oai_dc/ http://www.openarchives.org/OAI/2.0/oai_dc.xsd">
  <dc:title>Ertrag, N-Fixierungsleistung sowie Ernterückstände verschiedener Rotklee- und Rotkleegrasbestände</dc:title>
  <dc:creator>Loges, Ralf</dc:creator>
  <dc:creator>Taube, Friedhelm</dc:creator>
  <dc:creator>Kornher, Alois</dc:creator>
  <dc:subject>Nutrient turnover</dc:subject>
  <dc:subject>Pasture and forage crops</dc:subject>
  <dc:subject>Cereals, pulses and oilseeds</dc:subject>
  <dc:description>Die symbiontische Stickstofffixierung von Rotkleegras stellt in zahlreichen organisch wirtschaftenden Betrieben Norddeutschlands die wichtigste Stickstoffquelle dar. &#xD;
Ziel der vorgestellten Untersuchung ist die Prüfung in wie weit sich Ertrag, N2-Fixierung, Menge und Zusammensetzung der Ernterückstände sowie die N-Freisetzung nach dem Umbruch durch die pflanzenbaulichen Steuergrößen Klee/Gras-Ansaatmischung, Begleitgrasart sowie Nutzungsdauer und Nutzungsart (Schnitt/Grünbrache) beeinflussen lassen. &#xD;
Ältere bzw. schnittgenutzte Bestände, Bestände mit höheren Kleemengen in der Saatmischung  bzw. Bestände mit Deutschem Weidelgras als Begleitgras wiesen höhere Kleeanteile auf als jüngere bzw. gemulchte Bestände sowie kleearme Saatmischungen bzw. solche mit Welschem Weidelgras als Begleitgras. &#xD;
Höhere Kleeanteile führten zu höheren TM-Erträgen, N2-Fixierungsleistungen, höheren N-Mengen sowie N-Konzentrationen in den Ernterückständen. &#xD;
Die durch die Variation der Versuchsfaktoren hervorgerufene Variation der N-Mengen und N-Konzentrationen der Ernterückstände beeinflusste über unterschiedliche N- Freisetzung die Ertragsbildung der Nachfrucht Winterweizen. &#xD;
Hohe Kleeanteil in der Vorfrucht garantierten in der vorgestellten Untersuchung höhere Ertragsleistungen, stellten jedoch  ein Gefährdungspotential für die N-Auswaschung dar.</dc:description>
  <dc:publisher>Verlag Dr. Köster, Berlin</dc:publisher>
  <dc:contributor>Köpke, Ulrich</dc:contributor>
  <dc:contributor>Eisele, Jons A.</dc:contributor>
  <dc:date>1997</dc:date>
  <dc:type>Conference paper, poster, etc.</dc:type>
  <dc:type>NonPeerReviewed</dc:type>
  <dc:format>application/pdf</dc:format>
  <dc:identifier>http://orgprints.org/2155/1/loges-1997-n-fixierungsleistung-rotklee.pdf</dc:identifier>
  <dc:identifier>Loges, Ralf; Taube, Friedhelm and Kornher, Alois    (1997) Ertrag, N-Fixierungsleistung sowie Ernterückstände verschiedener Rotklee- und Rotkleegrasbestände.  [Yield, forage quality and residue nitrogen of red clover and red clover/grass-mixtures.]  In: Köpke, Ulrich and Eisele, Jons A. (Eds.)  Beiträge zur 4. Wissenschaftstagung zum Ökologischen Landbau, Verlag Dr. Köster, Berlin, pp. 265-271.</dc:identifier>
  <dc:relation>http://orgprints.org/2155/</dc:relation>
</oai_dc:dc>