<oai_dc:dc xmlns:oai_dc="http://www.openarchives.org/OAI/2.0/oai_dc/" xmlns:dc="http://purl.org/dc/elements/1.1/" xmlns:xsi="http://www.w3.org/2001/XMLSchema-instance" xsi:schemaLocation="http://www.openarchives.org/OAI/2.0/oai_dc/ http://www.openarchives.org/OAI/2.0/oai_dc.xsd">
  <dc:title>Hochstammobstbau: Ökologie und Ökonomie lassen sich verbinden</dc:title>
  <dc:creator>Häseli, Andreas</dc:creator>
  <dc:subject>Fruit and berries</dc:subject>
  <dc:description>Der Wert von Hochstammobstgärten für die Naturvielfalt ist unbestritten. Ebenso anerkannt ist ihr Beitrag zum Erscheinungsbild unserer Kulturlandschaft. Und dennoch hat über die vergangenen Jahrzehnte ein rasanter Schwund die Anzahl der Hochstammobstbäume dezimiert. Zaghaft zeichnet sich nun eine Trendwende ab: Der biologische Anbau auf Hochstämmen ist nicht nur ökologisch sinnvoll, sondern auch wirtschaftlich machbar. bioaktuell nennt die Voraussetzungen.</dc:description>
  <dc:date>2010</dc:date>
  <dc:type>Journal paper</dc:type>
  <dc:type>NonPeerReviewed</dc:type>
  <dc:format>application/pdf</dc:format>
  <dc:identifier>http://orgprints.org/21261/1/haeseli-2010-bioaktuell10_10-p5-7.pdf</dc:identifier>
  <dc:identifier>Häseli, Andreas   (2010) Hochstammobstbau: Ökologie und Ökonomie lassen sich verbinden.   bioaktuell, 10/10, pp. 5-7.</dc:identifier>
  <dc:relation>http://orgprints.org/21261/</dc:relation>
</oai_dc:dc>