<oai_dc:dc xmlns:oai_dc="http://www.openarchives.org/OAI/2.0/oai_dc/" xmlns:dc="http://purl.org/dc/elements/1.1/" xmlns:xsi="http://www.w3.org/2001/XMLSchema-instance" xsi:schemaLocation="http://www.openarchives.org/OAI/2.0/oai_dc/ http://www.openarchives.org/OAI/2.0/oai_dc.xsd">
  <dc:title>Current downy mildew control strategies in Swiss organic vineyards</dc:title>
  <dc:creator>Tamm, Lucius</dc:creator>
  <dc:creator>Amsler, Thomas</dc:creator>
  <dc:creator>Schaerer, Hansjakob</dc:creator>
  <dc:creator>Lévite, Dominique</dc:creator>
  <dc:creator>Häseli, Andreas</dc:creator>
  <dc:subject>Crop health, quality, protection</dc:subject>
  <dc:description>The currently used downy mildew control strategies in vitis vinifera in Switzerland are based on the use of acidified clay products combined with copper and sulphur. &#xD;
Data from 1997-2003 show that acidified clay products are a valuable alternative to control downy mil-dew of grapevine in conditions of medium rain fall, good spray timing and with a good application tech-nique. The limits of these products show under heavy rain conditions and when there is high disease pressure.</dc:description>
  <dc:date>2006</dc:date>
  <dc:type>Conference paper, poster, etc.</dc:type>
  <dc:type>NonPeerReviewed</dc:type>
  <dc:format>application/pdf</dc:format>
  <dc:identifier>http://orgprints.org/8555/1/Tamm_Schaerer_downy_mildew_12.4.06.pdf</dc:identifier>
  <dc:format>application/pdf</dc:format>
  <dc:identifier>http://orgprints.org/8555/2/Tamm-etal-2006-Poster_Grapevine.pdf</dc:identifier>
  <dc:identifier>Tamm, Lucius; Amsler, Thomas; Schaerer, Hansjakob; Lévite, Dominique and Häseli, Andreas    (2006) Current downy mildew control strategies in Swiss organic vineyards.       Paper at:   Joint Organic Congress, Odense, Denmark, May 30-31, 2006.</dc:identifier>
  <dc:relation>http://orgprints.org/8555/</dc:relation>
</oai_dc:dc>