<oai_dc:dc xmlns:oai_dc="http://www.openarchives.org/OAI/2.0/oai_dc/" xmlns:dc="http://purl.org/dc/elements/1.1/" xmlns:xsi="http://www.w3.org/2001/XMLSchema-instance" xsi:schemaLocation="http://www.openarchives.org/OAI/2.0/oai_dc/ http://www.openarchives.org/OAI/2.0/oai_dc.xsd">
  <dc:title>Agroekologie: východiska pro udržitelné zemědělské hospodaření</dc:title>
  <dc:creator>Sarapatka , Borivoj</dc:creator>
  <dc:creator>Abrahamova, Miluse</dc:creator>
  <dc:creator>Cizkova, Stanislava</dc:creator>
  <dc:creator>Dotlacil, Ladislav</dc:creator>
  <dc:creator>Hluchy, Milan</dc:creator>
  <dc:creator>Kren, Jan</dc:creator>
  <dc:creator>Kuras, Tomas</dc:creator>
  <dc:creator>Lastuvka, Zdenek</dc:creator>
  <dc:creator>Lososova, Zdenka</dc:creator>
  <dc:creator>Pokorny, Eduard</dc:creator>
  <dc:creator>Pokorny, Jan</dc:creator>
  <dc:creator>Pokorny, Radovan</dc:creator>
  <dc:creator>Salasova, Alena</dc:creator>
  <dc:creator>Tkadlec, Emil</dc:creator>
  <dc:creator>Tuf, Ivan</dc:creator>
  <dc:creator>Vacha, Marek</dc:creator>
  <dc:creator>Zamecnik, Vaclav</dc:creator>
  <dc:creator>Zeidler, Miloslav</dc:creator>
  <dc:creator>Zalud, Zdenek</dc:creator>
  <dc:subject>Farming Systems</dc:subject>
  <dc:subject>Environmental aspects</dc:subject>
  <dc:description>Kniha ukazuje, že k dlouhodobému řešení problémů moderního zemědělství je možno dospět jedině restrukturalizací a takovou správou zemědělských systémů, která změní jejich podobu a fungování na základě agroekologie. Agroekologie je věděcká disciplína, která využívá ekologické teorie ke studiu, designu, managementu a hodnocení produktivních zemědělských systémů, jež současně chrání přírodní zdroje. Kniha se zaměřuje jak na tradiční obhospodařování pro praktické zemědělce tak sofistikované využití ekosystémových poznatků. Kniha slouží jako učebnice pro moderní zemědělský provoz tak pro akademickou obec.</dc:description>
  <dc:publisher>Bioinstitut</dc:publisher>
  <dc:date>2010</dc:date>
  <dc:type>Book</dc:type>
  <dc:type>NonPeerReviewed</dc:type>
  <dc:format>application/pdf</dc:format>
  <dc:identifier>http://orgprints.org/20510/1/Agroekologie-ob%C3%A1lka1.pdf</dc:identifier>
  <dc:identifier>Sarapatka , Borivoj; Abrahamova, Miluse; Cizkova, Stanislava; Dotlacil, Ladislav; Hluchy, Milan; Kren, Jan; Kuras, Tomas; Lastuvka, Zdenek; Lososova, Zdenka; Pokorny, Eduard; Pokorny, Jan; Pokorny, Radovan; Salasova, Alena; Tkadlec, Emil; Tuf, Ivan; Vacha, Marek; Zamecnik, Vaclav; Zeidler, Miloslav and Zalud, Zdenek    (2010) Agroekologie: východiska pro udržitelné zemědělské hospodaření.  [Agroecology.]    Bioinstitut, Olomouc, Czech Republic.</dc:identifier>
  <dc:relation>http://orgprints.org/20510/</dc:relation>
</oai_dc:dc>