<oai_dc:dc xmlns:oai_dc="http://www.openarchives.org/OAI/2.0/oai_dc/" xmlns:dc="http://purl.org/dc/elements/1.1/" xmlns:xsi="http://www.w3.org/2001/XMLSchema-instance" xsi:schemaLocation="http://www.openarchives.org/OAI/2.0/oai_dc/ http://www.openarchives.org/OAI/2.0/oai_dc.xsd">
  <dc:title>Biohonig: Zwischen Bienenhype und Imkersorgen</dc:title>
  <dc:creator>Wenzel, Leonore</dc:creator>
  <dc:subject>Food security, food quality and human health</dc:subject>
  <dc:subject>Animal husbandry</dc:subject>
  <dc:description>Der Detailhandel ist an Schweizer Honig interessiert, doch gute Perspektiven in der Direktvermarktung sowie Schädlinge und Pestizide beschränken das Angebot.</dc:description>
  <dc:date>2015</dc:date>
  <dc:type>Newspaper or magazine article</dc:type>
  <dc:type>NonPeerReviewed</dc:type>
  <dc:format>application/pdf</dc:format>
  <dc:identifier>http://orgprints.org/28791/1/S16_17.pdf</dc:identifier>
  <dc:identifier>Wenzel, Leonore    (2015) Biohonig: Zwischen Bienenhype und Imkersorgen.   bioaktuell, 2015, 2/2015, pp. 16-17.</dc:identifier>
  <dc:relation>http://orgprints.org/28791/</dc:relation>
</oai_dc:dc>