<oai_dc:dc xmlns:oai_dc="http://www.openarchives.org/OAI/2.0/oai_dc/" xmlns:dc="http://purl.org/dc/elements/1.1/" xmlns:xsi="http://www.w3.org/2001/XMLSchema-instance" xsi:schemaLocation="http://www.openarchives.org/OAI/2.0/oai_dc/ http://www.openarchives.org/OAI/2.0/oai_dc.xsd">
  <dc:title>Lästige Körnlipicker</dc:title>
  <dc:creator>Dierauer, Hansueli</dc:creator>
  <dc:creator>Kupferschmid, Cornelia</dc:creator>
  <dc:subject>Crop health, quality, protection</dc:subject>
  <dc:description>Die Schäden durch Krähen nehmen im Biolandbau zu; der Druck auf das ungebeizte Saatgut wächst. Das FiBL sucht nach einem wirksamen natürlichen Beizmittel. Vorerst gilt es weiterhin auf Vorbeugen und Abschrecken zu setzen. Das gelingt am ehesten, wenn man den «Feind» gut kennt.</dc:description>
  <dc:date>2011-04</dc:date>
  <dc:type>Journal paper</dc:type>
  <dc:type>NonPeerReviewed</dc:type>
  <dc:format>application/pdf</dc:format>
  <dc:identifier>http://orgprints.org/20049/1/Seiten10_11_ba-d-2011-03.pdf</dc:identifier>
  <dc:identifier>Dierauer, Hansueli and Kupferschmid, Cornelia   (2011) Lästige Körnlipicker.   bioaktuell, 3, pp. 10-11.</dc:identifier>
  <dc:relation>http://orgprints.org/20049/</dc:relation>
</oai_dc:dc>