<oai_dc:dc xmlns:oai_dc="http://www.openarchives.org/OAI/2.0/oai_dc/" xmlns:dc="http://purl.org/dc/elements/1.1/" xmlns:xsi="http://www.w3.org/2001/XMLSchema-instance" xsi:schemaLocation="http://www.openarchives.org/OAI/2.0/oai_dc/ http://www.openarchives.org/OAI/2.0/oai_dc.xsd">
  <dc:title>Einflüsse des Ackerbohnenkäfers (Bruchus rufimanus) und von Bodenpathogenen auf Feldaufgang und Ertrag bei bunt- und weißblühenden Ackerbohnensorten (Vicia faba)</dc:title>
  <dc:creator>Saucke, Helmut</dc:creator>
  <dc:creator>Riemer, Natalia</dc:creator>
  <dc:creator>Geßner, Christina</dc:creator>
  <dc:creator>Bacanovic, Jelena</dc:creator>
  <dc:creator>Šišić, Adnan</dc:creator>
  <dc:creator>Finckh, Maria R.</dc:creator>
  <dc:subject>Crop health, quality, protection</dc:subject>
  <dc:description>We compared field emergence and yield of a white- and a coloured-flowered variety of faba bean (Vicia faba) in relation to Bruchus rufimanus seed damage in a factorial, hand sown mini-plot field experiment. Further manipulating factors at sowing were, foot root rot inoculation with a 4-species Fusarium-mixture, a seed dressing with powdered testa material of the coloured-flower variety and sowing depth. In both varieties Fusarium-inoculation was the most detrimental and significant factor to field emergence and yield, interacting with a concordant B. rufimanus effect. Expectedly, the white-flowered variety was most affected. Tannin-containing testa meal did not reduce or compensate the impact of fungal inoculation and/or B. rufimanus. We hypothesize that B. rufimanus testa damage affects seedling vigour via reported faster water imbibition, causing cellular rupture and higher solute leakage which may enhance soilborne foot root rot incidence and finally yield. The results are discussed in the context of future research objectives.</dc:description>
  <dc:publisher>Verlag Dr. Köster, Berlin</dc:publisher>
  <dc:date>2014-09-18</dc:date>
  <dc:type>Conference paper, poster, etc.</dc:type>
  <dc:type>NonPeerReviewed</dc:type>
  <dc:format>application/pdf</dc:format>
  <dc:identifier>http://orgprints.org/27141/1/27141_saucke.pdf</dc:identifier>
  <dc:identifier>Saucke, Helmut; Riemer, Natalia; Geßner, Christina; Bacanovic, Jelena; Šišić, Adnan and Finckh, Maria R.    (2014) Einflüsse des Ackerbohnenkäfers (Bruchus rufimanus) und von Bodenpathogenen auf Feldaufgang und Ertrag bei bunt- und weißblühenden Ackerbohnensorten (Vicia faba).       Paper at:   13. Wissenschaftstagung Ökologischer Landbau, Hochschule für nachhaltige Entwicklung Eberswalde, 17. - 20. März 2015.</dc:identifier>
  <dc:relation>http://orgprints.org/27141/</dc:relation>
</oai_dc:dc>