<oai_dc:dc xmlns:oai_dc="http://www.openarchives.org/OAI/2.0/oai_dc/" xmlns:dc="http://purl.org/dc/elements/1.1/" xmlns:xsi="http://www.w3.org/2001/XMLSchema-instance" xsi:schemaLocation="http://www.openarchives.org/OAI/2.0/oai_dc/ http://www.openarchives.org/OAI/2.0/oai_dc.xsd">
  <dc:title>Akzeptanz von Nachhaltigkeitsinnovationen im Lebensmittelbereich – das Untersuchungsdesign</dc:title>
  <dc:creator>Busse, Maria</dc:creator>
  <dc:creator>Siebert, Rosemarie</dc:creator>
  <dc:subject>Systems research and participatory research</dc:subject>
  <dc:subject>Social aspects</dc:subject>
  <dc:subject>Produce chain management</dc:subject>
  <dc:description>The acceptance study is part of ginkoo, an innovation group project for sustainable land use (FONA, BMBF). A central concern is the externalisation of environmental and social costs in food production systems due to increased efficiency and intensive agriculture. The ginkoo case study “Naturland” deals with ethic aspects in animal production, the valorisation of agrobiodiversity and new financial models. By using a mix of qualitative and quantitative methods, the study will develop strategies and measures that should improve the acceptance of sustainability innovations by consumers. They will be tested, evaluated and validated directly by applying them to concrete innovation processes. The aggregate level addresses the conversion to transferable strategies and measures for similar innovation processes in the agri-food sector.</dc:description>
  <dc:publisher>Verlag Dr. Köster, Berlin</dc:publisher>
  <dc:date>2014-09-16</dc:date>
  <dc:type>Conference paper, poster, etc.</dc:type>
  <dc:type>NonPeerReviewed</dc:type>
  <dc:format>application/pdf</dc:format>
  <dc:identifier>http://orgprints.org/27067/1/27067_busse.pdf</dc:identifier>
  <dc:identifier>Busse, Maria and Siebert, Rosemarie    (2014) Akzeptanz von Nachhaltigkeitsinnovationen im Lebensmittelbereich – das Untersuchungsdesign.  [Acceptance of sustainability innovations in the food sector - the research design.]      Poster at:   13. Wissenschaftstagung Ökologischer Landbau, Hochschule für nachhaltige Entwicklung Eberswalde, 17. - 20. März 2015.</dc:identifier>
  <dc:relation>http://orgprints.org/27067/</dc:relation>
</oai_dc:dc>