<oai_dc:dc xmlns:oai_dc="http://www.openarchives.org/OAI/2.0/oai_dc/" xmlns:dc="http://purl.org/dc/elements/1.1/" xmlns:xsi="http://www.w3.org/2001/XMLSchema-instance" xsi:schemaLocation="http://www.openarchives.org/OAI/2.0/oai_dc/ http://www.openarchives.org/OAI/2.0/oai_dc.xsd">
  <dc:title>Auswirkungen reduzierter Bodenbearbeitung und Vorfrucht auf die Unkrautvegetation</dc:title>
  <dc:creator>Sprenger, B.</dc:creator>
  <dc:subject>Crop combinations and interactions</dc:subject>
  <dc:subject>Weed management</dc:subject>
  <dc:subject>Soil tillage</dc:subject>
  <dc:description>The reduction of soil tillage intensity is of special interest for organic farmers. To study the influence of reduced tillage on soil properties and weed vegetation field plots were set up in 1992 on the FAM Research farm in southern Germany. From 1999 till 2002 weed vegetation was recorded including soil seed bank, plant density, number of flowering plants and biomass. Reduced tillage intensity did not influence the weed population dymamics but did influence the species composition. Elymus repens, Apera spica-venti and Poa annua were promoted by a tillage regime that omitted deep ploughing in four of seven years. The cultivation of grass/ley mixtures plays an important role in crop rotations of organic farming systems e.g. as part of the weed management. In rotation after grass/ley mixture mechanical weeding in winterwheat led to a remarkable reduction of total weed density and flowering plants. Thus the input of fresh seeds to the seedbank is reduced.</dc:description>
  <dc:publisher>kassel university press GmbH, Kassel</dc:publisher>
  <dc:contributor>Heß, J</dc:contributor>
  <dc:contributor>Rahmann, G</dc:contributor>
  <dc:date>2005</dc:date>
  <dc:type>Conference paper, poster, etc.</dc:type>
  <dc:type>NonPeerReviewed</dc:type>
  <dc:format>application/pdf</dc:format>
  <dc:identifier>http://orgprints.org/3817/1/3817.pdf</dc:identifier>
  <dc:identifier>Sprenger, B.    (2005) Auswirkungen reduzierter Bodenbearbeitung und Vorfrucht auf die Unkrautvegetation.  [Effects of reduced tillage and previous crop on weed vegetation.]  In: Heß, J and Rahmann, G (Eds.)  Ende der Nische, Beiträge zur 8. Wissenschaftstagung Ökologischer Landbau, kassel university press GmbH, Kassel.</dc:identifier>
  <dc:relation>http://orgprints.org/3817/</dc:relation>
</oai_dc:dc>