<oai_dc:dc xmlns:oai_dc="http://www.openarchives.org/OAI/2.0/oai_dc/" xmlns:dc="http://purl.org/dc/elements/1.1/" xmlns:xsi="http://www.w3.org/2001/XMLSchema-instance" xsi:schemaLocation="http://www.openarchives.org/OAI/2.0/oai_dc/ http://www.openarchives.org/OAI/2.0/oai_dc.xsd">
  <dc:title>Flåttbåren sykdom og velferd hos sau</dc:title>
  <dc:creator>Grøva, Lise</dc:creator>
  <dc:creator>Olesen, Ingrid</dc:creator>
  <dc:creator>Stuen, Snorre</dc:creator>
  <dc:creator>Steinshamn, Håvard</dc:creator>
  <dc:subject>Sheep and goats</dc:subject>
  <dc:subject>Animal husbandry</dc:subject>
  <dc:subject>Health and welfare</dc:subject>
  <dc:subject>Breeding and genetics</dc:subject>
  <dc:description>De største utfordringene for velferden på sau i beiteperioden er sjodogg, fluelarver, alveld og rovdyr (Norges Forskningsråd 2005, Norsk sau og geitavlslag 2001). Økte transportavstander og transporttid samt negativ økonomisk utvikling i saueholdet og en dreining mot mer ekstensive driftsformer gir også grunn til bekymring for velferden til sauen i norsk sauehold.&#xD;
&#xD;
I økologisk landbruk er et høyt nivå på dyrevelferd og god dyrehelse eksplisitte mål (Debio 2003). Muligheten til å utøve naturlig atferd er et viktig prinsipp, og beitedrift er derfor et viktig aspekt i økologisk landbruk. Utfordringene i både økologisk og konvensjonelt landbruk er ofte sammenfallende, men i økologisk landbruk legger en spesielt stor vekt på årsaksorientert problemløsing og forebyggende tiltak. Økologiske bønder ønsker for eksempel ikke å være avhengig av rutinemessig bruk av syntetisk fremstilte medisiner og preparat (Debio 2003) fordi det stilles spørsmål om slik gjentatt behandling er bærekraftig. Problemer med resistens mot slike medisiner er godt dokumentert (Wharton 1983).  Utbredelsen av flått øker og utbredt bruk av flåttdrepende midler (acaricider) medfører derfor enda større bruk av slike midler på sikt. Det er derfor behov for alternative strategier for å kontrollere flåttinfeksjon. &#xD;
&#xD;
Prosjektet Improved welfare in sheep production – preventive measures, disease resistance and robustness related to tick-borne fever in sheep er et 4-årig prosjekt som skal se på forebyggende tiltak mot flåttbåren sykdom og produksjonstap i norsk sauehold.</dc:description>
  <dc:contributor>Dille, Liv Lønne</dc:contributor>
  <dc:date>2007</dc:date>
  <dc:type>Conference paper, poster, etc.</dc:type>
  <dc:type>NonPeerReviewed</dc:type>
  <dc:format>application/pdf</dc:format>
  <dc:identifier>http://orgprints.org/13011/1/Husdyrfors%C3%B8ksm%C3%B8tet_2007_Lise_Gr%C3%B8va_et_al_Fl%C3%A5tt_og_sau.pdf</dc:identifier>
  <dc:identifier>Grøva, Lise; Olesen, Ingrid; Stuen, Snorre and Steinshamn, Håvard    (2007) Flåttbåren sykdom og velferd hos sau.  [Tick-borne fever and sheep welfare.]  In: Dille, Liv Lønne (Ed.)  Husdyrforsøksmøtet 2007, 2007 (ISBN 978-82-74-79019-3), pp. 531-534.</dc:identifier>
  <dc:relation>http://orgprints.org/13011/</dc:relation>
</oai_dc:dc>