<oai_dc:dc xmlns:oai_dc="http://www.openarchives.org/OAI/2.0/oai_dc/" xmlns:dc="http://purl.org/dc/elements/1.1/" xmlns:xsi="http://www.w3.org/2001/XMLSchema-instance" xsi:schemaLocation="http://www.openarchives.org/OAI/2.0/oai_dc/ http://www.openarchives.org/OAI/2.0/oai_dc.xsd">
  <dc:title>Das Biokontrollsystem in Österreich</dc:title>
  <dc:creator>Vogl, Christian R.</dc:creator>
  <dc:creator>Biberauer, Severin</dc:creator>
  <dc:subject>Values, standards and certification</dc:subject>
  <dc:description>Österreich hat ein bereits weit entwickeltes Bio-Kontrollsystem – trotzdem gibt es Schwachstellen. Die Autoren benennen den Handlungsbedarf zu seiner Optimierung.</dc:description>
  <dc:date>2003</dc:date>
  <dc:type>Journal paper</dc:type>
  <dc:type>NonPeerReviewed</dc:type>
  <dc:format>application/pdf</dc:format>
  <dc:identifier>http://orgprints.org/5461/1/S%C3%96L_Biokontrolle_2003.pdf</dc:identifier>
  <dc:identifier>Vogl, Christian R. and Biberauer, Severin   (2003) Das Biokontrollsystem in Österreich.  [The certification system for organic farms in Austria.]  Ökologie und Landbau (127 (3)), pp. 6-10.</dc:identifier>
  <dc:relation>http://orgprints.org/5461/</dc:relation>
</oai_dc:dc>