<oai_dc:dc xmlns:oai_dc="http://www.openarchives.org/OAI/2.0/oai_dc/" xmlns:dc="http://purl.org/dc/elements/1.1/" xmlns:xsi="http://www.w3.org/2001/XMLSchema-instance" xsi:schemaLocation="http://www.openarchives.org/OAI/2.0/oai_dc/ http://www.openarchives.org/OAI/2.0/oai_dc.xsd">
  <dc:title>Produção de café agroecológico no sul de Minas Gerais: sistemas alternativos à produção intensiva em agroquímicos.</dc:title>
  <dc:creator>Lopes, Paulo Rogério</dc:creator>
  <dc:creator>Araújo, Keila Cássia Santos</dc:creator>
  <dc:creator>Ferraz, José Maria Gusman</dc:creator>
  <dc:creator>Lopes, Iara Maria</dc:creator>
  <dc:creator>Fernandes, Lêda Gonçalves</dc:creator>
  <dc:subject>Production systems</dc:subject>
  <dc:subject>Farming Systems</dc:subject>
  <dc:subject>Social aspects</dc:subject>
  <dc:description>O presente trabalho teve como objetivo analisar os aspectos sócio-econômicos, ambientais e fitossanitários de agroecossistemas cafeeiros sob manejos convencional, organo-mineral, orgânico e agroflorestal conduzidos nos municípios de Machado e Poço-Fundo, localizados no sul de Minas Gerais, possibilitando uma análise técnica das diversas vertentes de cafeicultura alternativa. A pesquisa foi realizada com base no DRP (Diagnóstico Rural Participativo). Utilizaram-se questionários semi-estruturados para realização de entrevistas com os cafeicultores e realizou-se o acompanhamento (monitoramento) das lavouras cafeeiras por um período de um ano. Verificou-se que o agroecossistema convencional é extremamente dependente de fontes externas de insumos, principalmente agroquímicos (fertilizantes e agrotóxicos). O sistema orgânico também utiliza insumos de fora da propriedade como o farelo de mamona, estercos de animais e produtos orgânicos industrializados e atingiu a maior média de produtividade entre os sistemas (45 sacas ha-1). O agroecossistema organo-mineral utiliza adubação química com diversificação através de culturas intercalares. A agrofloresta apresentou a menor produtividade média (14 sacas ha-1) de café entre todos os sistemas, mas possibilita a produção de outros gêneros alimentícios que contribuem com a renda mensal da propriedade. O seu manejo caracteriza-se pela roçada da vegetação espontânea, utilização da palha de café própria e a arborização da lavoura. A produtividade do agroecossistema convencional é inferior ao organo-mineral e orgânico, apesar de ser o sistema que mais utiliza imputs externos (insumos), o que pode concorrer para a sua sustentabilidade a médio e a longo prazo.</dc:description>
  <dc:date>2012</dc:date>
  <dc:type>Journal paper</dc:type>
  <dc:type>NonPeerReviewed</dc:type>
  <dc:format>application/pdf</dc:format>
  <dc:identifier>http://orgprints.org/22964/1/Lopes_Produ%C3%A7%C3%A3o.pdf</dc:identifier>
  <dc:identifier>Lopes, Paulo Rogério ; Araújo, Keila Cássia Santos ; Ferraz, José Maria Gusman ; Lopes, Iara Maria  and Fernandes, Lêda Gonçalves    (2012) Produção de café agroecológico no sul de Minas Gerais: sistemas alternativos à produção intensiva em agroquímicos.  [Producing agroecological coffee in Southern Minas Gerais: alternative systems for intensive production of agrochemicals.]  Revista Brasileira de Agroecologia, 7 (1), pp. 25-38.</dc:identifier>
  <dc:relation>http://orgprints.org/22964/</dc:relation>
</oai_dc:dc>