<oai_dc:dc xmlns:oai_dc="http://www.openarchives.org/OAI/2.0/oai_dc/" xmlns:dc="http://purl.org/dc/elements/1.1/" xmlns:xsi="http://www.w3.org/2001/XMLSchema-instance" xsi:schemaLocation="http://www.openarchives.org/OAI/2.0/oai_dc/ http://www.openarchives.org/OAI/2.0/oai_dc.xsd">
  <dc:title>Klimagasbilanz der Landwirtschaft auf null bringen</dc:title>
  <dc:creator>Bär, Markus</dc:creator>
  <dc:subject>Soil quality</dc:subject>
  <dc:subject>Air and water emissions</dc:subject>
  <dc:description>Das FiBL forscht nach bodenschonenden Bewirtschaftungsformen, die auch das Klima schützen und durch Humusaufbau klimaschädliches CO2 im Boden einlagern können. bioaktuell sprach mit dem FiBL-Bodenspezialisten Paul Mäder.</dc:description>
  <dc:date>2011-05</dc:date>
  <dc:type>Journal paper</dc:type>
  <dc:type>NonPeerReviewed</dc:type>
  <dc:format>application/pdf</dc:format>
  <dc:identifier>http://orgprints.org/20053/1/Seiten12_15-ba-d-2011-06.pdf</dc:identifier>
  <dc:identifier>Bär, Markus   (2011) Klimagasbilanz der Landwirtschaft auf null bringen.   bioaktuell, 6, pp. 12-15.</dc:identifier>
  <dc:relation>http://orgprints.org/20053/</dc:relation>
</oai_dc:dc>