<oai_dc:dc xmlns:oai_dc="http://www.openarchives.org/OAI/2.0/oai_dc/" xmlns:dc="http://purl.org/dc/elements/1.1/" xmlns:xsi="http://www.w3.org/2001/XMLSchema-instance" xsi:schemaLocation="http://www.openarchives.org/OAI/2.0/oai_dc/ http://www.openarchives.org/OAI/2.0/oai_dc.xsd">
  <dc:title>Prüfung der Landi-Kirschenfliegenfalle in Raps und Kirschen 2013</dc:title>
  <dc:creator>Daniel, Claudia</dc:creator>
  <dc:subject>Cereals, pulses and oilseeds</dc:subject>
  <dc:subject>Fruit and berries</dc:subject>
  <dc:subject>Crop health, quality, protection</dc:subject>
  <dc:description>Die gelbe Leimfalle Rebell®amarillo wird standardmässig zur Flugüberwachung von Schädlingen im Raps- und Kirschenanbau eingesetzt. Die Rebell®-Falle ist jedoch vergleichsweise teuer und materialintensiv. Zwar ist eine mehrfache Nutzung der Falle nach Reinigung und Wiederbeleimung möglich, die meisten Produzenten scheuen jedoch den hohen Arbeitsaufwand. Im letzten Jahr wurde ein neuer Fallentyp von „Fenaco UFA-Samen Nützlinge“ entwickelt. Dieser neue Fallentyp ist für den Einweggebrauch konzipiert und daher preisgünstiger und weniger materialintensiv in der Herstellung. Mit den vorliegenden Versuchen sollten die beiden Fallentypen im Raps- und im Kirschenanbau miteinander verglichen werden.&#xD;
&#xD;
Fazit Rapsschädlinge: Die Landi-Kirschenfliegenfalle zeigte den Flugbeginn der drei Hauptschädlinge zuverlässig an und ist somit als Monitoringinstrument geeignet. Aufgrund der höheren Fangzahlen sollte auf der Verpackung der Landi-Kirschenfliegenfallen jedoch ein deutlicher Hinweis angebracht werden, dass die Fallen bezüglich der Rapsschädlinge deutlich fängiger sind als die Rebell®amarillo und somit eine Festlegung der Schadschwelle für eine Spritzung zwingend auf den empfohlenen Auszählungen der Einstiche an den Triebspitzen basieren sollte.&#xD;
&#xD;
Fazit Kirschenfliege: Bei der Überwachung des Flugbeginns, wie auch bei der Evaluation der Schadschwelle, zeigte die Landi-Kirschenfliegenfallen gute Resultate und ist der Rebell ®amarillo-Falle ebenbürtig. Allerdings erschweren die vielen Beifänge an der Landi- Kirschenfliegenfalle das Auszählen. Die Schadschwellen der Rebell-Falle können für die Landi-Kirschenfliegenfalle übernommen werden. Aufgrund des günstigeren Preises ist die Landi-Kirschenfliegenfalle für den Massenfang besser geeignet als die Rebell-Falle. Die Produzenten sollten jedoch darauf achten, die Fallen erst kurz vor dem Flugbeginn der Kirschenfliegen aufzuhängen, da sonst die Beifänge die gelbe Farbwirkung beeinträchtigen.</dc:description>
  <dc:date>2013-08-15</dc:date>
  <dc:type>Report</dc:type>
  <dc:type>NonPeerReviewed</dc:type>
  <dc:format>application/pdf</dc:format>
  <dc:identifier>http://orgprints.org/26516/1/2013_BerichtFallenLandi.pdf</dc:identifier>
  <dc:identifier>Daniel, Claudia         (2013) Prüfung der Landi-Kirschenfliegenfalle in Raps und Kirschen 2013.   Bericht FiBL. Forschungsinstitut für biologischen Landbau (FiBL).</dc:identifier>
  <dc:relation>http://orgprints.org/26516/</dc:relation>
</oai_dc:dc>