<oai_dc:dc xmlns:oai_dc="http://www.openarchives.org/OAI/2.0/oai_dc/" xmlns:dc="http://purl.org/dc/elements/1.1/" xmlns:xsi="http://www.w3.org/2001/XMLSchema-instance" xsi:schemaLocation="http://www.openarchives.org/OAI/2.0/oai_dc/ http://www.openarchives.org/OAI/2.0/oai_dc.xsd">
  <dc:title>Problemer med rodukrudt</dc:title>
  <dc:creator>Rasmussen, Ilse A.</dc:creator>
  <dc:creator>Askegaard, Margrethe</dc:creator>
  <dc:creator>Olesen, Jørgen E.</dc:creator>
  <dc:subject>Crop combinations and interactions</dc:subject>
  <dc:subject>Weed management</dc:subject>
  <dc:subject>Cereals, pulses and oilseeds</dc:subject>
  <dc:description>Rodukrudtet bredte sig mere end forudset i forsøgssædskifterne og bekæmpes med sædskifte, fangafgrøder og mekanik</dc:description>
  <dc:publisher>Økologisk Landsforening</dc:publisher>
  <dc:date>2002-04</dc:date>
  <dc:type>Newspaper or magazine article</dc:type>
  <dc:type>NonPeerReviewed</dc:type>
  <dc:format>other</dc:format>
  <dc:identifier>http://orgprints.org/257/1/OJ02_263_8.jpg</dc:identifier>
  <dc:identifier>Rasmussen, Ilse A.; Askegaard, Margrethe and Olesen, Jørgen E.    (2002) Problemer med rodukrudt.   Økologisk Jordbrug, April 2002, 22 (263), p. 8.</dc:identifier>
  <dc:relation>http://orgprints.org/257/</dc:relation>
</oai_dc:dc>