<oai_dc:dc xmlns:oai_dc="http://www.openarchives.org/OAI/2.0/oai_dc/" xmlns:dc="http://purl.org/dc/elements/1.1/" xmlns:xsi="http://www.w3.org/2001/XMLSchema-instance" xsi:schemaLocation="http://www.openarchives.org/OAI/2.0/oai_dc/ http://www.openarchives.org/OAI/2.0/oai_dc.xsd">
  <dc:title>ØKOLOGISKE SÆDSKIFTER TIL PRODUKTION AF KORN</dc:title>
  <dc:creator>Askegaard, Margrethe</dc:creator>
  <dc:creator>Olesen, Jørgen E.</dc:creator>
  <dc:creator>Rasmussen, Ilse A.</dc:creator>
  <dc:creator>Driessen, Eugene</dc:creator>
  <dc:creator>Nielsen, Erling</dc:creator>
  <dc:creator>Thomsen, Henning C.</dc:creator>
  <dc:creator>Bak, Holger</dc:creator>
  <dc:creator>Lindberg, Julie F.</dc:creator>
  <dc:subject>Cereals, pulses and oilseeds</dc:subject>
  <dc:subject>Weed management</dc:subject>
  <dc:subject>Composting and manuring</dc:subject>
  <dc:description>Hvordan kan sædskiftet indrettes så den økologiske kornproduktion øges uden at bæredygtigheden mindskes? Dette centrale spørgsmål belyses med resultater fra et økologisk sædskifteforsøg, der i 1996/97 blev anlagt på tre lokaliteter i Danmark. Da forsyningen med kvælstof (N) kan være meget kritisk i økologisk kornproduktion blev forsøget designet med fokus på dyrkningsmæssige faktorer der har indflydelse på N-forsyningen. Tre faktorer blev undersøgt: &#xD;
&#xD;
1) Betydning af andel af N-fikserende afgrøder i sædskiftet &#xD;
2) Betydning af efterafgrøder  &#xD;
3) Betydning af tilførsel af husdyrgødning. &#xD;
&#xD;
Der blev målt udbytter, udvaskning af næringsstoffer samt forekomst af ukrudt. &#xD;
&#xD;
Forsøget demonstrerer vigtigheden af at undersøge dyrkningsfaktorer i en sædskiftemæssig helhed.For eksempel har tilførsel af husdyrgødning ikke kun effekt i den afgrøde hvor den tilføres. Efterfølgende afgrøder kan også blive påvirkede. Flere af disse langsigtede effekter er knyttet til kløvergræsmarker og N-fikserende efterafgrøder, som er væsentlige elementer i økologiske sædskifter. Lokaliteter, forsøgsdesign og dyrkning præsenteres i boks 1, 2 og 3.</dc:description>
  <dc:date>2004</dc:date>
  <dc:type>Journal paper</dc:type>
  <dc:type>NonPeerReviewed</dc:type>
  <dc:format>application/pdf</dc:format>
  <dc:identifier>http://orgprints.org/7854/1/7854.pdf</dc:identifier>
  <dc:identifier>Askegaard, Margrethe; Olesen, Jørgen E.; Rasmussen, Ilse A.; Driessen, Eugene; Nielsen, Erling; Thomsen, Henning C.; Bak, Holger and Lindberg, Julie F.   (2004) ØKOLOGISKE SÆDSKIFTER TIL PRODUKTION AF KORN.  [Organic crop rotations for cereal production.]  Grøn Viden, Markbrug (298), pp. 1-20.</dc:identifier>
  <dc:relation>http://orgprints.org/7854/</dc:relation>
</oai_dc:dc>