<oai_dc:dc xmlns:oai_dc="http://www.openarchives.org/OAI/2.0/oai_dc/" xmlns:dc="http://purl.org/dc/elements/1.1/" xmlns:xsi="http://www.w3.org/2001/XMLSchema-instance" xsi:schemaLocation="http://www.openarchives.org/OAI/2.0/oai_dc/ http://www.openarchives.org/OAI/2.0/oai_dc.xsd">
  <dc:title>Potencial alelopático de extratos vegetais de Crotalaria juncea sobre a germinação de plantas daninhas.</dc:title>
  <dc:creator>Araújo, Érica de Oliveira</dc:creator>
  <dc:creator>Santo, Catarina Lima do Espirito</dc:creator>
  <dc:creator>Santana, Cássia Nascimento</dc:creator>
  <dc:subject>Farming Systems</dc:subject>
  <dc:subject>Vegetables</dc:subject>
  <dc:subject>Weed management</dc:subject>
  <dc:description>O objetivo deste trabalho foi avaliar o efeito de extratos vegetais produzidos por Crotalaria juncea sobre a germinação de plantas daninhas (Ipomoea grandifolia (Dammer), Bidens pilosa L. e Euphorbia heterophilla L.). Dividiu-se o estudo em 2 fases: 1ª fase - plantio da Crotalaria juncea L. para obtenção de material para extração de compostos aleloquímicos; 2ª fase - preparação dos extratos e realização dos bioensaios. O delineamento experimental adotado foi inteiramente causalizado, em esquema fatorial 4x3, sendo 4 diferentes concentrações de extratos (25, 50, 75, 100%) oriundo de cultivo de Crotalaria juncea L. sob espaçamento de 25 cm e 3 diferentes densidades de planta (25, 40 e 50 plantas por metro linear). As avaliações de germinação foram feitas no sétimo dia após a semeadura das sementes. Os dados de germinação e crescimento/desenvolvimento foram submetidos à análise de variância em nível de 5%, e agrupamento pelo Skott-nott. Os resultados permitiram concluir que o extrato de Crotalaria juncea L. associado as diferentes densidades de semeadura promoveu aumento no número de sementes germinadas de Euphorbia heterophilla L. e Bidens pilosa L., porém retardou significativamente a germinação de Ipomoea grandifolia (Dammer).</dc:description>
  <dc:date>2010</dc:date>
  <dc:type>Journal paper</dc:type>
  <dc:type>NonPeerReviewed</dc:type>
  <dc:format>application/pdf</dc:format>
  <dc:identifier>http://orgprints.org/24489/1/Ara%C3%BAjo_Potencial.pdf</dc:identifier>
  <dc:identifier>Araújo, Érica de Oliveira ; Santo, Catarina Lima do Espirito  and Santana, Cássia Nascimento    (2010) Potencial alelopático de extratos vegetais de Crotalaria juncea sobre a germinação de plantas daninhas.  [Alellopathyc potential of vegetable extracts of Crotalaria juncea on germination of weed.]  Revista Brasileira de Agroecologia, 5 (2), pp. 109-115.</dc:identifier>
  <dc:relation>http://orgprints.org/24489/</dc:relation>
</oai_dc:dc>