<oai_dc:dc xmlns:oai_dc="http://www.openarchives.org/OAI/2.0/oai_dc/" xmlns:dc="http://purl.org/dc/elements/1.1/" xmlns:xsi="http://www.w3.org/2001/XMLSchema-instance" xsi:schemaLocation="http://www.openarchives.org/OAI/2.0/oai_dc/ http://www.openarchives.org/OAI/2.0/oai_dc.xsd">
  <dc:title>HRI, University of Warwick: Greenhouse</dc:title>
  <dc:subject>Greenhouses and coverings</dc:subject>
  <dc:description>Approx 5000 m2 space in various sizes of compartment with heating, lighting, forced fan ventilation, shade screen, A/C and pollen filtration. Virus glasshouse Unit (10 A/C compartments) in self contained quarantine unit with own potting area and autoclave.  Range of polytunnels, cold frames and sandbeds.</dc:description>
  <dc:type>Research facility description</dc:type>
  <dc:type>NonPeerReviewed</dc:type>
  <dc:identifier>{Facility}   HRI, University of Warwick: Greenhouse.       Facility Leader(s): Mann, Sally, University of Warwick.</dc:identifier>
  <dc:relation>http://orgprints.org/6796/</dc:relation>
</oai_dc:dc>