<oai_dc:dc xmlns:oai_dc="http://www.openarchives.org/OAI/2.0/oai_dc/" xmlns:dc="http://purl.org/dc/elements/1.1/" xmlns:xsi="http://www.w3.org/2001/XMLSchema-instance" xsi:schemaLocation="http://www.openarchives.org/OAI/2.0/oai_dc/ http://www.openarchives.org/OAI/2.0/oai_dc.xsd">
  <dc:title>Pflanzenschonende mechanische Bearbeitung des Pflanzstreifens bei Kernobst und Alternativen: Optimierung der bestehenden Verfahren unter arbeitswirtschaftlichen Gesichtspunkten auf verschiedenen Standorten und Bodentypen</dc:title>
  <dc:creator>Benduhn, Bastian</dc:creator>
  <dc:creator>Zimmer, Jürgen</dc:creator>
  <dc:creator>Renner, Ute</dc:creator>
  <dc:creator>Rank, Harald</dc:creator>
  <dc:subject>Fruit and berries</dc:subject>
  <dc:description>Weed control and cultivation is still a serious problem in organic pipfruit production. In a research project which has started in May 2004 cultivation and weed control equipment is tested in four different locations in Germany. The efficiency of the different machines in controlling the weed is as well acquired as possible effects on the fruit quality and the crop. After the first year with results statements to the efficiency can be made. The machines “Ladurner” and “Pellenc” are appropriate for cultivation and weed control in organic pipfruit production. No statements can be made about possible effects on the crop jet. These effects will become apparent not until three to four years of continuing the research projekt.</dc:description>
  <dc:date>2007</dc:date>
  <dc:type>Conference paper, poster, etc.</dc:type>
  <dc:type>NonPeerReviewed</dc:type>
  <dc:format>application/pdf</dc:format>
  <dc:identifier>http://orgprints.org/9850/1/9850_Benduhn_Vortrag.pdf</dc:identifier>
  <dc:identifier>Benduhn, Bastian; Zimmer, Jürgen; Renner, Ute and Rank, Harald    (2007) Pflanzenschonende mechanische Bearbeitung des Pflanzstreifens bei Kernobst und Alternativen: Optimierung der bestehenden Verfahren unter arbeitswirtschaftlichen Gesichtspunkten auf verschiedenen Standorten und Bodentypen.  [Machining of the tree row at pipfruit and alternativs: Improvement of existing methods in consideration of ergonomic principles at different locations and soil types.]      Paper at:   Zwischen Tradition und Globalisierung - 9. Wissenschaftstagung Ökologischer Landbau, Universität Hohenheim, Stuttgart, Deutschland, 20.-23.03.2007.</dc:identifier>
  <dc:relation>http://orgprints.org/9850/</dc:relation>
</oai_dc:dc>