<oai_dc:dc xmlns:oai_dc="http://www.openarchives.org/OAI/2.0/oai_dc/" xmlns:dc="http://purl.org/dc/elements/1.1/" xmlns:xsi="http://www.w3.org/2001/XMLSchema-instance" xsi:schemaLocation="http://www.openarchives.org/OAI/2.0/oai_dc/ http://www.openarchives.org/OAI/2.0/oai_dc.xsd">
  <dc:title>COREPIG - Voneinander lernen</dc:title>
  <dc:creator>Leeb, Christine</dc:creator>
  <dc:creator>Dippel, Sabine</dc:creator>
  <dc:creator>Winckler, Christoph</dc:creator>
  <dc:subject>Health and welfare</dc:subject>
  <dc:subject>Pigs</dc:subject>
  <dc:description>CorePIG - dieses Projekt wurde zwischen 2007 und 2010 zur Optimierung der Gesundheit von Bio-Schweinen in insgesamt acht europäischen Ländern durchgeführt. Es hatte zum Ziel, das Management für Tiergesundheit und Wohlergehen von Bio-Schweinen weiterzuentwickeln.</dc:description>
  <dc:date>2011-08</dc:date>
  <dc:type>Journal paper</dc:type>
  <dc:type>NonPeerReviewed</dc:type>
  <dc:format>application/pdf</dc:format>
  <dc:identifier>http://orgprints.org/19343/1/BioAustriaZtg_2011_4_Leeb.pdf</dc:identifier>
  <dc:identifier>Leeb, Christine; Dippel, Sabine and Winckler, Christoph   (2011) COREPIG - Voneinander lernen.   BioAustria Journal, 04, p. 11.</dc:identifier>
  <dc:relation>http://orgprints.org/19343/</dc:relation>
</oai_dc:dc>