<oai_dc:dc xmlns:oai_dc="http://www.openarchives.org/OAI/2.0/oai_dc/" xmlns:dc="http://purl.org/dc/elements/1.1/" xmlns:xsi="http://www.w3.org/2001/XMLSchema-instance" xsi:schemaLocation="http://www.openarchives.org/OAI/2.0/oai_dc/ http://www.openarchives.org/OAI/2.0/oai_dc.xsd">
  <dc:title>Ampfer- und Distelbekämpfung im Ökolandbau</dc:title>
  <dc:creator>Böhm, Herwart</dc:creator>
  <dc:creator>Verschwele, Arnd</dc:creator>
  <dc:subject>Crop health, quality, protection</dc:subject>
  <dc:subject>Pasture and forage crops</dc:subject>
  <dc:subject>Weed management</dc:subject>
  <dc:description>Perennierende Unkräuter wie die Ampfer-Arten oder die Acker-Kratzdistel stellen im Ökologischen Landbau immer noch ein großes Problem dar. Im Rahmen des Bundesprogramms Ökologischer Landbau wurde daher in einem Verbundvorhaben der FAL und der BBA verschiedene Fragestellungen zu dieser Thematik bearbeitet: &#xD;
Eine bundesweite Umfrage von über 150 ökologisch wirtschaftenden Landwirten ergab , dass derzeit ca. 30 % der Ackerflächen mit der Acker-Kratzdistel (Cirsium arvense) verunkrautet sind Die meisten Landwirte (n=140) haben sowohl Probleme mit C. arvense als auch mit Rumex spp. und/oder Agropyron repens, 96 von ihnen klagten sogar über extreme Schwierigkeiten mit diesen ausdauernden Unkrautarten.&#xD;
Sowohl in der Umfrage als auch in den Untersuchungen auf der Versuchsfläche zum ökologischen Landbau der BBA Braunschweig stellte sich die Fruchtfolge-Gestaltung als herausragende vorbeugende Regulierungsmethode heraus. Kleegrasanbau in Verbindung mit mehrfachem Mulchen bewirkte in der zweijährigen Versuchsphase einen Rückgang der Disteldichten um 73 %. Ebenfalls erfolgreich, wenn auch aufwändig, war der Anbau einer Klee-Zwischenfrucht nach Sommerfurche gefolgt von einer Frühjahrsfurche und anschließendem Kartoffelanbau. Dagegen blieb eine zweimalige Stoppelbearbeitung nahezu wirkungslos, wenn ihr eine konkurrenzschwache Kultur wie Winterweizen folgte. &#xD;
Ökonomische Zwänge werden jedoch vor allem bei viehlos wirtschaftenden Betrieben den Handlungsspielraum bei der Wahl der Kulturen einengen. Eine erfolgreiche Strategie zur dauerhaften Kontrolle der Acker-Kratzdistel muss daher alle Methoden einschließen, die darüber hinaus standort- und betriebsspezifisch noch zu optimieren sind. &#xD;
Für die Untersuchung von Strategien zur Regulierung der Ampfer-Arten im Grünland wurden vom Institut für ökologischen Landbau der FAL auf dem Versuchsbetrieb Trenthorst Parzellenversuche zur Überprüfung direkter Regulierungsmaßnahmen wie manuelles Ampferstechen, maschinelles Ampferstechen (mittels einer selbstfahrenden Wurzelstechmaschine "WUZI"), Abflammen und einer Kontrolle, alle Varianten einschließlich dem Prüffaktor Nachsaat, angelegt. &#xD;
Die Ergebnisse zeigen, dass das manuelle Ampferstechen die wirkungsvollste direkte Bekämpfungsmethode war. Im Vergleich zur Kontrolle konnte hiermit im Versuchsjahr 2002 ein um 75 %, mit dem maschinellen Ampferstechen ein um 57 % höherer Regulierungserfolg gegenüber der Kontrolle realisiert wurde. Bei der Variante Abflammen lag der Erfolg lediglich um 4 % über dem Niveau der Kontrollparzellen. Der Prüffaktor Nachsaat zeigte witterungsbedingt keine Effekte auf den Regulierungserfolg. &#xD;
Die Umfrage verdeutlicht die Schwierigkeiten mit der Regulierung der Ampfer-Arten im ökologisch bewirtschafteten Grünland. 20 % dieser Betriebe (n=108) gaben an, auf über 30 % ihrer Flächen Probleme mit Ampfer zu haben. Ein regelmäßiges Ampferstechen von Hand wird nur von 4% der Betriebe durchgeführt. Ein leistungsfähiges Gerät zur maschinellen Regulierung könnte für einen überbetrieblichen Einsatz eine interessante Alternative darstellen. WUZI zeigt hier eine innovative Lösung auf. Dennoch sollte das Ausschöpfen indirekter Maßnahmen zur Ampferregulierung oberste Priorität besitzen.</dc:description>
  <dc:publisher>Bundesforschungsanstalt für Landwirtschaft</dc:publisher>
  <dc:contributor>Rahmann, Gerold</dc:contributor>
  <dc:contributor>Kühne, Stefan</dc:contributor>
  <dc:date>2004</dc:date>
  <dc:type>Journal paper</dc:type>
  <dc:type>NonPeerReviewed</dc:type>
  <dc:format>application/pdf</dc:format>
  <dc:identifier>http://orgprints.org/4166/1/Wurzel-SH273.pdf</dc:identifier>
  <dc:identifier>Böhm, Herwart and Verschwele, Arnd   (2004) Ampfer- und Distelbekämpfung im Ökolandbau.  [Control of Rumex spp. and Cirsium arvense in organic farming.]  Landbauforschung Völkenrode, Sonderheft 273, pp. 39-47.</dc:identifier>
  <dc:relation>http://orgprints.org/4166/</dc:relation>
</oai_dc:dc>