<oai_dc:dc xmlns:oai_dc="http://www.openarchives.org/OAI/2.0/oai_dc/" xmlns:dc="http://purl.org/dc/elements/1.1/" xmlns:xsi="http://www.w3.org/2001/XMLSchema-instance" xsi:schemaLocation="http://www.openarchives.org/OAI/2.0/oai_dc/ http://www.openarchives.org/OAI/2.0/oai_dc.xsd">
  <dc:title>Vergleich homöopathischer und allopathischer Behandlungsstrategien unter Praxisbedingungen am Beispiel der Mastitis</dc:title>
  <dc:creator>Sundrum, Albert</dc:creator>
  <dc:subject>Dairy cattle</dc:subject>
  <dc:subject>Health and welfare</dc:subject>
  <dc:description>Versuchsbeschreibung/Fragestellung:&#xD;
&#xD;
In der EU-Verordnung zur Ökologischen Tierhaltung (EG-Nr. 1804/1999) wird der vorrangige Einsatz homöopathischer Arzneimittel postuliert, ohne dass hinreichende Kenntnisse über den Erfolg der Therapieform vorliegen. In dem beantragten Projekt soll die Behandlung von Eutererkrankungen mit homöopathischen Arzneimitteln als Alternative zur Anwendung von Antibiotika auf 3 Milchviehbetrieben anhand einer Klinischen Kontrollstudie auf ihren Behandlungserfolg geprüft und mit einer Placebogruppe im Rahmen einer modifizierten Doppelblindstudie verglichen. Der Behandlungserfolg wird anhand zytobakteriologischer Untersuchungen von Viertelgemelksproben und klinischer Untersuchungen ermittelt. Die Untersuchungen sollen Aufschluss über den Therapieerfolg bei der Anwendung der klassischen Homöopathie und der Allopathie geben. Ferner sollen Schlussfolgerungen für die landwirtschaftliche Praxis und für den Gesetzgeber hinsichtlich der Optimierungsmöglichkeiten bei der Behandlung von Eutererkrankungen gezogen werden. &#xD;
&#xD;
&#xD;
voraussichtliche Veröffentlichung der Ergebnisse: November 2005&#xD;
&#xD;
Laufzeit: 1.11.2002 - 31.10.2005</dc:description>
  <dc:date>2002</dc:date>
  <dc:type>Project description</dc:type>
  <dc:type>NonPeerReviewed</dc:type>
  <dc:format>application/pdf</dc:format>
  <dc:identifier>http://orgprints.org/915/3/handbuch-kein-Dokument.pdf</dc:identifier>
  <dc:identifier>{Project}    Vergleich homöopathischer und allopathischer Behandlungsstrategien unter Praxisbedingungen am Beispiel der Mastitis.  [Effectiveness of homeopathic and allopathic treatment strategies under farm conditions.]   Runs 2002 - 2005.      Project Leader(s): Sundrum, Albert, Universität Kassel, Fachbereich Ökologische Agrarwissenschaften.</dc:identifier>
  <dc:relation>http://orgprints.org/915/</dc:relation>
</oai_dc:dc>