<oai_dc:dc xmlns:oai_dc="http://www.openarchives.org/OAI/2.0/oai_dc/" xmlns:dc="http://purl.org/dc/elements/1.1/" xmlns:xsi="http://www.w3.org/2001/XMLSchema-instance" xsi:schemaLocation="http://www.openarchives.org/OAI/2.0/oai_dc/ http://www.openarchives.org/OAI/2.0/oai_dc.xsd">
  <dc:title>Economic sustainability and risk efficiency of organic versus conventional cropping systems</dc:title>
  <dc:creator>Lein, G</dc:creator>
  <dc:creator>Hardaker, J B</dc:creator>
  <dc:creator>Flaten, O</dc:creator>
  <dc:subject>Environmental aspects</dc:subject>
  <dc:subject>Social aspects</dc:subject>
  <dc:subject>Farm economics</dc:subject>
  <dc:description>Environmental, social and economic attributes are important for the sustainability of a farming system. Resilience is also important yet has seldom been directly considered in evaluations of economic sustainability. In economic terms, resilience has to do with the capacity of the farm business to survive various risks and other shocks. A whole-farm stochastic simulation model over a six-year planning horizon was used to analyse organic and conventional cropping systems using a model of a representative farm in Eastern Norway. The relative economic sustainability of alternative systems under changing assumptions about future technology and price regimes was examined in terms of financial survival to the end of the planning period. The same alternatives were also compared in terms of stochastic efficiency. The results illustrate possible confl icts between pursuit of risk efficiency and sustainability. The model developed could be useful in supporting farmers’ choices between farming systems as well as in helping policy makers to develop more sharply targeted policies.</dc:description>
  <dc:publisher>Association of Applied Biologists</dc:publisher>
  <dc:contributor>Atkinson, C</dc:contributor>
  <dc:contributor>Ball, B</dc:contributor>
  <dc:contributor>Davies, D H K</dc:contributor>
  <dc:contributor>Rees, R</dc:contributor>
  <dc:contributor>Russell, G</dc:contributor>
  <dc:contributor>Stockdale, E A</dc:contributor>
  <dc:contributor>Watson, C A</dc:contributor>
  <dc:contributor>Walker, R</dc:contributor>
  <dc:contributor>Younie, D</dc:contributor>
  <dc:date>2006</dc:date>
  <dc:type>Conference paper, poster, etc.</dc:type>
  <dc:type>NonPeerReviewed</dc:type>
  <dc:format>application/pdf</dc:format>
  <dc:identifier>http://orgprints.org/10180/1/Economic_sustainability_and_risk_efficiency_of_organic_versus_conventional_cropping_systems.pdf</dc:identifier>
  <dc:identifier>Lein, G; Hardaker, J B and Flaten, O    (2006) Economic sustainability and risk efficiency of organic versus conventional cropping systems.   In: Atkinson, C; Ball, B; Davies, D H K; Rees, R; Russell, G; Stockdale, E A; Watson, C A; Walker, R and Younie, D (Eds.)  Aspects of Applied Biology 79, What will organic farming deliver? COR 2006, Association of Applied Biologists, pp. 63-66.</dc:identifier>
  <dc:relation>http://orgprints.org/10180/</dc:relation>
</oai_dc:dc>