<oai_dc:dc xmlns:oai_dc="http://www.openarchives.org/OAI/2.0/oai_dc/" xmlns:dc="http://purl.org/dc/elements/1.1/" xmlns:xsi="http://www.w3.org/2001/XMLSchema-instance" xsi:schemaLocation="http://www.openarchives.org/OAI/2.0/oai_dc/ http://www.openarchives.org/OAI/2.0/oai_dc.xsd">
  <dc:title>Fachgespräch "Klimawandel und Ökolandbau"</dc:title>
  <dc:subject>"Organics" in general</dc:subject>
  <dc:subject>Air and water emissions</dc:subject>
  <dc:description>Im Rahmen eines KTBL-Fachgesprächs kamen am 1. und 2. Dezember in Göttingen über 70 Fachleute aus Wissenschaft, Politik und Praxis des ökologischen Landbaus zusammen.&#xD;
Diskutiert wurde der Stand des Wissens bezüglich der Emission klimawirksamer Gase im ökologischen Landbau, Möglichkeiten zu deren Minderung sowie zur Anpassung des ökologischen Landbaus an den Klimawandel. Zielsetzung war es, offene Fragen und Forschungsbedarf zu formulieren.&#xD;
Der ökologische Landbau weist Vorteile im Hinblick auf den Klimaschutz auf, insbesondere weil er auf den Einsatz synthetisch erzeugter Stickstoffdünger verzichtet. Jedoch zeigen aktuelle Forschungsergebnisse, dass der Ökolandbau pro Fläche weniger, pro Produkteinheit mehr Emissionen aufweist als der konventionelle Landbau. Daher kommt einer Optimierung der ökologischen Landbewirtschaftung eine große Bedeutung zu. Die Effizienz des Einsatzes an Energie, Wirtschaftsdüngern und Futtermitteln ist weiter zu verbessern.&#xD;
Aufgrund des Klimawandels werden höhere Temperaturen sowie eine Zunahme extremer Witterungsereignisse erwartet. Unklar ist, wann und wo diese Extreme auftreten werden und welchen Einfluss der Klimawandel auf das Auftreten von Tier- und Pflanzenkrankheiten, Unkräutern, Parasiten und Schadinsekten haben wird. Die Risiken durch den fortschreitenden Klimawandel lassen sich am ehesten durch Vielfalt vermeiden, da die Klimamodelle vor allem zeigen, dass die Variabilität des Wetters zunehmen wird. Je vielfältiger die Betriebszweige, die Fruchtfolgen und die genetische Vielfalt in Pflanzen- und Tierbeständen, desto eher lassen sich Risiken abpuffern. Ökologisch bewirtschaftete Flächen können mehr Niederschlagswasser aufnehmen und speichern als vergleichbare konventionell bewirtschaftete.&#xD;
Die Fachleute wiesen darauf hin, dass der ökologische Landbau vielfältige Ziele verfolgt wie Tierschutz, Erhalt der Artenvielfalt, Boden- und Gewässerschutz, gesunde Ernährung sowie Stärkung sozialverträglicher Wirtschaftsweisen. Notwendig ist daher eine Systemanalyse, die den Klimaschutz im Zusammenhang mit den anderen Leistungen des ökologischen Landbaus betrachtet.</dc:description>
  <dc:contributor>Kuratorium für Technik und Bauwesen in der Landwirtschaft e.V., (KTBL)</dc:contributor>
  <dc:date>2009</dc:date>
  <dc:type>Report</dc:type>
  <dc:type>NonPeerReviewed</dc:type>
  <dc:format>application/pdf</dc:format>
  <dc:identifier>http://orgprints.org/15682/1/15682-07OE033-ktbl-de_Baey-Ernsten-2009-klimawandel.pdf</dc:identifier>
  <dc:identifier>Kuratorium für Technik und Bauwesen in der Landwirtschaft e.V., (KTBL) (Ed.)    (2009) Fachgespräch "Klimawandel und Ökolandbau".  [Expert discussion "Climate Change and Organic Farming".]   Kuratorium für Technik und Bauwesen in der Landwirtschaft e.V. (KTBL), D-Darmstadt.</dc:identifier>
  <dc:relation>http://orgprints.org/15682/</dc:relation>
</oai_dc:dc>