<oai_dc:dc xmlns:oai_dc="http://www.openarchives.org/OAI/2.0/oai_dc/" xmlns:dc="http://purl.org/dc/elements/1.1/" xmlns:xsi="http://www.w3.org/2001/XMLSchema-instance" xsi:schemaLocation="http://www.openarchives.org/OAI/2.0/oai_dc/ http://www.openarchives.org/OAI/2.0/oai_dc.xsd">
  <dc:title>Expertises acarologiques, lutte biologique et dynamique des populations d'acariens en cultures spéciales</dc:title>
  <dc:subject>Crop health, quality, protection</dc:subject>
  <dc:subject>Vegetables</dc:subject>
  <dc:description>Les Offices phytosanitaires cantonaux , les services de vulgarisation et les professionnels ont besoin de notre soutien scientifique pour faire face aux développement de problèmes acarologiques courants et émergents (diagnostics, mise au point de méthodes de contrôle, établissement de seuil de tolérance, aménagement de la lutte, maintien de la biodiversité, guides phytosanitaires etc.). La lutte biologique contre les acariens est bien développée en viticulture et arboriculture. Malgré cela, des problèmes acarologiques persistent (p. ex: acariose et érinose en viticulture, lutte biologique dans les cultures de poiriers). Le maintien et le développement de ce type de lutte passe par une bonne connaissance des effets secondaires des pesticides sur les typhlodromes. La lutte biologique contre les acariens est en développement dans les cultures de baies mais de nombreux points restent encore à éclaircir (p. ex: choix des espèces, périodes optimales d'introduction des prédateurs). Les connaissances de base sur les acariens des plantes médicinales sont lacunaires et des études faunistiques de base doivent être menées dans le but d'anticiper les problèmes qui pourraient se poser avec l'intensification de ce type de cultures.Les dynamiques des populations et la nuisibilité réelle d'acariens ravageurs secondaires (p.ex: érinose, acarisoe) est mal connue. Une meilleure connaissance des ces paramètres devrait permettre d'optimaliser les moyens de lutte à engager voire de renoncer à certaines interventions inadéquates.</dc:description>
  <dc:type>Project description</dc:type>
  <dc:type>NonPeerReviewed</dc:type>
  <dc:format>application/pdf</dc:format>
  <dc:identifier>http://orgprints.org/5086/1/Linder-2005-acarologie.pdf</dc:identifier>
  <dc:identifier>{Project}    Expertises acarologiques, lutte biologique et dynamique des populations d'acariens en cultures spéciales.  [Acaricides expertises, biological control and mite population dynamics in horticultural crops.]   Runs 2003 - 2007.      Project Leader(s): Linder, Christian, Agroscope RAC Changins, Eidgenössische Forschungsanstalt für Pflanzenbau, CH-1260 Nyon, E-mail: info@rac.admin.ch.</dc:identifier>
  <dc:relation>http://orgprints.org/5086/</dc:relation>
</oai_dc:dc>