<oai_dc:dc xmlns:oai_dc="http://www.openarchives.org/OAI/2.0/oai_dc/" xmlns:dc="http://purl.org/dc/elements/1.1/" xmlns:xsi="http://www.w3.org/2001/XMLSchema-instance" xsi:schemaLocation="http://www.openarchives.org/OAI/2.0/oai_dc/ http://www.openarchives.org/OAI/2.0/oai_dc.xsd">
  <dc:title>organicXML - Datenaustauschstandard für die Rückverfolgbarkeit von Ökoprodukten</dc:title>
  <dc:creator>Maeder, Rolf</dc:creator>
  <dc:subject>Food security, food quality and human health</dc:subject>
  <dc:subject>Consumer issues</dc:subject>
  <dc:description>Ziele der Rückverfolgbarkeit&#xD;
Mit einer verbesserten Rückverfolgbarkeit der Warenströme von Bio-Produkten sollen folgende Ziele erreicht werden:&#xD;
- Skandalvermeidung durch Verhinderung von Betrügereien und Minimierung des Eintrags von unerlaubten/unerwünschten Stoffen in Bio-Produkte.&#xD;
- Eingrenzung der Auswirkung von Skandalen, durch möglichst schnelle und genaue Identifizierung der Ursache/des Verursachers sowie der betroffenen Ware.&#xD;
- Rückgewinn und Stärkung des Verbrauchervertrauens. Die Bio-Branche gibt sich mit den bisher vorhandenen Qualitätssicherungsmaßnahmen nicht zufrieden, sondern entwickelt diese ständig weiter.</dc:description>
  <dc:date>2006</dc:date>
  <dc:type>Conference paper, poster, etc.</dc:type>
  <dc:type>NonPeerReviewed</dc:type>
  <dc:format>application/pdf</dc:format>
  <dc:identifier>http://orgprints.org/7706/1/maeder-2006-organicXML_Biofach06.pdf</dc:identifier>
  <dc:identifier>Maeder, Rolf    (2006) organicXML - Datenaustauschstandard für die Rückverfolgbarkeit von Ökoprodukten.       Speech at:   BioFach Congress, NürnbergMesse, Nuremburg, Germany, 16.-19.2.2006.</dc:identifier>
  <dc:relation>http://orgprints.org/7706/</dc:relation>
</oai_dc:dc>