<oai_dc:dc xmlns:oai_dc="http://www.openarchives.org/OAI/2.0/oai_dc/" xmlns:dc="http://purl.org/dc/elements/1.1/" xmlns:xsi="http://www.w3.org/2001/XMLSchema-instance" xsi:schemaLocation="http://www.openarchives.org/OAI/2.0/oai_dc/ http://www.openarchives.org/OAI/2.0/oai_dc.xsd">
  <dc:title>ICROFS news 3/2010 - newsletter from ICROFS</dc:title>
  <dc:creator>Rebsdorf, S.O.</dc:creator>
  <dc:creator>Søndergaard, L.S.</dc:creator>
  <dc:subject>"Organics" in general</dc:subject>
  <dc:description>Contents:&#xD;
&#xD;
- Organic RDD application deadline: 13. September 2010&#xD;
&#xD;
- DARCOF III project, SEED, finalized&#xD;
&#xD;
- VOA3R project website is published&#xD;
&#xD;
- New project: Transparent Food: Quality &amp; Integrity in Food&#xD;
&#xD;
- Why Danish Organic Farming Policy has been succesful&#xD;
&#xD;
- Quality of foraging material and effect on hens feed intake&#xD;
&#xD;
- Chinese organic export model &amp; a Danish future perspective&#xD;
&#xD;
- The climate heroes of the future?&#xD;
&#xD;
- Course: ‘Organic agriculture in a development perspective’&#xD;
&#xD;
- Brief news on congresses and publications</dc:description>
  <dc:date>2010-08</dc:date>
  <dc:type>Newspaper or magazine article</dc:type>
  <dc:type>NonPeerReviewed</dc:type>
  <dc:format>application/pdf</dc:format>
  <dc:identifier>http://orgprints.org/18454/1/18454.pdf</dc:identifier>
  <dc:identifier>Rebsdorf, S.O. and Søndergaard, L.S.    (2010) ICROFS news 3/2010 - newsletter from ICROFS.   ICROFS news, August 2010 (3).</dc:identifier>
  <dc:relation>http://orgprints.org/18454/</dc:relation>
</oai_dc:dc>