<oai_dc:dc xmlns:oai_dc="http://www.openarchives.org/OAI/2.0/oai_dc/" xmlns:dc="http://purl.org/dc/elements/1.1/" xmlns:xsi="http://www.w3.org/2001/XMLSchema-instance" xsi:schemaLocation="http://www.openarchives.org/OAI/2.0/oai_dc/ http://www.openarchives.org/OAI/2.0/oai_dc.xsd">
  <dc:title>Zur Mastleistung und Schlachtkörperqualität von schweren Schweinen unterschiedlicher genetischer Herkunft aus ökologischer Mast</dc:title>
  <dc:creator>Weißmann, Friedrich</dc:creator>
  <dc:creator>Well, Christina</dc:creator>
  <dc:creator>Schwalm, Anja</dc:creator>
  <dc:subject>Pigs</dc:subject>
  <dc:description>ZCastrated heavy pigs of &gt; 160 kg body weight are used for traditional pork specialties (e. g. air-dried sausages) due to the required fat quantity and quality. Today most organic production systems use modern hybrids (Hy) with often insufficient fat features. The use of endangered breeds with high body fat synthesis capacity, e. g. German Saddleback (Sa), could be an alternative with a positive effect on maintaining biodiversity. This study with a total of 132 castrates analysed the effects of 3 different genotypes (Sa, Piétrain*Sa, Hy) and 2 different roughage sources (grass-clover-silage, straw) on performance, carcass-, meat-, fat-, and product-quality. The present paper deals with performance (PF) and carcass quality (CQ). It was found that PF and CQ are both influenced (p&lt;0.0001) by the genotype but not by the roughage source. Hy showed the best and Sa the poorest PF (e. g. 804 g vs. 624 g daily weight gain). Concerning SQ, Sa showed the highest and Hy the lowest fat yield (32.2 % vs. 54.2 % lean meat content). Piétrain*Sa always ranked in the middle. It is concluded that endangered breeds are suitable for traditional air-dried sausage production from the viewpoint of PF and CQ.</dc:description>
  <dc:date>2013-09-09</dc:date>
  <dc:type>Conference paper, poster, etc.</dc:type>
  <dc:type>NonPeerReviewed</dc:type>
  <dc:format>application/pdf</dc:format>
  <dc:identifier>http://orgprints.org/21201/1/21201_Wei%C3%9Fmann.pdf</dc:identifier>
  <dc:identifier>Weißmann, Friedrich; Well, Christina and Schwalm, Anja    (2013) Zur Mastleistung und Schlachtkörperqualität von schweren Schweinen unterschiedlicher genetischer Herkunft aus ökologischer Mast.       Paper at:   12. Wissenschaftstagung Ökologischer Landbau, Rheinische Friedrich-Wilhelms-Universität, Bonn, 5. bis 8. März 2013.</dc:identifier>
  <dc:relation>http://orgprints.org/21201/</dc:relation>
</oai_dc:dc>