<oai_dc:dc xmlns:oai_dc="http://www.openarchives.org/OAI/2.0/oai_dc/" xmlns:dc="http://purl.org/dc/elements/1.1/" xmlns:xsi="http://www.w3.org/2001/XMLSchema-instance" xsi:schemaLocation="http://www.openarchives.org/OAI/2.0/oai_dc/ http://www.openarchives.org/OAI/2.0/oai_dc.xsd">
  <dc:title>Protezione del suolo e rotazione delle colture: nuove norme a partire dall’anno di coltivazione 2006</dc:title>
  <dc:creator>Lichtenhahn, Martin</dc:creator>
  <dc:creator>Böhler, Daniel</dc:creator>
  <dc:subject>Nutrient turnover</dc:subject>
  <dc:subject>Soil</dc:subject>
  <dc:subject>Values, standards and certification</dc:subject>
  <dc:description>Finora le normative sulla protezione del suolo e sulla rotazione delle colture erano sparpagliate in diverse parti delle normative bio. Bio Suisse ha ridisciplinato e riassunto questo campo in una nuova norma. È risultata tutta una serie di modifiche rispetto alle vecchie disposizioni. Ecco una panoramica.</dc:description>
  <dc:date>2006</dc:date>
  <dc:type>Journal paper</dc:type>
  <dc:type>NonPeerReviewed</dc:type>
  <dc:format>application/pdf</dc:format>
  <dc:identifier>http://orgprints.org/8337/1/lichtenhahn_boehler_2006-bioattualit%C3%A0206_6-8.pdf</dc:identifier>
  <dc:identifier>Lichtenhahn, Martin and Böhler, Daniel   (2006) Protezione del suolo e rotazione delle colture: nuove norme a partire dall’anno di coltivazione 2006.   Bioattualità (2/06), pp. 6-8.</dc:identifier>
  <dc:relation>http://orgprints.org/8337/</dc:relation>
</oai_dc:dc>