<oai_dc:dc xmlns:oai_dc="http://www.openarchives.org/OAI/2.0/oai_dc/" xmlns:dc="http://purl.org/dc/elements/1.1/" xmlns:xsi="http://www.w3.org/2001/XMLSchema-instance" xsi:schemaLocation="http://www.openarchives.org/OAI/2.0/oai_dc/ http://www.openarchives.org/OAI/2.0/oai_dc.xsd">
  <dc:title>Forskning i økologisk jordbrug</dc:title>
  <dc:creator>Andreasen, Claus Bo</dc:creator>
  <dc:subject>"Organics" in general</dc:subject>
  <dc:description>Nyhedsbrev fra Forskningscenter for Økologisk Jordbrug.&#xD;
Sundhed, velfærd og medicinanvendelse ved omlægning til økologisk mælkeproduktion.&#xD;
Forskning i husdyrgødning og kompost.&#xD;
Engergiforbrug og emission af drivhusgasser.&#xD;
Udvikling af spadeanalyse til bestemmelse af jordfrugtbarhed.</dc:description>
  <dc:publisher>Forskningscenter for Økologisk Jordbrug</dc:publisher>
  <dc:contributor>Andreasen, Claus Bo</dc:contributor>
  <dc:date>2000-06</dc:date>
  <dc:type>Journal paper</dc:type>
  <dc:type>NonPeerReviewed</dc:type>
  <dc:format>application/pdf</dc:format>
  <dc:identifier>http://orgprints.org/3005/1/2_3_00.pdf</dc:identifier>
  <dc:identifier>Andreasen, Claus Bo   (2000) Forskning i økologisk jordbrug.  [Research in Organic Farming.]  Nyhedsbrev fra Forskningscenter for Økologisk Jordbrug, FØJO, 3 (2/3), pp. 1-8.</dc:identifier>
  <dc:relation>http://orgprints.org/3005/</dc:relation>
</oai_dc:dc>