<oai_dc:dc xmlns:oai_dc="http://www.openarchives.org/OAI/2.0/oai_dc/" xmlns:dc="http://purl.org/dc/elements/1.1/" xmlns:xsi="http://www.w3.org/2001/XMLSchema-instance" xsi:schemaLocation="http://www.openarchives.org/OAI/2.0/oai_dc/ http://www.openarchives.org/OAI/2.0/oai_dc.xsd">
  <dc:title>Möglichkeiten zur Verbesserung der Siliereigenschaften verschiedener perennierender Gras-/ Leguminosenmischungen durch Hoch-Zucker-Gräser</dc:title>
  <dc:creator>Laser, H.</dc:creator>
  <dc:creator>Leithold, G.</dc:creator>
  <dc:subject>Crop combinations and interactions</dc:subject>
  <dc:subject>Feeding and growth</dc:subject>
  <dc:description>Herbage from legumes or legume-rich swards potentially has lower concentrations of water soluble carbohydrates (= wsc) and a higher buffering capacity (= bc) than grass grown in pure stands. The analysis of three forage legumes (= Trifolium repens, Tri-folium pratense and Lotus corniculatus) in monoculture and mixtures (= 50/50) with the grass species Festuca rubra demonstrates, that the ratio of wsc concentration to bc is critical low, especially when the herbage is harvested at physiological young stages to obtain a higher forage quality. This means an increased risk for silage mak-ing, especially at DM contents which are below 30%. New breedings of the grass spe-cies Lolium perenne with higher sugar contents offer a possibility to increase the wsc concentration in grass/legume mixtures. Our studies show, that the tested high-sugar grass is suitable to increase the wsc concentrations in mixture. However, the grass has grown in monoculture. A present project is focussed on the open question if the advantage of high-sugar varieties is also evident in legume/grass mixtures.</dc:description>
  <dc:date>2007</dc:date>
  <dc:type>Conference paper, poster, etc.</dc:type>
  <dc:type>NonPeerReviewed</dc:type>
  <dc:format>application/pdf</dc:format>
  <dc:identifier>http://orgprints.org/9102/1/9102_Laser_Poster.pdf</dc:identifier>
  <dc:identifier>Laser, H. and Leithold, G.    (2007) Möglichkeiten zur Verbesserung der Siliereigenschaften verschiedener perennierender Gras-/ Leguminosenmischungen durch Hoch-Zucker-Gräser.  [Chances to improve the fermentability of different perennial grass/legume mix-tures using high sugar grasses.]      Poster at:   Zwischen Tradition und Globalisierung - 9. Wissenschaftstagung Ökologischer Landbau, Universität Hohenheim, Stuttgart, Deutschland, 20.-23.03.2007.</dc:identifier>
  <dc:relation>http://orgprints.org/9102/</dc:relation>
</oai_dc:dc>