<oai_dc:dc xmlns:oai_dc="http://www.openarchives.org/OAI/2.0/oai_dc/" xmlns:dc="http://purl.org/dc/elements/1.1/" xmlns:xsi="http://www.w3.org/2001/XMLSchema-instance" xsi:schemaLocation="http://www.openarchives.org/OAI/2.0/oai_dc/ http://www.openarchives.org/OAI/2.0/oai_dc.xsd">
  <dc:title>Fleischverarbeitung</dc:title>
  <dc:subject>Food security, food quality and human health</dc:subject>
  <dc:subject>Beef cattle</dc:subject>
  <dc:description>Tierzucht, Fütterung, Haltung, Management, Transport, Schlachtprozess, Verarbeitung und Lagerung/Handling sind entscheidende Faktoren, die sich auf die innere und äussere Qualität von Fleisch bzw. Fleischprodukten auswirken. Mit dem steigenden Bewusstsein der Konsumentenschaft stellen auch die Produktionsart (Bio, Label, konventionell) und Aspekte wie Gesundheit, Genuss und geographische Herkunft wichtige Kaufkriterien dar. &#xD;
Im Rahmen des Vorprojektes "Fleischverarbeitung" wird auf breiter Basis abgeklärt, welche Problemstellungen in der Fleischverarbeitung von Bedeutung sind. Dabei sind folgende Tendenzen erkennbar:&#xD;
- Mit der züchterisch bedingten Erhöhung des Magerfleischanteils (MFA) werden in der Praxis die Probleme mit der Einhaltung des Fettzahl-Grenzwertes von 62 massiv verschärft. Dessen Überschreitung führt zu bedeutenden Abzügen in den Schlachthöfen und damit zu grossen wirtschaftlichen Einbussen auf der Stufe Produktion. &#xD;
- In der Fleischverarbeitung werden bei der Herstellung von Rohwürsten und Rohpökelwaren oft Starterkulturen eingesetzt. Neben technologischen Verbesserungen gewinnen beim Einsatz von Kulturen auch Aspekte wie die Abgrenzung zu vergleichbaren Fleischprodukten bzw. der Ersatz von Zusatzstoffen an Bedeutung.&#xD;
- Die Authentizität von Fleischprodukten wird heutzutage durch diverse Begleitdokumente während des gesamten Warenflusses nachgewiesen. Im Sinne eines verbesserten Täuschungsschutzes sowie der Rückverfolgbarkeit wird der direkte Nachweis der Echtheit von Fleisch und Fleischerzeugnissen immer wichtiger.&#xD;
- Mit der verstärkten Ausrichtung der Konsumentenschaft auf Bio-Produkte und Regionalität stellt die Entwicklung von neuen Fleischspezialitäten eine besondere Chance dar. Dabei gilt es, den Restriktionen der einzelnen Produktionsrichtungen (z.B. Zusatzstoffe, einzelne Verfahrensschritte) speziell Beachtung zu schenken.&#xD;
- Neuinnovationen im Bereich der Fleischprodukte sind auch in wirtschaftlich schwierigen Zeiten wichtig. Um diese auch ernährungsphysiologisch korrekt beurteilen zu können, sind regelmässige Analysen und Sensorikprüfungen von wichtigen Fleischerzeugnisse vonnöten.&#xD;
- Die Sicherheit von Fleisch- und Fleischprodukten hinsichtlich Keimbelastung und Rückständen ist von grossem öffentlichen Interesse. Diese Aufgabe wird in der Schweiz bereits durch diverse andere Institutionen wahrgenommen wahrgenommen, weshalb die Thematik am ALP nicht prioritär behandelt wird. Allfällige Synergien mit dem Bereich Risk Assessment für Rohmilch sind für die Zukunft durchaus denkbar</dc:description>
  <dc:type>Project description</dc:type>
  <dc:type>NonPeerReviewed</dc:type>
  <dc:format>application/pdf</dc:format>
  <dc:identifier>http://orgprints.org/5334/1/Hadorn-2005-Fleischverarbeitung.pdf</dc:identifier>
  <dc:identifier>{Project}    Fleischverarbeitung.  [Meat processing.]   Runs 2003 - 2007.      Project Leader(s): Hadorn, Ruedi, Agroscope Liebefeld-Posieux, Swiss Federal Research Station for Animal Production and Dairy Products (ALP), Tioleyre 4, CH-1725 Posieux.</dc:identifier>
  <dc:relation>http://orgprints.org/5334/</dc:relation>
</oai_dc:dc>