<oai_dc:dc xmlns:oai_dc="http://www.openarchives.org/OAI/2.0/oai_dc/" xmlns:dc="http://purl.org/dc/elements/1.1/" xmlns:xsi="http://www.w3.org/2001/XMLSchema-instance" xsi:schemaLocation="http://www.openarchives.org/OAI/2.0/oai_dc/ http://www.openarchives.org/OAI/2.0/oai_dc.xsd">
  <dc:title>Het Spelderholt, Centre for Poultry and Rabbits</dc:title>
  <dc:subject>Poultry</dc:subject>
  <dc:subject>Education, extension and communication</dc:subject>
  <dc:description>It has facilities for all kinds of poultry (layers, broilers, turkeys and ducks), and for rabbits. There is also a hatchery. Attention is paid to animal welfare, organic farming, environment, health, feeding, economics, labour and working conditions. One stable has a capacity of 2000 organic laying hens divided over 8 experimental subunits.</dc:description>
  <dc:type>Research facility description</dc:type>
  <dc:type>NonPeerReviewed</dc:type>
  <dc:identifier>{Facility}   Spelderholt: Het Spelderholt, Centre for Poultry and Rabbits.       Facility Leader(s): Pikstra, J., Animal Sciences Group of Wageningen UR..</dc:identifier>
  <dc:relation>http://orgprints.org/5295/</dc:relation>
</oai_dc:dc>