<oai_dc:dc xmlns:oai_dc="http://www.openarchives.org/OAI/2.0/oai_dc/" xmlns:dc="http://purl.org/dc/elements/1.1/" xmlns:xsi="http://www.w3.org/2001/XMLSchema-instance" xsi:schemaLocation="http://www.openarchives.org/OAI/2.0/oai_dc/ http://www.openarchives.org/OAI/2.0/oai_dc.xsd">
  <dc:title>Målinger viser mest ochratoksin i plantørret korn</dc:title>
  <dc:creator>Forsom, K.</dc:creator>
  <dc:creator>Elmholt, S.</dc:creator>
  <dc:subject>Post harvest management and techniques</dc:subject>
  <dc:description>Brug gennemløbstørreri til meget vådt korn. Korn fra plantørreri indeholder mere og oftere ochratoksin end korn fra gennemløbstørreri</dc:description>
  <dc:date>2005-07</dc:date>
  <dc:type>Newspaper or magazine article</dc:type>
  <dc:type>NonPeerReviewed</dc:type>
  <dc:format>application/pdf</dc:format>
  <dc:identifier>http://orgprints.org/7475/1/7475.pdf</dc:identifier>
  <dc:identifier>Forsom, K. and Elmholt, S.    (2005) Målinger viser mest ochratoksin i plantørret korn.  [Most ochratoxin in on-floor dried grain.]  Økologisk Jordbrug, July 2005, 25 (340), p. 8.</dc:identifier>
  <dc:relation>http://orgprints.org/7475/</dc:relation>
</oai_dc:dc>