<oai_dc:dc xmlns:oai_dc="http://www.openarchives.org/OAI/2.0/oai_dc/" xmlns:dc="http://purl.org/dc/elements/1.1/" xmlns:xsi="http://www.w3.org/2001/XMLSchema-instance" xsi:schemaLocation="http://www.openarchives.org/OAI/2.0/oai_dc/ http://www.openarchives.org/OAI/2.0/oai_dc.xsd">
  <dc:title>Strukturwandel: Wie gross ist gross genug?</dc:title>
  <dc:creator>Krebs, Adrian</dc:creator>
  <dc:subject>Community development</dc:subject>
  <dc:subject>Social aspects</dc:subject>
  <dc:subject>Policy environments and social economy</dc:subject>
  <dc:description>Wie viel Strukturwandel ist gesund? Die Direktzahlungen basieren auf der Fläche, was die Attraktivität des Wachstums steigert. Jetzt fordert die Kleinbauernvereinigung, kleine Betriebe besser zu fördern. Beim BLW stösst man dabei nicht nur auf Ablehnung.</dc:description>
  <dc:date>2015</dc:date>
  <dc:type>Newspaper or magazine article</dc:type>
  <dc:type>NonPeerReviewed</dc:type>
  <dc:format>application/pdf</dc:format>
  <dc:identifier>http://orgprints.org/28789/1/S6_7.pdf</dc:identifier>
  <dc:identifier>Krebs, Adrian    (2015) Strukturwandel: Wie gross ist gross genug?   bioaktuell, 2015, 2/2015, pp. 6-7.</dc:identifier>
  <dc:relation>http://orgprints.org/28789/</dc:relation>
</oai_dc:dc>