<oai_dc:dc xmlns:oai_dc="http://www.openarchives.org/OAI/2.0/oai_dc/" xmlns:dc="http://purl.org/dc/elements/1.1/" xmlns:xsi="http://www.w3.org/2001/XMLSchema-instance" xsi:schemaLocation="http://www.openarchives.org/OAI/2.0/oai_dc/ http://www.openarchives.org/OAI/2.0/oai_dc.xsd">
  <dc:title>Human faeces as a resource in agriculture</dc:title>
  <dc:creator>Malkki, Sirkka</dc:creator>
  <dc:subject>Composting and manuring</dc:subject>
  <dc:description>Human excreta are a valuable source of nutrients. Their use should be promoted in order to replace some of artificial fertilisers used in agriculture. For the time being, there are many unanswered questions which need to be researched before human excreta can be widely used in plant production.</dc:description>
  <dc:date>1999</dc:date>
  <dc:type>Conference paper, poster, etc.</dc:type>
  <dc:type>NonPeerReviewed</dc:type>
  <dc:format>source</dc:format>
  <dc:identifier>http://orgprints.org/8477/1/njf4.pdf</dc:identifier>
  <dc:identifier>Malkki, Sirkka    (1999) Human faeces as a resource in agriculture.       Paper at:   NJF congress no. 21, Ås, Norway, 28 June - 1 July 1999.</dc:identifier>
  <dc:relation>http://orgprints.org/8477/</dc:relation>
</oai_dc:dc>