<oai_dc:dc xmlns:oai_dc="http://www.openarchives.org/OAI/2.0/oai_dc/" xmlns:dc="http://purl.org/dc/elements/1.1/" xmlns:xsi="http://www.w3.org/2001/XMLSchema-instance" xsi:schemaLocation="http://www.openarchives.org/OAI/2.0/oai_dc/ http://www.openarchives.org/OAI/2.0/oai_dc.xsd">
  <dc:title>Nachgefragt: 28 Antworten zum Stand des Wissens rund um Öko-Landbau und Bio-Lebensmittel</dc:title>
  <dc:creator>Gerber, Alexander</dc:creator>
  <dc:creator>Beck, Alexander</dc:creator>
  <dc:creator>Borowski, Bianca</dc:creator>
  <dc:creator>Damm, Thomas</dc:creator>
  <dc:creator>van Elsen, Thomas</dc:creator>
  <dc:creator>Graß, Rüdiger</dc:creator>
  <dc:creator>Haccius, Manon</dc:creator>
  <dc:creator>Häring, Anna Maria</dc:creator>
  <dc:creator>Hamm, Ulrich</dc:creator>
  <dc:creator>Knierim, Ute</dc:creator>
  <dc:creator>Köpke, Ulrich</dc:creator>
  <dc:creator>Lehmann, Iris</dc:creator>
  <dc:creator>Müller, Thorsten</dc:creator>
  <dc:creator>Niggli, Urs</dc:creator>
  <dc:creator>Plaßmann-Weidauer, Sabine</dc:creator>
  <dc:creator>Rahmann, Gerold</dc:creator>
  <dc:creator>Reuter, Katharina</dc:creator>
  <dc:creator>Röhrig, Peter</dc:creator>
  <dc:creator>Schmidt, Hanspeter</dc:creator>
  <dc:creator>Schumacher, Ulrich</dc:creator>
  <dc:creator>Strassner, Carola</dc:creator>
  <dc:creator>Wachendorf, Michael</dc:creator>
  <dc:creator>Wegener, Jens</dc:creator>
  <dc:creator>Wilbois, Klaus-Peter</dc:creator>
  <dc:creator>Willing, Oliver</dc:creator>
  <dc:subject>"Organics" in general</dc:subject>
  <dc:subject>Education, extension and communication</dc:subject>
  <dc:description>„Ist Bio denn wirklich gesünder?“ – Dies ist nur eine der vielen Fragen, die immer wieder gestellt werden, wenn es um ökologischen Landbau und Bio-Lebensmittel geht. Und: Sie werden mit dem wachsenden Bio-Markt und der zunehmenden Beliebtheit seiner Produkte immer häufiger, immer kritischer und nach wie vor oftmals vorurteilsbeladen und polemisch gestellt.&#xD;
Dieser Argumentationsleitfaden will die Diskussion versachlichen. Auf dem Stand des Wissens stellt er die Vorzüglichkeit der ökologischen Lebensmittelwirtschaft sachlich, fundiert und übersichtlich dar und benennt ebenso Bereiche, bei denen noch Defizite und somit Handlungsbedarf bestehen. Damit werden Fragestellungen aufgegriffen, die in der gesellschaftlichen Auseinandersetzung um die biologische Lebensmittelwirtschaft immer wieder zu Diskussionen und Auseinandersetzungen führen.&#xD;
Die ersten drei Auflagen des Argumentationsleitfadens erfreuten sich größter Beliebtheit, und unsere Erwartung, mit ihm mehrere Zielgruppen anzusprechen, wurde voll erfüllt: Auszubildende auf Höfen und in Fachhandelsgeschäften, Mitarbeiter in Bio-Unternehmen, Lehrer, Verbandsvertreter, Politiker und Journalisten waren die Abnehmer der über 15.000 Exemplare, die bislang vertrieben wurden.&#xD;
In Händen halten Sie jetzt die vierte, vollständig neu bearbeitete Auflage. Alle Kapitel wurden aktualisiert, d.h. sie nehmen Bezug auf die aktuelle Rechtslage und die neuesten wissenschaftlichen Erkenntnisse. Einige Artikel wurden vollständig überarbeitet.&#xD;
Neue Fragen haben wir aufgegriffen, wie die nach der Klimawirkung, der Ökobilanz von Bio-Produkten oder dem Anbau von Energiepflanzen auf Bio-Betrieben.&#xD;
Die 28 Fragen zu den Themenfeldern Grundlagen, Erzeugung, Verarbeitung, Vermarktung, Qualität, Umweltwirkungen sowie ökologische Lebensmittelwirtschaft und Gesellschaft werden so beantwortet, dass die wichtigsten Gesichtspunkte zu der jeweiligen Frage „auf einen Blick“ in einer logischen Argumentationskette zur Verfügung stehen. In einem Vorspann ist die Quintessenz zusammengefasst. Quellenverweise ermöglichen es, einzelne Sachverhalte zu vertiefen.&#xD;
Unser großer Dank geht an die Autoren, die mit ihrem Expertenwissen für die hohe Qualität des Leitfadens stehen, an den wissenschaftlichen Beirat, der sich auch bei der Neuauflage engagiert für die Perfektionierung des Vorhabens einsetzte, an die Bundesanstalt für Landwirtschaft und Ernährung (BLE) und das Bundesministerium für Ernährung, Landwirtschaft und Verbraucherschutz (BMELV), die das Projekt finanzierten, und an Joyce Moewius und Stephanie Gutbrod, die das Projekt unermüdlich vorantrieben und zu dem werden ließen, was Sie nun in Händen halten.</dc:description>
  <dc:date>2012</dc:date>
  <dc:type>Report</dc:type>
  <dc:type>NonPeerReviewed</dc:type>
  <dc:format>application/pdf</dc:format>
  <dc:identifier>http://orgprints.org/21639/1/21639-10OE029-boelw-gerber-2012-argumentationsleitfaden-Auflage4.pdf</dc:identifier>
  <dc:identifier>Gerber, Alexander; Beck, Alexander; Borowski, Bianca; Damm, Thomas; van Elsen, Thomas; Graß, Rüdiger; Haccius, Manon; Häring, Anna Maria; Hamm, Ulrich; Knierim, Ute; Köpke, Ulrich; Lehmann, Iris; Müller, Thorsten; Niggli, Urs; Plaßmann-Weidauer, Sabine; Rahmann, Gerold; Reuter, Katharina; Röhrig, Peter; Schmidt, Hanspeter; Schumacher, Ulrich; Strassner, Carola; Wachendorf, Michael; Wegener, Jens; Wilbois, Klaus-Peter and Willing, Oliver         (2012) Nachgefragt: 28 Antworten zum Stand des Wissens rund um Öko-Landbau und Bio-Lebensmittel.  [Inquired: 28 questions and answers to the standard of knowledge around organic agriculture and organic food.]   Bund Ökologische Lebensmittelwirtschaft (BÖLW) e.V., D-Berlin.</dc:identifier>
  <dc:relation>http://orgprints.org/21639/</dc:relation>
</oai_dc:dc>