<oai_dc:dc xmlns:oai_dc="http://www.openarchives.org/OAI/2.0/oai_dc/" xmlns:dc="http://purl.org/dc/elements/1.1/" xmlns:xsi="http://www.w3.org/2001/XMLSchema-instance" xsi:schemaLocation="http://www.openarchives.org/OAI/2.0/oai_dc/ http://www.openarchives.org/OAI/2.0/oai_dc.xsd">
  <dc:title>Agribio II: Food systems</dc:title>
  <dc:subject>Food systems</dc:subject>
  <dc:description>The aim of this part of program (2 projects) is to evaluate the quality of wheat suitable for making organic bread and the contributions to the development of nutritional and organoleptic qualities of the organic breads. The second project compares the quality of lamb meat produced under an organic system versus a conventional system (sensorial and nutritional qualities).</dc:description>
  <dc:type>Research Programme description</dc:type>
  <dc:type>NonPeerReviewed</dc:type>
  <dc:identifier>{ Programme part}       Agribio II: Food systems.    Runs 2004 - 2007.    Programme Leader(s): Abecassis, J.; Taupier-Létage, B. and Prache, S..</dc:identifier>
  <dc:relation>http://orgprints.org/6640/</dc:relation>
</oai_dc:dc>