<oai_dc:dc xmlns:oai_dc="http://www.openarchives.org/OAI/2.0/oai_dc/" xmlns:dc="http://purl.org/dc/elements/1.1/" xmlns:xsi="http://www.w3.org/2001/XMLSchema-instance" xsi:schemaLocation="http://www.openarchives.org/OAI/2.0/oai_dc/ http://www.openarchives.org/OAI/2.0/oai_dc.xsd">
  <dc:title>Structuration des filières biologiques en grandes cultures en Ile-de-France et conversion à l'AB d'opérateurs conventionnels</dc:title>
  <dc:creator>Petit, Caroline</dc:creator>
  <dc:subject>Markets and trade</dc:subject>
  <dc:subject>Networks and ownership</dc:subject>
  <dc:subject>Food systems</dc:subject>
  <dc:description>Les réflexions récentes sur les problématiques environnementales, principalement soulevées lors du Grenelle Environnement de 2007, ont fait émerger des décisions politiques en faveur de l’agriculture biologique. Ces orientations interrogent le développement de la production nationale et plus particulièrement la structuration des filières biologiques. En effet, de nombreux problèmes se posent au niveau de l’organisation de ces filières. De plus, l’émergence récente de nouveaux acteurs dans ce secteur, notamment des opérateurs du secteur conventionnel, pouvant contribuer à une profonde modification des filières biologiques est aujourd’hui perçue comme un moyen de développer à plus large échelle la production biologique nationale.&#xD;
La présente étude vise à approfondir la question des relations entre agriculteurs et opérateurs des filières en s’intéressant à la structuration des filières en grandes cultures biologiques en Île-de-France et à la « conversion » d’opérateurs conventionnels. A travers la caractérisation des modes de gestion des productions biologiques, une typologie d’opérateurs est proposée, se basant sur des leviers internes à leur structure, sur l’amont (contractualisation avec agriculteurs) et sur l’aval (marchés). Les résultats interrogent le développement futur de la production biologique sur le territoire francilien.</dc:description>
  <dc:date>2011-06</dc:date>
  <dc:type>Conference paper, poster, etc.</dc:type>
  <dc:type>NonPeerReviewed</dc:type>
  <dc:format>application/pdf</dc:format>
  <dc:identifier>http://orgprints.org/27930/1/Petit_2011_SFER_ABIPEC.pdf</dc:identifier>
  <dc:identifier>Petit, Caroline    (2011) Structuration des filières biologiques en grandes cultures en Ile-de-France et conversion à l'AB d'opérateurs conventionnels.       Speech at:   Transversalités de l'Agriculture Biologique, Strasbourg, 23-24 june 2011.     [Completed]</dc:identifier>
  <dc:relation>http://orgprints.org/27930/</dc:relation>
</oai_dc:dc>