<oai_dc:dc xmlns:oai_dc="http://www.openarchives.org/OAI/2.0/oai_dc/" xmlns:dc="http://purl.org/dc/elements/1.1/" xmlns:xsi="http://www.w3.org/2001/XMLSchema-instance" xsi:schemaLocation="http://www.openarchives.org/OAI/2.0/oai_dc/ http://www.openarchives.org/OAI/2.0/oai_dc.xsd">
  <dc:title>Quitosana no controle de Penicillium sp na pós-colheita de maçãs.</dc:title>
  <dc:creator>Botelho, Renato Vasconcelos</dc:creator>
  <dc:creator>Maia, Aline José</dc:creator>
  <dc:creator>Rickli, Edinei Hartmann</dc:creator>
  <dc:creator>Leite, Carla Daiane</dc:creator>
  <dc:creator>Faria, Cacilda Márcia Duarte Rios</dc:creator>
  <dc:subject>Fruit and berries</dc:subject>
  <dc:subject>Farm nutrient management</dc:subject>
  <dc:description>Este trabalho teve o objetivo de avaliar o potencial da quitosana no controle de podridões póscolheita em maçãs Um experimento in vitro avaliou o efeito das concentrações de 0, 10, 20, 40, 80 e 160 mg L-1 de quitosana (Fishfertil®, 20 g L-1 de quitosana) no crescimento micelial do fungo Penicillium sp.. Em outro ensaio, maçãs das cultivares Princesa e Castel Gala foram mergulhadas em soluções contendo as concentrações de 0, 10, 20, 40, 80 e 160 mg L-1 de quitosana e inoculados após 24 horas com um isolado de Peniccilium sp. Avaliações de incidência e severidade da doença foram realizadas aos 2, 4 e 6 dias após inoculação. No experimento in vitro, a quitosana apresentou efeito fungistático, reduzindo linearmente o diâmetro das colônias de Penicillium sp. Os tratamentos pós-colheita com quitosana reduziram a incidência de podridões em maçãs a partir da concentração de 10 mg L-1. No entanto, não houve efeito dos tratamentos no diâmetro das lesões.</dc:description>
  <dc:date>2010-07-31</dc:date>
  <dc:type>Journal paper</dc:type>
  <dc:type>NonPeerReviewed</dc:type>
  <dc:format>application/pdf</dc:format>
  <dc:identifier>http://orgprints.org/24976/1/Botelho_Quitosana.pdf</dc:identifier>
  <dc:identifier>Botelho, Renato Vasconcelos; Maia, Aline José; Rickli, Edinei Hartmann; Leite, Carla Daiane and Faria, Cacilda Márcia Duarte Rios   (2010) Quitosana no controle de Penicillium sp na pós-colheita de maçãs.  [Chitosan for control of Penicillium sp in post-harvest of apples.]  Revista Brasileira de Agroecologia, 5 (2), pp. 200-206.</dc:identifier>
  <dc:relation>http://orgprints.org/24976/</dc:relation>
</oai_dc:dc>