<oai_dc:dc xmlns:oai_dc="http://www.openarchives.org/OAI/2.0/oai_dc/" xmlns:dc="http://purl.org/dc/elements/1.1/" xmlns:xsi="http://www.w3.org/2001/XMLSchema-instance" xsi:schemaLocation="http://www.openarchives.org/OAI/2.0/oai_dc/ http://www.openarchives.org/OAI/2.0/oai_dc.xsd">
  <dc:title>15 years of research in organic food systems in Denmark – effects on the sector and society</dc:title>
  <dc:creator>Rasmussen, Ilse A.</dc:creator>
  <dc:creator>Halberg, Niels</dc:creator>
  <dc:subject>Research methodology and philosophy</dc:subject>
  <dc:description>The Danish government has funded research in organic agriculture and food systematically since the establishment in 1996 of the Danish Research Centre for Organic Farming (DARCOF, now ICROFS, International Centre for Research in Organic Food Systems). A recent analysis of the effects of the first 3 organic research programs (DARCOF I-III, 1996-2000) (Halberg et al. 2012) was carried out with the objective to determine not only the impact of the research on the sector from farmers and advisors to industry and retail but also on society from government and regulation to NGO’s.</dc:description>
  <dc:publisher>Johann Heinrich von Thünen-Institut</dc:publisher>
  <dc:contributor>Rahmann, G.</dc:contributor>
  <dc:contributor>Aksoy, U.</dc:contributor>
  <dc:date>2014-10</dc:date>
  <dc:type>Conference paper, poster, etc.</dc:type>
  <dc:type>NonPeerReviewed</dc:type>
  <dc:format>application/pdf</dc:format>
  <dc:identifier>http://orgprints.org/24018/1/24018_OWC14_IRA_15%20Years_MM.pdf</dc:identifier>
  <dc:identifier>Rasmussen, Ilse A. and Halberg, Niels    (2014) 15 years of research in organic food systems in Denmark – effects on the sector and society.   In: Rahmann, G. and Aksoy, U. (Eds.)  Building Organic Bridges, Johann Heinrich von Thünen-Institut, Braunschweig, Germany, 1, Thuenen Report, no. 20, pp. 203-206.</dc:identifier>
  <dc:relation>http://orgprints.org/24018/</dc:relation>
</oai_dc:dc>