<oai_dc:dc xmlns:oai_dc="http://www.openarchives.org/OAI/2.0/oai_dc/" xmlns:dc="http://purl.org/dc/elements/1.1/" xmlns:xsi="http://www.w3.org/2001/XMLSchema-instance" xsi:schemaLocation="http://www.openarchives.org/OAI/2.0/oai_dc/ http://www.openarchives.org/OAI/2.0/oai_dc.xsd">
  <dc:title>A major gene for grain cadmium accumulation in oat (Avena sativa L.)</dc:title>
  <dc:creator>Tanhuanpää, Pirjo</dc:creator>
  <dc:creator>Kalendar, Ruslan</dc:creator>
  <dc:creator>Schulman, Alan</dc:creator>
  <dc:creator>Kiviharju, Elina</dc:creator>
  <dc:subject>Breeding, genetics and propagation</dc:subject>
  <dc:description>Four DNA markers associated with Cd concentration were found: two RAPDs (random&#xD;
amplified polymorphic DNAs), one REMAP (retrotransposon-microsatellite amplified&#xD;
polymorphism), and one SRAP (sequence-related amplified polymorphism). The&#xD;
markers were assigned to one linkage group which exhibited a QTL (quantitative trait&#xD;
locus) representing a major gene for Cd accumulation. The markers can be used in&#xD;
future breeding programmes for healthy oat cultivars.</dc:description>
  <dc:publisher>Nordic Association of Agricultural Scientists</dc:publisher>
  <dc:date>2008</dc:date>
  <dc:type>Conference paper, poster, etc.</dc:type>
  <dc:type>NonPeerReviewed</dc:type>
  <dc:format>source</dc:format>
  <dc:identifier>http://orgprints.org/15789/1/Cadmium.doc</dc:identifier>
  <dc:identifier>Tanhuanpää, Pirjo; Kalendar, Ruslan; Schulman, Alan and Kiviharju, Elina    (2008) A major gene for grain cadmium accumulation in oat (Avena sativa L.).   In:     NJF Report, Nordic Association of Agricultural Scientists, 4 (7), p. 88.</dc:identifier>
  <dc:relation>http://orgprints.org/15789/</dc:relation>
</oai_dc:dc>