<oai_dc:dc xmlns:oai_dc="http://www.openarchives.org/OAI/2.0/oai_dc/" xmlns:dc="http://purl.org/dc/elements/1.1/" xmlns:xsi="http://www.w3.org/2001/XMLSchema-instance" xsi:schemaLocation="http://www.openarchives.org/OAI/2.0/oai_dc/ http://www.openarchives.org/OAI/2.0/oai_dc.xsd">
  <dc:title>Evaluierung von Brassicaceae auf Resistenz gegen die Mehlige Kohlblattlaus (Brevicoryne brassicae) als Basis zur Nutzung blattlausresistenter Kohlsorten für den ökologischen Landbau</dc:title>
  <dc:creator>Bundesanstalt für Züchtungsforschung an Kulturpflanzen, Institut für Epidemiologie und Resistenz</dc:creator>
  <dc:subject>Crop health, quality, protection</dc:subject>
  <dc:subject>Breeding, genetics and propagation</dc:subject>
  <dc:subject>Vegetables</dc:subject>
  <dc:description>Die Mehlige Kohlblattlaus ist sowohl im konventionellen als auch im ökologischen Landbau ein wirtschaftlich bedeutender Schädling des Gemüsekohls. Im ökologischem Anbau ist die Bekämpfung der Blattlaus sehr schwierig, gleichzeitig hat aber in den vergangenen Jahren der Befallsdruck infolge der Ausweitung des Rapsanbaues als nachwachsender Rohstoff zugenommen. Daher ist es notwendig, Gemüsekohlgenotypen mit Blattlausresistenz zu finden bzw. mögliche Resistenz im Rahmen der ökologischen Züchtung in die Sorten zu übertragen. Bisher sind keine vollständig resistenten Sorten bekannt, lediglich graduelle Unterschiede im Befall  wurden gefunden. In Gewächshausprüfungen wurden aus 275 evaluierten Genotypen 20 selektiert, auf denen nach 14 Tagen die Blattlausvermehrung signifikant geringer war als auf dem als Standard verwendeten Blumenkohlsorte "Snowball".&#xD;
Aus den Gewächshausversuchen selektierte Formen wurden 2002 und 2003 auf jeweils einer ökologisch und konventionell bewirtschafteten Fläche unter natürlichem Befall geprüft. Der Befallsdruck auf diesen Flächen war vergleichbar jedoch zwischen den zwei Jahren sehr verschieden. Im Jahr 2002, unter schwachem Befallsdruck, konnten keine Genotypen ermittelt werden, die sich signifikant von der Standardsorte unterschieden. Dagegen  wurden  2003 bei starkem Befall signifikante Befallsdifferenzen gefunden. Auf der ökologisch bewirtschafteten Fläche waren  9 Genotypen signifikant schwächer befallen, auf der  konventionellen Fläche lediglich 2. &#xD;
Für weitere, im Gewächshaus als geringer anfällig selektierte Genotypen, sind die Reaktionen im Freiland noch zu ermitteln.&#xD;
Diese Ergebnisse zeigen, dass zwischen den Genotypen wahrscheinlich genetisch bedingte Befallsunterschiede bestehen. Ersichtlich wird, dass in dem bisher geprüften Material nur quantitative Resistenz vorhanden ist, deren Grad  weder Befallsfreiheit sichert noch bei stärkerem Befallsdruck den Befall soweit reduziert, dass eine Vermarktung des Gemüses ohne zusätzliche Maßnamen möglich wäre. Die Resistenzen können aber in der Züchtung genutzt werden, wobei zu prüfen ist, ob möglicherweise verschiedene Resistenzformen bzw. -gene vorliegen, die sich in entsprechenden Kreuzungsprogrammen kombinieren lassen.</dc:description>
  <dc:date>2003-12</dc:date>
  <dc:type>Report</dc:type>
  <dc:type>NonPeerReviewed</dc:type>
  <dc:format>application/pdf</dc:format>
  <dc:identifier>http://orgprints.org/7558/1/7558-02OE031-ble-baz-2003-kohlblattlaus.pdf</dc:identifier>
  <dc:identifier>Bundesanstalt für Züchtungsforschung an Kulturpflanzen, Institut für Epidemiologie und Resistenz         (2003) Evaluierung von Brassicaceae auf Resistenz gegen die Mehlige Kohlblattlaus (Brevicoryne brassicae) als Basis zur Nutzung blattlausresistenter Kohlsorten für den ökologischen Landbau.  [Evaluating Brassicaceae for resistance against the cabbage aphid Brevicoryne brassicae as a basis for the use of aphid-resistant cabbage cultivars in organic agriculture.]   Bundesanstalt für Landwirtschaft und Ernährung (BLE), Bonn, Geschäftsstelle Bundesprogramm Ökologischer Landbau.</dc:identifier>
  <dc:relation>http://orgprints.org/7558/</dc:relation>
</oai_dc:dc>