<oai_dc:dc xmlns:oai_dc="http://www.openarchives.org/OAI/2.0/oai_dc/" xmlns:dc="http://purl.org/dc/elements/1.1/" xmlns:xsi="http://www.w3.org/2001/XMLSchema-instance" xsi:schemaLocation="http://www.openarchives.org/OAI/2.0/oai_dc/ http://www.openarchives.org/OAI/2.0/oai_dc.xsd">
  <dc:title>Band steaming for intra-row weed control in direct-sown vegetables</dc:title>
  <dc:creator>Melander, Senior scientist Bo</dc:creator>
  <dc:creator>Jørgensen, Scientist Martin Heide</dc:creator>
  <dc:subject>Weed management</dc:subject>
  <dc:description>Recent results with band-steaming in organic vegetables are presented.</dc:description>
  <dc:publisher>Research Institute of Vegetable Crops, Instytut Warzywnictwa</dc:publisher>
  <dc:contributor>Dobrzanski, Dr. Adam</dc:contributor>
  <dc:date>2003</dc:date>
  <dc:type>Conference paper, poster, etc.</dc:type>
  <dc:type>NonPeerReviewed</dc:type>
  <dc:format>application/pdf</dc:format>
  <dc:identifier>http://orgprints.org/1513/1/Abstract_Skierniewice1.pdf</dc:identifier>
  <dc:identifier>Melander, Senior scientist Bo and Jørgensen, Scientist Martin Heide    (2003) Band steaming for intra-row weed control in direct-sown vegetables.   In: Dobrzanski, Dr. Adam (Ed.)  Abstracts, EWRS, Skierniewice, 2003, Research Institute of Vegetable Crops, Instytut Warzywnictwa, pp. 13-15.</dc:identifier>
  <dc:relation>http://orgprints.org/1513/</dc:relation>
</oai_dc:dc>