<oai_dc:dc xmlns:oai_dc="http://www.openarchives.org/OAI/2.0/oai_dc/" xmlns:dc="http://purl.org/dc/elements/1.1/" xmlns:xsi="http://www.w3.org/2001/XMLSchema-instance" xsi:schemaLocation="http://www.openarchives.org/OAI/2.0/oai_dc/ http://www.openarchives.org/OAI/2.0/oai_dc.xsd">
  <dc:title>Preservative agent of Indigenous plants in Sumatra&#xD;
Picung (Pangium Edule Renw) as Traditional food Preservative</dc:title>
  <dc:creator>David, Wahyudi</dc:creator>
  <dc:creator>Darwin, Charles</dc:creator>
  <dc:creator>Kasim, Anwar</dc:creator>
  <dc:subject>Food systems</dc:subject>
  <dc:description>Sumatra is one of the most bio-diverse islands in Indonesia as well as diverse in food recipe. Picung (Pangium Edule Reinw) has long been used as an ingredient in traditional cuisine in Sumatra. Processing techniques, ingredients and spices are known by local people. Picung is one of indigenous plants in Sumatra have effective in food preservative and widely used. To be effective as preservative, Picung should be prepared in certain technique and recipe.</dc:description>
  <dc:date>2014-10</dc:date>
  <dc:type>Conference paper, poster, etc.</dc:type>
  <dc:type>NonPeerReviewed</dc:type>
  <dc:format>application/pdf</dc:format>
  <dc:identifier>http://orgprints.org/23803/7/23803.pdf</dc:identifier>
  <dc:identifier>David, Wahyudi; Darwin, Charles and Kasim, Anwar    (2014) Preservative agent of Indigenous plants in Sumatra Picung (Pangium Edule Renw) as Traditional food Preservative.       Paper at:   IFOAM Organic World Congress 2014, Isanbul, Turkey, 13-15 October 2014.     [Completed]</dc:identifier>
  <dc:relation>http://orgprints.org/23803/</dc:relation>
</oai_dc:dc>