<oai_dc:dc xmlns:oai_dc="http://www.openarchives.org/OAI/2.0/oai_dc/" xmlns:dc="http://purl.org/dc/elements/1.1/" xmlns:xsi="http://www.w3.org/2001/XMLSchema-instance" xsi:schemaLocation="http://www.openarchives.org/OAI/2.0/oai_dc/ http://www.openarchives.org/OAI/2.0/oai_dc.xsd">
  <dc:title>Concept paper on processing methods and their labelling</dc:title>
  <dc:creator>Särkkä-Tirkkonen, Marjo</dc:creator>
  <dc:creator>Leskinen, Marita</dc:creator>
  <dc:subject>Processing, packaging and transportation</dc:subject>
  <dc:description>Accurate labelling is a very important part of the organic food concept. Therefore, the aspect of how to develop labelling concepts further down the line is important. Creative labelling solutions must be developed to enable consumers to understand the communication and to avoid additional labelling that leads to misunderstandings. Perhaps new types of labelling systems that guarantee that the product is, for example 'carefully processed' or 'hand-crafted' could also be considered.</dc:description>
  <dc:contributor>Beck, Alexander</dc:contributor>
  <dc:contributor>Kretzschmar, Ursula</dc:contributor>
  <dc:contributor>Schmid, Otto</dc:contributor>
  <dc:date>2006</dc:date>
  <dc:type>Report chapter</dc:type>
  <dc:type>NonPeerReviewed</dc:type>
  <dc:format>application/pdf</dc:format>
  <dc:identifier>http://orgprints.org/8996/1/processing.pdf</dc:identifier>
  <dc:identifier>Särkkä-Tirkkonen, Marjo and Leskinen, Marita    (2006) Concept paper on processing methods and their labelling.    In: Beck, Alexander; Kretzschmar, Ursula and Schmid, Otto (Eds.)  Organic food processing - principles, concepts and recommendations for the future. Results of a European research project on the quality of low input foods. FiBL-Report. Research Institute of Organic Agriculture FiBL, chapter 4.5., pp. 40-43.</dc:identifier>
  <dc:relation>http://orgprints.org/8996/</dc:relation>
</oai_dc:dc>