<oai_dc:dc xmlns:oai_dc="http://www.openarchives.org/OAI/2.0/oai_dc/" xmlns:dc="http://purl.org/dc/elements/1.1/" xmlns:xsi="http://www.w3.org/2001/XMLSchema-instance" xsi:schemaLocation="http://www.openarchives.org/OAI/2.0/oai_dc/ http://www.openarchives.org/OAI/2.0/oai_dc.xsd">
  <dc:title>En velbevaret hemmelighed - Forbrugernes og de økologiske landmænds syn på udfasning af konventionel husdyrgødning</dc:title>
  <dc:creator>Lassen, Jesper</dc:creator>
  <dc:subject>Composting and manuring</dc:subject>
  <dc:subject>Consumer issues</dc:subject>
  <dc:subject>Farm nutrient management</dc:subject>
  <dc:description>A presentation of the preliminary results of the analysis of focus groups with organic farmers and organic consumers about out-phasing the use of conventional manure in organic agriculture.</dc:description>
  <dc:date>2012-12-06</dc:date>
  <dc:type>Conference paper, poster, etc.</dc:type>
  <dc:type>NonPeerReviewed</dc:type>
  <dc:format>application/pdf</dc:format>
  <dc:identifier>http://orgprints.org/22109/7/22109.pdf</dc:identifier>
  <dc:identifier>Lassen, Jesper    (2012) En velbevaret hemmelighed - Forbrugernes og de økologiske landmænds syn på udfasning af konventionel husdyrgødning.       Speech at:   Årsmøde for økologikonsulenter, Kaløvig Center, dec. 6. 2012.</dc:identifier>
  <dc:relation>http://orgprints.org/22109/</dc:relation>
</oai_dc:dc>