<oai_dc:dc xmlns:oai_dc="http://www.openarchives.org/OAI/2.0/oai_dc/" xmlns:dc="http://purl.org/dc/elements/1.1/" xmlns:xsi="http://www.w3.org/2001/XMLSchema-instance" xsi:schemaLocation="http://www.openarchives.org/OAI/2.0/oai_dc/ http://www.openarchives.org/OAI/2.0/oai_dc.xsd">
  <dc:title>Möglichkeiten zur Optimierung der Kupferwirkung gegen Krautfäule im Ökologischen Kartoffelanbau</dc:title>
  <dc:creator>Keil, S.</dc:creator>
  <dc:creator>Benker, M.</dc:creator>
  <dc:creator>Zellner, M.</dc:creator>
  <dc:creator>Kleinhenz, B.</dc:creator>
  <dc:creator>Bangemann, L.W.</dc:creator>
  <dc:creator>Zwerger, P.</dc:creator>
  <dc:subject>Crop health, quality, protection</dc:subject>
  <dc:subject>Root crops</dc:subject>
  <dc:description>Die Regulierung der Kraut- und Knollenfäule, verursacht durch Phytophthora infestans, stellt im ökologischen Landbau nach wie vor ein nur schwer zu lösendes Problem dar. Bislang ist eine befriedigende Befallsreduktion nur durch den Einsatz kupferhaltiger Pflanzenschutzmittel möglich, deren Einsatz durch die Anbauverbände, sofern überhaupt gestattet, auf 3kg pro Jahr begrenzt ist. Im Rahmen des Projekts „ÖKO-SIMPHYT“ wurden daher verschiedene Kupferapplikationsverfahren zur Bekämpfung der Phytophthora infestans-Sekundärinfektionen untersucht, um die zur Verfügung stehenden Kupfermengen optimal einzusetzen.</dc:description>
  <dc:publisher>Julius Kühn-Institut, Bundesforschungsinstitut für Kulturpflanzen, Quedlinburg</dc:publisher>
  <dc:date>2008</dc:date>
  <dc:type>Conference paper, poster, etc.</dc:type>
  <dc:type>NonPeerReviewed</dc:type>
  <dc:format>application/pdf</dc:format>
  <dc:identifier>http://orgprints.org/15337/1/keil-etal-2008-MittJKI_417_p253.pdf</dc:identifier>
  <dc:identifier>Keil, S.; Benker, M.; Zellner, M.; Kleinhenz, B.; Bangemann, L.W. and Zwerger, P.    (2008) Möglichkeiten zur Optimierung der Kupferwirkung gegen Krautfäule im Ökologischen Kartoffelanbau.  [Optimizing the effect of copper against late blight in organic farming.]  In:     Mitteilungen aus dem Julius Kühn-Institut, Julius Kühn-Institut, Bundesforschungsinstitut für Kulturpflanzen, Quedlinburg, 417, p. 253.</dc:identifier>
  <dc:relation>http://orgprints.org/15337/</dc:relation>
</oai_dc:dc>