<oai_dc:dc xmlns:oai_dc="http://www.openarchives.org/OAI/2.0/oai_dc/" xmlns:dc="http://purl.org/dc/elements/1.1/" xmlns:xsi="http://www.w3.org/2001/XMLSchema-instance" xsi:schemaLocation="http://www.openarchives.org/OAI/2.0/oai_dc/ http://www.openarchives.org/OAI/2.0/oai_dc.xsd">
  <dc:title>Fremtidens udfordringer i svineproduktionen</dc:title>
  <dc:creator>Bonde, Marianne</dc:creator>
  <dc:creator>Kongsted, Anne Grete</dc:creator>
  <dc:creator>Mejer, Helena</dc:creator>
  <dc:creator>Rousing, Tine</dc:creator>
  <dc:creator>Serup, Tove</dc:creator>
  <dc:subject>"Organics" in general</dc:subject>
  <dc:subject>Animal husbandry</dc:subject>
  <dc:subject>Feeding and growth</dc:subject>
  <dc:subject>Health and welfare</dc:subject>
  <dc:description>Løsninger omkring miljø, dyrevelfærd, selvforsyning med protein og produktion af hangrise kan bane vejen for øget økosvineproduktion.</dc:description>
  <dc:date>2013-12</dc:date>
  <dc:type>Newspaper or magazine article</dc:type>
  <dc:type>NonPeerReviewed</dc:type>
  <dc:format>application/pdf</dc:format>
  <dc:identifier>http://orgprints.org/24885/6/24885.pdf</dc:identifier>
  <dc:identifier>Bonde, Marianne; Kongsted, Anne Grete; Mejer, Helena; Rousing, Tine and Serup, Tove    (2013) Fremtidens udfordringer i svineproduktionen.   Økologisk Nyhedsbrev, December 2013, 10, pp. 12-13.</dc:identifier>
  <dc:relation>http://orgprints.org/24885/</dc:relation>
</oai_dc:dc>