<oai_dc:dc xmlns:oai_dc="http://www.openarchives.org/OAI/2.0/oai_dc/" xmlns:dc="http://purl.org/dc/elements/1.1/" xmlns:xsi="http://www.w3.org/2001/XMLSchema-instance" xsi:schemaLocation="http://www.openarchives.org/OAI/2.0/oai_dc/ http://www.openarchives.org/OAI/2.0/oai_dc.xsd">
  <dc:title>Wiederansiedlung seltener und gefährdeter Ackerwildpflanzen auf Ökobetrieben. &#xD;
Teilprojekt Witzenhausen: Versuche auf Praxisbetrieben</dc:title>
  <dc:creator>Gärtner, Anne-Christine</dc:creator>
  <dc:creator>van elsen, Thomas</dc:creator>
  <dc:subject>Biodiversity and ecosystem services</dc:subject>
  <dc:description>Abundance and diversity of arable weeds have been strongly declining in many European regions. Arable weeds are highly dependent on the respective type of management, and thus future programs for conservation of rare arable weeds have to establish a close and innovative integration with sustainable farming practice. The project “Restoration of local populations of rare and endangered arable field plants on organic farms in Germany” aims at developing applied scientific knowledge on new methods for conservation of arable weeds within farming systems. Two complementary research teams in contrasting regions in Germany test different approaches to reestablish arable weeds under various management systems and with different preconditions. The research team of the University of Kassel investigates the transfer of remnant populations of the species from nearby populations to organic fields. Two methods are being tested: the transplantation via seeds and the transplantation via transfer of surface soil.</dc:description>
  <dc:date>2013-09-09</dc:date>
  <dc:type>Conference paper, poster, etc.</dc:type>
  <dc:type>NonPeerReviewed</dc:type>
  <dc:format>application/pdf</dc:format>
  <dc:identifier>http://orgprints.org/21516/1/21516_vanElsen.pdf</dc:identifier>
  <dc:identifier>Gärtner, Anne-Christine and van elsen, Thomas    (2013) Wiederansiedlung seltener und gefährdeter Ackerwildpflanzen auf Ökobetrieben. Teilprojekt Witzenhausen: Versuche auf Praxisbetrieben.       Paper at:   12. Wissenschaftstagung Ökologischer Landbau, Rheinische Friedrich-Wilhelms-Universität, Bonn, 5. bis 8. März 2013.</dc:identifier>
  <dc:relation>http://orgprints.org/21516/</dc:relation>
</oai_dc:dc>