<oai_dc:dc xmlns:oai_dc="http://www.openarchives.org/OAI/2.0/oai_dc/" xmlns:dc="http://purl.org/dc/elements/1.1/" xmlns:xsi="http://www.w3.org/2001/XMLSchema-instance" xsi:schemaLocation="http://www.openarchives.org/OAI/2.0/oai_dc/ http://www.openarchives.org/OAI/2.0/oai_dc.xsd">
  <dc:title>Grüne Gentechnik - Wenn aus der Koexistenz die Kontamination wird</dc:title>
  <dc:creator>Hermanowski, Robert</dc:creator>
  <dc:subject>Food security, food quality and human health</dc:subject>
  <dc:description>Fällt das EU-Moratorium,werden auch in der europäischen Landwirtschaft verstärkt genetisch veränderte Organismen (GVO) eingesetzt werden. Die Öko-Branche muss sich auf die daraus erwachsenden Probleme einstellen.</dc:description>
  <dc:publisher>Oekom Verlag</dc:publisher>
  <dc:contributor>Stiftung Ökologie &amp; Landbau,</dc:contributor>
  <dc:date>2004</dc:date>
  <dc:type>Journal paper</dc:type>
  <dc:type>NonPeerReviewed</dc:type>
  <dc:format>application/pdf</dc:format>
  <dc:identifier>http://orgprints.org/4898/1/4898-hermanowski-r-et-al-2004-kontamination-oel.pdf</dc:identifier>
  <dc:identifier>Hermanowski, Robert   (2004) Grüne Gentechnik - Wenn aus der Koexistenz die Kontamination wird.  [Genetic engineering in agriculture - when coexistence turns into contamination.]  Ökologie &amp; Landbau, 129 (1/2004), pp. 41-43.</dc:identifier>
  <dc:relation>http://orgprints.org/4898/</dc:relation>
</oai_dc:dc>