<oai_dc:dc xmlns:oai_dc="http://www.openarchives.org/OAI/2.0/oai_dc/" xmlns:dc="http://purl.org/dc/elements/1.1/" xmlns:xsi="http://www.w3.org/2001/XMLSchema-instance" xsi:schemaLocation="http://www.openarchives.org/OAI/2.0/oai_dc/ http://www.openarchives.org/OAI/2.0/oai_dc.xsd">
  <dc:title>Vergleichende Studie zur Qualität von konventionell und ökologisch erzeugtem Gemüse am Beispiel der Allergenität</dc:title>
  <dc:creator>Zagon, Jutta</dc:creator>
  <dc:creator>Jansen, Bärbel</dc:creator>
  <dc:creator>Dahl, Lotte</dc:creator>
  <dc:creator>Holzhauser, Thomas</dc:creator>
  <dc:creator>Vieths, Stefan</dc:creator>
  <dc:creator>Broll, Hermann</dc:creator>
  <dc:subject>Food security, food quality and human health</dc:subject>
  <dc:subject>Vegetables</dc:subject>
  <dc:description>Die vorliegende Studie untersucht das allergene Potential von Möhren in Abhängigkeit von der Anbauweise. In zwei aufeinander folgenden Vegetationsperioden (2005 und 2006) wurden zwei Möhrensorten, die samenfeste Sorte Rodelika und die F1 Hybridsorte Nerac, auf ökologisch oder konventionell bewirtschafteten Anbauflächen im Kreuzversuch angebaut. Am Erntegut wurden die Expression des allergenen Proteins und die Transkriptionsativität des Hauptallergens Dau c 1.01 und dessen Variante Dau c 1.02 bestimmt. Zusätzlich zu den Hauptallergenen der Möhre wurde das profilinhomologe, im Pflanzenreich weit verbreitete Allergen Dau c 4 mittels ELISA untersucht. Für die Messungen wurden sowohl hochsensitive und spezifische quantitative ELISA als auch auf der reversen Transkriptase basierende quantitative real time PCR Systeme entwickelt und in-house validiert. Die physiologische Bedeutung der Allergenpräsenz in den Proben wurde qualitativ im Westernblot über das Reaktionsprofil von Allergiker-Seren sowie quantitativ in vitro mittels eines Mediatorfreisetzungszelltestes überprüft. &#xD;
In beiden Vegetationsperioden ließ sich reproduzierbar ein dominanter Sorteneinfluss beobachten während die Art des Anbaues eine untergeordnete Rolle spielte. Die absoluten Allergengehalte waren jedoch sehr stark vom Anbaujahr bestimmt (Unterschiede um ca. eine Zehnerpotenz in Proben aus 2006 gegenüber 2005). Hinsichtlich des Ernährungszustandes der Pflanzen bestand weder eine Mangelsitation noch auffälliger Pathogenbefall. &#xD;
Mittels quantitativem ELISA war, unabhängig von der Anbauweise, sowohl für das Hauptallergen Dau c 1.01 als auch für das mengenmäßig deutlich geringer repräsentierten Allergen Dau c 1.02 eine Tendenz zu höheren Gehalten in der Sorte Rodelika gegenüber Nerac erkennbar. Eine physiologische Bedeutung dieses Befundes ließ sich aus den Resultaten des Histaminfreisetzungszelltestes jedoch nicht ableiten. Die Gehalte an Dau c 4 wiesen zwischen den Sorten, Anbauweisen und Anbaujahren kaum Unterschiede auf, was mit der Funktion des Möhrenprofilins Dau c 4 am strukturellen Aufbau der Zellwand zusammenhängen könnte.&#xD;
Hinsichtlich der Transkriptionsaktivität für das Hauptallergen Dau c 1.01 ließ sich kein signifikanter, dem ELISA-Ergebnis entsprechender Unterschied zwischen den Sorten Nerac und Rodelika feststellen, da dieses Gen offensichtlich mit konstant hoher Rate transkribiert wird. Demgegenüber war bezüglich der Transkriptionsaktivität für das Gen Dau c 1.02 eine dem quantitativen ELISA ähnliche Tendenz zu beobachten. Dieses real-time PCR System war für die Untersuchung von Marktproben geeignet.</dc:description>
  <dc:date>2006</dc:date>
  <dc:type>Report</dc:type>
  <dc:type>NonPeerReviewed</dc:type>
  <dc:format>application/pdf</dc:format>
  <dc:identifier>http://orgprints.org/13546/1/13546-03OE249-bfr-zagon-2006-allergenitaet.pdf</dc:identifier>
  <dc:identifier>Zagon, Jutta; Jansen, Bärbel; Dahl, Lotte; Holzhauser, Thomas; Vieths, Stefan and Broll, Hermann         (2006) Vergleichende Studie zur Qualität von konventionell und ökologisch erzeugtem Gemüse am Beispiel der Allergenität.  [Comparative study on the quality of vegetables derived from conventional and organic farming using the example of carrots.]   Bundesinstitut für Risikobewertung (BfR), D-Berlin.</dc:identifier>
  <dc:relation>http://orgprints.org/13546/</dc:relation>
</oai_dc:dc>