<oai_dc:dc xmlns:oai_dc="http://www.openarchives.org/OAI/2.0/oai_dc/" xmlns:dc="http://purl.org/dc/elements/1.1/" xmlns:xsi="http://www.w3.org/2001/XMLSchema-instance" xsi:schemaLocation="http://www.openarchives.org/OAI/2.0/oai_dc/ http://www.openarchives.org/OAI/2.0/oai_dc.xsd">
  <dc:title>Vinasse: an alternative to lime sulphur for flower thinning?</dc:title>
  <dc:creator>Kelderer, Markus</dc:creator>
  <dc:creator>Lardschneider, Ewald</dc:creator>
  <dc:creator>Casera, Claudio</dc:creator>
  <dc:subject>Crop health, quality, protection</dc:subject>
  <dc:subject>Fruit and berries</dc:subject>
  <dc:description>Thinning trials with vinasse in comparison to lime sulphur were carried out for 4 years&#xD;
at different sites in South Tyrol. Beside the thinning effect, the influence on fruit&#xD;
quality, phytotoxic damage on the leaves and the return bloom of treated trees were&#xD;
evaluated. Depending on the dosage the vinasse treatments showed a good&#xD;
thinning effect, but russetting and leave damages were significantly higher in&#xD;
comparison to lime sulphur. Return bloom of vinasse treated trees was lower than of&#xD;
those treated with lime sulphur. In conclusion, vinasse treatments can not substitute&#xD;
lime sulphur for flower thinning in organic apple orchards.</dc:description>
  <dc:contributor>Boos, Markus</dc:contributor>
  <dc:date>2004</dc:date>
  <dc:type>Conference paper, poster, etc.</dc:type>
  <dc:type>NonPeerReviewed</dc:type>
  <dc:format>application/pdf</dc:format>
  <dc:identifier>http://orgprints.org/14531/1/30_Kelderer_163_168.pdf</dc:identifier>
  <dc:identifier>Kelderer, Markus; Lardschneider, Ewald and Casera, Claudio    (2004) Vinasse: an alternative to lime sulphur for flower thinning?  [Vinasse: eine Alternative zum Schwefelkalk für die Blütenausdünnung?]  In: Boos, Markus (Ed.)  Ecofruit - 11th International Conference on Cultivation Technique and Phytopathological Problems in Organic Fruit-Growing: Proceedings to the Conference from 3rd February to 5th February 2004 at Weinsberg/Germany, pp. 163-168.</dc:identifier>
  <dc:relation>http://orgprints.org/14531/</dc:relation>
</oai_dc:dc>