<oai_dc:dc xmlns:oai_dc="http://www.openarchives.org/OAI/2.0/oai_dc/" xmlns:dc="http://purl.org/dc/elements/1.1/" xmlns:xsi="http://www.w3.org/2001/XMLSchema-instance" xsi:schemaLocation="http://www.openarchives.org/OAI/2.0/oai_dc/ http://www.openarchives.org/OAI/2.0/oai_dc.xsd">
  <dc:title>The potentials of organic farming in the European Innovation Policy</dc:title>
  <dc:creator>Micheloni, Cristina</dc:creator>
  <dc:subject>Systems research and participatory research</dc:subject>
  <dc:subject>Social aspects</dc:subject>
  <dc:subject>Networks and ownership</dc:subject>
  <dc:subject>Technology transfer</dc:subject>
  <dc:description>The presentations shows how the entrepreneur organic farmers have contributed to increase the common knowledge even before the implementations of EIP-Agri. That's why they have now the best potentials for being active parts fo the different European innovation iniciatives.</dc:description>
  <dc:date>2014-12-10</dc:date>
  <dc:type>Conference paper, poster, etc.</dc:type>
  <dc:type>NonPeerReviewed</dc:type>
  <dc:format>application/pdf</dc:format>
  <dc:identifier>http://orgprints.org/27949/1/Presentaci%C3%B3n%20Agriecol%20Cristina%20Micheloni%20Diciembre%202014.pdf</dc:identifier>
  <dc:identifier>Micheloni, Cristina    (2014) The potentials of organic farming in the European Innovation Policy.       Keynote presentation at:   II Jornada Agriecol, Madrid (Spain), 10 Diciembre 2014.     [Unpublished]</dc:identifier>
  <dc:relation>http://orgprints.org/27949/</dc:relation>
</oai_dc:dc>