<oai_dc:dc xmlns:oai_dc="http://www.openarchives.org/OAI/2.0/oai_dc/" xmlns:dc="http://purl.org/dc/elements/1.1/" xmlns:xsi="http://www.w3.org/2001/XMLSchema-instance" xsi:schemaLocation="http://www.openarchives.org/OAI/2.0/oai_dc/ http://www.openarchives.org/OAI/2.0/oai_dc.xsd">
  <dc:title>Pflugverzicht als Klimaschutzstrategie?</dc:title>
  <dc:creator>Krauss, Maike</dc:creator>
  <dc:subject>Air and water emissions</dc:subject>
  <dc:subject>Soil</dc:subject>
  <dc:description>Nicht wendende Bodenbearbeitungssysteme und besonders die Direktsaat fördern einige der wichtigsten Bodenschutzziele: sie schützen vor Erosion, begünstigen das Bodenleben und erhöhen damit die Bodenfruchtbarkeit.</dc:description>
  <dc:date>2013-07-06</dc:date>
  <dc:type>Newspaper or magazine article</dc:type>
  <dc:type>NonPeerReviewed</dc:type>
  <dc:format>application/pdf</dc:format>
  <dc:identifier>http://orgprints.org/27099/1/krauss-2013-SB-Klima.pdf</dc:identifier>
  <dc:identifier>Krauss, Maike    (2013) Pflugverzicht als Klimaschutzstrategie?   Schweizer Bauer, 6 July 2013, p. 40.</dc:identifier>
  <dc:relation>http://orgprints.org/27099/</dc:relation>
</oai_dc:dc>