<oai_dc:dc xmlns:oai_dc="http://www.openarchives.org/OAI/2.0/oai_dc/" xmlns:dc="http://purl.org/dc/elements/1.1/" xmlns:xsi="http://www.w3.org/2001/XMLSchema-instance" xsi:schemaLocation="http://www.openarchives.org/OAI/2.0/oai_dc/ http://www.openarchives.org/OAI/2.0/oai_dc.xsd">
  <dc:title>Süßlupine auch im Gemenge geeignet?</dc:title>
  <dc:creator>Böhm, Herwart</dc:creator>
  <dc:creator>Bilau, Arne</dc:creator>
  <dc:subject>Cereals, pulses and oilseeds</dc:subject>
  <dc:description>Als Leguminose trägt die blaue Süßlupine zum N-Input in den Betriebskreislauf bei und ist damit eine Alternative zur Körnererbse, bei der Anbaupausen von sechs Jahren einzuhalten sind. Lupinen haben einen hohen Vorfruchtwert und ihre Wurzeln sind in der Lage, schwer verfügbare Phosphorverbindungen zu mobilisieren. Die Blaue Lupine besitzt im Vergleich zur Weißen und Gelben Lupine die höchste Toleranz gegenüber der Antracnose. Es existieren zwei verschiedene Wuchsformen: Der endständige Wuchstyp und der Verzweigungstyp, der eine höhere Zahl hülsentragender Seitentriebe bildet und dadurch später abreift. &#xD;
Die spezifischen Knöllchenbakterien (Bradyrhizobium lupini) der Lupinen können nur noch von Seradella auf die Lupine übertragen werden, nicht aber von Erbse oder Ackerbohne. Deshalb muss das Saatgut mit den spezifischen Rhizobien geimpft werden, wenn auf dem Standort noch nie oder während der letzten zehn Jahre keine Lupinen oder Seradella angebaut wurden. Hierfür stehen Präparate wie HiStick, Radicin No 6 und Biodoz zur Verfügung. &#xD;
Am Institut für ökologischen Landbau in Trenthorst (Schleswig-Holstein) wurden im Jahr 2003 Versuche zur Anbaueignung der Blauen Süßlupine durchgeführt. Dabei wurden die am Markt verfügbaren Sorten der Blauen Süßlupine verglichen und ihre Leistungen im Gemenge mit Sommergerste, Futtererbsen, Ackerbohnen und Leindotter geprüft. Erste Ergebnisse werden dargestellt.</dc:description>
  <dc:publisher>Bioland Verlags GmbH</dc:publisher>
  <dc:date>2004</dc:date>
  <dc:type>Newspaper or magazine article</dc:type>
  <dc:type>NonPeerReviewed</dc:type>
  <dc:format>application/pdf</dc:format>
  <dc:identifier>http://orgprints.org/4169/1/B%C3%B6hm-Lupine-Bioland2-2004.pdf</dc:identifier>
  <dc:identifier>Böhm, Herwart and Bilau, Arne    (2004) Süßlupine auch im Gemenge geeignet?  [Blue Lupin - adapted for mixed culivation?]  Bioland Fachzeitschrift für den ökologischen Landbau, 2004 (2), pp. 24-25.</dc:identifier>
  <dc:relation>http://orgprints.org/4169/</dc:relation>
</oai_dc:dc>