<oai_dc:dc xmlns:oai_dc="http://www.openarchives.org/OAI/2.0/oai_dc/" xmlns:dc="http://purl.org/dc/elements/1.1/" xmlns:xsi="http://www.w3.org/2001/XMLSchema-instance" xsi:schemaLocation="http://www.openarchives.org/OAI/2.0/oai_dc/ http://www.openarchives.org/OAI/2.0/oai_dc.xsd">
  <dc:title>Untersuchungen zum Einsatz eines hydrothermisch behandelten Gemisches aus einheimischen Körnerleguminosen in der ökologischen Ferkelaufzucht (Verbundvorhaben)</dc:title>
  <dc:subject>Feeding and growth</dc:subject>
  <dc:subject>Pigs</dc:subject>
  <dc:description>Das hier beschriebene Verbundvorhaben umfasst folgende Teilprojekte: FKZ 11NA034, FKZ 11NA036 und FKZ 11NA059. &#xD;
Alle in Organic Eprints archivierten Projektbeschreibungen und Veröffentlichungen zu diesem Verbundvorhaben finden Sie unter folgendem Link: http://orgprints.org/cgi/saved_search?savedsearchid=1426. &#xD;
Ziel des Projektes ist die Entwicklung einer Strategie, auf regionaler Ebene erzeugte Körnerleguminosen durch geeignete technische Lösungen (hydrothermische Behandlung) und in Kombination miteinander (Leguminosengemisch) für die Fütterung von Ferkel verfügbar zu machen und damit den Körnerleguminosenanbau im ökolog. u. konvent. Bereich zu fördern. &#xD;
Es soll ein hydrothermisch behandeltes Leguminosengemisch aus je 1/3 Ackerbohnen, Erbsen und Süßlupinen (Legumitherm) hinsichtl. seines Futterwertes u. seiner Einsatzmöglichkeiten in der ökolog. Ferkelaufzucht untersucht werden. Kernstück des Vorhabens sind Fütterungsversuche mit abgesetzten Ferkeln, bei denen überprüft werden soll, ob durch Legumitherm der Einsatz von Öko-Sojakuchen gleichwertig ersetzt werden kann. Der Futterwert des eingesetzten Gemisches soll in Bilanzversuchen an wachsenden Schweinen entsprechend der Vorschriften der GfE (2005) ermittelt werden. &#xD;
&#xD;
Das Projekt übernimmt weiterhin die Aufgabe des Wissenstransfers und interdisziplinären Austausches aller Projekte zur Eiweißversorgung im Rahmen von zwei durchzuführenden Workshops.&#xD;
Die Ergebnisse werden während der Projektlaufzeit mit anderen Projekten und Experten zum Thema Monogasterernährung mit heimischen Eiweißträgern hinsichtlich ihrer Umsetzbarkeit u. weiterem Forschungsbedarf in zwei Workshops diskutiert und die Gesamt- und die Projektergebnisse anschl. entsprechend publiziert und vorgestellt.&#xD;
Das Friedrich Loeffler-Institut (FLI) führt die im Rahmen der Projekte „Buntblühende Wintererbsen in der Schweinefütterung unter den Bedingungen des Ökologischen Landbaues“ (11NA036) und „Untersuchungen zum Einsatz eines hydrothermisch behandelten Gemisches aus einheimischen Leguminosen in der ökologischen Ferkelaufzucht“ (11NA034) beschriebenen Bilanzversuche zur Bestimmung der Gehalte an verdaulichen Nährstoffen und umsetzbarer Energie bei Mastschweinen sowie die Ableitung von Empfehlungen zur optimalen Einsatzhöhe von buntblühenden Wintererbsen aus ökologischer Erzeugung für Mastschweine durch (FKZ 11NA059, Projektleitung: Dr. Andreas Berk). &#xD;
Angaben zur Finanzierung des Projekts finden Sie im Förderkatalog des Bundes unter http://foerderportal.bund.de/foekat/jsp/StartAction.do. Bitte geben Sie in das Suchfeld eine 28 plus das Förderkennzeichen (FKZ) des BÖLN-Projektes ein, z.B. 2808OE212 für das BÖLN-Projekt mit der FKZ 08OE212.</dc:description>
  <dc:type>Project description</dc:type>
  <dc:type>NonPeerReviewed</dc:type>
  <dc:format>application/pdf</dc:format>
  <dc:identifier>http://orgprints.org/20944/1/12-06-18_Kurzbeschreibung_Legumitherm.pdf</dc:identifier>
  <dc:identifier>{Project}    Legumitherm: Untersuchungen zum Einsatz eines hydrothermisch behandelten Gemisches aus einheimischen Körnerleguminosen in der ökologischen Ferkelaufzucht (Verbundvorhaben).  [The benefit of a legume-mix (faba beans, peas, lupines) which has been conditioned by hydrothermical treatment in pig-feeding.]   Runs 2012 - 2015.      Project Leader(s): Kempkens, Dr. Karl and Stalljohann, Dr. Gerd, Landwirtschaftskammer Nordrhein-Westfalen, D-Bonn.</dc:identifier>
  <dc:relation>http://orgprints.org/20944/</dc:relation>
</oai_dc:dc>