<oai_dc:dc xmlns:oai_dc="http://www.openarchives.org/OAI/2.0/oai_dc/" xmlns:dc="http://purl.org/dc/elements/1.1/" xmlns:xsi="http://www.w3.org/2001/XMLSchema-instance" xsi:schemaLocation="http://www.openarchives.org/OAI/2.0/oai_dc/ http://www.openarchives.org/OAI/2.0/oai_dc.xsd">
  <dc:title>Økologisk mælkeproduktion baseret på 100% økologisk fodring og 100% selvforsyning - konsekvenser på malkekøers fodring, produktion og sundhed i tidlig laktation med fokus på subklinisk ketose</dc:title>
  <dc:creator>Seested, Susanne</dc:creator>
  <dc:subject>Health and welfare</dc:subject>
  <dc:description>Afhandlinger indeholder et litteraturstudie omkring fodring, produktion og sundhed ved 100% økologiske foderrationer til højtydende malkekøer. Det efterfølges af resultater fra et forsøg med forskellige mængder af byg, rapsfrø og rapskage som tilskud til ensilage givet efter ædelyst.</dc:description>
  <dc:date>2001</dc:date>
  <dc:type>Thesis</dc:type>
  <dc:type>NonPeerReviewed</dc:type>
  <dc:format>source</dc:format>
  <dc:identifier>http://orgprints.org/1756/1/Okologisk_maelkeproduktion.doc</dc:identifier>
  <dc:identifier>Seested, Susanne   (2001) Økologisk mælkeproduktion baseret på 100% økologisk fodring og 100% selvforsyning - konsekvenser på malkekøers fodring, produktion og sundhed i tidlig laktation med fokus på subklinisk ketose.   Thesis, KVL, Husdyrbrug og husdyrsundhed.  .</dc:identifier>
  <dc:relation>http://orgprints.org/1756/</dc:relation>
</oai_dc:dc>