<oai_dc:dc xmlns:oai_dc="http://www.openarchives.org/OAI/2.0/oai_dc/" xmlns:dc="http://purl.org/dc/elements/1.1/" xmlns:xsi="http://www.w3.org/2001/XMLSchema-instance" xsi:schemaLocation="http://www.openarchives.org/OAI/2.0/oai_dc/ http://www.openarchives.org/OAI/2.0/oai_dc.xsd">
  <dc:title>Quantitativer und qualitativer Nachweis von Brandkrankheiten (Tilletia spp., Ustilago nuda) bei Weizen und Gerste mittels biotechnologischer Methoden (q-PCR, LAMP-Technologie) (Verbundvorhaben)</dc:title>
  <dc:subject>Cereals, pulses and oilseeds</dc:subject>
  <dc:subject>Breeding, genetics and propagation</dc:subject>
  <dc:subject>Crop health, quality, protection</dc:subject>
  <dc:description>Das hier beschriebene Verbundvorhabens umfasst folgende Teilprojekte: FKZ 12NA017, FKZ 12NA128.&#xD;
Alle in Organic Eprints archivierten Projektbeschreibungen und Veröffentlichungen zu diesem Verbundvorhaben finden Sie unter folgendem Link: http://orgprints.org/id/saved_search/1551. &#xD;
Ziele im hier vorgestellten Verbundvorhaben sind die Entwicklung hocheffizienter und kostengünstiger Nachweismethoden zur sicheren und schnellen Bestimmung des Befalls mit Tilletia-Arten sowie Ustilago nuda bei Weizen und Gerste. Diese Methoden sollen neben der Bestimmung der Befallshöhe eine eindeutige Identifizierung der Pathogene, insbesondere auch bei Mischinfektionen von T. caries und T. controversa, ermöglichen. Dieses Ziel soll durch die Entwicklung und Optimierung von q-PCR und LAMP basierten Methoden erreicht werden. Die neu entwickelten Methoden werden in umfangreichen Validierungsstudien hinsichtlich Genauigkeit, Robustheit, Reproduzierbarkeit und Wiederholbarkeit überprüft und verglichen. Anschließend soll die Aufnahme in das Methodenbuch der ISTA erfolgen.&#xD;
Angaben zur Finanzierung des Projekts finden Sie im Förderkatalog des Bundes unter http://foerderportal.bund.de/foekat/jsp/StartAction.do. Bitte geben Sie in das Suchfeld eine 28 plus das Förderkennzeichen (FKZ) des BÖLN-Projektes ein, z.B. 2808OE212 für das BÖLN-Projekt mit der FKZ 08OE212.</dc:description>
  <dc:type>Project description</dc:type>
  <dc:type>NonPeerReviewed</dc:type>
  <dc:identifier>{Project}    Brand-Quant: Quantitativer und qualitativer Nachweis von Brandkrankheiten (Tilletia spp., Ustilago nuda) bei Weizen und Gerste mittels biotechnologischer Methoden (q-PCR, LAMP-Technologie) (Verbundvorhaben).  [Quantitative and qualitative detection of wheat and barley bunt diseases (Tilletia spp., Ustilago nuda) by means of biotechnolgy methods (q-PCR, LAMP-technology).]   Runs 2014 - 2017.      Project Leader(s): Killermann, Dr. Berta and Maier, Dr. Wolfgang, Bayerische Landesanstalt für Landwirtschaft, Institut für Pflanzenbau und Pflanzenzüchtung, D-Freising und Julius Kühn-Institut, Institut für Epidemiologie und Pathogendiagnostik, D-Quedlinburg.</dc:identifier>
  <dc:relation>http://orgprints.org/27875/</dc:relation>
</oai_dc:dc>