<oai_dc:dc xmlns:oai_dc="http://www.openarchives.org/OAI/2.0/oai_dc/" xmlns:dc="http://purl.org/dc/elements/1.1/" xmlns:xsi="http://www.w3.org/2001/XMLSchema-instance" xsi:schemaLocation="http://www.openarchives.org/OAI/2.0/oai_dc/ http://www.openarchives.org/OAI/2.0/oai_dc.xsd">
  <dc:title>Nachbaumanagement. Alternative CG-Unterlagen</dc:title>
  <dc:creator>Henfrey, Joana</dc:creator>
  <dc:subject>Composting and manuring</dc:subject>
  <dc:subject>Crop health, quality, protection</dc:subject>
  <dc:description>Low input methods in apple production</dc:description>
  <dc:date>2014-01</dc:date>
  <dc:type>Newspaper or magazine article</dc:type>
  <dc:type>NonPeerReviewed</dc:type>
  <dc:format>application/pdf</dc:format>
  <dc:identifier>http://orgprints.org/27516/1/Nachbaumanagement%20-%20Alternative%20CG-Unterlagen-%20%C3%96ko-Obstbau.pdf</dc:identifier>
  <dc:identifier>Henfrey, Joana    (2014) Nachbaumanagement. Alternative CG-Unterlagen.   Öko-Obstbau, January 2014 (1), pp. 10-12.</dc:identifier>
  <dc:relation>http://orgprints.org/27516/</dc:relation>
</oai_dc:dc>