<oai_dc:dc xmlns:oai_dc="http://www.openarchives.org/OAI/2.0/oai_dc/" xmlns:dc="http://purl.org/dc/elements/1.1/" xmlns:xsi="http://www.w3.org/2001/XMLSchema-instance" xsi:schemaLocation="http://www.openarchives.org/OAI/2.0/oai_dc/ http://www.openarchives.org/OAI/2.0/oai_dc.xsd">
  <dc:title>Vers de terre</dc:title>
  <dc:creator>Pfiffner, Lukas</dc:creator>
  <dc:subject>Soil quality</dc:subject>
  <dc:subject>Biodiversity and ecosystem services</dc:subject>
  <dc:description>Entre un et trois millions de vers de terre vi-vent dans la terre en bonne santé d’un hectare de prairie. Plus il y en a plus le sol est fertile. Le fiche technique montre le mode de vie des vers de terre et avec quelles mesures on peut leurs aider.</dc:description>
  <dc:publisher>Institut de recherche de l'agriculture biologique (FiBL)</dc:publisher>
  <dc:date>2013</dc:date>
  <dc:type>Book</dc:type>
  <dc:type>NonPeerReviewed</dc:type>
  <dc:format>application/pdf</dc:format>
  <dc:identifier>http://orgprints.org/25238/1/1619-vers-de-terre.pdf</dc:identifier>
  <dc:identifier>Pfiffner, Lukas    (2013) Vers de terre.    Fiche technique. Institut de recherche de l'agriculture biologique (FiBL), CH-Frick.</dc:identifier>
  <dc:relation>http://orgprints.org/25238/</dc:relation>
</oai_dc:dc>