<oai_dc:dc xmlns:oai_dc="http://www.openarchives.org/OAI/2.0/oai_dc/" xmlns:dc="http://purl.org/dc/elements/1.1/" xmlns:xsi="http://www.w3.org/2001/XMLSchema-instance" xsi:schemaLocation="http://www.openarchives.org/OAI/2.0/oai_dc/ http://www.openarchives.org/OAI/2.0/oai_dc.xsd">
  <dc:title>Poppeltræer giver søer og pattegrise skygge for sommerens hårde sol</dc:title>
  <dc:creator>Thomsen, Morten</dc:creator>
  <dc:subject>Farming Systems</dc:subject>
  <dc:subject>Pigs</dc:subject>
  <dc:description>Interview af økologisk svineproducent Bertel Hestbjerg, der deltager i projektet pEcosystem.&#xD;
Økologisk svineproducent Bertel Hestbjerg plantede for fire år siden de første poppeltræer. I dag er der plantet popler i alle farefolde.</dc:description>
  <dc:date>2014-08-08</dc:date>
  <dc:type>Newspaper or magazine article</dc:type>
  <dc:type>NonPeerReviewed</dc:type>
  <dc:format>application/pdf</dc:format>
  <dc:identifier>http://orgprints.org/26794/6/26794.pdf</dc:identifier>
  <dc:identifier>Thomsen, Morten    (2014) Poppeltræer giver søer og pattegrise skygge for sommerens hårde sol.   LandbrugsAvisen, 8 August 2014, 32 (2), p. 8.</dc:identifier>
  <dc:relation>http://orgprints.org/26794/</dc:relation>
</oai_dc:dc>