<oai_dc:dc xmlns:oai_dc="http://www.openarchives.org/OAI/2.0/oai_dc/" xmlns:dc="http://purl.org/dc/elements/1.1/" xmlns:xsi="http://www.w3.org/2001/XMLSchema-instance" xsi:schemaLocation="http://www.openarchives.org/OAI/2.0/oai_dc/ http://www.openarchives.org/OAI/2.0/oai_dc.xsd">
  <dc:title>Strategier til giftfri bekæmpelse af rotter og mus</dc:title>
  <dc:creator>Lodal, Jens</dc:creator>
  <dc:creator>Knorr, Mette</dc:creator>
  <dc:creator>Leirs, Herwig</dc:creator>
  <dc:subject>Pigs</dc:subject>
  <dc:description>I nærværende delprojekt er første fase en kortlægning, der identificerer de faktorer i systemer med udendørs svineproduktion i Danmark, som kan have betydning for forekomst af potentielle skadedyr og problemer i den forbindelse. Kortlægningen er blevet udført i form af en spørgeskemaundersøgelse. På grundlag af kortlægningen gennemføres efterfølgende en detaljeret beskrivelse af rotters (og eventuelle andre gnaveres) økologi i to udvalgte økologiske svinebedrifter, og der skal udarbejdes strategier til bekæmpelse af gnavere med fokus på rotter. &#xD;
&#xD;
I spørgeskemaet blev der spurgt om forekomst af og problemer med evt. skadedyr blandt pattedyr, fugle og insekter/mider. I denne rapport fokuseres på gnaverne og med hovedvægt på rotterne. Baggrunden for dette er, at der ifølge EU-bestemmelser kun må bruges gift, hvis det kan sikres, at den ikke indgår i fødekæden. Grise kan godt æde rotter og mus. Ifølge dansk lovgivning skal rotter bekæmpes overalt, og i øvrigt er bekæmpelsen et kommunalt anliggende (se Miljøbeskyttelsesloven 2001). Rotter og mus kan overføre smitte (f.eks. Salmonella, Leptospira, Yersinia, Erysipelothrix rhusiopathiae (rødsygebakterien) og Brachyspira hyodysenteria) (Feenstra., et al 2000; Gratz, 1994) til svinene, så alene af den grund kan der være en berettiget grund til at foretage bekæmpelse. Rottebekæmpelse skal udføres af autoriserede personer, mens musebekæmpelse kan udføres af landmanden selv. &#xD;
&#xD;
En stigende bestand af rotter (eller mus) vil utvivlsomt medføre betydelige risici for smitte med ovennævnte sygdomme. Traditionel bekæmpelse med gift er uønsket i økologisk husdyrproduktion. Det er derfor vigtigt, at der udvikles effektive, men giftfrie strategier til bekæmpelse af gnavere i økologisk svineproduktion. Viden om de faktorer, der påvirker niveauet af rotter i økologisk svineproduktion, er meget mangelfuld.&#xD;
 &#xD;
I økologisk landbrug er brug af antikoagulanter til rottebekæmpelse tilladt under visse forudsætninger. Uanset hvem der udfører rotte- eller musebekæmpelse, er der en skjult konflikt, så snart der anvendes kemisk bekæmpelse.</dc:description>
  <dc:contributor>Sørensen, Jan Tind</dc:contributor>
  <dc:date>2004</dc:date>
  <dc:type>Report chapter</dc:type>
  <dc:type>NonPeerReviewed</dc:type>
  <dc:format>application/pdf</dc:format>
  <dc:identifier>http://orgprints.org/3246/1/3246.pdf</dc:identifier>
  <dc:identifier>Lodal, Jens; Knorr, Mette and Leirs, Herwig    (2004) Strategier til giftfri bekæmpelse af rotter og mus.    In: Sørensen, Jan Tind (Ed.)  Produktionsstyring med fokus på husdyrsundhed og fødevaresikkerhed i økologiske svinebesætninger: Rapport fra workshop afholdt på Hotel Bygholm Park 23. april 2003. FØJO Intern rapport, no. 54. Forskningscenter for Økologisk Jordbrug, chapter 4, pp. 27-34.</dc:identifier>
  <dc:relation>http://orgprints.org/3246/</dc:relation>
</oai_dc:dc>