<oai_dc:dc xmlns:oai_dc="http://www.openarchives.org/OAI/2.0/oai_dc/" xmlns:dc="http://purl.org/dc/elements/1.1/" xmlns:xsi="http://www.w3.org/2001/XMLSchema-instance" xsi:schemaLocation="http://www.openarchives.org/OAI/2.0/oai_dc/ http://www.openarchives.org/OAI/2.0/oai_dc.xsd">
  <dc:title>Spolorm er en hård nød at knække</dc:title>
  <dc:creator>Mejer, Helena</dc:creator>
  <dc:subject>Health and welfare</dc:subject>
  <dc:description>Den hyppigste indvoldsorm hos grise er spolormen. Den  smitter gennem mikroskopiske æg, som udskilles med grisens gødning. Disse æg kan overleve i lang tid i grisenes omgivelser og et ny forskningsprojekt forsøger at kortlægge smitte mønstre og niveauer i fem økologiske svinebesætninger, for bedre at kunne rådgive danske svienproducenter omkring prasitkontrol.</dc:description>
  <dc:date>2012-12</dc:date>
  <dc:type>Newspaper or magazine article</dc:type>
  <dc:type>NonPeerReviewed</dc:type>
  <dc:format>application/pdf</dc:format>
  <dc:identifier>http://orgprints.org/22095/6/22095.pdf</dc:identifier>
  <dc:identifier>Mejer, Helena    (2012) Spolorm er en hård nød at knække.   Svin, December 2012, 12, pp. 12-13.</dc:identifier>
  <dc:relation>http://orgprints.org/22095/</dc:relation>
</oai_dc:dc>