<oai_dc:dc xmlns:oai_dc="http://www.openarchives.org/OAI/2.0/oai_dc/" xmlns:dc="http://purl.org/dc/elements/1.1/" xmlns:xsi="http://www.w3.org/2001/XMLSchema-instance" xsi:schemaLocation="http://www.openarchives.org/OAI/2.0/oai_dc/ http://www.openarchives.org/OAI/2.0/oai_dc.xsd">
  <dc:title>Changes of late blight attack in conventional fields in the Nordic countries</dc:title>
  <dc:creator>Hannukkala, Asko</dc:creator>
  <dc:creator>Wiik, Lars</dc:creator>
  <dc:creator>Pedersen, Henrik</dc:creator>
  <dc:subject>Crop health, quality, protection</dc:subject>
  <dc:description>In Finland changes in the incidence and onset of potato late- blight epidemics were investigated and compared to possible changes in climate, presence of soil-borne inoculum, and aggressiveness of the blight population.&#xD;
&#xD;
In Sweden, Norway and Denmark late-blight occurs every year in potato crops, although the time of onset and the severity of the epidemic vary from one year to the next.</dc:description>
  <dc:publisher>Nordic Association of Agricultural Scientists</dc:publisher>
  <dc:date>2006</dc:date>
  <dc:type>Conference paper, poster, etc.</dc:type>
  <dc:type>NonPeerReviewed</dc:type>
  <dc:format>application/pdf</dc:format>
  <dc:identifier>http://orgprints.org/16043/1/potato2.pdf</dc:identifier>
  <dc:identifier>Hannukkala, Asko; Wiik, Lars and Pedersen, Henrik    (2006) Changes of late blight attack in conventional fields in the Nordic countries.   In:     NJF Report, Nordic Association of Agricultural Scientists, 2 (9), pp. 18-19.</dc:identifier>
  <dc:relation>http://orgprints.org/16043/</dc:relation>
</oai_dc:dc>