<oai_dc:dc xmlns:oai_dc="http://www.openarchives.org/OAI/2.0/oai_dc/" xmlns:dc="http://purl.org/dc/elements/1.1/" xmlns:xsi="http://www.w3.org/2001/XMLSchema-instance" xsi:schemaLocation="http://www.openarchives.org/OAI/2.0/oai_dc/ http://www.openarchives.org/OAI/2.0/oai_dc.xsd">
  <dc:title>Combinable protein crop production</dc:title>
  <dc:creator>Wright, Isobel</dc:creator>
  <dc:subject>Pasture and forage crops</dc:subject>
  <dc:subject>Crop combinations and interactions</dc:subject>
  <dc:subject>Weed management</dc:subject>
  <dc:description>This research topic review aims to summarise research knowledge and observational experience of combinable protein crop production in organic farming systems for the UK.  European research on peas, faba beans and lupins is included; considering their role in the rotation, nitrogen fixation, varieties, establishment, weed control, yields, problems experienced and intercropping with cereals.</dc:description>
  <dc:date>2008-01</dc:date>
  <dc:type>Other</dc:type>
  <dc:type>NonPeerReviewed</dc:type>
  <dc:format>application/pdf</dc:format>
  <dc:identifier>http://orgprints.org/5582/1/Res_review_7_wright.doc</dc:identifier>
  <dc:identifier>Wright, Isobel    (2008) Combinable protein crop production.   Institute of Organic Training and Advice, Craven Arms, Shropshire, UK.</dc:identifier>
  <dc:relation>http://orgprints.org/5582/</dc:relation>
</oai_dc:dc>