<oai_dc:dc xmlns:oai_dc="http://www.openarchives.org/OAI/2.0/oai_dc/" xmlns:dc="http://purl.org/dc/elements/1.1/" xmlns:xsi="http://www.w3.org/2001/XMLSchema-instance" xsi:schemaLocation="http://www.openarchives.org/OAI/2.0/oai_dc/ http://www.openarchives.org/OAI/2.0/oai_dc.xsd">
  <dc:title>Biolebensmittel bieten mehr</dc:title>
  <dc:creator>Niggli, Urs</dc:creator>
  <dc:subject>Food security, food quality and human health</dc:subject>
  <dc:description>Eine groß angelegte Metastudie zeigt: Ökoprodukte enthalten deutlich mehr wertvolle Inhaltsstoffe und dafür weniger Schwermetalle und Pestizidrückstände als konventionelle. Weitere Untersuchungen müssen jetzt zeigen, ob die Biolebensmittel dadurch auch nachweislich gesünder sind.</dc:description>
  <dc:date>2015</dc:date>
  <dc:type>Newspaper or magazine article</dc:type>
  <dc:type>NonPeerReviewed</dc:type>
  <dc:format>application/pdf</dc:format>
  <dc:identifier>http://orgprints.org/28031/1/niggli-2015-OEL-173-p39-41.pdf</dc:identifier>
  <dc:identifier>Niggli, Urs    (2015) Biolebensmittel bieten mehr.   Ökologie &amp; Landbau, 2015, 173, pp. 39-41.</dc:identifier>
  <dc:relation>http://orgprints.org/28031/</dc:relation>
</oai_dc:dc>