<oai_dc:dc xmlns:oai_dc="http://www.openarchives.org/OAI/2.0/oai_dc/" xmlns:dc="http://purl.org/dc/elements/1.1/" xmlns:xsi="http://www.w3.org/2001/XMLSchema-instance" xsi:schemaLocation="http://www.openarchives.org/OAI/2.0/oai_dc/ http://www.openarchives.org/OAI/2.0/oai_dc.xsd">
  <dc:title>Feldstudie zu Futtereigenschaften bei federpickenden Legehennen</dc:title>
  <dc:creator>Velik, Margit</dc:creator>
  <dc:creator>Baumung, Roswitha</dc:creator>
  <dc:creator>Zaludik, Katrina</dc:creator>
  <dc:creator>Niebuhr, Knut</dc:creator>
  <dc:creator>Zollitsch, Werner</dc:creator>
  <dc:subject>Poultry</dc:subject>
  <dc:description>Feedstuffs were analysed from 9 conventional and 12 organic farms which previously reported feather pecking in their laying hen flocks. Essential amino acid contents were significantly higher in conventional than in organic diets, while the latter matched suggested nutrient contents. Declared amino acid contents and results of analyses were in good agreement. Particle size of mash feedstuffs deviated from suggested values: percentages of coarse and medium particles were higher and lower, respectively, than suggested. Severity of feather pecking slightly correlated with dietary methionine content and with methionine:ME.</dc:description>
  <dc:publisher>kassel university press GmbH, Kassel</dc:publisher>
  <dc:contributor>Heß, J</dc:contributor>
  <dc:contributor>Rahmann, G</dc:contributor>
  <dc:date>2005</dc:date>
  <dc:type>Conference paper, poster, etc.</dc:type>
  <dc:type>NonPeerReviewed</dc:type>
  <dc:format>application/pdf</dc:format>
  <dc:identifier>http://orgprints.org/3543/1/3543.pdf</dc:identifier>
  <dc:identifier>Velik, Margit; Baumung, Roswitha; Zaludik, Katrina; Niebuhr, Knut and Zollitsch, Werner    (2005) Feldstudie zu Futtereigenschaften bei federpickenden Legehennen.  [Feed characteristics in feather pecking laying hens – a field study.]  In: Heß, J and Rahmann, G (Eds.)  Ende der Nische, Beiträge zur 8. Wissenschaftstagung Ökologischer Landbau, kassel university press GmbH, Kassel.</dc:identifier>
  <dc:relation>http://orgprints.org/3543/</dc:relation>
</oai_dc:dc>