<oai_dc:dc xmlns:oai_dc="http://www.openarchives.org/OAI/2.0/oai_dc/" xmlns:dc="http://purl.org/dc/elements/1.1/" xmlns:xsi="http://www.w3.org/2001/XMLSchema-instance" xsi:schemaLocation="http://www.openarchives.org/OAI/2.0/oai_dc/ http://www.openarchives.org/OAI/2.0/oai_dc.xsd">
  <dc:title>Regional Organic Sector Development Planning in China - Case Study in Suichang County of Zhejiang Province</dc:title>
  <dc:creator>Li, Yan</dc:creator>
  <dc:creator>Li, Gang</dc:creator>
  <dc:subject>Research methodology and philosophy</dc:subject>
  <dc:description>The development of organic sector planning in China has been briefly introduced. Based on the comparison analysis of the advantages and disadvantages for the development of regional organic sector of Shuichang County, the development strategy, priority projects and marketing of organic products of the county have been discussed, so as to workout a demonstrative model for promote regional sustainable development of organic sector.</dc:description>
  <dc:date>2014-10</dc:date>
  <dc:type>Conference paper, poster, etc.</dc:type>
  <dc:type>NonPeerReviewed</dc:type>
  <dc:format>application/pdf</dc:format>
  <dc:identifier>http://orgprints.org/23573/7/23573.pdf</dc:identifier>
  <dc:identifier>Li, Yan and Li, Gang    (2014) Regional Organic Sector Development Planning in China - Case Study in Suichang County of Zhejiang Province.       Paper at:   IFOAM Organic World Congress 2014, Istanbul, Turkey, 13-15 October 2014.     [Completed]</dc:identifier>
  <dc:relation>http://orgprints.org/23573/</dc:relation>
</oai_dc:dc>