<oai_dc:dc xmlns:oai_dc="http://www.openarchives.org/OAI/2.0/oai_dc/" xmlns:dc="http://purl.org/dc/elements/1.1/" xmlns:xsi="http://www.w3.org/2001/XMLSchema-instance" xsi:schemaLocation="http://www.openarchives.org/OAI/2.0/oai_dc/ http://www.openarchives.org/OAI/2.0/oai_dc.xsd">
  <dc:title>Projektet FruitGrowth præsenteret ved Food Festival 7-9 september 2012 (4 postere)</dc:title>
  <dc:creator>Bertelsen, Marianne</dc:creator>
  <dc:subject>Production systems</dc:subject>
  <dc:subject>Food security, food quality and human health</dc:subject>
  <dc:subject>Fruit and berries</dc:subject>
  <dc:subject>Breeding, genetics and propagation</dc:subject>
  <dc:subject>Crop health, quality, protection</dc:subject>
  <dc:subject>Weed management</dc:subject>
  <dc:subject>Post harvest management and techniques</dc:subject>
  <dc:description>Projektet FruitGrowth blev præsenteret på Food Festival 2012 den 7-9 september i Århus. Der blev formidlet viden om robuste sorter til økologisk æbleproduktion.</dc:description>
  <dc:date>2012-09-07</dc:date>
  <dc:type>Other</dc:type>
  <dc:type>NonPeerReviewed</dc:type>
  <dc:format>application/pdf</dc:format>
  <dc:identifier>http://orgprints.org/21716/1/21716a.pdf</dc:identifier>
  <dc:format>application/pdf</dc:format>
  <dc:identifier>http://orgprints.org/21716/2/21716b.pdf</dc:identifier>
  <dc:format>application/pdf</dc:format>
  <dc:identifier>http://orgprints.org/21716/7/21716c.pdf</dc:identifier>
  <dc:format>application/pdf</dc:format>
  <dc:identifier>http://orgprints.org/21716/8/21716d.pdf</dc:identifier>
  <dc:identifier>Bertelsen, Marianne    (2012) Projektet FruitGrowth præsenteret ved Food Festival 7-9 september 2012 (4 postere).   .</dc:identifier>
  <dc:relation>http://orgprints.org/21716/</dc:relation>
</oai_dc:dc>