<oai_dc:dc xmlns:oai_dc="http://www.openarchives.org/OAI/2.0/oai_dc/" xmlns:dc="http://purl.org/dc/elements/1.1/" xmlns:xsi="http://www.w3.org/2001/XMLSchema-instance" xsi:schemaLocation="http://www.openarchives.org/OAI/2.0/oai_dc/ http://www.openarchives.org/OAI/2.0/oai_dc.xsd">
  <dc:title>Entwicklung und Perspektiven des Ökologischen Landbaus in Mecklenburg-Vorpommern</dc:title>
  <dc:creator>Gruber, Harriet</dc:creator>
  <dc:creator>Kachel, Kai-Uwe</dc:creator>
  <dc:subject>Surveys and statistics</dc:subject>
  <dc:subject>Germany</dc:subject>
  <dc:description>593 farmers practice organic farming on 107.412 hectares in Mecklenburg-Prepomerania. This is more than 7 % of the agricultural area. 63 % of the organic farmland is greenland, that is why the cattle is important. Natural conditions, farm size and structure of farms are varying very much. Most of the production is sold via producer associations. The following analysis gives an overview of organic farming in Mecklenburg-Prepomerania.</dc:description>
  <dc:publisher>Landesforschungsanstalt für Landwirtschaft und Fischerei Mecklenburg-Vorpommern</dc:publisher>
  <dc:date>2004-09</dc:date>
  <dc:type>Journal paper</dc:type>
  <dc:type>NonPeerReviewed</dc:type>
  <dc:format>application/pdf</dc:format>
  <dc:identifier>http://orgprints.org/5120/1/h33-02.pdf</dc:identifier>
  <dc:identifier>Gruber, Harriet and Kachel, Kai-Uwe   (2004) Entwicklung und Perspektiven des Ökologischen Landbaus in Mecklenburg-Vorpommern.   Mitteilungen der Landesforschungsanstalt für Landwirtschaft und Fischerei Mecklenburg-Vorpommern, 33.</dc:identifier>
  <dc:relation>http://orgprints.org/5120/</dc:relation>
</oai_dc:dc>