<oai_dc:dc xmlns:oai_dc="http://www.openarchives.org/OAI/2.0/oai_dc/" xmlns:dc="http://purl.org/dc/elements/1.1/" xmlns:xsi="http://www.w3.org/2001/XMLSchema-instance" xsi:schemaLocation="http://www.openarchives.org/OAI/2.0/oai_dc/ http://www.openarchives.org/OAI/2.0/oai_dc.xsd">
  <dc:title>Organic Regulations 2006</dc:title>
  <dc:creator>Huber, Beate</dc:creator>
  <dc:creator>Kilcher, Lukas</dc:creator>
  <dc:creator>Schmid, Otto</dc:creator>
  <dc:subject>Regulation</dc:subject>
  <dc:description>According to "The World of Organic Agriculture 2006", 2006 was a dynamic year for the development of legal frameworks for organic production worldwide, particularly in Latin America. In addition to the much followed and still uncompleted revision of the EU Regulation 2092/91, 12 countries join the ranks of those with regulations in 2006. Half of these countries were in Latin America. In comparison, only one country was added to the list between 2005 to 2004.</dc:description>
  <dc:publisher>Grolink AB</dc:publisher>
  <dc:date>2007</dc:date>
  <dc:type>Journal paper</dc:type>
  <dc:type>NonPeerReviewed</dc:type>
  <dc:format>application/pdf</dc:format>
  <dc:identifier>http://orgprints.org/13367/1/huber-etal-2007-TOS_70_organic-regulations-2006.pdf</dc:identifier>
  <dc:identifier>Huber, Beate; Kilcher, Lukas and Schmid, Otto   (2007) Organic Regulations 2006.   The Organic Standard (70), p. 14.</dc:identifier>
  <dc:relation>http://orgprints.org/13367/</dc:relation>
</oai_dc:dc>