<oai_dc:dc xmlns:oai_dc="http://www.openarchives.org/OAI/2.0/oai_dc/" xmlns:dc="http://purl.org/dc/elements/1.1/" xmlns:xsi="http://www.w3.org/2001/XMLSchema-instance" xsi:schemaLocation="http://www.openarchives.org/OAI/2.0/oai_dc/ http://www.openarchives.org/OAI/2.0/oai_dc.xsd">
  <dc:title>To what extent does organic farming rely on nutrient inflows from conventional farming?</dc:title>
  <dc:creator>Nowak, B.</dc:creator>
  <dc:creator>Nesme, T.</dc:creator>
  <dc:creator>David, Christophe</dc:creator>
  <dc:creator>Pellerin, S.</dc:creator>
  <dc:subject>Nutrient turnover</dc:subject>
  <dc:subject>Soil</dc:subject>
  <dc:description>Nutrient management is a critical factor for organic farming. European organic regulations ban the use of artificial fertilisers. However organic farms may import nutrients coming from conventional farming. In this study we quantified the magnitude of nitrogen (N), phosphorus (P) and potassium (K) inflows from conventional farming to organic farming for 63 organic farms located in three French agricultural districts characterized by their degree of specialisation (crop productions, animal productions or both). Inflows from conventional farming amounted to 23%, 73% and 53% for N, P and K, respectively. These inflows were strongly correlated with farm production systems and positively correlated with the fertilisor demand of the farms.</dc:description>
  <dc:date>2013-11</dc:date>
  <dc:type>Journal paper</dc:type>
  <dc:type>NonPeerReviewed</dc:type>
  <dc:format>application/pdf</dc:format>
  <dc:identifier>http://orgprints.org/26327/1/Nowak_2013_CIAG_Vol32.pdf</dc:identifier>
  <dc:identifier>Nowak, B.; Nesme, T.; David, Christophe and Pellerin, S.   (2013) To what extent does organic farming rely on nutrient inflows from conventional farming?  [Quelle est l'importance des transferts d'éléments minéraux de l'agriculture conventionnelle vers l'agriculture biologique?]  Innovations Agronomiques, 32, pp. 175-183.</dc:identifier>
  <dc:relation>http://orgprints.org/26327/</dc:relation>
</oai_dc:dc>