<oai_dc:dc xmlns:oai_dc="http://www.openarchives.org/OAI/2.0/oai_dc/" xmlns:dc="http://purl.org/dc/elements/1.1/" xmlns:xsi="http://www.w3.org/2001/XMLSchema-instance" xsi:schemaLocation="http://www.openarchives.org/OAI/2.0/oai_dc/ http://www.openarchives.org/OAI/2.0/oai_dc.xsd">
  <dc:title>Pheromones in pest control on currants : experiences of monitoring, disruption and mass trapping</dc:title>
  <dc:creator>Tuovinen, Tuomo</dc:creator>
  <dc:creator>Kemppainen, Riitta</dc:creator>
  <dc:creator>Kivijärvi, Pirjo</dc:creator>
  <dc:creator>Kauppinen, Sanna</dc:creator>
  <dc:subject>Crop health, quality, protection</dc:subject>
  <dc:description>Pheromones; current practice for monitoring of moths in Finland, control experiments in Finland: mating disruption and mass trapping.</dc:description>
  <dc:date>2005</dc:date>
  <dc:type>Conference paper, poster, etc.</dc:type>
  <dc:type>NonPeerReviewed</dc:type>
  <dc:format>application/pdf</dc:format>
  <dc:identifier>http://orgprints.org/10738/1/feromoni.pdf</dc:identifier>
  <dc:identifier>Tuovinen, Tuomo; Kemppainen, Riitta; Kivijärvi, Pirjo and Kauppinen, Sanna    (2005) Pheromones in pest control on currants : experiences of monitoring, disruption and mass trapping.       Poster at:   Environmentally friendly fruit growing -conference, Estonia, Tartu, 8.9.2005.     [Unpublished]</dc:identifier>
  <dc:relation>http://orgprints.org/10738/</dc:relation>
</oai_dc:dc>