<oai_dc:dc xmlns:oai_dc="http://www.openarchives.org/OAI/2.0/oai_dc/" xmlns:dc="http://purl.org/dc/elements/1.1/" xmlns:xsi="http://www.w3.org/2001/XMLSchema-instance" xsi:schemaLocation="http://www.openarchives.org/OAI/2.0/oai_dc/ http://www.openarchives.org/OAI/2.0/oai_dc.xsd">
  <dc:title>Sales on organic farms in Poland</dc:title>
  <dc:creator>Łuczka-Bakuła, prof. Władysława</dc:creator>
  <dc:creator>Smoluk-Sikorska, mgr Joanna</dc:creator>
  <dc:subject>"Organics" in general</dc:subject>
  <dc:description>This paper gives information on sales of organic products at a farm level in Poland. It&#xD;
presents the results of the investigation conducted in 188 organic farms in 2006. The&#xD;
results show that the most significant distribution form is direct sales, both in crop and&#xD;
livestock production. The access to other distribution forms (e.g. specialist channels,&#xD;
conventional retail chains) is very limited for farmers. Moreover, low development of&#xD;
wholesales and scattering of organic farms cause that farmers often have to take the&#xD;
relatively high transportation cost over, which lowers the production profitability.&#xD;
Therefore, in this situation the only efficient option is direct sales.</dc:description>
  <dc:date>2009</dc:date>
  <dc:type>Conference paper, poster, etc.</dc:type>
  <dc:type>NonPeerReviewed</dc:type>
  <dc:format>application/pdf</dc:format>
  <dc:identifier>http://orgprints.org/14325/1/LuczkaBakula_14325.pdf</dc:identifier>
  <dc:identifier>Łuczka-Bakuła, prof. Władysława and Smoluk-Sikorska, mgr Joanna    (2009) Sales on organic farms in Poland.       Poster at:   10. Wissenschaftstagung Ökologischer Landbau, Zürich, 11.-13. Februar 2009.</dc:identifier>
  <dc:relation>http://orgprints.org/14325/</dc:relation>
</oai_dc:dc>