<oai_dc:dc xmlns:oai_dc="http://www.openarchives.org/OAI/2.0/oai_dc/" xmlns:dc="http://purl.org/dc/elements/1.1/" xmlns:xsi="http://www.w3.org/2001/XMLSchema-instance" xsi:schemaLocation="http://www.openarchives.org/OAI/2.0/oai_dc/ http://www.openarchives.org/OAI/2.0/oai_dc.xsd">
  <dc:title>Impacts of farming practice within organic farming systems on below-ground ecology and ecosystem function</dc:title>
  <dc:creator>Stockdale, E A</dc:creator>
  <dc:creator>Phillips, L</dc:creator>
  <dc:creator>Watson, C A</dc:creator>
  <dc:subject>Soil biology</dc:subject>
  <dc:subject>Biodiversity and ecosystem services</dc:subject>
  <dc:subject>Soil tillage</dc:subject>
  <dc:description>Maintaining ecosystem function is a key issue for sustainable farming systems which contribute broadly to global ecosystem health. A focus simply on the diversity of belowground organisms is not sufficient and there is a need to consider the contribution of below-ground biological processes to the maintenance and enhancement of soil function and ecosystem services. A critical literature review on the impacts of land management practices on below-ground ecology and function shows that farm management practices can have a major impact. A particular challenge for organic farming systems is to explore to what extent reduced tillage can be adopted to the benefit of below-ground ecology without critically upsetting the whole farm management balance.</dc:description>
  <dc:publisher>Association of Applied Biologists</dc:publisher>
  <dc:contributor>Atkinson, C</dc:contributor>
  <dc:contributor>Ball, B</dc:contributor>
  <dc:contributor>Davies, D H K</dc:contributor>
  <dc:contributor>Rees, R</dc:contributor>
  <dc:contributor>Russell, G</dc:contributor>
  <dc:contributor>Stockdale, E A</dc:contributor>
  <dc:contributor>Watson, C A</dc:contributor>
  <dc:contributor>Walker, R</dc:contributor>
  <dc:contributor>Younie, D</dc:contributor>
  <dc:date>2006</dc:date>
  <dc:type>Conference paper, poster, etc.</dc:type>
  <dc:type>NonPeerReviewed</dc:type>
  <dc:format>application/pdf</dc:format>
  <dc:identifier>http://orgprints.org/10166/1/Impacts_of_farming_practice_within_organic_farming_systems_on_below-ground_ecology_and_ecosystem_function.pdf</dc:identifier>
  <dc:identifier>Stockdale, E A; Phillips, L and Watson, C A    (2006) Impacts of farming practice within organic farming systems on below-ground ecology and ecosystem function.   In: Atkinson, C; Ball, B; Davies, D H K; Rees, R; Russell, G; Stockdale, E A; Watson, C A; Walker, R and Younie, D (Eds.)  Aspects of Applied Biology 79, What will organic farming deliver? COR 2006, Association of Applied Biologists, pp. 43-46.</dc:identifier>
  <dc:relation>http://orgprints.org/10166/</dc:relation>
</oai_dc:dc>