<oai_dc:dc xmlns:oai_dc="http://www.openarchives.org/OAI/2.0/oai_dc/" xmlns:dc="http://purl.org/dc/elements/1.1/" xmlns:xsi="http://www.w3.org/2001/XMLSchema-instance" xsi:schemaLocation="http://www.openarchives.org/OAI/2.0/oai_dc/ http://www.openarchives.org/OAI/2.0/oai_dc.xsd">
  <dc:title>Udbytte, kvalitet og smag i økologisk grønsagsproduktion</dc:title>
  <dc:creator>Thorup-Kristensen, Kristian</dc:creator>
  <dc:subject>Crop health, quality, protection</dc:subject>
  <dc:subject>Farm nutrient management</dc:subject>
  <dc:subject>Vegetables</dc:subject>
  <dc:description>The article describes the work of the VegQure crop rotation study with vegetable crops, comparing effects of conventional and different types of organic production on yield, field biology, product quality, and environmental effects.</dc:description>
  <dc:date>2008-08</dc:date>
  <dc:type>Newspaper or magazine article</dc:type>
  <dc:type>NonPeerReviewed</dc:type>
  <dc:format>application/pdf</dc:format>
  <dc:identifier>http://orgprints.org/14776/1/14776.pdf</dc:identifier>
  <dc:identifier>Thorup-Kristensen, Kristian    (2008) Udbytte, kvalitet og smag i økologisk grønsagsproduktion.  [Yield, quality and taste i organic vegetable production.]  Landbrugsavisen, August 2008.</dc:identifier>
  <dc:relation>http://orgprints.org/14776/</dc:relation>
</oai_dc:dc>