<oai_dc:dc xmlns:oai_dc="http://www.openarchives.org/OAI/2.0/oai_dc/" xmlns:dc="http://purl.org/dc/elements/1.1/" xmlns:xsi="http://www.w3.org/2001/XMLSchema-instance" xsi:schemaLocation="http://www.openarchives.org/OAI/2.0/oai_dc/ http://www.openarchives.org/OAI/2.0/oai_dc.xsd">
  <dc:title>Evaluation participative de scénarios : quelles&#xD;
perspectives pour les systèmes agricoles camarguais ?</dc:title>
  <dc:creator>Delmotte, Sylvestre</dc:creator>
  <dc:subject>Farming Systems</dc:subject>
  <dc:subject>Systems research and participatory research</dc:subject>
  <dc:description>Les systèmes agricoles sont en constante évolution sous les effets conjugués d'innovations techniques et organisationnelles et de changements du contexte socio-économique. A l'échelle d'un territoire, des acteurs locaux peuvent encourager et accompagner des changements de ce type s'ils ont une vision claire de leurs impacts potentiels. L'objectif de cette thèse est d'élaborer et d'appliquer une démarche permettant d'assister agriculteurs et autres acteurs locaux d'un territoire dans la construction et l'évaluation de scénarios d'évolutions des systèmes agricoles. Une démarche basée sur des approches permettant une analyse prospective, multicritères, multi-échelles et participative d'évaluation des systèmes agricoles a été développée. Elle a été mise en oeuvre en Camargue (sud-est de la France), avec des exploitants céréaliers et des acteurs de la production agricole et de la gestion du territoire. Des scénarios portant sur la réforme de la politique agricole commune (PAC) en 2012-2014, ainsi que sur des objectifs nationaux de réduction de la consommation de pesticides et de développement de l'agriculture biologique ont été développés. Ces perspectives d'évolution des systèmes agricoles camarguais ont été évaluées, via la formalisation de nombreuses données et connaissances. Deux outils de modélisation ont été utilisés : un modèle multi-agent a permis la mise en place de séances de simulation interactives avec des agriculteurs, et un modèle bioéconomique a été développé et utilisé avec des acteurs locaux tels que le syndicat des riziculteurs et le parc naturel régional. Les scénarios portant sur la réforme de la PAC ont confirmé la dépendance des exploitations rizicoles aux subventions. Des agriculteurs ont testé différentes stratégies d'adaptation de leurs exploitations à la suppression de l'aide couplée à la production rizicole. Ces stratégies, souvent basées sur la diversification des activités ou sur la conversion à l'agriculture biologique, ne permettaient pas de compenser les pertes économiques liées à la disparition de l'aide couplée. A l'échelle du territoire, ces stratégies réduiraient fortement la surface cultivée en riz, avec des impacts importants sur d'autres activités en lien avec la production agricole. Cependant ces stratégies vont dans le sens des objectifs gouvernementaux de réduction des impacts de l'agriculture sur l'environnement. Des scénarios portant spécifiquement sur ces objectifs ont permis d'identifier des marges de manoeuvre importantes au niveau des exploitations céréalières camarguaises. Cette thèse propose un cadre pour la mise en oeuvre de démarches d'évaluation des systèmes agricoles dans un territoire, qui associe les agriculteurs et les acteurs locaux à différentes étapes, depuis leur engagement pour le choix des scénarios, l'acquisition et l'analyse des données, la construction des outils de simulation et l'évaluation de scénarios. La combinaison de différents outils de modélisation pour la réalisation de réflexions collectives, pourrait contribuer à la mise en place d'actions pour un développement durable de l'agriculture.</dc:description>
  <dc:date>2011</dc:date>
  <dc:type>Thesis</dc:type>
  <dc:type>NonPeerReviewed</dc:type>
  <dc:format>application/pdf</dc:format>
  <dc:identifier>http://orgprints.org/27933/1/Delmotte_2011_PhDThesis.pdf</dc:identifier>
  <dc:identifier>Delmotte, Sylvestre   (2011) Evaluation participative de scénarios : quelles perspectives pour les systèmes agricoles camarguais ?    PhD thesis, Montpellier SupAgro.  .   [Completed]</dc:identifier>
  <dc:relation>http://orgprints.org/27933/</dc:relation>
</oai_dc:dc>