<oai_dc:dc xmlns:oai_dc="http://www.openarchives.org/OAI/2.0/oai_dc/" xmlns:dc="http://purl.org/dc/elements/1.1/" xmlns:xsi="http://www.w3.org/2001/XMLSchema-instance" xsi:schemaLocation="http://www.openarchives.org/OAI/2.0/oai_dc/ http://www.openarchives.org/OAI/2.0/oai_dc.xsd">
  <dc:title>Bumble bees as entomovectors in open fields of strawberry</dc:title>
  <dc:creator>Mänd, Marika</dc:creator>
  <dc:creator>Karise, Reet</dc:creator>
  <dc:subject>Biodiversity and ecosystem services</dc:subject>
  <dc:subject>Crop health, quality, protection</dc:subject>
  <dc:description>Bumble bees as entomovectors in open fields of strawberry were studied.</dc:description>
  <dc:date>2013</dc:date>
  <dc:type>Conference paper, poster, etc.</dc:type>
  <dc:type>NonPeerReviewed</dc:type>
  <dc:format>application/pdf</dc:format>
  <dc:identifier>http://orgprints.org/28642/1/M%C3%A4nd%20ja%20Karise%202013.pdf</dc:identifier>
  <dc:identifier>Mänd, Marika and Karise, Reet    (2013) Bumble bees as entomovectors in open fields of strawberry.   In:     Proceedings of the 65th International Symposium on Crop Protection, p. 122.</dc:identifier>
  <dc:relation>http://orgprints.org/28642/</dc:relation>
</oai_dc:dc>