<oai_dc:dc xmlns:oai_dc="http://www.openarchives.org/OAI/2.0/oai_dc/" xmlns:dc="http://purl.org/dc/elements/1.1/" xmlns:xsi="http://www.w3.org/2001/XMLSchema-instance" xsi:schemaLocation="http://www.openarchives.org/OAI/2.0/oai_dc/ http://www.openarchives.org/OAI/2.0/oai_dc.xsd">
  <dc:title>Manejo de Thrips tabaci em cebola orgânica com terra de diatomáceas.</dc:title>
  <dc:creator>Gonçalves, Paulo Antonio de Souza</dc:creator>
  <dc:subject>Crop combinations and interactions</dc:subject>
  <dc:subject>Crop husbandry</dc:subject>
  <dc:description>O objetivo deste trabalho foi avaliar o efeito da terra de diatomáceas sobre a incidência de tripes e a produtividade e o peso médio de bulbos em cebola no sistema orgânico. O trabalho foi conduzido entre agosto e dezembro de 2004 e de 2006. Em 2004, os tratamentos constaram de pulverização de terra de diatomáceas a 1% , 2% e 3% , e testemunha sem aplicação. Em 2006 usou-se terra de diatomáceas pulverizada a 0,5% e 1% , e em aplicação no sulco de plantio, nas dos e s de 40 k g/h a aos 30 dias após transplante (DAT) e 45 DAT;60 k g/h a aos 30 e 45 DAT;20 k g/h a aos 30 e 45 DAT;30 k g/h a aos 30 e 45 DAT, e testemunha sem aplicação. O delineamento foi de blocos ao acas o com quatro repetições. A terra de diatomáceas não reduziu a população do inseto, nem alterou a produtividade e o peso médio de bulbos . A corre lação do inseto e o rendimento não foram significativamente negativos , o que sugere ser possível produzir cebola orgânica sem o uso de inseticidas naturais para o manejo de tripes.</dc:description>
  <dc:date>2007-10-16</dc:date>
  <dc:type>Journal paper</dc:type>
  <dc:type>NonPeerReviewed</dc:type>
  <dc:format>application/pdf</dc:format>
  <dc:identifier>http://orgprints.org/27340/1/Gon%C3%A7alves_Manejo.pdf</dc:identifier>
  <dc:identifier>Gonçalves, Paulo Antonio de Souza    (2007) Manejo de Thrips tabaci em cebola orgânica com terra de diatomáceas.  [Thrips tabaci management in organic onion using diatomaceous eart.]  Revista Brasileira de Agroecologia, 2 (3), p. 67.     [In Press]</dc:identifier>
  <dc:relation>http://orgprints.org/27340/</dc:relation>
</oai_dc:dc>