<oai_dc:dc xmlns:oai_dc="http://www.openarchives.org/OAI/2.0/oai_dc/" xmlns:dc="http://purl.org/dc/elements/1.1/" xmlns:xsi="http://www.w3.org/2001/XMLSchema-instance" xsi:schemaLocation="http://www.openarchives.org/OAI/2.0/oai_dc/ http://www.openarchives.org/OAI/2.0/oai_dc.xsd">
  <dc:title>Forschungsinstitut für biologischen Landbau (FiBL), Research Institute of Organic Agriculture (FiBL)</dc:title>
  <dc:description>Das Forschungsinstitut für biologischen Landbau (FiBL) ist weltweit das führende Wissens- und Dokumentationszentrum für Biolandbau. Die enge Verzahnung verschiedener Forschungsgebiete und der rasche Wissenstransfer von der Forschung zur Beratung und in die Praxis sind die Stärken des FiBL. 2001 wurde das Schwesterinstitut FiBL Deutschland gegründet; 2004 das FiBL Østerreich.</dc:description>
  <dc:type>Organization description</dc:type>
  <dc:type>NonPeerReviewed</dc:type>
  <dc:format>application/pdf</dc:format>
  <dc:identifier>http://orgprints.org/607/2/taetigkeitsbericht-2002.pdf</dc:identifier>
  <dc:format>application/pdf</dc:format>
  <dc:identifier>http://orgprints.org/607/3/rapport-activite-2002.pdf</dc:identifier>
  <dc:format>application/pdf</dc:format>
  <dc:identifier>http://orgprints.org/607/4/annual-report-2002.pdf</dc:identifier>
  <dc:identifier>{Organization}     Forschungsinstitut für biologischen Landbau (FiBL), Research Institute of Organic Agriculture (FiBL).     Organization Leader(s): Niggli, Dr. Urs.</dc:identifier>
  <dc:relation>http://orgprints.org/607/</dc:relation>
</oai_dc:dc>