<oai_dc:dc xmlns:oai_dc="http://www.openarchives.org/OAI/2.0/oai_dc/" xmlns:dc="http://purl.org/dc/elements/1.1/" xmlns:xsi="http://www.w3.org/2001/XMLSchema-instance" xsi:schemaLocation="http://www.openarchives.org/OAI/2.0/oai_dc/ http://www.openarchives.org/OAI/2.0/oai_dc.xsd">
  <dc:title>Entwicklung der Humusgehalte und der Humusqualität &#xD;
in verschiedenen Fruchtfolgen des ökologischen Landbaus</dc:title>
  <dc:creator>Urbatzka, Peer</dc:creator>
  <dc:creator>Beck, Robert</dc:creator>
  <dc:subject>Soil quality</dc:subject>
  <dc:subject>Crop combinations and interactions</dc:subject>
  <dc:description>A high turnover of Humus is one of the goals in organic farming. The effect of different crop rotations on the content and the quality of humus was examined in two long term field experiments in Bavaria, South Germany. The three and five years crop rotations differed in the utilization of grass clover swards (cutting or mulching), in the following crops (potatoes or barley) in the portion of grass clover swards (33 and 40 %) and in the legume art (grass clover or grain legume). The soil samples were taken in 1998 (beginning of the trials), in 2010 and in 2013 and were analyzed for Corg and Nt.&#xD;
The development of the Corg- and Nt-contents was better in the crop rotations with grass clover swards (increasing) than in the crop rotation with grain legume (rising or unchanged,). With one exception, no differences were determined between the crop rotations with grass clover swards concerning the development of these contents.</dc:description>
  <dc:publisher>Verlag Dr. Köster, Berlin</dc:publisher>
  <dc:date>2014-09-01</dc:date>
  <dc:type>Conference paper, poster, etc.</dc:type>
  <dc:type>NonPeerReviewed</dc:type>
  <dc:format>application/pdf</dc:format>
  <dc:identifier>http://orgprints.org/26879/1/26879_urbatzka.pdf</dc:identifier>
  <dc:identifier>Urbatzka, Peer and Beck, Robert    (2014) Entwicklung der Humusgehalte und der Humusqualität in verschiedenen Fruchtfolgen des ökologischen Landbaus.       Paper at:   13. Wissenschaftstagung Ökologischer Landbau, Hochschule für nachhaltige Entwicklung Eberswalde, 17. - 20. März 2015.</dc:identifier>
  <dc:relation>http://orgprints.org/26879/</dc:relation>
</oai_dc:dc>