<oai_dc:dc xmlns:oai_dc="http://www.openarchives.org/OAI/2.0/oai_dc/" xmlns:dc="http://purl.org/dc/elements/1.1/" xmlns:xsi="http://www.w3.org/2001/XMLSchema-instance" xsi:schemaLocation="http://www.openarchives.org/OAI/2.0/oai_dc/ http://www.openarchives.org/OAI/2.0/oai_dc.xsd">
  <dc:title>Diversifizierung, Spezialisierung, Kooperation im ökologischen Landbau: Konzepte und Strategien zur Verbesserung des Betriebsmanagements und der Arbeitsorganisation</dc:title>
  <dc:creator>Zander, Katrin</dc:creator>
  <dc:creator>Plagge, Jan</dc:creator>
  <dc:creator>Strohm-Lömpcke, Renate</dc:creator>
  <dc:subject>Education, extension and communication</dc:subject>
  <dc:subject>Farm economics</dc:subject>
  <dc:description>Ziel dieses Forschungsvorhabens war es, Beratern und Betriebsleitern Hilfestellungen an die Hand zu geben, um den betrieblichen Entwicklungsprozess – sei es in Richtung Spezialisierung, sei es in Richtung Diversifizierung – und die damit verbundenen Neuerungen im Betriebsmanagement zu meistern bzw. zu begleiten. &#xD;
Im Rahmen von persönlichen Interviews wurden mit Hilfe eines teilstandardisierten Fragebogens die Entwicklungsverläufe von 40 ökonomisch erfolgreich wirtschaftenden Ökobetrieben erhoben. Diese wurden zu Verlaufstypen zusammengefasst und darauf aufbauend in vier verschiedene Strategietypen eingeteilt: die klassischen Diversifizierer, die Teildiversifizierer, die Konzentrierer und Integrierer sowie die reinen Spezialisierer. In fast allen Betrieben wurde über die Integration von Verarbeitungs- und/oder Vermarktungsaktivitäten eine hohe Wertschöpfung erzielt oder in der Primärproduktion entsprechend hochwertige Kulturen wie Kartoffeln und Feldgemüse angebaut. Besonders im Fokus der empirischen Untersuchung stand die Frage, welchen Einfluss die Betriebsleiterpersönlichkeit auf die betriebliche Entwicklung hat. Über die Erstellung eines DISG-Persönlichkeitsprofils konnten bei der Mehrheit der Betriebe explorativ Zusammenhänge zwischen dem durch das Profil ausgewiesenen Verhaltenstyp und der strategischen Ausrichtung der Betriebe aufgezeigt werden. &#xD;
Neben der Identifizierung von Strategietypen an sich waren diese Ergebnisse besonders wichtig für die in der zweiten Phase des Forschungsvorhabens realisierte Konzeption eines Strategieberatungsangebotes. So wurde vom Projektteam ein Werkzeugkoffer für das neue Beratungsangebot erarbeitet, der neben dem DISG-Persönlichkeitsprofil weitere für die Beratungspraxis neue methodische Elemente enthält. In der sich anschließenden Erprobungsphase wurde das Strategieberatungsangebot auf acht Betrieben, die vor einer betrieblichen Neuausrichtung stehen, getestet und über eine intensive Rückkoppelung zwischen Landwirten und Projektteam zur Praxisreife weiterentwickelt.</dc:description>
  <dc:date>2008</dc:date>
  <dc:type>Report</dc:type>
  <dc:type>NonPeerReviewed</dc:type>
  <dc:format>application/pdf</dc:format>
  <dc:identifier>http://orgprints.org/14861/1/14861-03OE454-vTI-bioland-plagge-2008-betriebsmanagement.pdf</dc:identifier>
  <dc:identifier>Zander, Katrin; Plagge, Jan and Strohm-Lömpcke, Renate         (2008) Diversifizierung, Spezialisierung, Kooperation im ökologischen Landbau: Konzepte und Strategien zur Verbesserung des Betriebsmanagements und der Arbeitsorganisation.  [Diversification, specialisation, cooperation in organic farming: Concepts and strategies to improve farm management and organisation.]   Johann Heinrich von Thünen-Institut (vTI), Braunschweig und Bioland Beratung, Augsburg.</dc:identifier>
  <dc:relation>http://orgprints.org/14861/</dc:relation>
</oai_dc:dc>