<oai_dc:dc xmlns:oai_dc="http://www.openarchives.org/OAI/2.0/oai_dc/" xmlns:dc="http://purl.org/dc/elements/1.1/" xmlns:xsi="http://www.w3.org/2001/XMLSchema-instance" xsi:schemaLocation="http://www.openarchives.org/OAI/2.0/oai_dc/ http://www.openarchives.org/OAI/2.0/oai_dc.xsd">
  <dc:title>Ergebnisse aus dem Forschungsprojekt über den Einfluss der Schnittstärke auf den Handausdünnungsaufwand bei der Sorte ‘Elstar‘ in den Jahren 2004 und 2005</dc:title>
  <dc:creator>Eis, Birgit</dc:creator>
  <dc:subject>Crop health, quality, protection</dc:subject>
  <dc:subject>Fruit and berries</dc:subject>
  <dc:description>This trial took place in an organic fruit growing farm located near Lake Constance with the variety ‘Elstar’ planted in 1995. In 2004 and 2005 one variant (control) was pruned normally during the winter, the other variant was pruned more intensively to reduce the amount of flower buds. In 2004 at both variants the num-ber of apples was reduced to 165 apples/tree at the end of May. Time for thinning by hand was cut down significantly in the intensively pruned variant. In addition at harvest the number of apples with bigger diame-ters, especially 75-80 mm, increased. Moreover the number of flower buds for the next season rose by 20 %. Therefore in 2005 the yield per tree at the intensively pruned variant increased about 15 %, but also the working hours for pruning rose, too. The research project was financed by the Bundesprogramm Ökolo-gischer Landbau.</dc:description>
  <dc:publisher>Fördergemeinschaft Ökologischer Obstbau e.V. (FÖKO), Traubenplatz 5, D-74189 Weinsberg</dc:publisher>
  <dc:contributor>Boos, Markus</dc:contributor>
  <dc:date>2006</dc:date>
  <dc:type>Conference paper, poster, etc.</dc:type>
  <dc:type>NonPeerReviewed</dc:type>
  <dc:format>application/pdf</dc:format>
  <dc:identifier>http://orgprints.org/9021/1/ecofruit_12th_34.pdf</dc:identifier>
  <dc:identifier>Eis, Birgit    (2006) Ergebnisse aus dem Forschungsprojekt über den Einfluss der Schnittstärke auf den Handausdünnungsaufwand bei der Sorte ‘Elstar‘ in den Jahren 2004 und 2005.  [Results of a Research Project about the influence of pruning intensity on cost of thinning by hand with the Variety ’Elstar’ in 2004 and 2005.]  In: Boos, Markus (Ed.)  ecofruit - 12th International Conference on Cultivation Technique and Phytopathological Problems in Organic Fruit-Growing: Proceedings to the Conference from 31st January to 2nd February 2006 at Weinsberg/Germany, Fördergemeinschaft Ökologischer Obstbau e.V. (FÖKO), Traubenplatz 5, D-74189 Weinsberg, pp. 198-203.</dc:identifier>
  <dc:relation>http://orgprints.org/9021/</dc:relation>
</oai_dc:dc>