<oai_dc:dc xmlns:oai_dc="http://www.openarchives.org/OAI/2.0/oai_dc/" xmlns:dc="http://purl.org/dc/elements/1.1/" xmlns:xsi="http://www.w3.org/2001/XMLSchema-instance" xsi:schemaLocation="http://www.openarchives.org/OAI/2.0/oai_dc/ http://www.openarchives.org/OAI/2.0/oai_dc.xsd">
  <dc:title>Low oxygen improves storage possibility of organic Elstar apples</dc:title>
  <dc:creator>Andersen, Lillie</dc:creator>
  <dc:creator>Köpcke, Dirk</dc:creator>
  <dc:creator>Bertelsen, Marianne</dc:creator>
  <dc:creator>Lindhard Pedersen, Hanne</dc:creator>
  <dc:subject>Farming Systems</dc:subject>
  <dc:subject>Fruit and berries</dc:subject>
  <dc:subject>Crop health, quality, protection</dc:subject>
  <dc:subject>Post harvest management and techniques</dc:subject>
  <dc:description>Organic apples can be stored for a period of five month with a high quality after storage at dynamic controlled atmosphere. Deliverable D.22 Draft.</dc:description>
  <dc:date>2014-12-16</dc:date>
  <dc:type>Journal paper</dc:type>
  <dc:type>NonPeerReviewed</dc:type>
  <dc:format>application/pdf</dc:format>
  <dc:identifier>http://orgprints.org/27968/8/27968.pdf</dc:identifier>
  <dc:identifier>Andersen, Lillie; Köpcke, Dirk; Bertelsen, Marianne and Lindhard Pedersen, Hanne   (2014) Low oxygen improves storage possibility of organic Elstar apples.   Food Science and Technology International.   [draft]</dc:identifier>
  <dc:relation>http://orgprints.org/27968/</dc:relation>
</oai_dc:dc>