<oai_dc:dc xmlns:oai_dc="http://www.openarchives.org/OAI/2.0/oai_dc/" xmlns:dc="http://purl.org/dc/elements/1.1/" xmlns:xsi="http://www.w3.org/2001/XMLSchema-instance" xsi:schemaLocation="http://www.openarchives.org/OAI/2.0/oai_dc/ http://www.openarchives.org/OAI/2.0/oai_dc.xsd">
  <dc:title>Spolupráce s výzkumníky se vyplácí</dc:title>
  <dc:creator>Capounova, Katerina</dc:creator>
  <dc:subject>Technology transfer</dc:subject>
  <dc:description>V České republice se ekologické zemědělství (EZ) často spojuje s představou prvorepublikového hospodaření „našich prababiček“, v lepším případě se pak považuje za marginální formu hospodaření, vhodnou pro zajištění údržby travních porostů v horských a podhorských oblastech. Ve většině vyspělých zemí ovšem ekologické zemědělství působí jako inovační lídr v oblasti moderního udržitelného hospodaření. Z výsledků původně ekozemědělsky zaměřených výzkumů těží dnes už řada běžně rozšířených agrotechnik a postupů i v jiných zemědělských systémech.</dc:description>
  <dc:date>2013</dc:date>
  <dc:type>Newspaper or magazine article</dc:type>
  <dc:type>NonPeerReviewed</dc:type>
  <dc:format>application/pdf</dc:format>
  <dc:identifier>http://orgprints.org/24937/1/spolupr%C3%A1ce%20s%20v%C3%BDzkumn%C3%ADky.pdf</dc:identifier>
  <dc:identifier>Capounova, Katerina    (2013) Spolupráce s výzkumníky se vyplácí.  [Cooperation with researchers pays off.]  Zemědělec, 2013, 2013 (49), p. 28.</dc:identifier>
  <dc:relation>http://orgprints.org/24937/</dc:relation>
</oai_dc:dc>