<oai_dc:dc xmlns:oai_dc="http://www.openarchives.org/OAI/2.0/oai_dc/" xmlns:dc="http://purl.org/dc/elements/1.1/" xmlns:xsi="http://www.w3.org/2001/XMLSchema-instance" xsi:schemaLocation="http://www.openarchives.org/OAI/2.0/oai_dc/ http://www.openarchives.org/OAI/2.0/oai_dc.xsd">
  <dc:title>Aufwertung der Kulturlandschaft durch Nützlingsförderung im Gemüse- und Ackerbau</dc:title>
  <dc:subject>Crop health, quality, protection</dc:subject>
  <dc:description>Nützlingsförderung durch Habitatmanagement&#xD;
Kurzbeschreibung:&#xD;
- Habitat-Management: Verbesserung der natürlichen Schädlingsregulation mittels indirekten Pflanzenschutz Massnahmen (naturnahe Flächen wie Brachen, Säume)&#xD;
- Faunistische Erfolgskontrolle des ökologischen Ausgleichs mittels Bioindikatoren (Laufkäfer und Spinnen) mit Einbezug der Produktionsflächen als Referenz&#xD;
- Entwicklung und Testen von lokal angepassten Saatgutmischungen (Wildkrautstreifen, Ackerkrautsaum)&#xD;
- Auswirkungen unterschiedlicher Pflegemassnahmen auf epigäische Nutzarthropoden&#xD;
- Biotopverbund Grosses Moos</dc:description>
  <dc:type>Project description</dc:type>
  <dc:type>NonPeerReviewed</dc:type>
  <dc:identifier>{Project}    Biodiversity and pest control: Aufwertung der Kulturlandschaft durch Nützlingsförderung im Gemüse- und Ackerbau.  [Improvement of agricultural land to increase natural enemies in annual crops.]   Runs 2003 - 2006.      Project Leader(s):  Pfiffner, Lukas, Research Institute of Organic Agriculture (FiBL), CH-5070 Frick.</dc:identifier>
  <dc:relation>http://orgprints.org/5743/</dc:relation>
</oai_dc:dc>