<oai_dc:dc xmlns:oai_dc="http://www.openarchives.org/OAI/2.0/oai_dc/" xmlns:dc="http://purl.org/dc/elements/1.1/" xmlns:xsi="http://www.w3.org/2001/XMLSchema-instance" xsi:schemaLocation="http://www.openarchives.org/OAI/2.0/oai_dc/ http://www.openarchives.org/OAI/2.0/oai_dc.xsd">
  <dc:title>Wie Phosphor im Organischen Landbau zukünftig düngen? Wirkung von Phosphatdüngung und Phosphatform im Organischen Landbau</dc:title>
  <dc:creator>Diedrich, Steffens</dc:creator>
  <dc:creator>Leithold, Günter</dc:creator>
  <dc:subject>Composting and manuring</dc:subject>
  <dc:description>Ziel der vorliegenden Studie war es im Organischen Landbau zu untersuchen ab welcher Konzentration an CAL extrahierbarem Boden-P eine P-Düngung mit verschiedenen P-Formen zu einem signifikanten Ertragsanstieg führt.  Diese Versuchsfrage wurde in Gefäß- und Feldversuchen überprüft. Die Gefäßversuche wurden mit dem Oberboden (pH in CaCl2: 7,0 und 1,7 mg CAL-P/100 g Boden) des Feldversuchsstandortes durchgeführt. Die Ergebnisse des Gefäßversuches zeigten, dass die Sprossbiomasse von Mais in der Variante mit Hüttenkalk + CaHPO4 (neues Thomasphosphat)  höher war als in den Varianten mit Fleischknochenmehl, Biosuperphosphat (Mischung aus Rohphosphat und S0) und Rohphosphat. Im Feldversuch war im ersten Prüfjahr (2006) keine signifikante Wirkung einer P-Gabe von 15 kg P ha-1 auf den Kornertrag von Dinkel zu verzeichnen.  Obwohl in 2009 die höchste Konzentration an CAL extrahierbarem Boden-P in der Variante mit dem neuen Thomas-P gemessen wurde, wurde der höchste Kornertrag von Winterweizen in der Variante mit 30 kg P ha-1 in Form von Fleischknochenmehl erzielt, da mit diesem Produkt auch Stickstoff gedüngt wurde. Düngung von Biosuperphosphat führte zur signifikanten Ertragsabnahme von Winterweizen, wogegen die Kornerträge von Weizen in den Varianten mit dem neuen Thomas-P nicht höher waren als mit Rohphosphat.</dc:description>
  <dc:date>2011</dc:date>
  <dc:type>Conference paper, poster, etc.</dc:type>
  <dc:type>NonPeerReviewed</dc:type>
  <dc:format>application/pdf</dc:format>
  <dc:identifier>http://orgprints.org/17765/3/Steffens_17765.pdf</dc:identifier>
  <dc:identifier>Diedrich, Steffens and Leithold, Günter    (2011) Wie Phosphor im Organischen Landbau zukünftig düngen? Wirkung von Phosphatdüngung und Phosphatform im Organischen Landbau.       Paper at:   11. Wissenschaftstagung Ökologischer Landbau, Gießen, 15.-18. März 2011.</dc:identifier>
  <dc:relation>http://orgprints.org/17765/</dc:relation>
</oai_dc:dc>