<oai_dc:dc xmlns:oai_dc="http://www.openarchives.org/OAI/2.0/oai_dc/" xmlns:dc="http://purl.org/dc/elements/1.1/" xmlns:xsi="http://www.w3.org/2001/XMLSchema-instance" xsi:schemaLocation="http://www.openarchives.org/OAI/2.0/oai_dc/ http://www.openarchives.org/OAI/2.0/oai_dc.xsd">
  <dc:title>Ekologiskt lantbruk Ultuna 13 – 15 november 2001 sammanfattning av föredrag och postrar</dc:title>
  <dc:subject>"Organics" in general</dc:subject>
  <dc:description>KONFERENS OM EKOLOGISKT LANTBRUK&#xD;
&#xD;
Centrum för uthålligt lantbruk (CUL) anordnade den 13 till 15 november 2001 en sjunde konferens om ekologiskt lantbruk vid Sveriges lantbruksuniversitet (SLU). På konferensen deltog cirka 450 personer och alla med ett intresse för ekologiskt lantbruk var välkomna.&#xD;
&#xD;
Under den tre dagar långa konferensen redovisade 92 forskare resultat från forskning inom ekologiskt lantbruk och redde ut begrepp. &#xD;
&#xD;
Intressanta ämnen som diskuterades var till exempel: hur global livsmedelsförsörjning och ekologiskt lantbruk kan gå ihop, ekologiska produkters kvalitet, djurens hälsa och välfärd på ekologiska gårdar, samt det ekologiska lantbrukets verkan som en positiv kraft för ökad livsmedelssäkerhet och en mer rättvis världshandel. Det handlade om såväl konsumenters och handelns attityd till ekologiska produkter, som att lösa tekniska produktionsfrågor och om bönders omställningsvilja. &#xD;
Viktigt var också att tydliggöra det faktaunderlag som visar att ekologiskt lantbruk kan leva upp till de fördelar som utlovas. &#xD;
&#xD;
Det diskuterades hur den ekologiska produktionen ska uppnå regeringens mål – bland annat att 20 % av jordbruksarealen bör odlas ekologiskt år 2005. &#xD;
&#xD;
Konferensen arrangerades i samarbete med bland annat Jordbruksverket.&#xD;
&#xD;
CUL är ett samarbetsforum vid SLU för forskare och andra med intresse för ekologiskt lantbruk och lantbrukets uthållighetsfrågor. CUL arbetar med att utveckla tvärvetenskapliga metoder och att samplanera insatser för forskning, utveckling, utbildning och information.</dc:description>
  <dc:date>2001-11</dc:date>
  <dc:type>Proceedings</dc:type>
  <dc:type>NonPeerReviewed</dc:type>
  <dc:format>application/pdf</dc:format>
  <dc:identifier>http://orgprints.org/297/1/konfrapport2001.pdf</dc:identifier>
  <dc:identifier>Centrum för uthålligt lantbruk (Ed.)    (2001) Ekologiskt lantbruk Ultuna 13 – 15 november 2001 sammanfattning av föredrag och postrar.    .</dc:identifier>
  <dc:relation>http://orgprints.org/297/</dc:relation>
</oai_dc:dc>