<oai_dc:dc xmlns:oai_dc="http://www.openarchives.org/OAI/2.0/oai_dc/" xmlns:dc="http://purl.org/dc/elements/1.1/" xmlns:xsi="http://www.w3.org/2001/XMLSchema-instance" xsi:schemaLocation="http://www.openarchives.org/OAI/2.0/oai_dc/ http://www.openarchives.org/OAI/2.0/oai_dc.xsd">
  <dc:title>Gut für den Boden, gut fürs Klima</dc:title>
  <dc:creator>Berner, Alfred</dc:creator>
  <dc:creator>Krauss, Maike</dc:creator>
  <dc:creator>Mäder, Paul</dc:creator>
  <dc:subject>Soil tillage</dc:subject>
  <dc:description>Erste Ergebnisse eines Versuchs des Forschungsinstitut für biologischen Landbau (FiBL) zeigen, dass durch reduzierte Bodenbearbeitung im ökologischen Landbau mehr Kohlenstoff gespeichert und die Ertragssicherheit gesteigert werden kann. Voraussetzung dafür ist jedoch eine Optimierung des pfluglosen Systems.</dc:description>
  <dc:publisher>Oekom Verlag</dc:publisher>
  <dc:date>2009</dc:date>
  <dc:type>Journal paper</dc:type>
  <dc:type>NonPeerReviewed</dc:type>
  <dc:format>application/pdf</dc:format>
  <dc:identifier>http://orgprints.org/17896/1/7b_D_Berner_2009_Oekologie_Landbau.pdf</dc:identifier>
  <dc:identifier>Berner, Alfred; Krauss, Maike and Mäder, Paul   (2009) Gut für den Boden, gut fürs Klima.   Ökologie &amp; Landbau, 149 (1), pp. 34-36.</dc:identifier>
  <dc:relation>http://orgprints.org/17896/</dc:relation>
</oai_dc:dc>