<oai_dc:dc xmlns:oai_dc="http://www.openarchives.org/OAI/2.0/oai_dc/" xmlns:dc="http://purl.org/dc/elements/1.1/" xmlns:xsi="http://www.w3.org/2001/XMLSchema-instance" xsi:schemaLocation="http://www.openarchives.org/OAI/2.0/oai_dc/ http://www.openarchives.org/OAI/2.0/oai_dc.xsd">
  <dc:title>Fachgespräch Systembewertung der ökologischen Tierhaltung</dc:title>
  <dc:subject>Indicators and other value-laden measures</dc:subject>
  <dc:subject>Technology assessment</dc:subject>
  <dc:subject>Health and welfare</dc:subject>
  <dc:description>Langfristige Zielsetzung ist die Entwicklung von Instrumenten, mit denen tierhaltende ökologisch wirtschaftende Betriebe eingeschätzt und optimiert werden können. Ziel des Fachgespräches ist es, diese Entwicklung voran zu treiben. In dem Fachgespräch mit Wissenschaftlern, Beratern und interessierten Praktikern sollen Systembewertungsansätze zur Tierhaltung im Ökolandbau jeweils vor dem Hintergrund Umwelt, Tierverhalten, Tiergesundheit, soziale Nachhaltigkeit und Ökonomie diskutiert werden. Verbleibende offene fachliche Fragen sollen definiert, analysiert und der Forschungsbedarf aufgezeigt sowie die Kontakte zwischen den Akteuren intensiviert werden.&#xD;
Angaben zur Finanzierung des Projekts finden Sie im Förderkatalog des Bundes unter http://foerderportal.bund.de/foekat/jsp/StartAction.do. Bitte geben Sie in das Suchfeld eine 28 plus das Förderkennzeichen (FKZ) des BÖL-Projektes ein, z.B. 2808OE212 für das BÖL-Projekt mit der FKZ 08OE212.</dc:description>
  <dc:type>Project description</dc:type>
  <dc:type>NonPeerReviewed</dc:type>
  <dc:identifier>{Project}    Fachgespräch Systembewertung der ökologischen Tierhaltung.  [Evaluation of livestock production systems in organic farming.]   Runs 2007 - 2008.      Project Leader(s): Klöble, Dr. Ulrike and de Baey-Ernsten, Dr. Heinrich, Kuratorium für Technik und Bauwesen in der Landwirtschaft e.V. (KTBL), D-Darmstadt.</dc:identifier>
  <dc:relation>http://orgprints.org/16748/</dc:relation>
</oai_dc:dc>