<oai_dc:dc xmlns:oai_dc="http://www.openarchives.org/OAI/2.0/oai_dc/" xmlns:dc="http://purl.org/dc/elements/1.1/" xmlns:xsi="http://www.w3.org/2001/XMLSchema-instance" xsi:schemaLocation="http://www.openarchives.org/OAI/2.0/oai_dc/ http://www.openarchives.org/OAI/2.0/oai_dc.xsd">
  <dc:title>Kriterien für die Akzeptanz von recyceltem Phosphatdünger aus Abwasser und Klärschlamm im ökologischen Landbau</dc:title>
  <dc:creator>Jedelhauser, Michael</dc:creator>
  <dc:creator>Aschenbrenner, Marie</dc:creator>
  <dc:creator>Vjestica, Leila</dc:creator>
  <dc:creator>Wierer, Veronika</dc:creator>
  <dc:creator>Fischinger, Stephanie</dc:creator>
  <dc:creator>Binder, Claudia R.</dc:creator>
  <dc:subject>Technology assessment</dc:subject>
  <dc:subject>Composting and manuring</dc:subject>
  <dc:subject>Recycling, balancing and resource management</dc:subject>
  <dc:subject>Nutrient turnover</dc:subject>
  <dc:subject>Social aspects</dc:subject>
  <dc:subject>Farm nutrient management</dc:subject>
  <dc:description>Plant available phosphorus is a limiting factor in organic farming. In the wake of an increasing awareness of the planetary boundaries of phosphate rock deposits, various research efforts to develop fertilizers based on recycled phosphorus from wastewater, sewage sludge and sewage sludge ashes have been initiated. The study aimed at the future potential of these fertilizers for organic farming and tried to identify and evaluate criteria that need to be fulfilled so that fertilizers of recycled phosphorus would be accepted by organic farmers. The survey revealed that the most important criterion for the acceptance is the non-existence of hazardous substances in the fertilizer. Plant availability, low energy input and high transparency of the production process of the fertilizers were also regarded as relatively important. Spreadability, price, public acceptance and superficial distinction compared to mineral fertilizers play a minor role for the acceptance.</dc:description>
  <dc:publisher>Verlag Dr. Köster, Berlin</dc:publisher>
  <dc:date>2014-08-11</dc:date>
  <dc:type>Conference paper, poster, etc.</dc:type>
  <dc:type>NonPeerReviewed</dc:type>
  <dc:format>application/pdf</dc:format>
  <dc:identifier>http://orgprints.org/26773/1/26773_jedelhauser.pdf</dc:identifier>
  <dc:identifier>Jedelhauser, Michael; Aschenbrenner, Marie; Vjestica, Leila; Wierer, Veronika; Fischinger, Stephanie and Binder, Claudia R.    (2014) Kriterien für die Akzeptanz von recyceltem Phosphatdünger aus Abwasser und Klärschlamm im ökologischen Landbau.       Poster at:   13. Wissenschaftstagung Ökologischer Landbau, Hochschule für nachhaltige Entwicklung Eberswalde, 17. - 20. März 2015.</dc:identifier>
  <dc:relation>http://orgprints.org/26773/</dc:relation>
</oai_dc:dc>