<oai_dc:dc xmlns:oai_dc="http://www.openarchives.org/OAI/2.0/oai_dc/" xmlns:dc="http://purl.org/dc/elements/1.1/" xmlns:xsi="http://www.w3.org/2001/XMLSchema-instance" xsi:schemaLocation="http://www.openarchives.org/OAI/2.0/oai_dc/ http://www.openarchives.org/OAI/2.0/oai_dc.xsd">
  <dc:title>Aspekte der Strohmulchanwendung im ökologischen Kartoffelanbau – II.Wirkung auf Potato Virus Y, Leptinotarsa&#xD;
decemlineata und Knollenertrag</dc:title>
  <dc:creator>Döring, Thomas F.</dc:creator>
  <dc:creator>Heimbach, Udo</dc:creator>
  <dc:creator>Thieme, Thomas</dc:creator>
  <dc:creator>Saucke, Helmut</dc:creator>
  <dc:subject>Crop health, quality, protection</dc:subject>
  <dc:subject>Root crops</dc:subject>
  <dc:description>In Praxisversuchen wurde über drei Jahre der Einfluss von Strohmulch auf das Auftreten von PVY (Potato virus Y), den Befall mit dem Kartoffelkäfer (Leptinotarsa decemlineata) und den Knollenertrag in ökologisch angebauten Kartoffeln untersucht. Strohmulch führte in drei von 17 Experimenten zu einer signifikanten Reduktion von PVY, und in weiteren sieben Versuchen gab es einen nicht-signifikanten Trend zur erminderung von PVY. Der Effekt von Strohmulch auf PVY scheint vom allgemeinen Infektionsniveau abzuhängen, welches je nach Jahr, Standort und Sorte unterschiedlich war. So gab es in den Jahren 2002 und 2004 bei allgemein hohem Infektionsdruck eine konsistente PVY-Verminderung. Im Gegensatz dazu konnte im Jahr 2003, bei nur sehr geringem Infektionsdruck, kein konsistenter Trend beobachtet werden. Strohmulch hatte in keinem der neun Feldversuche einen signifikanten Effekt auf den Kartoffelkäferbefall; jedoch gab es in drei Feldversuchen, in denen drei verschiedene Mengen Stroh ausgebracht wurden (ohne Stroh, mäßige und hohe Aufwandmenge), bei 11 von 15 Bonituren einen konsistenten Trend mit dem höchsten Befall in der ungemulchten Behandlung und dem geringsten Befall bei der höchsten Strohaufwandmenge. In fünf von sechs Feldversuchen gab es keinen signifikanten Effekt von Strohmulch auf den Knollenertrag. Insbesondere führte in zwei Feldversuchen auf lehmigem Sand Strohmulch weder zu einer signifikanten Ertragsänderung noch zu einer veränderten Knollengrößenverteilung.</dc:description>
  <dc:date>2006</dc:date>
  <dc:type>Journal paper</dc:type>
  <dc:type>NonPeerReviewed</dc:type>
  <dc:format>application/pdf</dc:format>
  <dc:identifier>http://orgprints.org/19800/1/2006-Doring_et_al-NBDP-II.pdf</dc:identifier>
  <dc:identifier>Döring, Thomas F.; Heimbach, Udo; Thieme, Thomas and Saucke, Helmut   (2006) Aspekte der Strohmulchanwendung im ökologischen Kartoffelanbau – II.Wirkung auf Potato Virus Y, Leptinotarsa decemlineata und Knollenertrag.  [Aspects of straw mulching in organic potatoes – II. Effects on Potato virus Y, Leptinotarsa decemlineata (Say) and tuber yield.]  Nachrichtenblatt des Deutschen Pflanzenschutzdienstes, 58 (4), pp. 93-97.</dc:identifier>
  <dc:relation>http://orgprints.org/19800/</dc:relation>
</oai_dc:dc>