<oai_dc:dc xmlns:oai_dc="http://www.openarchives.org/OAI/2.0/oai_dc/" xmlns:dc="http://purl.org/dc/elements/1.1/" xmlns:xsi="http://www.w3.org/2001/XMLSchema-instance" xsi:schemaLocation="http://www.openarchives.org/OAI/2.0/oai_dc/ http://www.openarchives.org/OAI/2.0/oai_dc.xsd">
  <dc:title>Review of organic market development in Europe - from OFCAP to QLIF</dc:title>
  <dc:creator>Richter, Toralf</dc:creator>
  <dc:subject>Markets and trade</dc:subject>
  <dc:description>During the last decade the organic market in Europe has increased enormously, more than doubling the value of its turnover. At the end of the 1990s, the OFCAP publication 'The European market for organic products: growth and development' identified five main constraints for the organic market development: 1) the lack of professional marketing, 2) the weak role of conventional supermarket chains as potential drivers of organic market development, 3) the absence of public support of marketing activities, 4) the limited size of supply batches and 5) a lack of market transparency. Recommendations included improving the availability of organic food, encouraging conventional retail chains to promote organic ranges, reducing the additional premiums on consumer prices and developing well-balanced mar-keting plans to promote the development of the or-ganic market.&#xD;
As a consequence several European research projects incorporated elements of the OFCAP analysis into new research topics and went on to recommend further ways in which the European organic market might be led out of its niche and consumers’ expectations of organic food might be satisfied. Both policy and mar-ket actors have taken on board fundamental ideas and concepts from the research projects in order to draw up marketing plans for the promotion of market development.</dc:description>
  <dc:date>2006</dc:date>
  <dc:type>Conference paper, poster, etc.</dc:type>
  <dc:type>NonPeerReviewed</dc:type>
  <dc:format>application/pdf</dc:format>
  <dc:identifier>http://orgprints.org/7970/1/JOC_2006_Richter_Market_between_OFCAP_and_QLIF_eprints.pdf</dc:identifier>
  <dc:identifier>Richter, Toralf    (2006) Review of organic market development in Europe - from OFCAP to QLIF.       Paper at:   Joint Organic Congress, Odense, Denmark, May 30-31, 2006.</dc:identifier>
  <dc:relation>http://orgprints.org/7970/</dc:relation>
</oai_dc:dc>