<oai_dc:dc xmlns:oai_dc="http://www.openarchives.org/OAI/2.0/oai_dc/" xmlns:dc="http://purl.org/dc/elements/1.1/" xmlns:xsi="http://www.w3.org/2001/XMLSchema-instance" xsi:schemaLocation="http://www.openarchives.org/OAI/2.0/oai_dc/ http://www.openarchives.org/OAI/2.0/oai_dc.xsd">
  <dc:title>Biological control of the strawberry mite by using predatory mites</dc:title>
  <dc:creator>Tuovinen, Tuomo</dc:creator>
  <dc:subject>Crop health, quality, protection</dc:subject>
  <dc:description>Strawberry mite control by Neoseiulus cucumeris has proven economically feasible. To achieve a better integration of biocontrol with growing techniques and outdoor conditions development of alternative approaches by native phytoseiid species are required.</dc:description>
  <dc:publisher>Nordic Association of Agricultural Scientists</dc:publisher>
  <dc:date>2003</dc:date>
  <dc:type>Conference paper, poster, etc.</dc:type>
  <dc:type>NonPeerReviewed</dc:type>
  <dc:format>application/pdf</dc:format>
  <dc:identifier>http://orgprints.org/6190/1/strawb.pdf</dc:identifier>
  <dc:identifier>Tuovinen, Tuomo    (2003) Biological control of the strawberry mite by using predatory mites.   In:     Plant protection in sustainable strawberry production, Nordic Association of Agricultural Scientists, p. 14.</dc:identifier>
  <dc:relation>http://orgprints.org/6190/</dc:relation>
</oai_dc:dc>