<oai_dc:dc xmlns:oai_dc="http://www.openarchives.org/OAI/2.0/oai_dc/" xmlns:dc="http://purl.org/dc/elements/1.1/" xmlns:xsi="http://www.w3.org/2001/XMLSchema-instance" xsi:schemaLocation="http://www.openarchives.org/OAI/2.0/oai_dc/ http://www.openarchives.org/OAI/2.0/oai_dc.xsd">
  <dc:title>Agriculture in the information society: challenges of sustainable development</dc:title>
  <dc:creator>Aakkula, Jyrki</dc:creator>
  <dc:creator>Jokinen, Pekka</dc:creator>
  <dc:creator>Lankoski, Leena</dc:creator>
  <dc:creator>Nokkala, Marko</dc:creator>
  <dc:subject>Environmental aspects</dc:subject>
  <dc:description>The overall goal of the study was to identify possible impacts of the information society on ecologically, economically and socially sustainable development in Finnish agriculture.</dc:description>
  <dc:publisher>Nordic Association of Agricultural Scientists</dc:publisher>
  <dc:date>2003</dc:date>
  <dc:type>Conference paper, poster, etc.</dc:type>
  <dc:type>NonPeerReviewed</dc:type>
  <dc:format>application/pdf</dc:format>
  <dc:identifier>http://orgprints.org/11267/1/aakkula.pdf</dc:identifier>
  <dc:identifier>Aakkula, Jyrki; Jokinen, Pekka; Lankoski, Leena and Nokkala, Marko    (2003) Agriculture in the information society: challenges of sustainable development.       Paper at:   NJF's 22nd congress "Nordic agriculture in global perspective", Turku, Finland, July 1-4, 2003.</dc:identifier>
  <dc:relation>http://orgprints.org/11267/</dc:relation>
</oai_dc:dc>