<oai_dc:dc xmlns:oai_dc="http://www.openarchives.org/OAI/2.0/oai_dc/" xmlns:dc="http://purl.org/dc/elements/1.1/" xmlns:xsi="http://www.w3.org/2001/XMLSchema-instance" xsi:schemaLocation="http://www.openarchives.org/OAI/2.0/oai_dc/ http://www.openarchives.org/OAI/2.0/oai_dc.xsd">
  <dc:title>Hønen eller ægget?</dc:title>
  <dc:creator>Andersen, Laura Mørch</dc:creator>
  <dc:subject>"Organics" in general</dc:subject>
  <dc:description>Køber forbrugerne økologiske æg for at forbedre dyrevelfærden eller for at opnå en bedre sundhed for sig selv og familien?</dc:description>
  <dc:publisher>Økologisk Landsforening</dc:publisher>
  <dc:date>2008-08</dc:date>
  <dc:type>Newspaper or magazine article</dc:type>
  <dc:type>NonPeerReviewed</dc:type>
  <dc:format>application/pdf</dc:format>
  <dc:identifier>http://orgprints.org/15151/1/15151.pdf</dc:identifier>
  <dc:identifier>Andersen, Laura Mørch    (2008) Hønen eller ægget?   Økologisk Jordbrug, August 2008, 413.</dc:identifier>
  <dc:relation>http://orgprints.org/15151/</dc:relation>
</oai_dc:dc>