<oai_dc:dc xmlns:oai_dc="http://www.openarchives.org/OAI/2.0/oai_dc/" xmlns:dc="http://purl.org/dc/elements/1.1/" xmlns:xsi="http://www.w3.org/2001/XMLSchema-instance" xsi:schemaLocation="http://www.openarchives.org/OAI/2.0/oai_dc/ http://www.openarchives.org/OAI/2.0/oai_dc.xsd">
  <dc:title>Azot Fiksasyonu ve Fosfat Çözücü Bitki Gelişimini Teşvik Edici Bakteri Aşılamalarının Arpa Gelişimine Etkisi</dc:title>
  <dc:creator>Sahin, Esin</dc:creator>
  <dc:creator>Karagöz, Kenan</dc:creator>
  <dc:creator>Çakmakçı, Ramazan</dc:creator>
  <dc:creator>Tosun, Metin</dc:creator>
  <dc:subject>Farm nutrient management</dc:subject>
  <dc:description>Organik tarım, ürün artışını sağlamak için kullanılan yoğun sentetik kimyasalların toprak kalitesine olan olumsuz etkisini azaltabilmek ve sürdürülebilirliği sağlamak için önemli bir araçtır.  Bu yüzden organik tarımda ve özellikle tahıl yetiştiriciliğinde, biyogübre olarak biyoajanların kullanımı önemli bir konudur. Mikroorganizmalar, bitkilerin besin elementi dönüşümlerini gerçekleştirmede ve ihtiyaçlarını olabildiğince gidermede tarımda önemlidirler. Bu araştırmalarda biyolojik gübre olarak kullanılabilecek bitki gelişimini teşvik edici on bir farklı bakteri suşunun arpa gelişimi üzerine etkisi değerlendirilmiştir. Uygulama olarak (1) kontrol (bakteri ve mineral gübre uygulanmamış), (2) Bacillus megaterium, (3) Paenibacillus polymyxa, (4) Bacillus subtilis, (5) Bacillus atrophaeus, (6) Arthrobacter agilis, (7) Brevibacillus choshinensis, (8), Arthrobacter viscosus, (9) Pantoea agglomerans, (10) Bacillus pumilus,  (11) Arthrobacter aurescens,  (12) Micrococcus luteus ve (13) mineral NP (40 mg N ve 30 mg P kg toprak) seçilmiştir. Bakteri aşılamaları, arpa bitkisinde erken gelişme döneminde gövde ağırlığı, bitki yüksekliği, kök uzunluğu ve toplam kök sayısını etkilemiştir. Bakterilerin bitki gelişimine etkisi aşılama yapılan bakteri ırkı ve değerlendirilen parametrelere bağlı olarak değişmiştir. Araştırma sonuçları B. megaterium, Ar. agilis, Ar. viscosus, Pb. polymyxa, B. pumilus ve Ar. aurescens gibi etkin izolatların organik ve sürdürülebilir tarımda biyolojik gübre olarak kullanılabileceğini göstermiştir.</dc:description>
  <dc:contributor>Alay Vural, Ayşen</dc:contributor>
  <dc:date>2010-06-28</dc:date>
  <dc:type>Conference paper, poster, etc.</dc:type>
  <dc:type>NonPeerReviewed</dc:type>
  <dc:format>application/pdf</dc:format>
  <dc:identifier>http://orgprints.org/27655/1/Esin%20%C5%9EAH%C4%B0N%20vd.pdf</dc:identifier>
  <dc:identifier>Sahin, Esin; Karagöz, Kenan; Çakmakçı, Ramazan and Tosun, Metin    (2010) Azot Fiksasyonu ve Fosfat Çözücü Bitki Gelişimini Teşvik Edici Bakteri Aşılamalarının Arpa Gelişimine Etkisi.  [The Influence of N2-Fixing and Phosphate Solubilizing Plant Growth-Promoting Rhizobacteria (PGPR) on Barley Growth.]      Paper at:   Türkiye IV. Organik Tarım Sempozyumu, Erzurum/Türkiye, 28 Haziran - 1 Temmuz 2010.</dc:identifier>
  <dc:relation>http://orgprints.org/27655/</dc:relation>
</oai_dc:dc>