<oai_dc:dc xmlns:oai_dc="http://www.openarchives.org/OAI/2.0/oai_dc/" xmlns:dc="http://purl.org/dc/elements/1.1/" xmlns:xsi="http://www.w3.org/2001/XMLSchema-instance" xsi:schemaLocation="http://www.openarchives.org/OAI/2.0/oai_dc/ http://www.openarchives.org/OAI/2.0/oai_dc.xsd">
  <dc:title>Erfassung der Fusarium- und Mykotoxinkontamination von Bio- und IP-Weizen und Entwicklung von Massnahmen zur Minderung des Befalls und des Mykotoxin-Belastungsrisikos</dc:title>
  <dc:subject>Crop health, quality, protection</dc:subject>
  <dc:subject>Cereals, pulses and oilseeds</dc:subject>
  <dc:description>Der Befall von Getreide mit Pilzen der Gattung Fusarium wird durch verschiedene Anbaumassnahmen wie die Fruchtfolge, die Bodenbearbeitung und die Sortenwahl beeinflusst. Am besten untersucht ist Fusarium graminearum (FG) und das Toxin Deoxynivalenol (DON). FG und DON treten bei Weizen speziell nach Maisvorfrucht und bei Verbleiben der Maisreste auf der Erdoberfläche, stark auf. Mit diesen zwei Risikofaktoren genügen auch die besten Sorten nicht, um kritischen Kontaminationen vorzubeugen. Durch die Elimination der Befallsquellen, die Förderung der Rotte und dem Einsatz von Antagonisten zur Bekämpfung von FG auf Maisresten und Massnahmen zur Verhinderung der Askosporenverbreitung, wie z.B. der Einarbeitung der Maisreste, könnten Infektionen verhindert werden. 2003 wurde erstmals ein Fungizid zur Bekämpfung von Ährenfusarien bewilligt. Um höchst-mögliche Mykotoxin-Reduktionen zu erreichen, und unnötigen Fungizidbehandlungen vorzubeugen, streben wir die Entwicklung eines FG-Prognosesystems an. Damit und mit Massnahmen zur Reduktion der Befallsquellen soll ein System erarbeitet werden, das eine schonende Bodenbearbeitung ermöglicht und dennoch kritischen Mykotoxinbelastungen vorbeugt. Aus eigenen Untersuchungen geht hervor, dass neben FG auch andere Fusariumarten wie z.B. F. poae(FP) und F. avenaceum(FA) Weizen befallen. Im Gegensatz zu FG ist nicht bekannt, inwiefern die Sorte und andere Faktoren den Befall des Getreides mit diesen Fusarienarten beeinflussen und welche Belastungen mit FP- und FA- Mykotoxinen resultieren. Auch fehlen systematische Untersuchungen zur Kontamination von Bio-Getreide mit Fusariumtoxinen. Um mögliche Risiken von Fusarium-Toxinen in Bio- und in IP- Getreide frühzeitig erkennen zu können, sind gezielte Untersuchungen notwendig. Das Bio-Sorten-Prüfnetz bietet hierzu gute Voraussetzungen: Bei Weizenproben verschiedener Sorten und Anbauregionen kann sowohl der Sorten- als auch der Umwelteinfluss auf Fusarien und deren Toxine, sowie auf den Schneeschimmelerreger Microdochium nivale, systematisch erfasst werden. Zum Vergleich werden ausgewählte Sorten aus der IP- oder "konventionellen" Sortenprüfung mituntersucht.</dc:description>
  <dc:type>Project description</dc:type>
  <dc:type>NonPeerReviewed</dc:type>
  <dc:format>application/pdf</dc:format>
  <dc:identifier>http://orgprints.org/5145/1/Vogelgsang-2005-Fusarien-Mykotoxine-in-Bio-Weizen.pdf</dc:identifier>
  <dc:identifier>{Project}    Erfassung der Fusarium- und Mykotoxinkontamination von Bio- und IP-Weizen und Entwicklung von Massnahmen zur Minderung des Befalls und des Mykotoxin-Belastungsrisikos.  [Fusaria and mycotoxins in organic and conventional production of wheat and other cereals and methods to control fusaria and mycotoxin contamination.]   Runs 2003 - 2007.      Project Leader(s): Vogelgsang, Susanne, Agroscope FAL Reckenholz, Swiss Federal Research Station for Agroecology and Agriculture, CH-8046 Zurich, E-mail: info@fal.admin.ch.</dc:identifier>
  <dc:relation>http://orgprints.org/5145/</dc:relation>
</oai_dc:dc>