<oai_dc:dc xmlns:oai_dc="http://www.openarchives.org/OAI/2.0/oai_dc/" xmlns:dc="http://purl.org/dc/elements/1.1/" xmlns:xsi="http://www.w3.org/2001/XMLSchema-instance" xsi:schemaLocation="http://www.openarchives.org/OAI/2.0/oai_dc/ http://www.openarchives.org/OAI/2.0/oai_dc.xsd">
  <dc:title>Konsum ökologischer Milch aus gesundheitlichen Gründen -&#xD;
Eine qualitative Erhebung auf deutschen Demeter Milchviehbetrieben&#xD;
und bei ihren Kunden</dc:title>
  <dc:creator>Kusche, D.</dc:creator>
  <dc:creator>Sahm, H.</dc:creator>
  <dc:creator>Baars, T.</dc:creator>
  <dc:subject>Food security, food quality and human health</dc:subject>
  <dc:subject>Markets and trade</dc:subject>
  <dc:description>Supposedly beneficial nutritional compositions were found in organic milk. Studies&#xD;
report that the consumption of organic milk products affects health eg. prevention of&#xD;
eczema in children. Single cases describe a better digestibility of organic milk for&#xD;
consumers suffering from diverse atopic disorders and food allergies. To clarify&#xD;
whether this is a real phenomenon, a survey in combination with interviews was carried&#xD;
out on bio-dynamic milk farms and with affected consumers in Germany. The&#xD;
results show that there are consumers which are buying fresh bio-dynamic raw milk&#xD;
because of a better personal digestibility.</dc:description>
  <dc:date>2009</dc:date>
  <dc:type>Conference paper, poster, etc.</dc:type>
  <dc:type>NonPeerReviewed</dc:type>
  <dc:format>application/pdf</dc:format>
  <dc:identifier>http://orgprints.org/15040/1/Kusche_15040.pdf</dc:identifier>
  <dc:identifier>Kusche, D.; Sahm, H. and Baars, T.    (2009) Konsum ökologischer Milch aus gesundheitlichen Gründen - Eine qualitative Erhebung auf deutschen Demeter Milchviehbetrieben und bei ihren Kunden.       Paper at:   10. Wissenschaftstagung Ökologischer Landbau, Zürich, 11.-13. Februar 2009.</dc:identifier>
  <dc:relation>http://orgprints.org/15040/</dc:relation>
</oai_dc:dc>