<oai_dc:dc xmlns:oai_dc="http://www.openarchives.org/OAI/2.0/oai_dc/" xmlns:dc="http://purl.org/dc/elements/1.1/" xmlns:xsi="http://www.w3.org/2001/XMLSchema-instance" xsi:schemaLocation="http://www.openarchives.org/OAI/2.0/oai_dc/ http://www.openarchives.org/OAI/2.0/oai_dc.xsd">
  <dc:title>Un nouveau traitement biologique très efficace contre&#xD;
la mouche de la cerise</dc:title>
  <dc:creator>Daniel, Claudia</dc:creator>
  <dc:subject>Crop husbandry</dc:subject>
  <dc:subject>Crop health, quality, protection</dc:subject>
  <dc:description>Depuis quelques années, la mouche de la cerise pose de plus en plus de problèmes et provoque d’importantes pertes de récoltes. Le nouvel insecticide biologique «Naturalis-L», qui a atteint un taux d’efficacité de septante pour-cent dans les essais, est autorisé depuis cette année. Cela pourrait être déterminant pour la percée de la cerisiculture bio, mais la réussite du traitement nécessite de bien maîtriser certains paramètres techniques.</dc:description>
  <dc:date>2009</dc:date>
  <dc:type>Journal paper</dc:type>
  <dc:type>NonPeerReviewed</dc:type>
  <dc:format>application/pdf</dc:format>
  <dc:identifier>http://orgprints.org/20277/1/N_2009_04bioactualitesKirschen.pdf</dc:identifier>
  <dc:identifier>Daniel, Claudia   (2009) Un nouveau traitement biologique très efficace contre la mouche de la cerise.   bio actualités, 3, pp. 8-9.</dc:identifier>
  <dc:relation>http://orgprints.org/20277/</dc:relation>
</oai_dc:dc>