<oai_dc:dc xmlns:oai_dc="http://www.openarchives.org/OAI/2.0/oai_dc/" xmlns:dc="http://purl.org/dc/elements/1.1/" xmlns:xsi="http://www.w3.org/2001/XMLSchema-instance" xsi:schemaLocation="http://www.openarchives.org/OAI/2.0/oai_dc/ http://www.openarchives.org/OAI/2.0/oai_dc.xsd">
  <dc:title>Óleo essencial de Schinus molle L. para o controle de Sitophilus zeamais Most.1855 (Coleoptera:Curculionidae) em milho.</dc:title>
  <dc:creator>Fernandes, Eires Tosta</dc:creator>
  <dc:creator>Favero, Silvio</dc:creator>
  <dc:subject>Farming Systems</dc:subject>
  <dc:subject>Cereals, pulses and oilseeds</dc:subject>
  <dc:description>A espécie Sitophilus zeamais é uma das principais pragas do milho armazenado no Brasil. Seu controle é feito por meio do uso de inseticidas sintéticos, o que é prejudicial ao homem e ao ambiente. Por isso, estão sendo desenvolvidas pesquisas em busca de soluções alternativas, produtos menos tóxicos e biodegradáveis. Assim, neste trabalho foi testada a toxicidade de contato, fumigação, repelência e tópica do óleo essencial das folhas de Schinus molle L sobre o gorgulho do milho, S. zeamais. O óleo foi eficaz no controle de S. zeamais dependendo da concentração por meio de três vias de intoxicação: contato, fumigação e repelência, apresentando assim efeito insetistático por meio destas vias. O efeito inseticida foi baixo e obtido apenas por meio da via de intoxicação por aplicação tópica.</dc:description>
  <dc:date>2014</dc:date>
  <dc:type>Journal paper</dc:type>
  <dc:type>NonPeerReviewed</dc:type>
  <dc:format>application/pdf</dc:format>
  <dc:identifier>http://orgprints.org/26518/1/Fernandes_%C3%93leo.pdf</dc:identifier>
  <dc:identifier>Fernandes, Eires Tosta and Favero, Silvio   (2014) Óleo essencial de Schinus molle L. para o controle de Sitophilus zeamais Most.1855 (Coleoptera:Curculionidae) em milho.  [Essential oil of Schinus molle L. for Most.1855 Sitophilus zeamais (Coleoptera Curculionidae) in maize.]  Revista Brasileira de Agroecologia, 9 (1), pp. 225-231.</dc:identifier>
  <dc:relation>http://orgprints.org/26518/</dc:relation>
</oai_dc:dc>