<oai_dc:dc xmlns:oai_dc="http://www.openarchives.org/OAI/2.0/oai_dc/" xmlns:dc="http://purl.org/dc/elements/1.1/" xmlns:xsi="http://www.w3.org/2001/XMLSchema-instance" xsi:schemaLocation="http://www.openarchives.org/OAI/2.0/oai_dc/ http://www.openarchives.org/OAI/2.0/oai_dc.xsd">
  <dc:title>Welchen organischen Handelsdünger für den ökologischen Gemüsebau? [Which organic fertilizer for organic horticulture?]</dc:title>
  <dc:creator>Laber, H</dc:creator>
  <dc:subject>Composting and manuring</dc:subject>
  <dc:subject>Vegetables</dc:subject>
  <dc:description>Welcher der organischen Handelsdünger für den ökologischen Gemüsebau ist der beste? Und welche Rolle spielt die Aufbereitung der Düngemittel? Zur Beantwortung dieser Frage wurden seit Beginn der 90er Jahre im deutschsprachigen Raum über 30 Versuche angelegt, bei denen die verschiedenen organischen Handelsdünger miteinander verglichen wurden. Nach den vorliegenden Versuchsergebnissen erwiesen sich Rizinusschrot, die Horn- und Haarmehlprodukte und auch Blutmehl als gleich wirksame Düngemittel. Auch Maltaflor zeigte vergleichbare Resultate. Mit dem sehr preisgünstig zu beziehenden Rapsextraktionsschrot und den  Leguminosenschroten konnten zumeist akzeptable Ergebnisse erzielt werden. Den Ursachen für die bisweilen gefundenen höheren Ertragseinbußen bei diesen Düngern gilt es nachzugehen, da insbesondere eine Düngung mit Schroten aus Körnerleguminosen der Forderung des möglichst geschlossenen Nährstoffkreislaufes im ökologischen Anbau am nächsten kommt. Die Aufbereitung der Düngemittel ist von untergeordneter Bedeutung, sieht man von den groben Hornspänen mit ihrer zunächst langsamer ablaufenden Umsetzung ab.</dc:description>
  <dc:publisher>Stiftung Ökologie &amp; Landbau, Bad Dürkheim</dc:publisher>
  <dc:date>2000</dc:date>
  <dc:type>Journal paper</dc:type>
  <dc:type>NonPeerReviewed</dc:type>
  <dc:format>application/pdf</dc:format>
  <dc:identifier>http://orgprints.org/885/1/885-laber-h-2000-handelsduenger.pdf</dc:identifier>
  <dc:identifier>Laber, H   (2000) Welchen organischen Handelsdünger für den ökologischen Gemüsebau? [Which organic fertilizer for organic horticulture?].   Ökologie &amp; Landbau, 114 (2/2000), pp. 37-39.</dc:identifier>
  <dc:relation>http://orgprints.org/885/</dc:relation>
</oai_dc:dc>