<oai_dc:dc xmlns:oai_dc="http://www.openarchives.org/OAI/2.0/oai_dc/" xmlns:dc="http://purl.org/dc/elements/1.1/" xmlns:xsi="http://www.w3.org/2001/XMLSchema-instance" xsi:schemaLocation="http://www.openarchives.org/OAI/2.0/oai_dc/ http://www.openarchives.org/OAI/2.0/oai_dc.xsd">
  <dc:title>Sind bei Winterroggen und Wintertriticale eigene Ökoversuche erforderlich? [Are separate trials for organic agriculture necessary with winter rye and winter triticale?]</dc:title>
  <dc:creator>Pommer, G</dc:creator>
  <dc:creator>Doleschel, P</dc:creator>
  <dc:subject>Cereals, pulses and oilseeds</dc:subject>
  <dc:description>Die Ergebnisse aus dreijährigen Versuchen auf jeweils zwei Standorten lassen die Schlussfolgerung zu, dass für Sortenempfehlungen zur Ertragsleistung von Winterroggen mit gewissen Einschränkungen auf die Ergebnisse der extensiven Varianten üblicher LSV zurückgegriffen werden kann. Andere Merkmale wie Halmlänge, TKG, Krankheitsresistenzen u.ä. lassen sich sowieso aus ihnen ableiten. Bei Wintertriticale hingegen liegen die Ertragsrelationen oft weit auseinander. Zur Bewertung dieses wichtigsten Merkmals sind eigene Ökoversuche erforderlich.</dc:description>
  <dc:publisher>Universität für Bodenkultur, Wien - Institut für ökologischen Landbau</dc:publisher>
  <dc:contributor>Freyer, Bernhard</dc:contributor>
  <dc:date>2003</dc:date>
  <dc:type>Conference paper, poster, etc.</dc:type>
  <dc:type>NonPeerReviewed</dc:type>
  <dc:format>application/pdf</dc:format>
  <dc:identifier>http://orgprints.org/1135/1/1135-pommer-g-2003-oekoversuche-proceedings.pdf</dc:identifier>
  <dc:identifier>Pommer, G and Doleschel, P    (2003) Sind bei Winterroggen und Wintertriticale eigene Ökoversuche erforderlich? [Are separate trials for organic agriculture necessary with winter rye and winter triticale?].   In: Freyer, Bernhard (Ed.)  Ökologischer Landbau der Zukunft - Beiträge zur 7. Wissenschaftstagung zum Ökologischen Landbau, Universität für Bodenkultur, Wien - Institut für ökologischen Landbau, pp. 495-497.</dc:identifier>
  <dc:relation>http://orgprints.org/1135/</dc:relation>
</oai_dc:dc>