<oai_dc:dc xmlns:oai_dc="http://www.openarchives.org/OAI/2.0/oai_dc/" xmlns:dc="http://purl.org/dc/elements/1.1/" xmlns:xsi="http://www.w3.org/2001/XMLSchema-instance" xsi:schemaLocation="http://www.openarchives.org/OAI/2.0/oai_dc/ http://www.openarchives.org/OAI/2.0/oai_dc.xsd">
  <dc:title>Van jongs af veel vezels</dc:title>
  <dc:creator>Verwer, C.</dc:creator>
  <dc:creator>Wagenaar, J.P.</dc:creator>
  <dc:creator>Veldkamp, T.</dc:creator>
  <dc:subject>Animal husbandry</dc:subject>
  <dc:subject>Poultry</dc:subject>
  <dc:description>Ruwvoer draagt bij aan goede (biologische) (opfok)hennen. Het remt verenpikken en stimuleert de darmgezondheid.&#xD;
&#xD;
Van ruwvoer is bekend dat het onder proefomstandigheden verenpikken kan verminderen en de darmgezondheid kan stimuleren. Het Louis Bolk Instituut heeft met Wageningen UR Livestock Research onderzoek gedaan naar het verstrekken van ruwvoer aan legpluimvee. Allereerst is in 2008 via een enquête geïnventariseerd in hoeverre in de biologische houderij ruwvoer wordt verstrekt, wat de voor- en nadelen van het gebruik ervan zijn alsmede de knelpunten en de mogelijkheden voor praktische toepassing. Vervolgens zijn beide instituten in 2009 een onderzoek op praktijkbedrijven gestart naar toepassing van ruwvoer in zowel de gangbare als biologische legpluimveehouderij. De focus lag op diergezondheid (darmgezondheid), dierenwelzijn en productie. In dit artikel staan de resultaten van dit eind 2010 afgeronde praktijkonderzoek met opfok- en leghennen. </dc:description>
  <dc:date>2011</dc:date>
  <dc:type>Newspaper or magazine article</dc:type>
  <dc:type>NonPeerReviewed</dc:type>
  <dc:format>application/pdf</dc:format>
  <dc:identifier>http://orgprints.org/28182/3/NOP.pdf</dc:identifier>
  <dc:identifier>Verwer, C.; Wagenaar, J.P. and Veldkamp, T.    (2011) Van jongs af veel vezels.  [From childhood lots of fibre.]  Pluimveehouderij, 2011, 14, pp. 1-2.</dc:identifier>
  <dc:relation>http://orgprints.org/28182/</dc:relation>
</oai_dc:dc>