<oai_dc:dc xmlns:oai_dc="http://www.openarchives.org/OAI/2.0/oai_dc/" xmlns:dc="http://purl.org/dc/elements/1.1/" xmlns:xsi="http://www.w3.org/2001/XMLSchema-instance" xsi:schemaLocation="http://www.openarchives.org/OAI/2.0/oai_dc/ http://www.openarchives.org/OAI/2.0/oai_dc.xsd">
  <dc:title>Education and advisor systems related to dairy organic farming in the participating ANIPLAN countries</dc:title>
  <dc:creator>Vaarst, Mette</dc:creator>
  <dc:creator>Smolders, Gidi</dc:creator>
  <dc:creator>Henriksen, Britt I. F.</dc:creator>
  <dc:creator>Roderick, Stephen</dc:creator>
  <dc:creator>Leeb, Christine</dc:creator>
  <dc:creator>Walkenhorst, Michael</dc:creator>
  <dc:creator>Winckler, Christoph</dc:creator>
  <dc:creator>Gratzer, Elisabeth</dc:creator>
  <dc:creator>Stöger, Elisabeth</dc:creator>
  <dc:creator>Huber, Johann</dc:creator>
  <dc:creator>Brinkmann, Jan</dc:creator>
  <dc:creator>March, Solveig</dc:creator>
  <dc:creator>Ivemeyer, Silvia</dc:creator>
  <dc:creator>Mejdell, Cecilie</dc:creator>
  <dc:creator>Hansen, Berit</dc:creator>
  <dc:creator>Nicholas, Phillipa</dc:creator>
  <dc:creator>Whistance, Lindsay</dc:creator>
  <dc:subject>"Organics" in general</dc:subject>
  <dc:subject>Health and welfare</dc:subject>
  <dc:description>This chapter is the report of ANIPLAN’s deliverable 4.1 titled: ‘Evaluation report on the state of the art regarding advisor systems, education of farmers and advisors and farmer groups in the participating countries’. The seven participating countries (UK, Switzerland, Austria, The Netherlands, Norway, Germany and Denmark) had widely different approaches to advisory systems and education. This is important to consider when integrating the outcomes of the ANIPLAN project into the various systems in different countries.</dc:description>
  <dc:date>2011-03</dc:date>
  <dc:type>Report chapter</dc:type>
  <dc:type>NonPeerReviewed</dc:type>
  <dc:format>application/pdf</dc:format>
  <dc:identifier>http://orgprints.org/18405/1/18405.pdf</dc:identifier>
  <dc:identifier>Vaarst, Mette; Smolders, Gidi; Henriksen, Britt I. F.; Roderick, Stephen; Leeb, Christine; Walkenhorst, Michael; Winckler, Christoph; Gratzer, Elisabeth; Stöger, Elisabeth; Huber, Johann; Brinkmann, Jan; March, Solveig; Ivemeyer, Silvia; Mejdell, Cecilie; Hansen, Berit; Nicholas, Phillipa and Whistance, Lindsay    (2011) Education and advisor systems related to dairy organic farming in the participating ANIPLAN countries.    In:     The process of minimising medicine use through dialogue based animal health and welfare planning.  , pp. 53-63.</dc:identifier>
  <dc:relation>http://orgprints.org/18405/</dc:relation>
</oai_dc:dc>