<oai_dc:dc xmlns:oai_dc="http://www.openarchives.org/OAI/2.0/oai_dc/" xmlns:dc="http://purl.org/dc/elements/1.1/" xmlns:xsi="http://www.w3.org/2001/XMLSchema-instance" xsi:schemaLocation="http://www.openarchives.org/OAI/2.0/oai_dc/ http://www.openarchives.org/OAI/2.0/oai_dc.xsd">
  <dc:title>Animal manure for biogas production - what happens to the soil?</dc:title>
  <dc:creator>Løes, Anne-Kristin</dc:creator>
  <dc:creator>Johansen , Anders</dc:creator>
  <dc:creator>Pommeresche, Reidun</dc:creator>
  <dc:creator>Riley, Hugh</dc:creator>
  <dc:subject>Soil quality</dc:subject>
  <dc:subject>Soil biology</dc:subject>
  <dc:subject>Composting and manuring</dc:subject>
  <dc:description>Utilizing animal slurry to produce biogas may reduce fossil fuel usage and emissions of greenhouse gases. However, there is limited information on how the recycling of digested slurry as a fertilizer impacts soil fertility in the long run. This is of concern because organic matter in the slurry is converted to methane, which escapes the on-farm carbon cycle. In 2010, a study of this question was initiated on the organic research farm in Tingvoll, Norway. So far, a biogas plant has been built, producing anaerobically digested slurry to be compared with undigested slurry in perennial ley and arable crops. Effects on crop yields, soil fauna, microbial communities, soil structure, organic matter and nutrient concentrations are measured.</dc:description>
  <dc:publisher>Nordic Association of Agricultural Scientists, NJF</dc:publisher>
  <dc:contributor>Hultgren, Jan</dc:contributor>
  <dc:contributor>Persson, Paula</dc:contributor>
  <dc:contributor>Nadeau, Elisabet</dc:contributor>
  <dc:contributor>Fogelberg, Fredrik</dc:contributor>
  <dc:date>2011-06-14</dc:date>
  <dc:type>Conference paper, poster, etc.</dc:type>
  <dc:type>NonPeerReviewed</dc:type>
  <dc:format>application/pdf</dc:format>
  <dc:identifier>http://orgprints.org/19139/1/Poster_Loes_et_al_NJF_2011.pdf</dc:identifier>
  <dc:format>application/msword</dc:format>
  <dc:identifier>http://orgprints.org/19139/2/L%C3%B8es_et_al_Animal_manure_for_biogas_production_NJFcongress2011_revised_submitted_April_2011.docx</dc:identifier>
  <dc:identifier>Løes, Anne-Kristin; Johansen , Anders; Pommeresche, Reidun and Riley, Hugh    (2011) Animal manure for biogas production - what happens to the soil?   In: Hultgren, Jan; Persson, Paula; Nadeau, Elisabet and Fogelberg, Fredrik (Eds.)  Book of abstracts of the 24th NJF congress. NJF Report 7 (3) 2011, Nordic Association of Agricultural Scientists, NJF, Uppsala, Sweden, 7 (3), NJF Report, p. 153.</dc:identifier>
  <dc:relation>http://orgprints.org/19139/</dc:relation>
</oai_dc:dc>