<oai_dc:dc xmlns:oai_dc="http://www.openarchives.org/OAI/2.0/oai_dc/" xmlns:dc="http://purl.org/dc/elements/1.1/" xmlns:xsi="http://www.w3.org/2001/XMLSchema-instance" xsi:schemaLocation="http://www.openarchives.org/OAI/2.0/oai_dc/ http://www.openarchives.org/OAI/2.0/oai_dc.xsd">
  <dc:title>Workshop om forbedrede udearealer og staldforhold til slagtesvin i frilands- og  økobesætninger</dc:title>
  <dc:creator>Eriksen, Simme</dc:creator>
  <dc:subject>Pigs</dc:subject>
  <dc:description>Som en af projektets demonstrationsaktiviteter blev der afholdt en workshop med titlen "Forbedrede udearealer og staldforhold til slagtesvin i frilands- og  økobesætninger". Dagens formål var at udpege de tiltag og forbedringer som bør afprøves og arbejdes videre med, i forbindelse med indretning af stalde og udearealer til slagtesvin.&#xD;
Der var oplæg fra forskere, udviklere og producenter og dertil debat og opsamling i grupper. Ud fra oplæggene og de emner der blev diskuteret i grupperne, arbejdes der i projektet videre med at forbedrede udearealer og staldforhold til slagtesvin i frilands- og økobesætninger. Der var 48 deltagere, hvoraf ca. halvdelen var frilands- og økosvineproducenter.</dc:description>
  <dc:date>2015-01-29</dc:date>
  <dc:type>Conference paper, poster, etc.</dc:type>
  <dc:type>NonPeerReviewed</dc:type>
  <dc:format>application/pdf</dc:format>
  <dc:identifier>http://orgprints.org/28683/6/28683.pdf</dc:identifier>
  <dc:identifier>Eriksen, Simme    (2015) Workshop om forbedrede udearealer og staldforhold til slagtesvin i frilands- og økobesætninger.   In:     Workshop om forbedrede udearealer og staldforhold.</dc:identifier>
  <dc:relation>http://orgprints.org/28683/</dc:relation>
</oai_dc:dc>