<oai_dc:dc xmlns:oai_dc="http://www.openarchives.org/OAI/2.0/oai_dc/" xmlns:dc="http://purl.org/dc/elements/1.1/" xmlns:xsi="http://www.w3.org/2001/XMLSchema-instance" xsi:schemaLocation="http://www.openarchives.org/OAI/2.0/oai_dc/ http://www.openarchives.org/OAI/2.0/oai_dc.xsd">
  <dc:title>Opsamling på projektmøde 3 i MultiTrust projektet 6-7 marts 2012</dc:title>
  <dc:creator>Alrøe, Hugo F.</dc:creator>
  <dc:creator>Thorsøe, Martin H.</dc:creator>
  <dc:creator>Læssøe, Jeppe</dc:creator>
  <dc:subject>Knowledge management</dc:subject>
  <dc:description>Opsamling på projektmøde 3 i MultiTrust projektet&#xD;
Kalø vildtforvaltningsskole, 6-7 marts 2012&#xD;
&#xD;
Indhold&#xD;
Kort referat af punkter, diskussioner og konklusioner på mødet	2&#xD;
Punkt 1 - Status for projektet: Hvad har vi lovet – og hvor langt er vi nået (Oplæg v. Hugo)	2&#xD;
Punkt 2 – Den tværgående og afsluttende WP2 rapport (Oplæg v. Jeppe og task-ansvarlige)	2&#xD;
Punkt 4 – WP2 evaluering (Jeppe)	6&#xD;
Punkt 5 – Opstart af WP3 (Oplæg v. Hugo og task-ansvarlige)	7&#xD;
Punkt 6 – Project Management Committee møde (Oplæg v. Hugo)	7&#xD;
Handlepunkter fra projektmødet	8&#xD;
Bilag 1: Program	9</dc:description>
  <dc:date>2012-04-10</dc:date>
  <dc:type>Other</dc:type>
  <dc:type>NonPeerReviewed</dc:type>
  <dc:format>application/msword</dc:format>
  <dc:identifier>http://orgprints.org/21218/1/21218a.doc</dc:identifier>
  <dc:format>application/pdf</dc:format>
  <dc:identifier>http://orgprints.org/21218/2/21218b.pdf</dc:identifier>
  <dc:identifier>Alrøe, Hugo F.; Thorsøe, Martin H. and Læssøe, Jeppe    (2012) Opsamling på projektmøde 3 i MultiTrust projektet 6-7 marts 2012.  [Summary of project meeting 3 in the MultiTrust project 6-7 March 2012.]  .   [Completed]</dc:identifier>
  <dc:relation>http://orgprints.org/21218/</dc:relation>
</oai_dc:dc>