<oai_dc:dc xmlns:oai_dc="http://www.openarchives.org/OAI/2.0/oai_dc/" xmlns:dc="http://purl.org/dc/elements/1.1/" xmlns:xsi="http://www.w3.org/2001/XMLSchema-instance" xsi:schemaLocation="http://www.openarchives.org/OAI/2.0/oai_dc/ http://www.openarchives.org/OAI/2.0/oai_dc.xsd">
  <dc:title>Presentations from the HoReCa Forum International Sessions at the BioFach Congress 2013</dc:title>
  <dc:subject>Values, standards and certification</dc:subject>
  <dc:subject>Food systems</dc:subject>
  <dc:subject>Australia</dc:subject>
  <dc:subject>Baltic states</dc:subject>
  <dc:subject>Brazil</dc:subject>
  <dc:subject>Denmark</dc:subject>
  <dc:subject>Estonia</dc:subject>
  <dc:subject>Switzerland</dc:subject>
  <dc:subject>United Kingdom</dc:subject>
  <dc:subject>Europe</dc:subject>
  <dc:description>The HoReCa Forum (Hotels, Restaurants &amp; Catering Forum) is one of the Forums of the German BioFach Congress. Within this Forum there are a number of English presentations on various aspects of the organic out-of-home sector in Europe and abroad. At this Forum colleagues presented current information on Green Public Procurement, certification of organic horeca and some international case studies about organic school meals.&#xD;
With contributions from:&#xD;
* Niels Heine Kristensen, Aalborg University, Denmark&#xD;
* Mark Stein, Salford University Business School, United Kingdom&#xD;
* Emanuele Busacca, IFOAM EU Group, Belgium&#xD;
* Valerie Monnin, Bio Suisse, Switzerland&#xD;
* Michael Baker, BFA - Biological Farmers of Australia, Australia&#xD;
* Cristina Vicente-Almazán Castro, DYNAMIS, Spain&#xD;
* Merit Mikk, Centre for Ecological Engineering, Estonia&#xD;
* Nadja Tahon &amp; Dorien Pelckmans, Velt vzw, Belgium&#xD;
* Lisbeth Oliveira, Federal University of Goiás, Brazil</dc:description>
  <dc:contributor>Strassner, Carola</dc:contributor>
  <dc:date>2013-02</dc:date>
  <dc:type>Proceedings</dc:type>
  <dc:type>NonPeerReviewed</dc:type>
  <dc:format>application/pdf</dc:format>
  <dc:identifier>http://orgprints.org/22482/19/HoReCa%20Forum%202013_14_15oo_GPP.pdf</dc:identifier>
  <dc:format>application/pdf</dc:format>
  <dc:identifier>http://orgprints.org/22482/25/HoReCa%20Forum%202013_14_16oo_Certification.pdf</dc:identifier>
  <dc:format>application/pdf</dc:format>
  <dc:identifier>http://orgprints.org/22482/13/HoReCa%20Forum%202013_15_16oo_IntlCS.pdf</dc:identifier>
  <dc:identifier>Strassner, Carola (Ed.)    (2013) Presentations from the HoReCa Forum International Sessions at the BioFach Congress 2013.    . Proceedings of BioFach Congress 2013, Nuremberg, Germany, 13-16 February 2013.   [Completed]</dc:identifier>
  <dc:relation>http://orgprints.org/22482/</dc:relation>
</oai_dc:dc>