<oai_dc:dc xmlns:oai_dc="http://www.openarchives.org/OAI/2.0/oai_dc/" xmlns:dc="http://purl.org/dc/elements/1.1/" xmlns:xsi="http://www.w3.org/2001/XMLSchema-instance" xsi:schemaLocation="http://www.openarchives.org/OAI/2.0/oai_dc/ http://www.openarchives.org/OAI/2.0/oai_dc.xsd">
  <dc:title>Mögliche Rationen mit Nebenerzeugnissen für Schweine</dc:title>
  <dc:creator>Richter, Katharina</dc:creator>
  <dc:creator>Trei, Gerriet</dc:creator>
  <dc:creator>Hörning, Bernhard</dc:creator>
  <dc:subject>Animal husbandry</dc:subject>
  <dc:subject>Feeding and growth</dc:subject>
  <dc:subject>Pigs</dc:subject>
  <dc:description>Laut EU-Bio-Verordnung ist die tägliche Raufuttergabe Vorschrift. Darüber hinaus sollen im Öko-Landbau Abfallstoffe und Nebenerzeugnisse pflanzlichen und tierischen Ursprungs als Produktionsmittel in der pflanzlichen und tierischen Erzeugung wiederverwertet werden.&#xD;
Gegenwärtig werden auch in der ökologischen Schweinehaltung vorwiegend Kraftfuttermittel eingesetzt.&#xD;
Ziel des Beitrags war die Ermittlung der Kosten bei einem erhöhten Anteil an Grundfuttermitteln in der Ration.</dc:description>
  <dc:publisher>Verlag Dr. Köster, Berlin</dc:publisher>
  <dc:date>2014-09-20</dc:date>
  <dc:type>Conference paper, poster, etc.</dc:type>
  <dc:type>NonPeerReviewed</dc:type>
  <dc:format>application/pdf</dc:format>
  <dc:identifier>http://orgprints.org/27240/1/27240_richter.pdf</dc:identifier>
  <dc:identifier>Richter, Katharina; Trei, Gerriet and Hörning, Bernhard    (2014) Mögliche Rationen mit Nebenerzeugnissen für Schweine.       Poster at:   13. Wissenschaftstagung Ökologischer Landbau, Hochschule für nachhaltige Entwicklung Eberswalde, 17. - 20. März 2015.</dc:identifier>
  <dc:relation>http://orgprints.org/27240/</dc:relation>
</oai_dc:dc>