<oai_dc:dc xmlns:oai_dc="http://www.openarchives.org/OAI/2.0/oai_dc/" xmlns:dc="http://purl.org/dc/elements/1.1/" xmlns:xsi="http://www.w3.org/2001/XMLSchema-instance" xsi:schemaLocation="http://www.openarchives.org/OAI/2.0/oai_dc/ http://www.openarchives.org/OAI/2.0/oai_dc.xsd">
  <dc:title>Biozierpflanzen</dc:title>
  <dc:creator>Koller, Martin</dc:creator>
  <dc:creator>Thürkauf, Bina</dc:creator>
  <dc:subject>Breeding, genetics and propagation</dc:subject>
  <dc:subject>Ornamentals, flower bulbs and tree nurseries</dc:subject>
  <dc:description>Die Sortenliste 2014 enthält keine Änderungen gegenüber 2013. Die Sortenliste führt sämtliche Arten auf, bei denen Saatgut und vegetatives Vermehrungsmaterial aus konventioneller Vermehrung nur eingeschränkt verwendet werden dürfen. Nicht enthalten in dieser Sortenliste sind Gewürzkräuter (siehe dazu Best.Nr. 1170).</dc:description>
  <dc:publisher>Forschungsinstitut für biologischen Landbau (FiBL)</dc:publisher>
  <dc:date>2014</dc:date>
  <dc:type>Other</dc:type>
  <dc:type>NonPeerReviewed</dc:type>
  <dc:format>application/pdf</dc:format>
  <dc:identifier>http://orgprints.org/25437/1/1149-zierpflanzen.pdf</dc:identifier>
  <dc:identifier>Koller, Martin and Thürkauf, Bina    (2014) Biozierpflanzen.   Forschungsinstitut für biologischen Landbau (FiBL), CH-Frick.</dc:identifier>
  <dc:relation>http://orgprints.org/25437/</dc:relation>
</oai_dc:dc>