<oai_dc:dc xmlns:oai_dc="http://www.openarchives.org/OAI/2.0/oai_dc/" xmlns:dc="http://purl.org/dc/elements/1.1/" xmlns:xsi="http://www.w3.org/2001/XMLSchema-instance" xsi:schemaLocation="http://www.openarchives.org/OAI/2.0/oai_dc/ http://www.openarchives.org/OAI/2.0/oai_dc.xsd">
  <dc:title>Einfluss von eingesäten Wildblumenstreifen auf die epigäischen Lautkäferrind Spinnen (Carabidaeund Araneae) in der intensiv genutzten Agrarlandschaft "Grosses Moos",Schweiz</dc:title>
  <dc:creator>Luka, Henryk</dc:creator>
  <dc:creator>Lutz, Michael</dc:creator>
  <dc:creator>Blick, Theo</dc:creator>
  <dc:creator>Pfiffner, Lukas</dc:creator>
  <dc:subject>"Organics" in general</dc:subject>
  <dc:subject>Biodiversity and ecosystem services</dc:subject>
  <dc:description>Der Einfluss von eingesäten Wildblumenstreifen (Buntbrachen) auf die Laufkäfer- und Spinnenfauna der ehemaligen Flachmoorlandschaft und heute intensiv bewirtschafteten Kulturlandschaft "Grosses Moos"  (Schweizer Mittelland: Berner  Seeland) wurde untersucht. Drei mit einheimischen Wild- und Kulturpflanzen eingesäte Wildblumenstreifen verschiedenen  Alters sowie die angrenzenden  Getreidekulturen  in 15 m (Randbereich) und in 70 bis 100 m (Zentrumsbereich) Entfernung vom Wildblumenstreifen wurden mittels Trichterbodenfallen während 10 Fangwochen von Mai bis Juli 1999 beprobt. Von den 123 in 44.161 Individuen nachgewiesenen Laufkäfer- und Spinnenarten wurden insgesamt 110 in Wildblumenstreifen, 85 in den Randbereichen und 82 Arten in den Zentrumsbereichen der Getreideflächen gefunden. Die Aktivitätsdichte  der Laufkäfer und Spinnen in den Wildblumenstreifen waren hingegen am niedrigsten. Viele stenotope Grünlandarten kamen ausschließlich oder vorwiegend in den Wildblumenstreifen vor. Die Artengemeinschaften der Laufkäfer und Spinnen in den Getreiderandbereichen waren von Wildblumenstreifen positiv beeinflusst und  wiesen  eine entsprechend höhere Artenvielfalt auf, als die Zentrumsbereiche der Felder. Wildblumenstreifen stellen für viele Laufkäfer und Spinnen einen geeigneten Lebensraum dar und tragen dadurch zur Nützlingsförderung und Erhöhung der Artenvielfalt der untersuchten Standorte  bei.</dc:description>
  <dc:publisher>Pekiana</dc:publisher>
  <dc:date>2001</dc:date>
  <dc:type>Journal paper</dc:type>
  <dc:type>NonPeerReviewed</dc:type>
  <dc:format>application/pdf</dc:format>
  <dc:identifier>http://orgprints.org/20211/1/43_Lukaetal_2001_Peckiana.pdf</dc:identifier>
  <dc:identifier>Luka, Henryk; Lutz, Michael; Blick, Theo and Pfiffner, Lukas   (2001) Einfluss von eingesäten Wildblumenstreifen auf die epigäischen Lautkäferrind Spinnen (Carabidaeund Araneae) in der intensiv genutzten Agrarlandschaft "Grosses Moos",Schweiz.  [The influence of sown wildflower strips on ground beetles and spiders (Carabidae &amp; Araneae) in an intensively cultivated agricultural area "Grosses Moos", Switzerland.]  Peckiana, 1, pp. 45-60.</dc:identifier>
  <dc:relation>http://orgprints.org/20211/</dc:relation>
</oai_dc:dc>