<oai_dc:dc xmlns:oai_dc="http://www.openarchives.org/OAI/2.0/oai_dc/" xmlns:dc="http://purl.org/dc/elements/1.1/" xmlns:xsi="http://www.w3.org/2001/XMLSchema-instance" xsi:schemaLocation="http://www.openarchives.org/OAI/2.0/oai_dc/ http://www.openarchives.org/OAI/2.0/oai_dc.xsd">
  <dc:title>Entwicklung von Strategien zur Feuerbrandbekämpfung im ökologischen Obstbau</dc:title>
  <dc:creator>Kunz, Stefan</dc:creator>
  <dc:creator>Mendgen, Kurt</dc:creator>
  <dc:subject>Crop health, quality, protection</dc:subject>
  <dc:subject>Fruit and berries</dc:subject>
  <dc:description>Der Feuerbranderreger Erwinia amylovora kann an Apfel und Birne große wirtschaftliche Schäden verursachen. Um Feuerbrandepidemien abzuwenden, benötigt der ökologische Obstbau Strategien, die Blüteninfektionen verhindern. Seit 2004 wurden in diesem Projekt 44 Präparate in vitro und auf abgeschnittenen Blüten untersucht. Dabei zeigte sich, dass im Blütensystem nur Präparate die Symptombildung verhindern, die auch eine bakteriostatische Wirkung in vitro haben. In den insgesamt 11 Freilandversuchen nach EPPO-Richtlinie PP1/166 (3) bestätigten sich die im Labor an Blüten gefundenen Ergebnisse. BlossomProtect war in allen unseren Freilandversuchen mit durchschnittlich 78% Befallsreduktion das wirksamste Präparat, gefolgt vom Gesteinsmehlpräparat Myco-Sin mit durchschnittlich 65% Befallsreduktion. Kupferpräparate sind bekannt bakterizid. Allerdings birgt die Applikation von Kupfer in die Blüte die Gefahr der Fruchtberostung. In Freilandversuchen wurden zwischen 90 und 200 g Reinkupfer/ha eingesetzt. Für eine ausreichende Wirkung wurden 200 g Reinkupfer/ha benötigt. &#xD;
Nachdem im Jahr 2004 auch über Mehrberostung der Früchte durch den Einsatz von BlossomProtect berichtet wurde, haben wir ab 2005 auch Freilandversuche zur Berostung durchgeführt. Es zeigte sich, dass die Mehrberostung durch BlossomProtect von der Sorte und von der Anzahl der Behandlungen abhängt. Auf berostungsempfindlichen Sorten sollte die Anzahl der Behandlungen auf  zwei reduziert werden. &#xD;
Die Wirksamkeit von BlossomProtect ist von der Vermehrungsfähigkeit der darin enthaltenen Hefen abhängig. Im ökologischen Obstbau werden während der Blüte zur Schorfbekämpfung Netzschwefel und Schwefelkalk eingesetzt. Diese hemmen in vitro auch die in BlossomProtect enthaltenen Hefen. In Freilandversuchen zeigte sich, dass der Einsatz von Schwefel oder Schwefelkalk am Tag vor oder nach der BlossomProtect Applikation keinen Einfluss auf die Wirksamkeit von BlossomProtect hat. Wenn aufgrund der Witterung mehr als zwei Behandlungen zur Feuerbrandbekämpfung notwendig sind, sollte BlossomProtect alternierend mit Myco-Sin eingesetzt werden. Dieses hat in Kombination mit Netzschwefel auch eine Schorfwirkung, so dass mit dieser Strategie auch die Gesamtzahl der  Applikationen reduziert werden kann.</dc:description>
  <dc:date>2009</dc:date>
  <dc:type>Report</dc:type>
  <dc:type>NonPeerReviewed</dc:type>
  <dc:format>application/pdf</dc:format>
  <dc:identifier>http://orgprints.org/16515/1/16515-06OE524_06OE336-uni_konstanz-kunz-2009-feuerbrandbekaempfung.pdf</dc:identifier>
  <dc:identifier>Kunz, Stefan and Mendgen, Kurt         (2009) Entwicklung von Strategien zur Feuerbrandbekämpfung im ökologischen Obstbau.  [Development of a strategy for fire blight control in organic fruit growing.]   Universität Konstanz, Fachbereich Biologie.</dc:identifier>
  <dc:relation>http://orgprints.org/16515/</dc:relation>
</oai_dc:dc>