<oai_dc:dc xmlns:oai_dc="http://www.openarchives.org/OAI/2.0/oai_dc/" xmlns:dc="http://purl.org/dc/elements/1.1/" xmlns:xsi="http://www.w3.org/2001/XMLSchema-instance" xsi:schemaLocation="http://www.openarchives.org/OAI/2.0/oai_dc/ http://www.openarchives.org/OAI/2.0/oai_dc.xsd">
  <dc:title>Klimavenlig majs ved minimal tilførsel af kvælstof</dc:title>
  <dc:creator>Ambus, Per</dc:creator>
  <dc:subject>Social aspects</dc:subject>
  <dc:subject>Air and water emissions</dc:subject>
  <dc:description>Majs-biomasse kan omdannes til klimavenlig CO2-neutral energi ved behandling til bioetanol og biogas. Men gødskes majsen med affaldet fra biogasanlægget, dannes der betragtelige mængder af den kraftige drivhusgas, lattergas. Herved reduceres klimagevinsten mærkbart. Dyrkning af majs til energiformål skal derfor ske med ingen eller lille tilførsel af N.</dc:description>
  <dc:date>2009-04</dc:date>
  <dc:type>Newspaper or magazine article</dc:type>
  <dc:type>NonPeerReviewed</dc:type>
  <dc:format>application/pdf</dc:format>
  <dc:identifier>http://orgprints.org/15811/1/15811.pdf</dc:identifier>
  <dc:identifier>Ambus, Per    (2009) Klimavenlig majs ved minimal tilførsel af kvælstof.  [Climate change friendly maize with reduced nitrogen applications.]  Landbrugsavisen, April 2009.</dc:identifier>
  <dc:relation>http://orgprints.org/15811/</dc:relation>
</oai_dc:dc>