<oai_dc:dc xmlns:oai_dc="http://www.openarchives.org/OAI/2.0/oai_dc/" xmlns:dc="http://purl.org/dc/elements/1.1/" xmlns:xsi="http://www.w3.org/2001/XMLSchema-instance" xsi:schemaLocation="http://www.openarchives.org/OAI/2.0/oai_dc/ http://www.openarchives.org/OAI/2.0/oai_dc.xsd">
  <dc:title>Efeito de extratos vegetais em soja sob condições de laboratório e campo.</dc:title>
  <dc:creator>Gouvea, Alfredo de</dc:creator>
  <dc:creator>Zanotti, Josinaldo</dc:creator>
  <dc:creator>Luckmann, Daiane</dc:creator>
  <dc:creator>Pizzatto, Mariana</dc:creator>
  <dc:creator>Mazaro, Sérgio Miguel</dc:creator>
  <dc:creator>Possenti, Jean Carlo</dc:creator>
  <dc:subject>Production systems</dc:subject>
  <dc:subject>Farming Systems</dc:subject>
  <dc:subject>Cereals, pulses and oilseeds</dc:subject>
  <dc:subject>Vegetables</dc:subject>
  <dc:subject>Farm nutrient management</dc:subject>
  <dc:description>O Brasil é o maior produtor mundial e o Paraná o maior produtor nacional de soja orgânica. A cultura vem sendo uma alternativa na viabilização econômica de pequenas propriedades, sobretudo no Sudoeste Paranaense. Com a expansão da atividade aumenta a demanda por pesquisas visando obter alternativas aos agrotóxicos no manejo fitossanitário da cultura. Assim, no presente trabalho, o objetivo foi avaliar o efeito da aplicação de extratos vegetais sobre a produção de fitoalexinas, o desenvolvimento de doenças e a produtividade de soja. O trabalho foi realizado in vitro e in vivo na UTFPR Campus Dois Vizinhos. Avaliou-se o alho (Allium sativum - 10 mL.L-1), neem (Azadirachta indica - 5 mL.L-1) e timbó (Derris spp. - 6 mL.L-1), isoladamente ou em combinações. Os extratos vegetais a base de alho e neem induziram a produção de fitoalexinas gliceolinas em cotilédones e reduziram a incidência de oídio causado por Microsphaera diffusa em plantas de soja.</dc:description>
  <dc:date>2011</dc:date>
  <dc:type>Journal paper</dc:type>
  <dc:type>NonPeerReviewed</dc:type>
  <dc:format>application/pdf</dc:format>
  <dc:identifier>http://orgprints.org/23066/1/Gouvea_Efeito.pdf</dc:identifier>
  <dc:identifier>Gouvea, Alfredo de; Zanotti, Josinaldo ; Luckmann, Daiane ; Pizzatto, Mariana ; Mazaro, Sérgio Miguel  and Possenti, Jean Carlo    (2011) Efeito de extratos vegetais em soja sob condições de laboratório e campo.  [Effect of plant extracts in soybean under laboratory and field conditions.]  Revista Brasileira de Agroecologia, 6 (2), pp. 70-78.</dc:identifier>
  <dc:relation>http://orgprints.org/23066/</dc:relation>
</oai_dc:dc>