<oai_dc:dc xmlns:oai_dc="http://www.openarchives.org/OAI/2.0/oai_dc/" xmlns:dc="http://purl.org/dc/elements/1.1/" xmlns:xsi="http://www.w3.org/2001/XMLSchema-instance" xsi:schemaLocation="http://www.openarchives.org/OAI/2.0/oai_dc/ http://www.openarchives.org/OAI/2.0/oai_dc.xsd">
  <dc:title>Development and current situation of organic agriculture in Brazil and the State of Sao Paulo.</dc:title>
  <dc:creator>Abreu, Lucimar Santiago de</dc:creator>
  <dc:creator>Kledal, Paul Rye</dc:creator>
  <dc:creator>Pettan, Klebber</dc:creator>
  <dc:creator>Rabello, Fernando</dc:creator>
  <dc:creator>Mendes, Sergio C.</dc:creator>
  <dc:subject>"Organics" in general</dc:subject>
  <dc:subject>Brazil</dc:subject>
  <dc:description>A description of the organic production in Brazil as well as an in-depth analysis of the organic sector in the State of Sao Paulo.</dc:description>
  <dc:date>2008</dc:date>
  <dc:type>Working paper</dc:type>
  <dc:type>NonPeerReviewed</dc:type>
  <dc:format>application/pdf</dc:format>
  <dc:identifier>http://orgprints.org/14848/1/14848.pdf</dc:identifier>
  <dc:identifier>Abreu, Lucimar Santiago de; Kledal, Paul Rye; Pettan, Klebber; Rabello, Fernando and Mendes, Sergio C.    (2008) Development and current situation of organic agriculture in Brazil and the State of Sao Paulo.    Working paper.</dc:identifier>
  <dc:relation>http://orgprints.org/14848/</dc:relation>
</oai_dc:dc>