<oai_dc:dc xmlns:oai_dc="http://www.openarchives.org/OAI/2.0/oai_dc/" xmlns:dc="http://purl.org/dc/elements/1.1/" xmlns:xsi="http://www.w3.org/2001/XMLSchema-instance" xsi:schemaLocation="http://www.openarchives.org/OAI/2.0/oai_dc/ http://www.openarchives.org/OAI/2.0/oai_dc.xsd">
  <dc:title>Erhöhte Bodenfruchtbarkeit durch reduzierte Bodenbearbeitung im Langzeitversuch Frick</dc:title>
  <dc:creator>Mäder, Paul</dc:creator>
  <dc:creator>Berner, Alfred</dc:creator>
  <dc:creator>Niggli, Urs</dc:creator>
  <dc:subject>Soil quality</dc:subject>
  <dc:subject>Nutrient turnover</dc:subject>
  <dc:subject>Soil tillage</dc:subject>
  <dc:description>Weltweit ging in den vergangenen 40 Jahren etwa 1/3 des wertvollen Ackerlands durch Erosion verloren. Angesichts der Nahrungsmittelknappheit ist diese Entwicklung dramatisch, und es müssen neue Wege zur Lösung dieses Problems beschritten werden. Durch tiefes Pflügen wird wertvoller Humus abgebaut, der Boden erodiert, und das klimarelevante Gas CO2 wird freigesetzt. Pfluglose, konservierende Anbausysteme bieten Vorteile bei der Erosionsbekämpfung und bei der Förderung der Bodenfruchtbarkeit. Insbesondere können sie zum Humusaufbau beitragen und sparen Energie. Diese Anbausysteme wurden aber unter den Bedingungen des konventionellen Landbaus unter Einsatz von Herbiziden und Mineraldüngern entwickelt. Diese belasten die Umwelt und benötigen zu deren Herstellung viel Energie. Das FiBL optimiert seit sechs Jahren zusammen mit Landwirten und erfahrenen Beratern Anbausysteme mit reduzierter Bodenbearbeitung unter Biobedingungen.</dc:description>
  <dc:publisher>Bodenkundliche Gesellschaft der Schweiz</dc:publisher>
  <dc:date>2009-02</dc:date>
  <dc:type>Conference paper, poster, etc.</dc:type>
  <dc:type>NonPeerReviewed</dc:type>
  <dc:format>application/pdf</dc:format>
  <dc:identifier>http://orgprints.org/26612/1/verein_jt09_abstractband.pdf</dc:identifier>
  <dc:identifier>Mäder, Paul; Berner, Alfred and Niggli, Urs     (2009) Erhöhte Bodenfruchtbarkeit durch reduzierte Bodenbearbeitung im Langzeitversuch Frick.   In:     Tagungsband der BGS Jahrestagung 2009 - Bodenbiologie, Bodenkundliche Gesellschaft der Schweiz, p. 17.</dc:identifier>
  <dc:relation>http://orgprints.org/26612/</dc:relation>
</oai_dc:dc>