<oai_dc:dc xmlns:oai_dc="http://www.openarchives.org/OAI/2.0/oai_dc/" xmlns:dc="http://purl.org/dc/elements/1.1/" xmlns:xsi="http://www.w3.org/2001/XMLSchema-instance" xsi:schemaLocation="http://www.openarchives.org/OAI/2.0/oai_dc/ http://www.openarchives.org/OAI/2.0/oai_dc.xsd">
  <dc:title>Strategien zur Minimierung des Einsatzes kupferhaltiger Fungizide bei der Krautfäulebekämpfung im Ökologischen Kartoffelanbau – ein vom Bundesprogramm Ökologischer Landbau gefördertes Forschungsprojekt</dc:title>
  <dc:creator>Zellner, M.</dc:creator>
  <dc:creator>Benker, M.</dc:creator>
  <dc:creator>Kleinhenz, B.</dc:creator>
  <dc:creator>Bartels, G.</dc:creator>
  <dc:subject>Crop health, quality, protection</dc:subject>
  <dc:subject>Root crops</dc:subject>
  <dc:description>Ziel des Projektes ist es, auf Basis der witterungsbedingten Epidemiebewertung, die Kupferaufwandmengen auf das absolut notwendige Maß zu begrenzen. Dazu werden verschiedene Strategien verfolgt. Zum einen soll durch eine Pflanzgutbeizung mit Kupferpräparaten das Auftreten von Primärbefall reduziert werden, um den Epidemiebeginn und somit auch den Spritzstart nach hinten verlagern zu können. Zum andern werden zur Kontrolle des Sekundärbefalls Applikationsstrategien erarbeitet, bei denen die Kupferaufwandmengen und die Spritzabstände variabel an den Infektionsdruck angepasst werden, um mit möglichst niedrigeren Mengen auszukommen.</dc:description>
  <dc:publisher>Biologische Bundesanstalt für Land- und Forstwirtschaft (bba), D-Berlin und Braunschweig</dc:publisher>
  <dc:date>2006</dc:date>
  <dc:type>Conference paper, poster, etc.</dc:type>
  <dc:type>NonPeerReviewed</dc:type>
  <dc:format>application/pdf</dc:format>
  <dc:identifier>http://orgprints.org/15904/1/zellner-etal-2006-MittBBA_400_p329-330.pdf</dc:identifier>
  <dc:identifier>Zellner, M.; Benker, M.; Kleinhenz, B. and Bartels, G.    (2006) Strategien zur Minimierung des Einsatzes kupferhaltiger Fungizide bei der Krautfäulebekämpfung im Ökologischen Kartoffelanbau – ein vom Bundesprogramm Ökologischer Landbau gefördertes Forschungsprojekt.  [Strategies for reducing the use of copper-containing fungicides for late blight management in organic potato production – a project supported by the Federal Organic Agriculture Program.]  In:     Mitt. Biol. Bundesanst. Land- Forstwirtsch., Biologische Bundesanstalt für Land- und Forstwirtschaft (bba), D-Berlin und Braunschweig (400), pp. 329-330.</dc:identifier>
  <dc:relation>http://orgprints.org/15904/</dc:relation>
</oai_dc:dc>