<oai_dc:dc xmlns:oai_dc="http://www.openarchives.org/OAI/2.0/oai_dc/" xmlns:dc="http://purl.org/dc/elements/1.1/" xmlns:xsi="http://www.w3.org/2001/XMLSchema-instance" xsi:schemaLocation="http://www.openarchives.org/OAI/2.0/oai_dc/ http://www.openarchives.org/OAI/2.0/oai_dc.xsd">
  <dc:title>Saflor als neue Ölpflanze im ökologischen Landbau - Zuchtmethodische Grundlagen und Schnellmethoden zur Qualitätsbestimmung</dc:title>
  <dc:creator>Rudolphi, S.</dc:creator>
  <dc:creator>Becker, H.C.</dc:creator>
  <dc:creator>von Witzke-Ehbrecht, S.</dc:creator>
  <dc:subject>Cereals, pulses and oilseeds</dc:subject>
  <dc:subject>Breeding, genetics and propagation</dc:subject>
  <dc:description>In Deutschland werden Ölpflanzen nur auf etwa 2% der ökologisch bewirtschafteten Fläche kultiviert, wobei eine große Nachfrage nach ökologisch erzeugtem Pflanzenöl existiert. Der Saflor (Färberdistel) könnte als neue Ölpflanze für den ökologischen Anbau geeignet sein, da Distelöl als wertvolles Speiseöl sehr geschätzt wird.&#xD;
Der Anbau von Saflor ist auch in Deutschland in sommerwarmen und -trockenen Regionen durchaus möglich. Es mangelt jedoch an Genotypen, die an das deutsche Klima angepasst sind. Besonders der niedrige Ölgehalt und die hohe Krankheitsanfälligkeit (vor allem Köpfchenfäule und Alternaria-Blattflecken) sind problematisch. Ziel des Vorhabens war es, methodische Grundlagen der Saflorzüchtung zu untersuchen und ein Konzept für die Züchtung vorzuschlagen. Um große Probenmengen auf Qualitätsparameter wie den Ölgehalt untersuchen zu können, sollte eine Schnellmethode entwickelt werden.&#xD;
Die Nah-Infrarot-Reflexions Spektroskopie (NIRS) bietet bei der Selektion auf höheren Ölgehalt eine gute Möglichkeit, eine große Anzahl Proben schnell und kostengünstig zu untersuchen. Es wurden Kalibrationen entwickelt, um den Ölgehalt anhand intakter Achänen schätzen zu können.&#xD;
Es wurden drei Züchtungsmethoden (Stammbaummethode, natürliche Selektion und Einkornramschmethode) verglichen. Linien mit geringerer Krankheitsanfälligkeit und höherem Ölgehalt wurden in der Stammbaummethode entwickelt. Die natürliche Selektion lieferte mit geringerem Arbeitsaufwand ebenfalls gute Ergebnisse. Die Anfälligkeit für Köpfchenfäule sank und der Ertrag stieg. Der Ölgehalt wurde durch die natürliche Selektion nicht beeinflusst. &#xD;
Bei der Züchtung von Saflor sollten die F2- und F3-Generationen zunächst der natürlichen Selektion ausgesetzt werden. Anschließend sollten die Nachkommen von Einzelpflanzen geprüft und selektiert werden. Hier sollte neben der geringeren Krankheitsanfälligkeit der Ölgehalt im Vordergrund stehen, da durch die natürliche Selektion keine Steigerung des Ölgehaltes erreicht wurde.</dc:description>
  <dc:date>2007</dc:date>
  <dc:type>Report</dc:type>
  <dc:type>NonPeerReviewed</dc:type>
  <dc:format>application/pdf</dc:format>
  <dc:identifier>http://orgprints.org/13483/1/13483-03OE628-uni-goettingen-becker-2007-saflor.pdf</dc:identifier>
  <dc:identifier>Rudolphi, S.; Becker, H.C. and von Witzke-Ehbrecht, S.         (2007) Saflor als neue Ölpflanze im ökologischen Landbau - Zuchtmethodische Grundlagen und Schnellmethoden zur Qualitätsbestimmung.  [Safflower as a new crop in organic farming.]   Georg-August Universität Göttingen, Department für Nutzpflanzenwissenschaften, Abteilung Pflanzenzüchtung.</dc:identifier>
  <dc:relation>http://orgprints.org/13483/</dc:relation>
</oai_dc:dc>