<oai_dc:dc xmlns:oai_dc="http://www.openarchives.org/OAI/2.0/oai_dc/" xmlns:dc="http://purl.org/dc/elements/1.1/" xmlns:xsi="http://www.w3.org/2001/XMLSchema-instance" xsi:schemaLocation="http://www.openarchives.org/OAI/2.0/oai_dc/ http://www.openarchives.org/OAI/2.0/oai_dc.xsd">
  <dc:title>Scottish Agricultural College (SAC): Free range poultry research facilities</dc:title>
  <dc:subject>Poultry</dc:subject>
  <dc:description>Free-range (replicated) poultry unit, controlled environment growth rooms, hatchery, processing plant and feed mill.</dc:description>
  <dc:type>Research facility description</dc:type>
  <dc:type>NonPeerReviewed</dc:type>
  <dc:identifier>{Facility}   SAC: Scottish Agricultural College (SAC): Free range poultry research facilities.       Facility Leader(s): Sparks, Nick, Scottish Agricultural College.</dc:identifier>
  <dc:relation>http://orgprints.org/6761/</dc:relation>
</oai_dc:dc>