<oai_dc:dc xmlns:oai_dc="http://www.openarchives.org/OAI/2.0/oai_dc/" xmlns:dc="http://purl.org/dc/elements/1.1/" xmlns:xsi="http://www.w3.org/2001/XMLSchema-instance" xsi:schemaLocation="http://www.openarchives.org/OAI/2.0/oai_dc/ http://www.openarchives.org/OAI/2.0/oai_dc.xsd">
  <dc:title>Wirkung einer Schwefeldüngung zu einem Luzerne-Kleegras-Bestand auf den Kornertrag der Nachfrucht Winterweizen</dc:title>
  <dc:creator>Riffel, Alexandra</dc:creator>
  <dc:creator>Hornischer, Helen</dc:creator>
  <dc:creator>Fischinger, Stephanie Anastasia</dc:creator>
  <dc:creator>Leithold, Günter</dc:creator>
  <dc:creator>Becker, Konstantin</dc:creator>
  <dc:subject>Cereals, pulses and oilseeds</dc:subject>
  <dc:description>In this study clover-grass was fertilized with MgSO4 (40 kg S*ha-1 and 80 kg S*ha-1) and CaSO4 (80 kg S*ha-1).  The yield of the following crop winter wheat was clearly positive affected by fertilizing sulphur in the clover grass.</dc:description>
  <dc:date>2013-09-09</dc:date>
  <dc:type>Conference paper, poster, etc.</dc:type>
  <dc:type>NonPeerReviewed</dc:type>
  <dc:format>application/pdf</dc:format>
  <dc:identifier>http://orgprints.org/21546/1/21546_riffel.pdf</dc:identifier>
  <dc:identifier>Riffel, Alexandra; Hornischer, Helen; Fischinger, Stephanie Anastasia; Leithold, Günter and Becker, Konstantin    (2013) Wirkung einer Schwefeldüngung zu einem Luzerne-Kleegras-Bestand auf den Kornertrag der Nachfrucht Winterweizen.       Paper at:   12. Wissenschaftstagung Ökologischer Landbau, Rheinische Friedrich-Wilhelms-Universität, Bonn, 5. bis 8. März 2013.</dc:identifier>
  <dc:relation>http://orgprints.org/21546/</dc:relation>
</oai_dc:dc>