<oai_dc:dc xmlns:oai_dc="http://www.openarchives.org/OAI/2.0/oai_dc/" xmlns:dc="http://purl.org/dc/elements/1.1/" xmlns:xsi="http://www.w3.org/2001/XMLSchema-instance" xsi:schemaLocation="http://www.openarchives.org/OAI/2.0/oai_dc/ http://www.openarchives.org/OAI/2.0/oai_dc.xsd">
  <dc:title>Steigerung der Wertschöpfung ökologisch angebauter Marktfrüchte durch Optimierung des Managements der Bodenfruchtbarkeit (Verbundvorhaben)</dc:title>
  <dc:subject>Crop combinations and interactions</dc:subject>
  <dc:subject>Composting and manuring</dc:subject>
  <dc:subject>Soil tillage</dc:subject>
  <dc:subject>Soil</dc:subject>
  <dc:description>Das hier beschriebene Projekt ist die Verlängerung eines Verbundvorhabens und umfasst folgende Teilprojekte: FKZ 11OE080, FKZ 11OE081, FKZ 11OE082, FKZ 11OE083, FKZ 11OE084, FKZ 11OE085.&#xD;
Alle in Organic Eprints archivierten Projektbeschreibungen und Veröffentlichungen zu diesem Verbundvorhaben finden Sie unter folgendem Link: http://orgprints.org/cgi/saved_search?savedsearchid=1239. &#xD;
Ziel des Forschungsvorhabens ist es, in einem interdisziplinären Konzept das Thema Bodenfruchtbarkeit und Pflanzenernährung zu bearbeiten. Das Projekt fokussiert dabei auf viehlose und viehschwache, ökologisch geführte Marktfruchtbetriebe. Gegenstand des Vorhabens ist die Erhöhung der Bodenfruchtbarkeit durch ein Zusammenwirken unterschiedlicher Handlungsstrategien. Hier spielen u.a. Aspekte wie der Körnerleguminosenanbau mit reduzierter Bodenbearbeitung, alternative Anbausysteme und der Einsatz von Sekundärrohstoffdüngern eine Rolle. Bearbeitet wird das Vorhaben von einem Konsortium bestehend aus FiBL Deutschland und FiBL Schweiz, Bayerischer Landesanstalt für Landwirtschaft (LfL), Hochschule für Technik und Wirtschaft Dresden, Naturland, Stiftung Ökologie und Landbau, Universität Kassel sowie dem Johann Heinrich von Thünen Institut (vTI). Die Gesamtkoordination des über rund viereinhalb Jahre angelegten Forschungsvorhabens liegt bei Klaus-Peter Wilbois vom FiBL Deutschland.&#xD;
Der Antrag besteht aus verschiedenen Arbeitspaketen, die stark miteinander verzahnt sind. &#xD;
Angaben zur Finanzierung des Projekts finden Sie im Förderkatalog des Bundes unter http://foerderportal.bund.de/foekat/jsp/StartAction.do. Bitte geben Sie in das Suchfeld eine 28 plus das Förderkennzeichen (FKZ) des BÖL-Projektes ein, z.B. 2808OE212 für das BÖL-Projekt mit der FKZ 08OE212.</dc:description>
  <dc:type>Project description</dc:type>
  <dc:type>NonPeerReviewed</dc:type>
  <dc:identifier>{Project}    BODENFRUCHTBARKEIT: Steigerung der Wertschöpfung ökologisch angebauter Marktfrüchte durch Optimierung des Managements der Bodenfruchtbarkeit (Verbundvorhaben).  [Enhancing the economic value of organically produced cash crops by optimizing the management of soil fertility.]   Runs 2012 - 2013.      Project Leader(s): Wilbois, Dr. Klaus-Peter, Forschungsinstitut für biologischen Landbau Deutschland e.V. (FiBL), D-Frankfurt am Main.</dc:identifier>
  <dc:relation>http://orgprints.org/20443/</dc:relation>
</oai_dc:dc>