<oai_dc:dc xmlns:oai_dc="http://www.openarchives.org/OAI/2.0/oai_dc/" xmlns:dc="http://purl.org/dc/elements/1.1/" xmlns:xsi="http://www.w3.org/2001/XMLSchema-instance" xsi:schemaLocation="http://www.openarchives.org/OAI/2.0/oai_dc/ http://www.openarchives.org/OAI/2.0/oai_dc.xsd">
  <dc:title>Leistung legumer Untersaaten in Körnererbse: Unkrautunterdrückung, symbiotische N2-Fixierung und N-Vorfruchtwirkung in Systemen differenzierter Grundbodenbearbeitung</dc:title>
  <dc:creator>Stieber, Jette</dc:creator>
  <dc:creator>Schmidtke, Knut</dc:creator>
  <dc:subject>Soil quality</dc:subject>
  <dc:subject>Crop combinations and interactions</dc:subject>
  <dc:subject>Cereals, pulses and oilseeds</dc:subject>
  <dc:subject>Soil tillage</dc:subject>
  <dc:description>Das Pflügen birgt die Gefahr einer erhöhten Bodenerosion durch Wind und Wasser sowie einer Verdichtung im Wurzelbereich der Pflanze. Um diesen negativen Effekten der wendenden Bodenbearbeitung entgegenzuwirken wurde ein Feldversuch angelegt, um die Wirkung einer reduzierten Bodenbearbeitung und einer Untersaat mit Erdklee auf den Ertrag, N2-Fixierleistung und die Unkrautentwicklung im Fruchtfolgeglied Erbse-Winterweizen zu untersuchen. In Pinkowitz (bei Dresden) wurde die Körnererbse nach einer Bodenbearbeitung mit dem Pflug oder Grubber, oder ohne Bodenbearbeitung in Direktsaat eingebracht. Eine Woche nach Einsaat der Körnererbse wurde eine Untersaat mit Erdklee eingebracht. Nach Ernte der Erbse wurde im Oktober Winterweizen nach Pflug oder Grubber, oder in Direktsaat, jedoch quer zur Bodenbearbeitung zur Körnererbse eingesät. Das Wachstum der Kulturpflanzen und des Unkrautes, sowie die Nmin-Mengen im Boden wurden zu 2 Zeiternten und zur Reife der Erbse und des Weizens erfasst. Direktsaat hatte einen negativen Einfluss auf den Feldaufgang der Körnererbse. Die geringere Bestandesdichte nach Direktsaat im Vergleich zu Pflug und Grubber konnte nicht vollständig durch Erhöhung der Körner je Hülse oder das Tausendkorngewicht kompensiert werden. Ein signifikant negativer Effekt auf der reduzierten Bodenbearbeitung und der Direktsaat auf die N2-Fixierleistung konnte nicht gefunden wurden. Die Untersaat Erdklee in Erbse unterdrückte in allen Systemen der Bodenbearbeitung gleichermaßen das Wachstum von Unkräutern, ohne sich deutlich negativ auf das Wachstum der Körnererbse auszuwirken. Winterweizen in Direktsaat entwickelt sich sehr schlecht und wies nur einen sehr geringen Kornertrag auf. Zusätzlich zeigte sich ein stark erhöhtes Wachstum von Unkräutern nach Direktsaat zu Winterweizen unabhängig von einer Untersaat in der Vorfrucht Körnererbse, welches den Weizen fast vollständig zurückdrängte.</dc:description>
  <dc:date>2011</dc:date>
  <dc:type>Report</dc:type>
  <dc:type>NonPeerReviewed</dc:type>
  <dc:format>application/pdf</dc:format>
  <dc:identifier>http://orgprints.org/21135/1/21135-08OE146-htw-dresden-schmidtke-2011-bodenfruchtbarkeit-teilprojekt3.pdf</dc:identifier>
  <dc:identifier>Stieber, Jette and Schmidtke, Knut         (2011) Leistung legumer Untersaaten in Körnererbse: Unkrautunterdrückung, symbiotische N2-Fixierung und N-Vorfruchtwirkung in Systemen differenzierter Grundbodenbearbeitung.  [Performance of legumes as undersown crops in peas: weed suppression, symbiotic N2 fixation and preceding crop effect in systems of differentiated tillage.]   Hochschule für Technik und Wirtschaft Dresden, Fachgebiet Ökologischer Landbau.</dc:identifier>
  <dc:relation>http://orgprints.org/21135/</dc:relation>
</oai_dc:dc>