<oai_dc:dc xmlns:oai_dc="http://www.openarchives.org/OAI/2.0/oai_dc/" xmlns:dc="http://purl.org/dc/elements/1.1/" xmlns:xsi="http://www.w3.org/2001/XMLSchema-instance" xsi:schemaLocation="http://www.openarchives.org/OAI/2.0/oai_dc/ http://www.openarchives.org/OAI/2.0/oai_dc.xsd">
  <dc:title>Grøngødskning af vintersæd</dc:title>
  <dc:creator>Schou, Anders</dc:creator>
  <dc:subject>Crop health, quality, protection</dc:subject>
  <dc:subject>Farm nutrient management</dc:subject>
  <dc:description>Grøngodning er en del af løsningen ved udfasning af konventionel husdyrgødning.&#xD;
Eftervirkningen af grøngødning ligger i niveauet 50-80 kg N/ha.&#xD;
Rød- og hvidkløver samt alsike er velegnede til grøngødning.&#xD;
Nedpløjning af dybstrøelse før vintersæd har begrænset effekt på udbyttet.</dc:description>
  <dc:publisher>Økologisk Rådgivning</dc:publisher>
  <dc:contributor>Blume, Steffen</dc:contributor>
  <dc:date>2011-10-24</dc:date>
  <dc:type>Report chapter</dc:type>
  <dc:type>NonPeerReviewed</dc:type>
  <dc:format>application/pdf</dc:format>
  <dc:identifier>http://orgprints.org/27426/6/27426.pdf</dc:identifier>
  <dc:identifier>Schou, Anders    (2011) Grøngødskning af vintersæd.  [Green fertilization of winter cereals.]   In: Blume, Steffen (Ed.)  Økologisk Planteavlsberetning 2011.  Økologisk Rådgivning, chapter 11, p. 33.</dc:identifier>
  <dc:relation>http://orgprints.org/27426/</dc:relation>
</oai_dc:dc>