<oai_dc:dc xmlns:oai_dc="http://www.openarchives.org/OAI/2.0/oai_dc/" xmlns:dc="http://purl.org/dc/elements/1.1/" xmlns:xsi="http://www.w3.org/2001/XMLSchema-instance" xsi:schemaLocation="http://www.openarchives.org/OAI/2.0/oai_dc/ http://www.openarchives.org/OAI/2.0/oai_dc.xsd">
  <dc:title>Bestimmung der optimalen Aussaat- und Umbruchtermine einer überwinternden Leguminosen-Gründüngung für die nachhaltige Bekämpfung pflanzenparasitärer Nematoden im ökologischen Gemüsebau</dc:title>
  <dc:creator>Hallmann, Johannes</dc:creator>
  <dc:creator>Fittje, Susanne</dc:creator>
  <dc:creator>Warnecke, Hermann</dc:creator>
  <dc:creator>Buck, Holger</dc:creator>
  <dc:creator>Rau, Florian</dc:creator>
  <dc:creator>Krüssel, Stefan</dc:creator>
  <dc:subject>Crop combinations and interactions</dc:subject>
  <dc:subject>Vegetables</dc:subject>
  <dc:subject>Crop health, quality, protection</dc:subject>
  <dc:description>Pflanzenparasitäre Nematoden können in engen Gemüse-Fruchtfolgen erhebliche wirtschaftliche Schäden verursachen. Zu den Hauptschaderregern gehören Meloidogyne hapla und Pratylenchus spp. Gefördert werden diese Nematoden insbesondere durch den Anbau von Leguminosen. Im vorliegenden Forschungsvorhaben wurde untersucht, wie Leguminosen anzubauen sind, um einerseits Stickstoff zu fixieren, andererseits aber eine Vermehrung von M. hapla zu verhindern. Eine Lösung könnte der Anbau als überwinternde Leguminosen-Gründüngung darstellen. In dreijährigen Feldversuchen konnte gezeigt werden, dass es bei Aussaat der Leguminosen-Gründüngung ab Ende August nicht mehr zu einer Nematodenvermehrung vor Beginn der Winterruhe kommt. Im folgenden Frühjahr muss dann erst wieder eine Neuinfektion durch M. hapla erfolgen, wenn es zur Vermehrung kommen soll. Dabei lässt sich der Zeitpunkt einer möglichen Vermehrung von M. hapla über die Temperatursumme (Summe der Tagesmitteltemperaturen über 8°C) vorhersagen. Um eine Vermehrung von M. hapla in der Praxis sicher zu vermieden, sollte die Leguminosen-Gründüngung spätestens bei einer Temperatursumme von 350°C umgebrochen werden, d. h. ca. 10. Juni. Bis zu diesem Zeitpunkt wurde bereits eine beträchtliche Menge Stickstoff fixiert. Um Stickstoffverluste zu vermeiden, wurde nach Umbruch der Leguminosen-Gründüngung Welsches Weidelgras angebaut. Als Folgekultur wurden ca. Mitte März Zwiebeln ausgesät. Parzellen mit der stärksten nematodenreduzierenden Wirkung wiesen den höchsten Zwiebelertrag auf. In begleitenden Gewächshausversuchen wurden erste fortpflanzungsfähige Nachkommen von M. hapla ab einer Temperatursumme von 330°C beobachtet, die Hauptvermehrung erfolgte bei 450°C. Kühle Temperaturen störten die Entwicklung von M. hapla. Zusammenfassend konnte gezeigt werden, dass unter Praxisbedingungen ein Anbau von Leguminosen zur Stickstofffixierung bei gleichzeitiger Reduzierung von M. hapla möglich ist.</dc:description>
  <dc:date>2012</dc:date>
  <dc:type>Report</dc:type>
  <dc:type>NonPeerReviewed</dc:type>
  <dc:format>application/pdf</dc:format>
  <dc:identifier>http://orgprints.org/20939/1/20939-06OE052-jki-hallmann-2012-pflanzenparasiteare-nematoden-gemuesebau.pdf</dc:identifier>
  <dc:identifier>Hallmann, Johannes; Fittje, Susanne; Warnecke, Hermann; Buck, Holger; Rau, Florian and Krüssel, Stefan         (2012) Bestimmung der optimalen Aussaat- und Umbruchtermine einer überwinternden Leguminosen-Gründüngung für die nachhaltige Bekämpfung pflanzenparasitärer Nematoden im ökologischen Gemüsebau.  [Determination of the optimum date for seeding and incorporation of an overwintering legume to control plant-parasitic nematodes in organic horticulture.]   Julius Kühn-Institut (JKI) - Bundesforschungsinstitut für Kulturpflanzen, D-Münster, Institut für Epidemiologie und Pathogendiagnostik.</dc:identifier>
  <dc:relation>http://orgprints.org/20939/</dc:relation>
</oai_dc:dc>