<oai_dc:dc xmlns:oai_dc="http://www.openarchives.org/OAI/2.0/oai_dc/" xmlns:dc="http://purl.org/dc/elements/1.1/" xmlns:xsi="http://www.w3.org/2001/XMLSchema-instance" xsi:schemaLocation="http://www.openarchives.org/OAI/2.0/oai_dc/ http://www.openarchives.org/OAI/2.0/oai_dc.xsd">
  <dc:title>Organic Agriculture and Fair Trade – Two Sides of One and the Same Coin</dc:title>
  <dc:creator>Fürst, Manfred</dc:creator>
  <dc:subject>Values, standards and certification</dc:subject>
  <dc:description>Worldwide about 46.000 farmers cultivate an area of more than 275.000 hectares in accordance with Naturland standards for organic agricultures. The call for the social sustainability of organic products is nothing new and for Naturland it has been part and parcel from the very first.</dc:description>
  <dc:date>2007</dc:date>
  <dc:type>Conference paper, poster, etc.</dc:type>
  <dc:type>NonPeerReviewed</dc:type>
  <dc:format>application/pdf</dc:format>
  <dc:identifier>http://orgprints.org/9562/1/9562_F%C3%BCrst_Poster.pdf</dc:identifier>
  <dc:identifier>Fürst, Manfred    (2007) Organic Agriculture and Fair Trade – Two Sides of One and the Same Coin.       Poster at:   Zwischen Tradition und Globalisierung - 9. Wissenschaftstagung Ökologischer Landbau, Universität Hohenheim, Stuttgart, Deutschland, 20.-23.03.2007.</dc:identifier>
  <dc:relation>http://orgprints.org/9562/</dc:relation>
</oai_dc:dc>