<oai_dc:dc xmlns:oai_dc="http://www.openarchives.org/OAI/2.0/oai_dc/" xmlns:dc="http://purl.org/dc/elements/1.1/" xmlns:xsi="http://www.w3.org/2001/XMLSchema-instance" xsi:schemaLocation="http://www.openarchives.org/OAI/2.0/oai_dc/ http://www.openarchives.org/OAI/2.0/oai_dc.xsd">
  <dc:title>O projeto de novo Código Florestal e o paradigma da Educação do Campo: antíteses inconciliáveis.</dc:title>
  <dc:creator>Bezerra,  Vinícius Pereira</dc:creator>
  <dc:subject>Farming Systems</dc:subject>
  <dc:subject>Social aspects</dc:subject>
  <dc:subject>Education, extension and communication</dc:subject>
  <dc:subject>Knowledge management</dc:subject>
  <dc:description>O Projeto de Lei nº 1.876/99, tramitando atualmente no Senado Federal, é um substitutivo do Código Florestal Brasileiro. A proposta de novo Código Florestal, de autoria do deputado federal Aldo Rebelo (PCdoB-SP), segundo a crítica da comunidade científica e de variados movimentos sociais, trará impactos profundamente danosos à biodiversidade dos ecossistemas brasileiros e, por conseguinte, afetará as populações humanas. No presente artigo, o mencionado Projeto de Lei é analisado, contrastando-o com o paradigma da Educação do Campo, de modo a evidenciarmos que ambos são antíteses inconciliáveis. Destarte, caso o PL seja aprovado e sancionado, representará profundo embargo à consolidação da Educação do Campo.</dc:description>
  <dc:date>2012</dc:date>
  <dc:type>Journal paper</dc:type>
  <dc:type>NonPeerReviewed</dc:type>
  <dc:format>application/pdf</dc:format>
  <dc:identifier>http://orgprints.org/22804/1/10460-54111-1-PB.pdf</dc:identifier>
  <dc:identifier>Bezerra, Vinícius Pereira    (2012) O projeto de novo Código Florestal e o paradigma da Educação do Campo: antíteses inconciliáveis.  [The proposed new Forest Code and the paradigm of Field Education: irreconcilable antitheses.]  Revista Brasileira de Agroecologia, 7 (3), pp. 40-52.</dc:identifier>
  <dc:relation>http://orgprints.org/22804/</dc:relation>
</oai_dc:dc>