<oai_dc:dc xmlns:oai_dc="http://www.openarchives.org/OAI/2.0/oai_dc/" xmlns:dc="http://purl.org/dc/elements/1.1/" xmlns:xsi="http://www.w3.org/2001/XMLSchema-instance" xsi:schemaLocation="http://www.openarchives.org/OAI/2.0/oai_dc/ http://www.openarchives.org/OAI/2.0/oai_dc.xsd">
  <dc:title>POSTER Einfluss der Zugabe von Rohphosphat in den Biogasfermenter auf die Düngewirkung fermentierter Rindergülle</dc:title>
  <dc:creator>Möller, Kurt</dc:creator>
  <dc:subject>Composting and manuring</dc:subject>
  <dc:subject>Nutrient turnover</dc:subject>
  <dc:description>1.	N-Nachwirkung vergorener und nicht vergorener Rindergülle vergleichbar, höhere N-Direktwirkung bei vergorener Gülle.&#xD;
2.	Verfügbarkeit von P und N steigt durch Vergärung proportional zueinander.&#xD;
3.	Aufschluss von Rohphosphaten durch Zwischenprodukte der Methanisierung wurde nicht erzielt. &#xD;
4.      Rohphosphate bewirken sign. Ertragssteigerung durch N-Mobilisierende Wirkung.&#xD;
5.	Zugabe von leicht abbaubarem organischen Material (Zucker): sign. höhere Verfügbarkeit von N aus dem Grundsubstrat Gülle, die Verfügbarkeit des Phosphors stieg nicht proportional dazu.</dc:description>
  <dc:publisher>Universität für Bodenkultur Wien - Institut für ökologischen Landbau</dc:publisher>
  <dc:contributor>Freyer, Bernhard</dc:contributor>
  <dc:date>2003</dc:date>
  <dc:type>Conference paper, poster, etc.</dc:type>
  <dc:type>NonPeerReviewed</dc:type>
  <dc:format>application/pdf</dc:format>
  <dc:identifier>http://orgprints.org/1009/2/moeller-biogas-gefaessversuch-wien.pdf</dc:identifier>
  <dc:identifier>Möller, Kurt    (2003) POSTER Einfluss der Zugabe von Rohphosphat in den Biogasfermenter auf die Düngewirkung fermentierter Rindergülle.  [Influence of adding phosphate to the biogas fermenter on the fertilization effect of fermented liquid cattle manure.]      Poster at:   7. Wissenschaftstagung zum Ökologischen Landbau "Ökologischer Landbau der Zukunft", Wien, 24.-26. Februar 2003.     [Unpublished]</dc:identifier>
  <dc:relation>http://orgprints.org/1009/</dc:relation>
</oai_dc:dc>