<oai_dc:dc xmlns:oai_dc="http://www.openarchives.org/OAI/2.0/oai_dc/" xmlns:dc="http://purl.org/dc/elements/1.1/" xmlns:xsi="http://www.w3.org/2001/XMLSchema-instance" xsi:schemaLocation="http://www.openarchives.org/OAI/2.0/oai_dc/ http://www.openarchives.org/OAI/2.0/oai_dc.xsd">
  <dc:title>Biocontrol of mites on berries : natural and introduced predatory mites</dc:title>
  <dc:creator>Tuovinen, Tuomo</dc:creator>
  <dc:creator>Lindqvist, Isa</dc:creator>
  <dc:creator>Kivijärvi, Pirjo</dc:creator>
  <dc:creator>Kauppinen, Sanna</dc:creator>
  <dc:subject>Crop health, quality, protection</dc:subject>
  <dc:description>Phytoseiid predatory mites (Acari: Phytoseiidae) in Finland; strawberry, raspberry, currants and concluding remarks.</dc:description>
  <dc:date>2005</dc:date>
  <dc:type>Conference paper, poster, etc.</dc:type>
  <dc:type>NonPeerReviewed</dc:type>
  <dc:format>application/pdf</dc:format>
  <dc:identifier>http://orgprints.org/10739/1/petopunkki.pdf</dc:identifier>
  <dc:identifier>Tuovinen, Tuomo; Lindqvist, Isa; Kivijärvi, Pirjo and Kauppinen, Sanna    (2005) Biocontrol of mites on berries : natural and introduced predatory mites.       Poster at:   Environmentally friendly fruit growing -conference, Estonia, Tartu, 8.9.2005.     [Unpublished]</dc:identifier>
  <dc:relation>http://orgprints.org/10739/</dc:relation>
</oai_dc:dc>