<oai_dc:dc xmlns:oai_dc="http://www.openarchives.org/OAI/2.0/oai_dc/" xmlns:dc="http://purl.org/dc/elements/1.1/" xmlns:xsi="http://www.w3.org/2001/XMLSchema-instance" xsi:schemaLocation="http://www.openarchives.org/OAI/2.0/oai_dc/ http://www.openarchives.org/OAI/2.0/oai_dc.xsd">
  <dc:title>Zoonotic Risks of Rodents in Livestock Production</dc:title>
  <dc:creator>Meerburg, Dr BG</dc:creator>
  <dc:subject>Netherlands</dc:subject>
  <dc:subject>Poultry</dc:subject>
  <dc:subject>Consumer issues</dc:subject>
  <dc:subject>Pigs</dc:subject>
  <dc:subject>Produce chain management</dc:subject>
  <dc:subject>Health and welfare</dc:subject>
  <dc:description>Besides economic losses through spoilage of feed or structural damage, rodent presence on&#xD;
livestock farms can have serious consequences for public and animal health. Direct contact&#xD;
between humans and rodents can be a way of pathogen transmission, but rodents can also&#xD;
transfer (zoonotic) pathogens via livestock to consumers of livestock products. As prevention of food safety hazards is a priority throughout the food chain, the main aim of the work presented in this thesis was to obtain a better understanding of the risk of on-farm rodent presence in the Netherlands.</dc:description>
  <dc:publisher>Muisketier, Wageningen</dc:publisher>
  <dc:date>2006-05</dc:date>
  <dc:type>Thesis</dc:type>
  <dc:type>NonPeerReviewed</dc:type>
  <dc:format>application/pdf</dc:format>
  <dc:identifier>http://orgprints.org/10060/1/proefschriftmeerburg.pdf</dc:identifier>
  <dc:identifier>Meerburg, Dr BG   (2006) Zoonotic Risks of Rodents in Livestock Production.   Thesis, University of Amsterdam, Faculty of Medicine.  Muisketier, Wageningen.</dc:identifier>
  <dc:relation>http://orgprints.org/10060/</dc:relation>
</oai_dc:dc>