<oai_dc:dc xmlns:oai_dc="http://www.openarchives.org/OAI/2.0/oai_dc/" xmlns:dc="http://purl.org/dc/elements/1.1/" xmlns:xsi="http://www.w3.org/2001/XMLSchema-instance" xsi:schemaLocation="http://www.openarchives.org/OAI/2.0/oai_dc/ http://www.openarchives.org/OAI/2.0/oai_dc.xsd">
  <dc:title>Økologisk korn</dc:title>
  <dc:creator>Koesling, Matthias</dc:creator>
  <dc:creator>Serikstad, Grete Lene</dc:creator>
  <dc:subject>Food security, food quality and human health</dc:subject>
  <dc:subject>Cereals, pulses and oilseeds</dc:subject>
  <dc:description>Ønsker en å unngå faren for rester av stråforkortere og kjemisk-syntetiske sprøytemidler i korn, brød og andre kornprodukt er bruk av økologiske produkter den beste garantien siden slike midler ikke brukes i økologisk drift. Dessuten synes mange at økologisk brød smaker bedre.</dc:description>
  <dc:date>2007-03</dc:date>
  <dc:type>Report</dc:type>
  <dc:type>NonPeerReviewed</dc:type>
  <dc:format>application/pdf</dc:format>
  <dc:identifier>http://orgprints.org/10600/1/Tema_10_2007_Oekologisk_korn.pdf</dc:identifier>
  <dc:identifier>Koesling, Matthias and Serikstad, Grete Lene         (2007) Økologisk korn.   Bioforsk TEMA, no. 10. Bioforsk, Bioforsk Økologisk.</dc:identifier>
  <dc:relation>http://orgprints.org/10600/</dc:relation>
</oai_dc:dc>