<oai_dc:dc xmlns:oai_dc="http://www.openarchives.org/OAI/2.0/oai_dc/" xmlns:dc="http://purl.org/dc/elements/1.1/" xmlns:xsi="http://www.w3.org/2001/XMLSchema-instance" xsi:schemaLocation="http://www.openarchives.org/OAI/2.0/oai_dc/ http://www.openarchives.org/OAI/2.0/oai_dc.xsd">
  <dc:title>Communicating with organic producers in Wales</dc:title>
  <dc:creator>Little, T</dc:creator>
  <dc:creator>Padel, S</dc:creator>
  <dc:subject>Education, extension and communication</dc:subject>
  <dc:subject>Technology transfer</dc:subject>
  <dc:description>This paper reviews the services and activities through which the research and development community communicates with producers in Wales. These include publications (in hard copy and electronic media), one to one advisory services and group activities. It examines the appropriateness of different approaches for different situations, and makes the case for better integration of services under the new rural development plan.</dc:description>
  <dc:publisher>Association of Applied Biologists</dc:publisher>
  <dc:contributor>Atkinson, C</dc:contributor>
  <dc:contributor>Ball, B</dc:contributor>
  <dc:contributor>Davies, D H K</dc:contributor>
  <dc:contributor>Rees, R</dc:contributor>
  <dc:contributor>Russell, G</dc:contributor>
  <dc:contributor>Stockdale, E A</dc:contributor>
  <dc:contributor>Watson, C A</dc:contributor>
  <dc:contributor>Walker, R</dc:contributor>
  <dc:contributor>Younie, D</dc:contributor>
  <dc:date>2006</dc:date>
  <dc:type>Conference paper, poster, etc.</dc:type>
  <dc:type>NonPeerReviewed</dc:type>
  <dc:format>application/pdf</dc:format>
  <dc:identifier>http://orgprints.org/10214/1/Communicating_with_organic_producers_in_Wales.pdf</dc:identifier>
  <dc:identifier>Little, T and Padel, S    (2006) Communicating with organic producers in Wales.   In: Atkinson, C; Ball, B; Davies, D H K; Rees, R; Russell, G; Stockdale, E A; Watson, C A; Walker, R and Younie, D (Eds.)  Aspects of Applied Biology 79, What will organic farming deliver? COR 2006, Association of Applied Biologists, pp. 167-170.</dc:identifier>
  <dc:relation>http://orgprints.org/10214/</dc:relation>
</oai_dc:dc>