<oai_dc:dc xmlns:oai_dc="http://www.openarchives.org/OAI/2.0/oai_dc/" xmlns:dc="http://purl.org/dc/elements/1.1/" xmlns:xsi="http://www.w3.org/2001/XMLSchema-instance" xsi:schemaLocation="http://www.openarchives.org/OAI/2.0/oai_dc/ http://www.openarchives.org/OAI/2.0/oai_dc.xsd">
  <dc:title>Sortenversuche 2006</dc:title>
  <dc:creator>Koller, Martin</dc:creator>
  <dc:subject>Vegetables</dc:subject>
  <dc:description>Blumenkohl: &#xD;
Frühjahr: Die Sorten Trent F1 (CMS) und Stargate F1(Bio) wiesen die höchsten marktfähigen Erträgeauf. Baldo F1, war die frühste Sorte im Sortiment. &#xD;
In einem stark verzögerten  Sommersatz wies Lecanu F1 die längste Kulturzeit, aber die beste Selbstdeckung der Blume auf. Freedom F1, Edith F1 und Fremont konnten am schnellsten geerntet werden. &#xD;
Die Sorte Cornell wies den besten Ertrag und die schwersten Blumen auf. Fremont war deutlich schlechter als im Sommersatz. &#xD;
Ebenfalls wurden mit Spinat und Weisskohl Sortenversuche gemacht.</dc:description>
  <dc:date>2006</dc:date>
  <dc:type>Report</dc:type>
  <dc:type>NonPeerReviewed</dc:type>
  <dc:format>application/pdf</dc:format>
  <dc:identifier>http://orgprints.org/10115/1/FiBL_Blumenkohl_2006.pdf</dc:identifier>
  <dc:format>application/pdf</dc:format>
  <dc:identifier>http://orgprints.org/10115/2/koller-2006-sortenversuche_Spinat.pdf</dc:identifier>
  <dc:format>application/pdf</dc:format>
  <dc:identifier>http://orgprints.org/10115/3/koller-2006-sortenversuche_Weisskohl.pdf</dc:identifier>
  <dc:identifier>Koller, Martin         (2006) Sortenversuche 2006.  [Variety trail 2006.]   Forschungsinstitut für biologischen Landbau, Anbautechnik.</dc:identifier>
  <dc:relation>http://orgprints.org/10115/</dc:relation>
</oai_dc:dc>