<oai_dc:dc xmlns:oai_dc="http://www.openarchives.org/OAI/2.0/oai_dc/" xmlns:dc="http://purl.org/dc/elements/1.1/" xmlns:xsi="http://www.w3.org/2001/XMLSchema-instance" xsi:schemaLocation="http://www.openarchives.org/OAI/2.0/oai_dc/ http://www.openarchives.org/OAI/2.0/oai_dc.xsd">
  <dc:title>Æblerne tegner godt</dc:title>
  <dc:creator>Lindhard, Hanne</dc:creator>
  <dc:subject>Soil</dc:subject>
  <dc:description>Blomstringen lover godt for årets æblehøst til efteråret.&#xD;
&#xD;
I de økologiske forsøg med æbler ser blomstringen lovende ud for årets udbytte.&#xD;
I skrivende stund står æblerne og blomstrer så flot. Blomstringen er altid spændende. Er der blomster nok, som kan danne basis for den senere høst? Er forholdene for bestøvningen gode nok? Hvis det er for koldt og blæsende, vil birne ikke ud. Kommer der frost, kan blomsterne blive ødelagt, eller der kan dannes striber på frugterne.</dc:description>
  <dc:date>2003</dc:date>
  <dc:type>Newspaper or magazine article</dc:type>
  <dc:type>NonPeerReviewed</dc:type>
  <dc:format>application/pdf</dc:format>
  <dc:identifier>http://orgprints.org/10098/1/10098.pdf</dc:identifier>
  <dc:identifier>Lindhard, Hanne    (2003) Æblerne tegner godt.   Økologisk Jordbrug, 2003, p. 8.</dc:identifier>
  <dc:relation>http://orgprints.org/10098/</dc:relation>
</oai_dc:dc>