<oai_dc:dc xmlns:oai_dc="http://www.openarchives.org/OAI/2.0/oai_dc/" xmlns:dc="http://purl.org/dc/elements/1.1/" xmlns:xsi="http://www.w3.org/2001/XMLSchema-instance" xsi:schemaLocation="http://www.openarchives.org/OAI/2.0/oai_dc/ http://www.openarchives.org/OAI/2.0/oai_dc.xsd">
  <dc:title>Hochleistungsrassen optimal betreuen</dc:title>
  <dc:creator>Keppler, C.</dc:creator>
  <dc:subject>Poultry</dc:subject>
  <dc:subject>Health and welfare</dc:subject>
  <dc:subject>Breeding and genetics</dc:subject>
  <dc:description>Heute werden zur Eiererzeugung aus wirtschaftlichen Gründen auch auf Öko-Betrieben fast ausschließlich Hybridherkünfte eingesetzt. Diese Hochleistungsrassen stellen hohe Anforderungen an den Halter und das Management, da die Haltungs- und Fütterungsbedingungen erheblich von denen der Käfighaltung abweichen, für die diese Herkünfte gezüchtet wurden.</dc:description>
  <dc:publisher>Bioland Verlags GmbH</dc:publisher>
  <dc:date>2002</dc:date>
  <dc:type>Journal paper</dc:type>
  <dc:type>NonPeerReviewed</dc:type>
  <dc:format>application/pdf</dc:format>
  <dc:identifier>http://orgprints.org/10549/1/hochleistungsrassen-biol.pdf</dc:identifier>
  <dc:identifier>Keppler, C.   (2002) Hochleistungsrassen optimal betreuen.   Bioland (5), pp. 24-25.</dc:identifier>
  <dc:relation>http://orgprints.org/10549/</dc:relation>
</oai_dc:dc>