<oai_dc:dc xmlns:oai_dc="http://www.openarchives.org/OAI/2.0/oai_dc/" xmlns:dc="http://purl.org/dc/elements/1.1/" xmlns:xsi="http://www.w3.org/2001/XMLSchema-instance" xsi:schemaLocation="http://www.openarchives.org/OAI/2.0/oai_dc/ http://www.openarchives.org/OAI/2.0/oai_dc.xsd">
  <dc:title>Im Alter auf den Biohof – Fallstudie eines Pilotprojektes [Elderly people on the organic farm - casestudy of a project]</dc:title>
  <dc:creator>Wietheger, Lena</dc:creator>
  <dc:subject>Social aspects</dc:subject>
  <dc:description>Die vorliegende Arbeit behandelt die Verwirklichung eines SeniorInnenprojektes auf einem biologisch-dynamischen Hof in Norddeutschland: 10 Menschen zwischen 59 und 79 Jahren, die in eine zur Hofanlage gehörende „Altenscheune“ gezogen sind um dort ihren letzten Lebensabschnitt zu verbringen. Keiner dieser Menschen stammt von einem Bauernhof, die meisten waren StadtbewohnerInnen. Rechtlich sind sie nicht mehr als MieterInnen, doch alle von ihnen haben sich den Hof als Lebensstätte ausgesucht, weil sie in einer Gemeinschaft leben wollten und nach sinnvollen Tätigkeitsfeldern suchten. Seit zwei Jahren leben die SeniorInnen und die Hofleute nun zusammen und teilen Arbeit und Sozialleben. &#xD;
Die Arbeit schildert die Verwirklichung des SeniorInnenprojektes auf dem biologisch-dynamischen Hof und unter welchen Bedingungen das Zusammenleben und -arbeiten von Hofleuten und SeniorInnen funktioniert. Außerdem wird auf die Freisetzung von Synergieeffekten durch das Gemeinschaftsleben eingegangen.</dc:description>
  <dc:date>2003-05</dc:date>
  <dc:type>Thesis</dc:type>
  <dc:type>NonPeerReviewed</dc:type>
  <dc:format>application/pdf</dc:format>
  <dc:identifier>http://orgprints.org/1026/1/wietheger-2003-biohof-senioren.pdf</dc:identifier>
  <dc:identifier>Wietheger, Lena   (2003) Im Alter auf den Biohof – Fallstudie eines Pilotprojektes [Elderly people on the organic farm - casestudy of a project].   Thesis, Universität Kassel - Witzenhausen, Fachbereich Ökologische Agrarwissenschaften, Institut für soziokulturelle Studien.  .   [Unpublished]</dc:identifier>
  <dc:relation>http://orgprints.org/1026/</dc:relation>
</oai_dc:dc>