<oai_dc:dc xmlns:oai_dc="http://www.openarchives.org/OAI/2.0/oai_dc/" xmlns:dc="http://purl.org/dc/elements/1.1/" xmlns:xsi="http://www.w3.org/2001/XMLSchema-instance" xsi:schemaLocation="http://www.openarchives.org/OAI/2.0/oai_dc/ http://www.openarchives.org/OAI/2.0/oai_dc.xsd">
  <dc:title>Junghennen - Arbeitszeitvergleich praxisüblicher Haltungsverfahren</dc:title>
  <dc:creator>Keppler, C.</dc:creator>
  <dc:creator>Weigand, V.</dc:creator>
  <dc:creator>Staack, M.</dc:creator>
  <dc:creator>Knierim, U.</dc:creator>
  <dc:creator>Achilles, W.</dc:creator>
  <dc:subject>Poultry</dc:subject>
  <dc:description>Dieses KTBL-Heft informiert über den Arbeitszeitbedarf in der Junghennenhaltung. In Abhängigkeit vom Haltungssverfahren, der Bestandgröße und der Vermarktungsform für konventionell und ökologisch wirtschaftenden Betriebe wurden Arbeitszeitwerte in der Praxis erfasst und daraus auf der Basis von Modellrechnungen Arbeitszeitbedarfswerte abgeleitet.&#xD;
&#xD;
Die ermittelten Arbeitszeitbedarfswerte liefern Junghennenhaltern für Neu- und Umbaumaßnahmen Vergleichswerte und ermöglichen ihnen eine fundierte PLanung ihrer Arbeitskapazitäten.</dc:description>
  <dc:publisher>Kuratorium für Technik und Bauwesen in der Landwirtschaft, Darmstadt</dc:publisher>
  <dc:contributor>KTBL, Darmstadt</dc:contributor>
  <dc:date>2006</dc:date>
  <dc:type>Book</dc:type>
  <dc:type>NonPeerReviewed</dc:type>
  <dc:format>application/pdf</dc:format>
  <dc:identifier>http://orgprints.org/10527/1/keppler_et_al_2006_arbeitszeitvergleich-junghennen_zusammenfassung_inhaltsverzeichnis.pdf</dc:identifier>
  <dc:identifier>Keppler, C.; Weigand, V.; Staack, M.; Knierim, U. and Achilles, W.    (2006) Junghennen - Arbeitszeitvergleich praxisüblicher Haltungsverfahren.     Kuratorium für Technik und Bauwesen in der Landwirtschaft, Darmstadt.</dc:identifier>
  <dc:relation>http://orgprints.org/10527/</dc:relation>
</oai_dc:dc>