<oai_dc:dc xmlns:oai_dc="http://www.openarchives.org/OAI/2.0/oai_dc/" xmlns:dc="http://purl.org/dc/elements/1.1/" xmlns:xsi="http://www.w3.org/2001/XMLSchema-instance" xsi:schemaLocation="http://www.openarchives.org/OAI/2.0/oai_dc/ http://www.openarchives.org/OAI/2.0/oai_dc.xsd">
  <dc:title>Economic and environmental analysis of the introduction of legumes in livestock farming systems</dc:title>
  <dc:creator>Reveredo Giha, C</dc:creator>
  <dc:creator>Topp, C F E</dc:creator>
  <dc:creator>Toma, L</dc:creator>
  <dc:creator>Wu, L</dc:creator>
  <dc:subject>Farm nutrient management</dc:subject>
  <dc:subject>Farm economics</dc:subject>
  <dc:description>Legumes in low input systems are becoming increasingly important. The socioeconomic implication of the adoption of novel legumes species has been assessed in sheep and dairy cattle grazing systems in Europe using a biological model which has been linked to linear programming models. In the economic sub-model, the mathematical programming models produce an economic evaluation of the legumes in a farming system context, emphasising the land allocation and the availability of nutrients during the different seasons of the production cycle. Then the paper evaluates the impact of adopting the legumes on the regional income and production. In the UK and Germany, the introduction of legumes results in sizeable gains for the farmers whereas in Italy and France the gains are smaller.</dc:description>
  <dc:publisher>Association of Applied Biologists</dc:publisher>
  <dc:contributor>Atkinson, C</dc:contributor>
  <dc:contributor>Ball, B</dc:contributor>
  <dc:contributor>Davies, D H K</dc:contributor>
  <dc:contributor>Rees, R</dc:contributor>
  <dc:contributor>Russell, G</dc:contributor>
  <dc:contributor>Stockdale, E A</dc:contributor>
  <dc:contributor>Watson, C A</dc:contributor>
  <dc:contributor>Walker, R</dc:contributor>
  <dc:contributor>Younie, D</dc:contributor>
  <dc:date>2006</dc:date>
  <dc:type>Conference paper, poster, etc.</dc:type>
  <dc:type>NonPeerReviewed</dc:type>
  <dc:format>application/pdf</dc:format>
  <dc:identifier>http://orgprints.org/10226/1/Economic_and_environmental_analysis_of_the_introduction_of_legumes_in_livestock_farming_systems.pdf</dc:identifier>
  <dc:identifier>Reveredo Giha, C; Topp, C F E; Toma, L and Wu, L    (2006) Economic and environmental analysis of the introduction of legumes in livestock farming systems.   In: Atkinson, C; Ball, B; Davies, D H K; Rees, R; Russell, G; Stockdale, E A; Watson, C A; Walker, R and Younie, D (Eds.)  Aspects of Applied Biology 79, What will organic farming deliver? COR 2006, Association of Applied Biologists, pp. 199-203.</dc:identifier>
  <dc:relation>http://orgprints.org/10226/</dc:relation>
</oai_dc:dc>