<oai_dc:dc xmlns:oai_dc="http://www.openarchives.org/OAI/2.0/oai_dc/" xmlns:dc="http://purl.org/dc/elements/1.1/" xmlns:xsi="http://www.w3.org/2001/XMLSchema-instance" xsi:schemaLocation="http://www.openarchives.org/OAI/2.0/oai_dc/ http://www.openarchives.org/OAI/2.0/oai_dc.xsd">
  <dc:title>Praxisgestütze Reifeprüfung zur Einschätzung der Futterqualität auf Öko-Betrieben [Test of maturity in practice to estimate the forage quality on organic farms]</dc:title>
  <dc:creator>Leisen, Edmund</dc:creator>
  <dc:subject>Crop health, quality, protection</dc:subject>
  <dc:subject>Pasture and forage crops</dc:subject>
  <dc:description>Mineralstoffgehalte im Grundfutter (Grünland und Kleegras) können sehr unterschiedlich ausfallen. Veränderungen gegenüber dem Vorjahr lassen sich nur begrenzt auf andere Standorte übertragen. Extremwerte auf Dauerbeobachtungsflächen geben einen Hinweis auf mögliche Probleme auch auf anderen Flächen. &#xD;
Ziel der vorliegenden Untersuchungen war es, Praxis und Beratung frühzeitig Hinweise zu Futterwert und Mineralstoffversorgung im jeweiligen Frühjahr zu liefern. Anhand der phänologischen Entwicklung von Weidelgräsern sowie der Arten- und Sortenzusammensetzung kann der Zeitpunkt der frühen Silierreife (Rohfasergehalt von 21 %) abgeschätzt werden.  &#xD;
Ausführliche Untersuchungsergebnisse in:&#xD;
LEISEN, E., 2002: Praxisnahe Methode zur Einschätzung von Futterwert und Mineralstoffversorgung im Frühjahrsaufwuchs von Grünland und Kleegras. Bericht. (beim Autor erhältlich)</dc:description>
  <dc:publisher>Universität für Bodenkultur Wien - Institut für ökologischen Landbau</dc:publisher>
  <dc:contributor>Freyer, Bernhard</dc:contributor>
  <dc:date>2003</dc:date>
  <dc:type>Conference paper, poster, etc.</dc:type>
  <dc:type>NonPeerReviewed</dc:type>
  <dc:format>application/pdf</dc:format>
  <dc:identifier>http://orgprints.org/1024/1/1024-leisen-e-2003-praxisgestuetzt-reifepruefung.pdf</dc:identifier>
  <dc:identifier>Leisen, Edmund    (2003) Praxisgestütze Reifeprüfung zur Einschätzung der Futterqualität auf Öko-Betrieben [Test of maturity in practice to estimate the forage quality on organic farms].   In: Freyer, Bernhard (Ed.)  Beiträge zur 7. Wissenschaftstagung zum Ökologischen Landbau: Ökologischer Landbau der Zukunft, Universität für Bodenkultur Wien - Institut für ökologischen Landbau, pp. 189-192.</dc:identifier>
  <dc:relation>http://orgprints.org/1024/</dc:relation>
</oai_dc:dc>