<oai_dc:dc xmlns:oai_dc="http://www.openarchives.org/OAI/2.0/oai_dc/" xmlns:dc="http://purl.org/dc/elements/1.1/" xmlns:xsi="http://www.w3.org/2001/XMLSchema-instance" xsi:schemaLocation="http://www.openarchives.org/OAI/2.0/oai_dc/ http://www.openarchives.org/OAI/2.0/oai_dc.xsd">
  <dc:title>Organic Food Processing: Principles and future concepts including the further development of Annex VI of EU regulation 2092/91</dc:title>
  <dc:subject>Food security, food quality and human health</dc:subject>
  <dc:description>BioFach 2007, Nürnberg, 15.Februar 2007&#xD;
16.00 – 18.00 Uhr, Raum Budapest &#xD;
Organic Food Processing&#xD;
This session deals with principles and future concepts including the further development of Annex VI of EU regulation 2092/91. &#xD;
&#xD;
Manuel Florez, European Commission: Annex VI further development regarding food processing issues&#xD;
Ursula Kretzschmar, FiBL: Recommendation based on the results of the EU Project QLIF on organic food processing&#xD;
Hulya Olmez Tubitak, Turkey or Marita Leskinen, University of Helsinki: Chlorine replacement strategies for ready to eat fresh vegetables &#xD;
Brita Rehberger, ALP: Processing procedure to maintain or enhance the content of conjugated linoleic acids (LCA) in dairy products&#xD;
&#xD;
Veranstalter: FiBL, University of Tubitak (Food Science and Technology Research Institute), ALP, University of Helsinki, European Commission</dc:description>
  <dc:contributor>Schmid, Otto</dc:contributor>
  <dc:contributor>Kretzschmar, Ursula</dc:contributor>
  <dc:date>2007</dc:date>
  <dc:type>Proceedings</dc:type>
  <dc:type>NonPeerReviewed</dc:type>
  <dc:format>application/pdf</dc:format>
  <dc:identifier>http://orgprints.org/10649/1/Biofach2007-QLIF-overview.pdf</dc:identifier>
  <dc:format>application/pdf</dc:format>
  <dc:identifier>http://orgprints.org/10649/2/Biofach2007-QLIF-FlorezDroop.pdf</dc:identifier>
  <dc:format>application/pdf</dc:format>
  <dc:identifier>http://orgprints.org/10649/3/Biofach2007-QLIF-kretzschmar-etal.pdf</dc:identifier>
  <dc:format>application/pdf</dc:format>
  <dc:identifier>http://orgprints.org/10649/4/Biofach2007-QLIF-oelmez.pdf</dc:identifier>
  <dc:format>application/pdf</dc:format>
  <dc:identifier>http://orgprints.org/10649/5/Biofach2007-QLIF-rehberger.pdf</dc:identifier>
  <dc:identifier>Schmid, Otto and Kretzschmar, Ursula (Eds.)    (2007) Organic Food Processing: Principles and future concepts including the further development of Annex VI of EU regulation 2092/91.    . Proceedings of BioFach Congress, Session on Organic Food Processing, Nuremberg, Germany, 15 February 2007.   [Unpublished]</dc:identifier>
  <dc:relation>http://orgprints.org/10649/</dc:relation>
</oai_dc:dc>