<oai_dc:dc xmlns:oai_dc="http://www.openarchives.org/OAI/2.0/oai_dc/" xmlns:dc="http://purl.org/dc/elements/1.1/" xmlns:xsi="http://www.w3.org/2001/XMLSchema-instance" xsi:schemaLocation="http://www.openarchives.org/OAI/2.0/oai_dc/ http://www.openarchives.org/OAI/2.0/oai_dc.xsd">
  <dc:title>Natuurherstel in grasland door klaver en kalibemesting</dc:title>
  <dc:creator>van Eekeren, Nick</dc:creator>
  <dc:creator>Iepema, Goaitske</dc:creator>
  <dc:creator>Smeding, Frans</dc:creator>
  <dc:subject>Nutrient turnover</dc:subject>
  <dc:subject>Biodiversity and ecosystem services</dc:subject>
  <dc:description>Hoge fosfaatgehalten in bodems van voormalige landbouwgronden staan een snelle natuurontwikkeling in de weg. Het huidige verschralingsbeheer leidt op korte termijn niet tot de gewenste fosfaatverschraling. Het Overlegplatform Duinboeren en het Louis Bolk Instituut hebben in samenwerking met Vereniging Natuurmonumenten de mogelijkheden van ‘uitmijnen’ getoetst door middel van de biologische teelt van grasklaver in het natuurontwikkelingsgebied het Hengstven.</dc:description>
  <dc:publisher>De Levende Natuur, Wageningen</dc:publisher>
  <dc:date>2007-01</dc:date>
  <dc:type>Newspaper or magazine article</dc:type>
  <dc:type>NonPeerReviewed</dc:type>
  <dc:format>application/pdf</dc:format>
  <dc:identifier>http://orgprints.org/10434/1/1874.pdf</dc:identifier>
  <dc:identifier>van Eekeren, Nick; Iepema, Goaitske and Smeding, Frans    (2007) Natuurherstel in grasland door klaver en kalibemesting.  [Nature recovery in grassland by means of clover and potassium fertilization.]  De Levende Natuur, January 2007, pp. 27-31.</dc:identifier>
  <dc:relation>http://orgprints.org/10434/</dc:relation>
</oai_dc:dc>