<oai_dc:dc xmlns:oai_dc="http://www.openarchives.org/OAI/2.0/oai_dc/" xmlns:dc="http://purl.org/dc/elements/1.1/" xmlns:xsi="http://www.w3.org/2001/XMLSchema-instance" xsi:schemaLocation="http://www.openarchives.org/OAI/2.0/oai_dc/ http://www.openarchives.org/OAI/2.0/oai_dc.xsd">
  <dc:title>Life cycle assessment of Swiss organic farming systems</dc:title>
  <dc:creator>Nemecek, T</dc:creator>
  <dc:creator>Dubois, D</dc:creator>
  <dc:creator>Huguenin-Elie, O</dc:creator>
  <dc:creator>Gaillard, G</dc:creator>
  <dc:subject>Quality and evaluation of inputs</dc:subject>
  <dc:subject>Farm nutrient management</dc:subject>
  <dc:subject>Biodiversity and ecosystem services</dc:subject>
  <dc:subject>Crop husbandry</dc:subject>
  <dc:subject>Recycling, balancing and resource management</dc:subject>
  <dc:subject>Air and water emissions</dc:subject>
  <dc:description>The impacts of organic and integrated farming systems in Switzerland on the environment have been assessed in a comprehensive study by the life cycle assessment method. This paper reports a comparison of the treatments of the DOC experiment. Organic farming showed clear ecological advantages particularly for eco- and human toxicity, resource use and biodiversity. These ecological advantages only partly apply to nutrient losses and are not always found for single products. Per kg of organic product, higher impacts were often found for global warming potential, ozone formation, eutrophication and acidification compared to integrated production. In the same crop rotation with the same amount of organic fertilisers there were no systematic differences in soil quality of organic compared with integrated production. Further improvement of the environmental performance of organic farming should focus on achieving higher yields of good quality – especially in potatoes and cereals - by using inputs more efficiently and minimising nitrogen losses.</dc:description>
  <dc:publisher>Association of Applied Biologists</dc:publisher>
  <dc:contributor>Atkinson, C</dc:contributor>
  <dc:contributor>Ball, B</dc:contributor>
  <dc:contributor>Davies, D H K</dc:contributor>
  <dc:contributor>Rees, R</dc:contributor>
  <dc:contributor>Russell, G</dc:contributor>
  <dc:contributor>Stockdale, E A</dc:contributor>
  <dc:contributor>Watson, C A</dc:contributor>
  <dc:contributor>Walker, R</dc:contributor>
  <dc:contributor>Younie, D</dc:contributor>
  <dc:date>2006</dc:date>
  <dc:type>Conference paper, poster, etc.</dc:type>
  <dc:type>NonPeerReviewed</dc:type>
  <dc:format>application/pdf</dc:format>
  <dc:identifier>http://orgprints.org/10157/1/Life_cycle_assessment_of_Swiss_organic_farming_systems.pdf</dc:identifier>
  <dc:identifier>Nemecek, T; Dubois, D; Huguenin-Elie, O and Gaillard, G    (2006) Life cycle assessment of Swiss organic farming systems.   In: Atkinson, C; Ball, B; Davies, D H K; Rees, R; Russell, G; Stockdale, E A; Watson, C A; Walker, R and Younie, D (Eds.)  Aspects of Applied Biology 79, What will organic farming deliver? COR 2006, Association of Applied Biologists, pp. 15-18.</dc:identifier>
  <dc:relation>http://orgprints.org/10157/</dc:relation>
</oai_dc:dc>