<oai_dc:dc xmlns:oai_dc="http://www.openarchives.org/OAI/2.0/oai_dc/" xmlns:dc="http://purl.org/dc/elements/1.1/" xmlns:xsi="http://www.w3.org/2001/XMLSchema-instance" xsi:schemaLocation="http://www.openarchives.org/OAI/2.0/oai_dc/ http://www.openarchives.org/OAI/2.0/oai_dc.xsd">
  <dc:title>Marktentwicklungen und die Perspektiven für Erzeuger auf den Märkten für ökologisch erzeugtes Schweinefleisch</dc:title>
  <dc:creator>Oppermann, Rainer</dc:creator>
  <dc:creator>Rahmann, Gerold</dc:creator>
  <dc:subject>Markets and trade</dc:subject>
  <dc:subject>Pigs</dc:subject>
  <dc:description>Der deutsche Markt für Bio-Schweinefleisch ist trotz Bio-Boom ein Nischenmarkt und wird dies in den nächsten Jahren auch noch bleiben. Der Anteil von ökologisch erzeugtem Schweinfleisch am gesamten Schweinefleischmarkt liegt nach Expertenschätzungen gegenwärtig bei 0,5%. Für die nächsten Jahre ist zwar mit weiterem Wachstum zu rechen. Zweistellige Raten erscheinen sogar möglich. Wir hätten es dann aber immer noch mit einem Marktanteil von 1% und deshalb weiterhin mit einem Nischenmarkt zu tun. Der Markt wird jedoch weiter wachsen, weil allein die Dynamik der anderen Bereiche des Biomarktes bzw. die Verbesserung der Vertriebswege und des gesamten Marktauftritts der Branche für mehr Absatz im Fleischbereich sorgen wird. Insbesondere die heute bereits sichtbaren Anstrengungen des LEH und der Discounter, ihre Bioangebote zu komplettieren, werden für Nachfragezuwächse sorgen.</dc:description>
  <dc:publisher>Bundesforschungsanstalt für Landwirtschaft (FAL)</dc:publisher>
  <dc:contributor>Rahmann, Gerold</dc:contributor>
  <dc:date>2006</dc:date>
  <dc:type>Conference paper, poster, etc.</dc:type>
  <dc:type>NonPeerReviewed</dc:type>
  <dc:format>application/pdf</dc:format>
  <dc:identifier>http://orgprints.org/10031/1/10_Oppermann_Schweinemarkt_fertig.pdf</dc:identifier>
  <dc:identifier>Oppermann, Rainer and Rahmann, Gerold    (2006) Marktentwicklungen und die Perspektiven für Erzeuger auf den Märkten für ökologisch erzeugtes Schweinefleisch.  [Market development and perspective of organic pork production.]  In: Rahmann, Gerold (Ed.)  Ressortforschung für den Ökologischen Landbau 2006, Bundesforschungsanstalt für Landwirtschaft (FAL), Sonderhefte der Landbauforschung Völkenrode, no. 298, pp. 101-110.</dc:identifier>
  <dc:relation>http://orgprints.org/10031/</dc:relation>
</oai_dc:dc>