<oai_dc:dc xmlns:oai_dc="http://www.openarchives.org/OAI/2.0/oai_dc/" xmlns:dc="http://purl.org/dc/elements/1.1/" xmlns:xsi="http://www.w3.org/2001/XMLSchema-instance" xsi:schemaLocation="http://www.openarchives.org/OAI/2.0/oai_dc/ http://www.openarchives.org/OAI/2.0/oai_dc.xsd">
  <dc:title>Dioxins in organic eggs: a review</dc:title>
  <dc:creator>Marion, de Vries</dc:creator>
  <dc:creator>Rene, Kwakkel</dc:creator>
  <dc:creator>Aize, Kijlstra</dc:creator>
  <dc:subject>Food security, food quality and human health</dc:subject>
  <dc:subject>Poultry</dc:subject>
  <dc:description>Eggs contribute for about 4% to the daily dioxin intake of humans. Research among layer farms in the Netherlands and other EU countries has shown that organic eggs contain more dioxin than conventional ones and that a significant number of organic farms produce eggs with a dioxin content that exceeds the EU standard. The hens’ intake of dioxins from various sources leads to an increase in the dioxin content of organic eggs. These sources include plants, feed, soil, worms and insects, and compared with hens on conventional and free-range farms, organic hens make more use of these sources due to better access to the outdoor run. Plants appear to be relatively unimportant as a source of dioxins. Also commercial organic feed generally has very low dioxin contents, but not much is known about non-commercial feed. Consumption of worms and insects and particularly ingestion of soil are important causes of high dioxin levels in eggs. Management interventions, like a reduction of the time the hens spend outside, may decrease the dioxin levels in organic eggs but at the same time may interfere with the image of the organic production system.</dc:description>
  <dc:publisher>KLV</dc:publisher>
  <dc:contributor>Jan, Wienk</dc:contributor>
  <dc:contributor>Paul, Struik</dc:contributor>
  <dc:date>2006-12</dc:date>
  <dc:type>Journal paper</dc:type>
  <dc:type>NonPeerReviewed</dc:type>
  <dc:format>application/pdf</dc:format>
  <dc:identifier>http://orgprints.org/10175/1/NJAS_54-2_207-222.pdf</dc:identifier>
  <dc:identifier>Marion, de Vries; Rene, Kwakkel and Aize, Kijlstra   (2006) Dioxins in organic eggs: a review.   NJAS Wageningen Journal of Life Sciences, 54 (2), pp. 207-222.</dc:identifier>
  <dc:relation>http://orgprints.org/10175/</dc:relation>
</oai_dc:dc>