<oai_dc:dc xmlns:oai_dc="http://www.openarchives.org/OAI/2.0/oai_dc/" xmlns:dc="http://purl.org/dc/elements/1.1/" xmlns:xsi="http://www.w3.org/2001/XMLSchema-instance" xsi:schemaLocation="http://www.openarchives.org/OAI/2.0/oai_dc/ http://www.openarchives.org/OAI/2.0/oai_dc.xsd">
  <dc:title>Forbud mod konventionel gylle og foder vil fordyre økologisk planteavl</dc:title>
  <dc:creator>Madsen, Niels</dc:creator>
  <dc:creator>Jacobsen, Brian</dc:creator>
  <dc:subject>Farm economics</dc:subject>
  <dc:description>Udvikling i økologisk produktion hænger sammen med de fremtidige udviklingsmuligheder. I det gennemførte projekt er de økonomiske konsekvenser af skærpede økologiregler og ny teknologi i økologisk jordbrug beskrevet. Gennem dialog mellem forskere og rådgivere er der først udarbejdet en teknisk og biologisk beskrivelse af 8 økologiske case-bedrifter, hvoraf 4 er planteavlsbrug, 3 er mælkeproducenter og en er svineproducent (Nielsen et al., 2003). Ved valg af sædskifte og arealomfang er det søgt at beskrive fremtidens økologibedrifter. I analyserne opgøres ændringerne i forbruget af arbejdskraft og maskiner samt omkostninger og indtægter. &#xD;
&#xD;
De mest interessante innovative teknologier i en økologisk sammenhæng er blevet udvalgt. Teknologierne omfatter automatisk malkning, GPS styret tildeling af gylle, bånd-dampning og robotbaseret ukrudtsbekæmpelse i rækker.De lovgivningsmæssige ændringer tager udgangspunkt i den økologiske filosofi og kan overordnet beskrives som et skridt mod en 100% økologisk produktion. Disse ændringer betyder 100% økologisk foder, halm og husdyrgødning.</dc:description>
  <dc:date>2004-04</dc:date>
  <dc:type>Newspaper or magazine article</dc:type>
  <dc:type>NonPeerReviewed</dc:type>
  <dc:format>source</dc:format>
  <dc:identifier>http://orgprints.org/10102/1/10102.doc</dc:identifier>
  <dc:identifier>Madsen, Niels and Jacobsen, Brian    (2004) Forbud mod konventionel gylle og foder vil fordyre økologisk planteavl.  [Ban on konventional slurry and feeding will increase organic crop production.]  FØJOenyt, April 2004 (2).</dc:identifier>
  <dc:relation>http://orgprints.org/10102/</dc:relation>
</oai_dc:dc>