<oai_dc:dc xmlns:oai_dc="http://www.openarchives.org/OAI/2.0/oai_dc/" xmlns:dc="http://purl.org/dc/elements/1.1/" xmlns:xsi="http://www.w3.org/2001/XMLSchema-instance" xsi:schemaLocation="http://www.openarchives.org/OAI/2.0/oai_dc/ http://www.openarchives.org/OAI/2.0/oai_dc.xsd">
  <dc:title>Root development of beetroot, sweet corn and celeriac, and soil N content after incorporation of green manure</dc:title>
  <dc:creator>Christiansen, J.S.</dc:creator>
  <dc:creator>Thorup-Kristensen, K.</dc:creator>
  <dc:creator>Kristensen, H.L.</dc:creator>
  <dc:subject>Nutrient turnover</dc:subject>
  <dc:subject>Crop combinations and interactions</dc:subject>
  <dc:subject>Vegetables</dc:subject>
  <dc:description>Root development in beetroot (Beta vulgaris L. ssp vulgaris var. conditiva Alef.), sweet corn (Zea mays L. convar. Saccharata Koern.) and celeriac (Apium graveolens L. var. rapaceum Gaud.) was followed during two growing seasons with the aim of describing the root systems and nitrogen (N) utilisation of the three vegetables. The crops were grown after incorporation of green manure either in the preceding Autumn or Spring. Beetroot reached a final root depth of 1.55 – 1.8 m. For sweet corn, the final root depths were 0.6 and 0.9 m, and, for celeriac, 0.45 and 0.6 m in the two years, respectively. The simple measure of average root depth reflected the depth to which soil mineral N was depleted over the season by each of the three vegetables. Autumn incorporation of green manure resulted in higher mineral N contents in the soil layers below 0.5 m compared to a Spring incorporation. For beetroot, this resulted in 0.5 m-deeper root depths and higher root intensity below 0.5 m at harvest. This study shows large differences in root intensity between years and in root depths between species. This knowledge can be used to improve the N-use efficiency in vegetable production.</dc:description>
  <dc:publisher>Headley Brothers Ltd, The Invicta Press, Ashford, Kent, UK</dc:publisher>
  <dc:contributor>Wilson, T. M. A.</dc:contributor>
  <dc:date>2006</dc:date>
  <dc:type>Journal paper</dc:type>
  <dc:type>NonPeerReviewed</dc:type>
  <dc:format>application/pdf</dc:format>
  <dc:identifier>http://orgprints.org/10135/1/10135.pdf</dc:identifier>
  <dc:identifier>Christiansen, J.S.; Thorup-Kristensen, K. and Kristensen, H.L.   (2006) Root development of beetroot, sweet corn and celeriac, and soil N content after incorporation of green manure.  [Rodudvikling hos rødbede, sukkermajs og rodselleri, samt jordens kvælstofindhold efter nedpløjning af grøngødning.]  Journal of Horticultural Science &amp; Biotechnology, 81 (5), pp. 831-838.</dc:identifier>
  <dc:relation>http://orgprints.org/10135/</dc:relation>
</oai_dc:dc>