<oai_dc:dc xmlns:oai_dc="http://www.openarchives.org/OAI/2.0/oai_dc/" xmlns:dc="http://purl.org/dc/elements/1.1/" xmlns:xsi="http://www.w3.org/2001/XMLSchema-instance" xsi:schemaLocation="http://www.openarchives.org/OAI/2.0/oai_dc/ http://www.openarchives.org/OAI/2.0/oai_dc.xsd">
  <dc:title>Udfordring eller mulighed for økologien</dc:title>
  <dc:creator>El-Nagger, A.</dc:creator>
  <dc:creator>Ounmaa, A.</dc:creator>
  <dc:creator>Muukka, E.</dc:creator>
  <dc:creator>Zaleckas, E.</dc:creator>
  <dc:creator>Abraityté, G.</dc:creator>
  <dc:creator>Jansons, I.</dc:creator>
  <dc:creator>Rasmussen, J.</dc:creator>
  <dc:creator>Ahnström, J.</dc:creator>
  <dc:creator>Pirhofer-Walzl, K.</dc:creator>
  <dc:creator>O'Doherty Jensen, K.</dc:creator>
  <dc:creator>Jørgensen, K.F.</dc:creator>
  <dc:creator>Sarunaite, L.</dc:creator>
  <dc:creator>Bleidere, M.</dc:creator>
  <dc:creator>Knudsen, M.T.</dc:creator>
  <dc:creator>Pugliese, M.</dc:creator>
  <dc:creator>Nielsen, M.H.M.</dc:creator>
  <dc:creator>Muguerza, N.B.</dc:creator>
  <dc:creator>Bakewell-Stone, P.</dc:creator>
  <dc:creator>Hansen, P.K.</dc:creator>
  <dc:creator>Abed-Ali Al-Kufaishi, S.A.</dc:creator>
  <dc:creator>Kobayashi, S.</dc:creator>
  <dc:creator>Rydberg, T.</dc:creator>
  <dc:creator>Klubova, V.</dc:creator>
  <dc:creator>Liorancas, V.</dc:creator>
  <dc:creator>Høgh-Jensen, H.</dc:creator>
  <dc:subject>"Organics" in general</dc:subject>
  <dc:subject>Values, standards and certification</dc:subject>
  <dc:description>During one intensive week in October 2005, the authors were gathered to discuss the impact that globalisation has on the Organic Food Systems and the opportunities that globalisation opens up for developing these systems. The meeting took place as a Ph.D. course under the auspices of the Research School of Organic Farming and Food Systems (SOAR; www.soar.dk). All participants research within Organic Agriculture and Food Production in one way or another.</dc:description>
  <dc:publisher>Jordbrugsakademikerne</dc:publisher>
  <dc:date>2005</dc:date>
  <dc:type>Newspaper or magazine article</dc:type>
  <dc:type>NonPeerReviewed</dc:type>
  <dc:format>application/pdf</dc:format>
  <dc:identifier>http://orgprints.org/10492/1/10492.pdf</dc:identifier>
  <dc:identifier>El-Nagger, A.; Ounmaa, A.; Muukka, E.; Zaleckas, E.; Abraityté, G.; Jansons, I.; Rasmussen, J.; Ahnström, J.; Pirhofer-Walzl, K.; O'Doherty Jensen, K.; Jørgensen, K.F.; Sarunaite, L.; Bleidere, M.; Knudsen, M.T.; Pugliese, M.; Nielsen, M.H.M.; Muguerza, N.B.; Bakewell-Stone, P.; Hansen, P.K.; Abed-Ali Al-Kufaishi, S.A.; Kobayashi, S.; Rydberg, T.; Klubova, V.; Liorancas, V. and Høgh-Jensen, H.    (2005) Udfordring eller mulighed for økologien.   moMentum, 2005, 4, pp. 29-31.</dc:identifier>
  <dc:relation>http://orgprints.org/10492/</dc:relation>
</oai_dc:dc>