<oai_dc:dc xmlns:oai_dc="http://www.openarchives.org/OAI/2.0/oai_dc/" xmlns:dc="http://purl.org/dc/elements/1.1/" xmlns:xsi="http://www.w3.org/2001/XMLSchema-instance" xsi:schemaLocation="http://www.openarchives.org/OAI/2.0/oai_dc/ http://www.openarchives.org/OAI/2.0/oai_dc.xsd">
  <dc:title>Planung Vernetzter Biotopsysteme in Rheinland-Pfalz aus der Sicht des Ökologischen Landbaus [Planning of connected habitat systems in Rhineland-Palatinate from the perspective of ecological agriculture]</dc:title>
  <dc:creator>Böcker, Hermann</dc:creator>
  <dc:subject>Landscape and recreation</dc:subject>
  <dc:subject>Biodiversity and ecosystem services</dc:subject>
  <dc:description>Im Zuge der Verbesserung des Verhältnisses zwischen Naturschutz und Landwirtschaft wurde von Naturschutzseite besonders der Ökologische Landbau als Partner mit gleichen Zielvorstellungen entdeckt. Bei selbstkritischer Analyse zeigt sich jedoch, dass hinsichtlich der Umsetzungen von Zielen aus dem Naturschutz vor allem im Bereich der Biotopdiversität, des Biotopschutzes und des Landschaftsschutzes noch Defizite im Ökologischen Landbau bestehen. Entsprechende Forderungen des Naturschutzes an den Ökologischen Landbau werden daher erhoben.&#xD;
Rheinland-Pfalz hat 2000 mit der Einführung von verpflichtenden Flächenausweisungen für Naturschutzzwecke im Rahmen des Förderprogramms Umweltschonende Landbewirtschaftung (FUL) u.a. als Bestandteil des Programmteils II - Ökologischer Landbau - eine Vorreiterrolle in Deutschland übernommen. &#xD;
Gleichwohl sind deutliche Akzeptanzprobleme für Naturschutzauflagen unter den Landwirten feststellbar, die sich im Wesentlichen aus einer zu geringen Förderhöhe, eines Wettbewerbsnachteils gegenüber anderen Bundesländern, einer fehlenden Planungssicherheit und einer in Einzelfällen nicht vorhandenen Nachvollziehbarkeit der Maßnahmen begründen.</dc:description>
  <dc:date>2001</dc:date>
  <dc:type>Working paper</dc:type>
  <dc:type>NonPeerReviewed</dc:type>
  <dc:format>application/pdf</dc:format>
  <dc:identifier>http://orgprints.org/1055/1/1055-boecker-h-2001-naturchutz.pdf</dc:identifier>
  <dc:identifier>Böcker, Hermann    (2001) Planung Vernetzter Biotopsysteme in Rheinland-Pfalz aus der Sicht des Ökologischen Landbaus [Planning of connected habitat systems in Rhineland-Palatinate from the perspective of ecological agriculture].    Working paper, Fachbereich Agrarökologie, Landesanstalt für Pflanzenbau &amp; Pflanzenschutz, Mainz.</dc:identifier>
  <dc:relation>http://orgprints.org/1055/</dc:relation>
</oai_dc:dc>