<oai_dc:dc xmlns:oai_dc="http://www.openarchives.org/OAI/2.0/oai_dc/" xmlns:dc="http://purl.org/dc/elements/1.1/" xmlns:xsi="http://www.w3.org/2001/XMLSchema-instance" xsi:schemaLocation="http://www.openarchives.org/OAI/2.0/oai_dc/ http://www.openarchives.org/OAI/2.0/oai_dc.xsd">
  <dc:title>Erfolg mit der Bio-Junghenne</dc:title>
  <dc:creator>Keppler, C.</dc:creator>
  <dc:creator>Lange, K.</dc:creator>
  <dc:subject>Poultry</dc:subject>
  <dc:subject>Health and welfare</dc:subject>
  <dc:description>Seit 2000 ist die Junghennenaufzucht umfassend in den Richtlinien der EG-Bio-Verordnung und den Bioland-Richtlinien geregelt. Der Zukauf aus konventionellen Aufzuchtbetrieben ist nur noch in Ausnahmefällen möglich. Es stehen inzwischen genügend Bio-Junghennen für die ökologische Legehennenhaltung bereit. Eine sehr enge Zusammenarbeit zwischen Aufzüchter und Legebetrieb ist notwendig, denn die beiden Haltungssysteme müssen aufeinander abgestimmt sein.</dc:description>
  <dc:publisher>Bioland Verlag GmbH</dc:publisher>
  <dc:date>2001</dc:date>
  <dc:type>Journal paper</dc:type>
  <dc:type>NonPeerReviewed</dc:type>
  <dc:format>application/pdf</dc:format>
  <dc:identifier>http://orgprints.org/10519/1/bio-junghenne-biol.pdf</dc:identifier>
  <dc:identifier>Keppler, C. and Lange, K.   (2001) Erfolg mit der Bio-Junghenne.   Bioland (1), pp. 8-9.</dc:identifier>
  <dc:relation>http://orgprints.org/10519/</dc:relation>
</oai_dc:dc>