<oai_dc:dc xmlns:oai_dc="http://www.openarchives.org/OAI/2.0/oai_dc/" xmlns:dc="http://purl.org/dc/elements/1.1/" xmlns:xsi="http://www.w3.org/2001/XMLSchema-instance" xsi:schemaLocation="http://www.openarchives.org/OAI/2.0/oai_dc/ http://www.openarchives.org/OAI/2.0/oai_dc.xsd">
  <dc:title>Jahresbericht 2006 des Instituts für ökologischen Landbau der Bundesforschungsanstalt für Landwirtschaft (FAL)</dc:title>
  <dc:creator>Rahmann, Gerold</dc:creator>
  <dc:subject>Biodiversity and ecosystem services</dc:subject>
  <dc:subject>Sheep and goats</dc:subject>
  <dc:subject>Crop husbandry</dc:subject>
  <dc:subject>Production systems</dc:subject>
  <dc:subject>Health and welfare</dc:subject>
  <dc:subject>Recycling, balancing and resource management</dc:subject>
  <dc:subject>Feeding and growth</dc:subject>
  <dc:subject>Policy environments and social economy</dc:subject>
  <dc:subject>Dairy cattle</dc:subject>
  <dc:subject>Markets and trade</dc:subject>
  <dc:subject>Pigs</dc:subject>
  <dc:description>Comprehensive annual report 2006 of the Institute of Organic Farming of the German Agricultural Research Centre.</dc:description>
  <dc:date>2006</dc:date>
  <dc:type>Report</dc:type>
  <dc:type>NonPeerReviewed</dc:type>
  <dc:format>application/pdf</dc:format>
  <dc:identifier>http://orgprints.org/10389/1/Jahresbericht_OEL_2006_Langfassung.pdf</dc:identifier>
  <dc:identifier>Rahmann, Gerold         (2006) Jahresbericht 2006 des Instituts für ökologischen Landbau der Bundesforschungsanstalt für Landwirtschaft (FAL).  [Annual report 2006 of the Federal Institute of Organic Farming of the German Agriculture Research Centre (FAL).]   Bundesforschungsanstalt für Landwirtschaft (FAL), Institut für ökologischen Landbau.</dc:identifier>
  <dc:relation>http://orgprints.org/10389/</dc:relation>
</oai_dc:dc>