<oai_dc:dc xmlns:oai_dc="http://www.openarchives.org/OAI/2.0/oai_dc/" xmlns:dc="http://purl.org/dc/elements/1.1/" xmlns:xsi="http://www.w3.org/2001/XMLSchema-instance" xsi:schemaLocation="http://www.openarchives.org/OAI/2.0/oai_dc/ http://www.openarchives.org/OAI/2.0/oai_dc.xsd">
  <dc:title>Pökelstoffe in Öko-Fleischwaren</dc:title>
  <dc:creator>Beck, Alexander</dc:creator>
  <dc:creator>Dylla, Renate</dc:creator>
  <dc:creator>Euen, Sven</dc:creator>
  <dc:creator>Hamm, Ulrich</dc:creator>
  <dc:creator>Lücke, Friedrich-Karl</dc:creator>
  <dc:creator>Marx, Bea</dc:creator>
  <dc:creator>Wild, Sandra</dc:creator>
  <dc:subject>Food security, food quality and human health</dc:subject>
  <dc:subject>Processing, packaging and transportation</dc:subject>
  <dc:description>Das Projekt „Pökelstoffe in Öko-Fleischwaren“ untersucht die Frage der Verbraucherakzeptanz von Wurstwaren ohne Pökelstoffe (PS) in einem Praxistest und befasst sich mit der Anwendbarkeit von Ersatztechnologien zur Vermeidung oder Reduktion von Pökelstoffen. Ein Verkaufstest mit neu entwickelten Wurstwaren ohne Pökelstoffe wurde in sechs Filialen einer Supermarktkette durchgeführt. Die Wurstsorten wurden jeweils als konventionelle und als ökologische Variante mit und ohne PS angeboten. Nach der Einführungsaktion mit kommunikativer Unterstützung wurde der Abverkauf über zwölf Wochen gemessen. Über den gesamten Untersuchungszeitraum wurde mit den Öko-Sorten ohne PS im Durchschnitt ein Öko-Marktanteil von rund 34 Prozent erreicht. Die Einführung der Öko-Sorten ohne PS hat sich im Untersuchungszeitraum mit zehn Prozent Anteilsplus positiv auf den gesamten Öko-Marktanteil in den sechs Testgeschäften ausgewirkt.&#xD;
Eine im Rahmen einer Befragung von Herstellern von Öko-Wurstwaren durchgeführte Sortimentsanalyse ergab, dass bei diesen zwei Drittel der Öko-Wurstarten ohne und ein Drittel mit PS hergestellt werden. Je nach Produktart stellt sich die Situation in Bezug auf die Nutzung von PS in Abhängigkeit der technologischen Eigenarten und der Verbrauchererwartungen unterschiedlich dar.&#xD;
In der Literatur sind Studien und Hinweise auf Technologien zu finden, die ohne PS arbeiten oder die auf einen verminderten Einsatz der PS setzen, ohne dass immer von einer Umrötung der Ware ausgegangen wird. Die Implementierung in die Praxis wird durch Probleme wie z. B. Akzeptanz für diese Ersatztechnologien, technische Anpassungsnotwendigkeiten und Investitionen in die Produktentwicklung sowie strittige Rechtsfragen erschwert. Die Befragung der Praktiker in Hinblick auf ihre Erfahrungen mit Ersatztechnologien war schwierig und erbrachte widersprüchliche Ergebnisse.&#xD;
In einem Expertenworkshop wurden die Auswirkungen des Verbotes bzw. der Zulassung von PS auf den Markt für ökologische Fleisch- und Wurstwaren diskutiert und eingeschätzt.</dc:description>
  <dc:date>2006</dc:date>
  <dc:type>Report</dc:type>
  <dc:type>NonPeerReviewed</dc:type>
  <dc:format>application/pdf</dc:format>
  <dc:identifier>http://orgprints.org/10466/1/10466-04OE003_1-fibl-beck-2006-poekelstoffe.pdf</dc:identifier>
  <dc:identifier>Beck, Alexander; Dylla, Renate; Euen, Sven; Hamm, Ulrich; Lücke, Friedrich-Karl; Marx, Bea and Wild, Sandra         (2006) Pökelstoffe in Öko-Fleischwaren.  [Curing Agents in Organic Meat Products.]   Forschungsinstitut für biologischen Landbau Deutschland e.V. (FiBL).</dc:identifier>
  <dc:relation>http://orgprints.org/10466/</dc:relation>
</oai_dc:dc>