<oai_dc:dc xmlns:oai_dc="http://www.openarchives.org/OAI/2.0/oai_dc/" xmlns:dc="http://purl.org/dc/elements/1.1/" xmlns:xsi="http://www.w3.org/2001/XMLSchema-instance" xsi:schemaLocation="http://www.openarchives.org/OAI/2.0/oai_dc/ http://www.openarchives.org/OAI/2.0/oai_dc.xsd">
  <dc:title>Nachhaltige Regulation von Schaderregern im biologischen Anbau von ausgewählten Körnerleguminosen</dc:title>
  <dc:subject>Crop health, quality, protection</dc:subject>
  <dc:subject>Cereals, pulses and oilseeds</dc:subject>
  <dc:description />
  <dc:type>Project description</dc:type>
  <dc:type>NonPeerReviewed</dc:type>
  <dc:identifier>{Project}    Erbsenprojekt: Nachhaltige Regulation von Schaderregern im biologischen Anbau von ausgewählten Körnerleguminosen.  [Sustainable pest regulation in the production of selected organically grown grain legumes.]   Runs 2006 - 2009.      Project Leader(s): Kromp, Dr. Bernhard, Bio Forschung Austria.</dc:identifier>
  <dc:relation>http://orgprints.org/10542/</dc:relation>
</oai_dc:dc>