<oai_dc:dc xmlns:oai_dc="http://www.openarchives.org/OAI/2.0/oai_dc/" xmlns:dc="http://purl.org/dc/elements/1.1/" xmlns:xsi="http://www.w3.org/2001/XMLSchema-instance" xsi:schemaLocation="http://www.openarchives.org/OAI/2.0/oai_dc/ http://www.openarchives.org/OAI/2.0/oai_dc.xsd">
  <dc:title>Økologiske produkter – spørsmål og svar</dc:title>
  <dc:creator>Serikstad, Grete Lene</dc:creator>
  <dc:subject>Food security, food quality and human health</dc:subject>
  <dc:subject>"Organics" in general</dc:subject>
  <dc:description>Her finner du svar på vanlige spørsmål som kundene stiller om økologiske produkter. Hva er økologisk landbruk? Hvorfor merpris? Er økologisk mat sunnere og mer miljøvennlig?  Kan vi stole på kontrollen av slike produkter?</dc:description>
  <dc:date>2007-03</dc:date>
  <dc:type>Report</dc:type>
  <dc:type>NonPeerReviewed</dc:type>
  <dc:format>application/pdf</dc:format>
  <dc:identifier>http://orgprints.org/10601/1/Tema_11_2007_Oekologiske_produkter.pdf</dc:identifier>
  <dc:identifier>Serikstad, Grete Lene         (2007) Økologiske produkter – spørsmål og svar.   Bioforsk TEMA, no. 11. Bioforsk, Bioforsk Økologisk.</dc:identifier>
  <dc:relation>http://orgprints.org/10601/</dc:relation>
</oai_dc:dc>