<oai_dc:dc xmlns:oai_dc="http://www.openarchives.org/OAI/2.0/oai_dc/" xmlns:dc="http://purl.org/dc/elements/1.1/" xmlns:xsi="http://www.w3.org/2001/XMLSchema-instance" xsi:schemaLocation="http://www.openarchives.org/OAI/2.0/oai_dc/ http://www.openarchives.org/OAI/2.0/oai_dc.xsd">
  <dc:title>N-management in grass-arable crop rotations</dc:title>
  <dc:creator>Eriksen, J.</dc:creator>
  <dc:creator>Hansen, E.M.</dc:creator>
  <dc:subject>Nutrient turnover</dc:subject>
  <dc:subject>Dairy cattle</dc:subject>
  <dc:subject>Air and water emissions</dc:subject>
  <dc:description>Nitrogen accumulation in grazed grassland is difficult to utilize efficiently, but appropriate farm management can minimize nitrate leaching.</dc:description>
  <dc:date>2006</dc:date>
  <dc:type>Conference paper, poster, etc.</dc:type>
  <dc:type>NonPeerReviewed</dc:type>
  <dc:format>source</dc:format>
  <dc:identifier>http://orgprints.org/10044/1/10044.doc</dc:identifier>
  <dc:format>source</dc:format>
  <dc:identifier>http://orgprints.org/10044/2/10044_fig.doc</dc:identifier>
  <dc:identifier>Eriksen, J. and Hansen, E.M.    (2006) N-management in grass-arable crop rotations.   In:     Sammendrag af Indlæg, pp. 469-470.</dc:identifier>
  <dc:relation>http://orgprints.org/10044/</dc:relation>
</oai_dc:dc>