<oai_dc:dc xmlns:oai_dc="http://www.openarchives.org/OAI/2.0/oai_dc/" xmlns:dc="http://purl.org/dc/elements/1.1/" xmlns:xsi="http://www.w3.org/2001/XMLSchema-instance" xsi:schemaLocation="http://www.openarchives.org/OAI/2.0/oai_dc/ http://www.openarchives.org/OAI/2.0/oai_dc.xsd">
  <dc:title>Eidgenossen bleiben Spitze</dc:title>
  <dc:creator>Niggli, Urs</dc:creator>
  <dc:subject>"Organics" in general</dc:subject>
  <dc:subject>Switzerland</dc:subject>
  <dc:subject>Values, standards and certification</dc:subject>
  <dc:description>Heute arbeiten über 6000 Landwirtschaftsbetriebe in der Schweiz nach den Richtlinien der Bio Suisse. Das sind etwa elf Prozent aller Betriebe.Am stärksten ist der Bio-Landbau in der Bergzone verankert; Rekordhalter ist der Kanton Graubünden mit einem Bio-Bauern-Anteil von 50,3 Prozent. Erstmals in der 25-jährigen Geschichte der Bio Suisse war die Zahl der Bio-Betriebe im Jahr 2005 leicht rückläufig, während die ökologisch bewirtschaftete Fläche zunahm. Der Strukturwandel macht also auch vor dem Bio-Landbau nicht halt (Bio Suisse, 2006).</dc:description>
  <dc:publisher>Stiftung Ökologie und Landbau</dc:publisher>
  <dc:date>2007</dc:date>
  <dc:type>Journal paper</dc:type>
  <dc:type>NonPeerReviewed</dc:type>
  <dc:format>application/pdf</dc:format>
  <dc:identifier>http://orgprints.org/10415/1/niggli-2007-OEL_141_Eidgenossen.pdf</dc:identifier>
  <dc:identifier>Niggli, Urs   (2007) Eidgenossen bleiben Spitze.   Ökologie &amp; Landbau, 141 (1/2007), pp. 22-23.</dc:identifier>
  <dc:relation>http://orgprints.org/10415/</dc:relation>
</oai_dc:dc>