<oai_dc:dc xmlns:oai_dc="http://www.openarchives.org/OAI/2.0/oai_dc/" xmlns:dc="http://purl.org/dc/elements/1.1/" xmlns:xsi="http://www.w3.org/2001/XMLSchema-instance" xsi:schemaLocation="http://www.openarchives.org/OAI/2.0/oai_dc/ http://www.openarchives.org/OAI/2.0/oai_dc.xsd">
  <dc:title>Allelopathic effects of Rumex obtusifolius leaf extracts against native grassland species</dc:title>
  <dc:creator>Zaller, Johann G.</dc:creator>
  <dc:subject>Crop health, quality, protection</dc:subject>
  <dc:description>In perennial grasslands R. obtusifolius (broad-leaved dock) is often surrounded by certain plant species. Thus, it is hypothesized for the current study that Rumex can affect their neighbouring plant species by allelopathic interactions. To test this hypothesis, in a series of laboratory and field experiments aqueous extracts of green R. obtusifolius leaves were sprayed on seeds of 14 herbaceous plant species (graminoids, non-leguminuous forbs and leguminuous forbs) commonly native to perennial grasslands and its effects on seed germination compared with those with tap water spraying. An allelopathic effect was defined as inhibitory influence of Rumex extracts on seed germination relative to tap water. Generally, results of the laboratory experiments showed a species-specific susceptibility of grassland species to Rumex extracts; no species was promoted by Rumex extracts. All grasses tested were heavily inhibited by Rumex extracts, herbs and legumes varied from not affected until heavily inhibited. Spraying of Rumex extracts in the field had no effect on germination of these species. The results could be considered in designing seeding mixtures for resowing sward damages to especially contain species not susceptible to Rumex allelopathy (e.g. Trifolium pratense, T. repens, Plantago lanceolata) that would thus be assumed to be more competitive against R. obtusifolius regrowing in these grasslands.</dc:description>
  <dc:date>2006</dc:date>
  <dc:type>Journal paper</dc:type>
  <dc:type>NonPeerReviewed</dc:type>
  <dc:format>application/pdf</dc:format>
  <dc:identifier>http://orgprints.org/10454/1/Zaller_2004_JPDP.pdf</dc:identifier>
  <dc:identifier>Zaller, Johann G.   (2006) Allelopathic effects of Rumex obtusifolius leaf extracts against native grassland species.   Zeitschrift für Pflanzenkrankheiten und Pflanzenschutz-Journal of Plant Diseases and Protection, Sp. Iss. 20, pp. 463-470.</dc:identifier>
  <dc:relation>http://orgprints.org/10454/</dc:relation>
</oai_dc:dc>