<oai_dc:dc xmlns:oai_dc="http://www.openarchives.org/OAI/2.0/oai_dc/" xmlns:dc="http://purl.org/dc/elements/1.1/" xmlns:xsi="http://www.w3.org/2001/XMLSchema-instance" xsi:schemaLocation="http://www.openarchives.org/OAI/2.0/oai_dc/ http://www.openarchives.org/OAI/2.0/oai_dc.xsd">
  <dc:title>Primera aproximación a los principios y valores de la agricultura ecológica en España</dc:title>
  <dc:creator>Gonzálvez, V.</dc:creator>
  <dc:subject>Spain</dc:subject>
  <dc:subject>History of organics</dc:subject>
  <dc:description>La evolución de la Agriculura ecológica (AE), ha sido distinta incluso dentro de los países industrializados, generándose desde motivaciones y fundamentos distintos en los movimientos que la forjaron. Esto ha ocasionado distintos énfasis en sus objetivos, principios y valores que, luego han marcado el desarrollo de la misma. Este es el caso de España, donde el movimiento social e ideológico que estimuló el nacimiento y práctica de la AE puso mayor énfasis en los aspectos sociopolíticos, en detrimento quizá de los aspectos relacionados con el desarrollo de los mercados, lo que más adelante ha repercutido en su desarrollo, junto a otros factores tales como el escaso interés y apoyo gubernamental al sector o el menor desarrollo del sector industrial, con el consecuente menor impacto ambiental negativo (Alonso et al. 2000) entre otros, ha provocado una expansión tardía de su práctica y, lo que es más relevante, del consumo, que ha configurado a nuestro país con un perfil de país exportador de productos ecológicos. Esta peculiar evolución de la AE, es una seña de identidad de los países mediterráneos (a excepción de Italia), con menor grado de industrialización. En el caso español las raíces que sustentaron al movimiento que más tarde impulso la agricultura ecológica, se puede encontrar en periodos incluso preindustriales, lo que le concede una particular concepción naturista y lo vincula a las corrientes anarquistas, que lo diferencia de otros movimientos europeos y lo vincular a los movimientos sociales rurales reivindicativos.</dc:description>
  <dc:date>2004-10-02</dc:date>
  <dc:type>Report</dc:type>
  <dc:type>NonPeerReviewed</dc:type>
  <dc:identifier>Gonzálvez, V.         (2004) Primera aproximación a los principios y valores de la agricultura ecológica en España.  [Principles and values of organic farming in Spain.]   Sociedad Española de Agricultura ecológica (SEAE).</dc:identifier>
  <dc:relation>http://orgprints.org/10736/</dc:relation>
</oai_dc:dc>