<oai_dc:dc xmlns:oai_dc="http://www.openarchives.org/OAI/2.0/oai_dc/" xmlns:dc="http://purl.org/dc/elements/1.1/" xmlns:xsi="http://www.w3.org/2001/XMLSchema-instance" xsi:schemaLocation="http://www.openarchives.org/OAI/2.0/oai_dc/ http://www.openarchives.org/OAI/2.0/oai_dc.xsd">
  <dc:title>Pilotprojekt, Deltagardriven forskning på försöksgårdar</dc:title>
  <dc:creator>Rölin, Åsa</dc:creator>
  <dc:creator>Svanäng, Karin</dc:creator>
  <dc:subject>Systems research and participatory research</dc:subject>
  <dc:description>Visionen med projektet var att med de ekologiska försökgårdarna som lokala resurscentrum skapa förutsättningar för mötesplatser mellan lantbrukare och andra aktörer som berörs av ekologisk produktion. I ömsesidig dialog mellan olika aktörer i deltagardrivna nätverk kan ny kunskap tas till vara samtidigt som resurserna på försöksgårdarna utnyttjas effektivare. Hypotesen var att de personer som berörs av verksamheten kan ta fram varaktiga lösningar för det regionala arbetet med ekologisk produktion och uthållig livsmedelsproduktion.Utifrån sex workshops, en på varje försöksgård,och en gemensam fältdag med diskussioner och fältvandring, tog man fram de frågeställningar och problemområden som var viktigast. Utifrån uppföljande samtal med deltagare från gårdarna om hur en möjlig stategisk plan skulle kunna se ut för arbetet kom projektet bl.a. fram till att man kan föra in något helt nytt i den ordinarie verksamheten om man tillåter flera personer att vara med under hela försökprocessen. Samtidigt finns problem med finansiering och tidsbrist som försvårar ett annat upplägg av genomförande och analyser. Ett konkret resultat av projektet är att flera gårdar börjat forma referensgrupper runt sig där lantbrukare, rådgivare och forskare ingår. Dessa grupper ska kunna påverka t.ex. försöksupplägg när man ansöker om medel till praktikernära försök. Deltagarna var i stort nöjda med projektet och positiva till en fortsättning av arbetssättet.</dc:description>
  <dc:date>2008</dc:date>
  <dc:type>Report</dc:type>
  <dc:type>NonPeerReviewed</dc:type>
  <dc:format>application/pdf</dc:format>
  <dc:identifier>http://orgprints.org/10139/1/F%C3%B6rs%C3%B6ksg%C3%A5rdar_rapport.pdf</dc:identifier>
  <dc:identifier>Rölin, Åsa and Svanäng, Karin         (2008) Pilotprojekt, Deltagardriven forskning på försöksgårdar.  [Pilot project, Participatory research on regional research farms.]   Hushållningssällskapet i Värmland och Centrum för uthålligt lantbruk, SLU, Uppsala.</dc:identifier>
  <dc:relation>http://orgprints.org/10139/</dc:relation>
</oai_dc:dc>