<oai_dc:dc xmlns:oai_dc="http://www.openarchives.org/OAI/2.0/oai_dc/" xmlns:dc="http://purl.org/dc/elements/1.1/" xmlns:xsi="http://www.w3.org/2001/XMLSchema-instance" xsi:schemaLocation="http://www.openarchives.org/OAI/2.0/oai_dc/ http://www.openarchives.org/OAI/2.0/oai_dc.xsd">
  <dc:title>Congrès viticulture biologique 2006</dc:title>
  <dc:subject>Crop health, quality, protection</dc:subject>
  <dc:subject>Viticulture</dc:subject>
  <dc:subject>Soil tillage</dc:subject>
  <dc:publisher>Institut de recherche de l'agriculture biologique (FiBL), CH-Frick</dc:publisher>
  <dc:contributor>Häseli, Andreas</dc:contributor>
  <dc:date>2006</dc:date>
  <dc:type>Proceedings</dc:type>
  <dc:type>NonPeerReviewed</dc:type>
  <dc:format>application/pdf</dc:format>
  <dc:identifier>http://orgprints.org/10510/1/haeseli-2006-tb-1454-viticulture_06.pdf</dc:identifier>
  <dc:identifier>Häseli, Andreas (Ed.)    (2006) Congrès viticulture biologique 2006.  [Fachtagung Biorebbau 2006.]  Institut de recherche de l'agriculture biologique (FiBL), CH-Frick, FiBL-Tagungsband.</dc:identifier>
  <dc:relation>http://orgprints.org/10510/</dc:relation>
</oai_dc:dc>