<oai_dc:dc xmlns:oai_dc="http://www.openarchives.org/OAI/2.0/oai_dc/" xmlns:dc="http://purl.org/dc/elements/1.1/" xmlns:xsi="http://www.w3.org/2001/XMLSchema-instance" xsi:schemaLocation="http://www.openarchives.org/OAI/2.0/oai_dc/ http://www.openarchives.org/OAI/2.0/oai_dc.xsd">
  <dc:title>Five-year financial analysis of two commercial farms converting to organic: 2000-2005</dc:title>
  <dc:creator>Robertson, J F</dc:creator>
  <dc:creator>Daniel, C</dc:creator>
  <dc:creator>Edwards, I E</dc:creator>
  <dc:subject>Farm economics</dc:subject>
  <dc:description>The financial performance including input and output costs were analysed for two commercial Scottish farms converting to organic production. A comparative analysis for a five year period is provided using data from the Scottish Farm Accounts scheme, and demonstrates that both conversions had positive financial outcomes. Both farms applied strategic changes to their businesses.</dc:description>
  <dc:publisher>Association of Applied Biologists</dc:publisher>
  <dc:contributor>Atkinson, C</dc:contributor>
  <dc:contributor>Ball, B</dc:contributor>
  <dc:contributor>Davies, D H K</dc:contributor>
  <dc:contributor>Rees, R</dc:contributor>
  <dc:contributor>Russell, G</dc:contributor>
  <dc:contributor>Stockdale, E A</dc:contributor>
  <dc:contributor>Watson, C A</dc:contributor>
  <dc:contributor>Walker, R</dc:contributor>
  <dc:contributor>Younie, D</dc:contributor>
  <dc:date>2006</dc:date>
  <dc:type>Conference paper, poster, etc.</dc:type>
  <dc:type>NonPeerReviewed</dc:type>
  <dc:format>application/pdf</dc:format>
  <dc:identifier>http://orgprints.org/10209/1/Five-year_financial_analysis_of_two_commercial_farms_converting_to_organic_-_2000-2005.pdf</dc:identifier>
  <dc:identifier>Robertson, J F; Daniel, C and Edwards, I E    (2006) Five-year financial analysis of two commercial farms converting to organic: 2000-2005.   In: Atkinson, C; Ball, B; Davies, D H K; Rees, R; Russell, G; Stockdale, E A; Watson, C A; Walker, R and Younie, D (Eds.)  Aspects of Applied Biology 79, What will organic farming deliver? COR 2006, Association of Applied Biologists, pp. 145-149.</dc:identifier>
  <dc:relation>http://orgprints.org/10209/</dc:relation>
</oai_dc:dc>