<oai_dc:dc xmlns:oai_dc="http://www.openarchives.org/OAI/2.0/oai_dc/" xmlns:dc="http://purl.org/dc/elements/1.1/" xmlns:xsi="http://www.w3.org/2001/XMLSchema-instance" xsi:schemaLocation="http://www.openarchives.org/OAI/2.0/oai_dc/ http://www.openarchives.org/OAI/2.0/oai_dc.xsd">
  <dc:title>Bio-Weizensortenversuche 2006. Bericht zu den Resultaten des Winterweizensortenversuches 2006</dc:title>
  <dc:creator>Dierauer, Hansueli</dc:creator>
  <dc:creator>Böhler, Daniel</dc:creator>
  <dc:subject>Cereals, pulses and oilseeds</dc:subject>
  <dc:subject>Breeding, genetics and propagation</dc:subject>
  <dc:description>2006 wurden im Rahmen des Versuchsnetzes mit acht kantonalen Fachstellen aus der ganzen Schweiz acht Bioweizensorten in Streifen geprüft. Die Koordination der Versuche und die Auswertung erfolgten durch das FiBL. Die Sorten wurden mit Hilfe der ART (Mathias Menzi), welche die Exaktversuche durchführt, ausgelesen und mit der Fachkommission Ackerkulturen der Bio Suisse abgesprochen. Die Streifenversuche dienen als Vorstufe zur Einführung neuer Sorten in die Praxis und haben auch wichtigen Democharakter in der Umgebung. Sie sind eine Ergänzung zu der Biosortenprüfung des Reckenholzes.&#xD;
Insgesamt wurden 8 Brotweizensorten (alles Klasse 1 oder Top) miteinander verglichen und getestet. Die drei Biosorten Pollux, Ataro und Aszita von Züchter Peter Kunz wurden mit den beiden konventionellen Züchtungen Zinal und Siala der Forschungsanstalt Changins verglichen. Im Weiteren wurden noch zwei österreichische Sorten, nämlich Ludwig und Antonius, welche dort im Biolandbau verbreitet sind in das Versuchsprogramm aufgenommen. Als Standard galt weiterhin die meist angebaute, im Biolandbau seit Jahren bewährte Sorte Titlis.</dc:description>
  <dc:date>2006</dc:date>
  <dc:type>Report</dc:type>
  <dc:type>NonPeerReviewed</dc:type>
  <dc:format>application/pdf</dc:format>
  <dc:identifier>http://orgprints.org/10365/1/dierauer_boehler-2006-Bericht_zum_Weizensortenversuch.pdf</dc:identifier>
  <dc:identifier>Dierauer, Hansueli and Böhler, Daniel         (2006) Bio-Weizensortenversuche 2006. Bericht zu den Resultaten des Winterweizensortenversuches 2006.   FiBL-Bericht. Forschungsinstitut für biologischen Landbau (FiBL) CH-Frick.</dc:identifier>
  <dc:relation>http://orgprints.org/10365/</dc:relation>
</oai_dc:dc>