<oai_dc:dc xmlns:oai_dc="http://www.openarchives.org/OAI/2.0/oai_dc/" xmlns:dc="http://purl.org/dc/elements/1.1/" xmlns:xsi="http://www.w3.org/2001/XMLSchema-instance" xsi:schemaLocation="http://www.openarchives.org/OAI/2.0/oai_dc/ http://www.openarchives.org/OAI/2.0/oai_dc.xsd">
  <dc:title>Bioenergy for farms - turnip rape oil, biodiesel and biogas</dc:title>
  <dc:creator>Kuisma, Miia</dc:creator>
  <dc:subject>Post harvest management and techniques</dc:subject>
  <dc:description>One research and one development project concerning production and processing technique of organic turnip rape is going on in Finland in 2006-2008. The development project concerns also biogas production from biomass.</dc:description>
  <dc:publisher>Sveriges lantbruksuniversitet</dc:publisher>
  <dc:date>2006-12</dc:date>
  <dc:type>Journal paper</dc:type>
  <dc:type>NonPeerReviewed</dc:type>
  <dc:format>application/pdf</dc:format>
  <dc:identifier>http://orgprints.org/10636/1/fnytt406.pdf</dc:identifier>
  <dc:identifier>Kuisma, Miia   (2006) Bioenergy for farms - turnip rape oil, biodiesel and biogas.   Forskningsnytt om økologisk landbruk i Norden (4), p. 16.</dc:identifier>
  <dc:relation>http://orgprints.org/10636/</dc:relation>
</oai_dc:dc>