<oai_dc:dc xmlns:oai_dc="http://www.openarchives.org/OAI/2.0/oai_dc/" xmlns:dc="http://purl.org/dc/elements/1.1/" xmlns:xsi="http://www.w3.org/2001/XMLSchema-instance" xsi:schemaLocation="http://www.openarchives.org/OAI/2.0/oai_dc/ http://www.openarchives.org/OAI/2.0/oai_dc.xsd">
  <dc:title>Effects of agricultural production systems and their components on protein profiles of potato tubers</dc:title>
  <dc:creator>Lehesranta, Satu J.</dc:creator>
  <dc:creator>Koistinen, Kaisa M.</dc:creator>
  <dc:creator>Massat, Nathalie</dc:creator>
  <dc:creator>Davies, Howard V.</dc:creator>
  <dc:creator>Shepherd, Louise V. T.</dc:creator>
  <dc:creator>McNicol, James W.</dc:creator>
  <dc:creator>Cakmak, Ismail</dc:creator>
  <dc:creator>Cooper, Julia</dc:creator>
  <dc:creator>Lück, Lorna</dc:creator>
  <dc:creator>Kärenlampi, Sirpa O.</dc:creator>
  <dc:creator>Leifert, Carlo</dc:creator>
  <dc:subject>Crop health, quality, protection</dc:subject>
  <dc:subject>Root crops</dc:subject>
  <dc:description>A range of studies have compared the level of nutritionally relevant compounds in crops from organic and nonorganic farming systems, but there is very limited information on the effect of farming systems and their key components on the protein composition of plants. We addressed this gap by quantifying the effects of different farming systems and key components of such systems on the protein profiles of potato tubers. Tuber samples were produced in the Nafferton factorial systems study, a group of long-term, replicated factorial field experiments designed to identify and quantify the effect of fertility management methods, crop protection practices and rotational designs used in organic, low input and conventional production systems. Protein profiles were determined by 2-DE and subsequent protein identification by HPLC-ESI-MS/MS. Principal component analysis of 2-DE data showed that only fertility management practices (organic matter vs. mineral fertiliser based), had a significant effect on protein composition. Quantitative differences were detected in 160 of the 1100 tuber proteins separated by 2-DE. Proteins identified by MS are involved in protein synthesis and turnover, carbon and energy metabolism and defence responses, suggesting that organic fertilisation leads to an increased stress response in potato tubers.</dc:description>
  <dc:publisher>Wiley-VCH</dc:publisher>
  <dc:date>2007</dc:date>
  <dc:type>Journal paper</dc:type>
  <dc:type>NonPeerReviewed</dc:type>
  <dc:format>application/pdf</dc:format>
  <dc:identifier>http://orgprints.org/10760/1/Lehesranta_et_al_2007.pdf</dc:identifier>
  <dc:identifier>Lehesranta, Satu J.; Koistinen, Kaisa M.; Massat, Nathalie; Davies, Howard V.; Shepherd, Louise V. T.; McNicol, James W.; Cakmak, Ismail; Cooper, Julia; Lück, Lorna; Kärenlampi, Sirpa O. and Leifert, Carlo   (2007) Effects of agricultural production systems and their components on protein profiles of potato tubers.   Proteomics, 7, pp. 597-604.</dc:identifier>
  <dc:relation>http://orgprints.org/10760/</dc:relation>
</oai_dc:dc>