<oai_dc:dc xmlns:oai_dc="http://www.openarchives.org/OAI/2.0/oai_dc/" xmlns:dc="http://purl.org/dc/elements/1.1/" xmlns:xsi="http://www.w3.org/2001/XMLSchema-instance" xsi:schemaLocation="http://www.openarchives.org/OAI/2.0/oai_dc/ http://www.openarchives.org/OAI/2.0/oai_dc.xsd">
  <dc:title>Soil organic matter and biological soil quality indicators after 21 years of organic and conventional farming</dc:title>
  <dc:creator>Fliessbach, Andreas</dc:creator>
  <dc:creator>Oberholzer, Hans-Rudolf</dc:creator>
  <dc:creator>Gunst, Lucie</dc:creator>
  <dc:creator>Paul, Mäder</dc:creator>
  <dc:subject>Biodiversity and ecosystem services</dc:subject>
  <dc:subject>Soil quality</dc:subject>
  <dc:description>Organic farming systems often comprise crops and livestock, recycle farmyard manure for fertilization, and preventive or biocontrol measures are used for plant protection. We determined indicators for soil quality changes in the DOK long-term comparison trial that was initiated in 1978. This replicated field trial comprises organic and integrated (conventional) farming systems that are typical for Swiss agriculture. Livestock based bio-organic (BIOORG), bio-dynamic (BIODYN) and integrated farming systems (CONFYM) were compared at reduced and normal fertilization intensity (0.7 and 1.4 livestock units, LU) in a 7 year crop rotation. A stockless integrated system is fertilized with mineral fertilizers exclusively (CONMIN) and one control treatment remained unfertilized (NOFERT). The CONFYM system is amended with stacked manure, supplemental mineral fertilizers, as well as chemical pesticides. Manure of the BIOORG system is slightly rotted and in BIODYN it is composted aerobically with some herbal additives. In the third crop rotation period at normal fertiliser intensity soil organic carbon (Corg, w/w) in the plough layer (0–20 cm) of the BIODYN system remained constant and decreased by 7% in CONFYM and 9% in BIOORG as compared to the starting values. With no manure application Corg-loss was severest in NOFERT (22%), followed by CONMIN together with the systems at reduced fertiliser intensity (14–16%). Soil pH tended to increase in the organic systems, whereas the integrated systems had the lowest pH values. At the end of the third crop rotation period in 1998 biological soil quality indicators were determined. Compared to soil microbial biomass in the BIODYN systems the CONFYM soils showed 25% lower values and the systems without manure application were lower by 34%. Relative to the BIODYN soils at the same fertilization intensity dehydrogenase activity was 39–42% lower in CONFYM soils and even 62% lower in soils of CONMIN. Soil basal respiration did not differ between farming systems at the same intensity, but when related to microbial biomass (qCO2) it was 20% higher in CONFYM soils and 52% higher in CONMIN as compared to BIODYN, suggesting a higher maintenance requirement of microbial biomass in soils of the integrated systems. The manure based farming systems of the DOK trial are likely to favour an active and fertile soil. Both, Corg and biological soil quality indicators were clearly depending on the quantity and quality of the applied manure types, but soil microbial biomass and activities were much more affected than Corg.</dc:description>
  <dc:publisher>Elsevier B.V.</dc:publisher>
  <dc:date>2007-01</dc:date>
  <dc:type>Journal paper</dc:type>
  <dc:type>NonPeerReviewed</dc:type>
  <dc:format>application/pdf</dc:format>
  <dc:identifier>http://orgprints.org/10627/1/Fliessbach_AGEE_2007_AF1949.pdf</dc:identifier>
  <dc:identifier>Fliessbach, Andreas; Oberholzer, Hans-Rudolf; Gunst, Lucie and Paul, Mäder   (2007) Soil organic matter and biological soil quality indicators after 21 years of organic and conventional farming.   Agriculture, Ecosystems and Environment, 118, pp. 273-284.</dc:identifier>
  <dc:relation>http://orgprints.org/10627/</dc:relation>
</oai_dc:dc>