<oai_dc:dc xmlns:oai_dc="http://www.openarchives.org/OAI/2.0/oai_dc/" xmlns:dc="http://purl.org/dc/elements/1.1/" xmlns:xsi="http://www.w3.org/2001/XMLSchema-instance" xsi:schemaLocation="http://www.openarchives.org/OAI/2.0/oai_dc/ http://www.openarchives.org/OAI/2.0/oai_dc.xsd">
  <dc:title>Well-fuctioning home composters</dc:title>
  <dc:creator>Korhonen, Anne</dc:creator>
  <dc:subject>Composting and manuring</dc:subject>
  <dc:description>In recent years, the Work Efficiency Institute (TTS) has compared thermal composters, regulating materials and compost accelerators and studied user's experiences on home composting by a questionnaire. The aim has been to produce information on composting, so that home composting can be made as easy as possible.</dc:description>
  <dc:publisher>Sveriges lantbruksuniversitet</dc:publisher>
  <dc:date>2006-10</dc:date>
  <dc:type>Journal paper</dc:type>
  <dc:type>NonPeerReviewed</dc:type>
  <dc:format>application/pdf</dc:format>
  <dc:identifier>http://orgprints.org/10633/1/fnytt3a.pdf</dc:identifier>
  <dc:identifier>Korhonen, Anne   (2006) Well-fuctioning home composters.   Forskningsnytt om økologisk landbruk i Norden (3), pp. 14-15.</dc:identifier>
  <dc:relation>http://orgprints.org/10633/</dc:relation>
</oai_dc:dc>