<oai_dc:dc xmlns:oai_dc="http://www.openarchives.org/OAI/2.0/oai_dc/" xmlns:dc="http://purl.org/dc/elements/1.1/" xmlns:xsi="http://www.w3.org/2001/XMLSchema-instance" xsi:schemaLocation="http://www.openarchives.org/OAI/2.0/oai_dc/ http://www.openarchives.org/OAI/2.0/oai_dc.xsd">
  <dc:title>Økologi-kongres sidst i maj</dc:title>
  <dc:creator>Elsgaard, Lars</dc:creator>
  <dc:subject>Education, extension and communication</dc:subject>
  <dc:description>Danske og europæiske økologer samles den 30.-31. maj 2006 i Odense for at dele deres viden fra projekter om økologi.</dc:description>
  <dc:date>2006-02</dc:date>
  <dc:type>Newspaper or magazine article</dc:type>
  <dc:type>NonPeerReviewed</dc:type>
  <dc:format>application/pdf</dc:format>
  <dc:identifier>http://orgprints.org/10516/1/10516.pdf</dc:identifier>
  <dc:identifier>Elsgaard, Lars    (2006) Økologi-kongres sidst i maj.  [Organic congress in May.]  Økologisk Jordbrug, February 2006, 355, p. 8.</dc:identifier>
  <dc:relation>http://orgprints.org/10516/</dc:relation>
</oai_dc:dc>