<oai_dc:dc xmlns:oai_dc="http://www.openarchives.org/OAI/2.0/oai_dc/" xmlns:dc="http://purl.org/dc/elements/1.1/" xmlns:xsi="http://www.w3.org/2001/XMLSchema-instance" xsi:schemaLocation="http://www.openarchives.org/OAI/2.0/oai_dc/ http://www.openarchives.org/OAI/2.0/oai_dc.xsd">
  <dc:title>Sædskifteforsøg skifter retning</dc:title>
  <dc:creator>Rasmussen, Ilse A.</dc:creator>
  <dc:creator>Askegaard, Margrethe</dc:creator>
  <dc:creator>Olesen, Jørgen E.</dc:creator>
  <dc:subject>Crop combinations and interactions</dc:subject>
  <dc:subject>Composting and manuring</dc:subject>
  <dc:description>Det økologiske sædskifteforsøg ændres, så det er de samme sædskifter der gennemføres på alle 3 lokaliteter. Behandlinger, der hverken har fået gødning eller efterafgrøde siden 1996 omlægges til konventionelle.</dc:description>
  <dc:publisher>Økologisk Landsforening</dc:publisher>
  <dc:date>2006-04</dc:date>
  <dc:type>Newspaper or magazine article</dc:type>
  <dc:type>NonPeerReviewed</dc:type>
  <dc:format>application/pdf</dc:format>
  <dc:identifier>http://orgprints.org/10002/1/10002.pdf</dc:identifier>
  <dc:identifier>Rasmussen, Ilse A.; Askegaard, Margrethe and Olesen, Jørgen E.    (2006) Sædskifteforsøg skifter retning.  [Change of direction in crop rotation experiments.]  Økologisk Jordbrug, April 2006 (359), pp. 8-9.</dc:identifier>
  <dc:relation>http://orgprints.org/10002/</dc:relation>
</oai_dc:dc>