<oai_dc:dc xmlns:oai_dc="http://www.openarchives.org/OAI/2.0/oai_dc/" xmlns:dc="http://purl.org/dc/elements/1.1/" xmlns:xsi="http://www.w3.org/2001/XMLSchema-instance" xsi:schemaLocation="http://www.openarchives.org/OAI/2.0/oai_dc/ http://www.openarchives.org/OAI/2.0/oai_dc.xsd">
  <dc:title>Soil sustainability in organic agricultural production</dc:title>
  <dc:creator>May-Roberts, S</dc:creator>
  <dc:creator>Robertson, J</dc:creator>
  <dc:creator>Killham, K</dc:creator>
  <dc:creator>Paton, G</dc:creator>
  <dc:subject>Soil quality</dc:subject>
  <dc:description>Traditionally, the assessment of soil sustainability and the potential impact of cultivation are based upon the application of chemical procedures. In the absence of a biological context, these measurements offer little in understanding longterm changes in soil husbandry. Detailed microcosm investigations were applied as a predictive tool for management change. The microcosms were designed with homogenised soils treated with organic amendments. Key soil functional relationships were quantified using stable isotope techniques, biochemical measurements and traditional approaches.</dc:description>
  <dc:publisher>Association of Applied Biologists</dc:publisher>
  <dc:contributor>Atkinson, C</dc:contributor>
  <dc:contributor>Ball, B</dc:contributor>
  <dc:contributor>Davies, D H K</dc:contributor>
  <dc:contributor>Rees, R</dc:contributor>
  <dc:contributor>Russell, G</dc:contributor>
  <dc:contributor>Stockdale, E A</dc:contributor>
  <dc:contributor>Watson, C A</dc:contributor>
  <dc:contributor>Walker, R</dc:contributor>
  <dc:contributor>Younie, D</dc:contributor>
  <dc:date>2006</dc:date>
  <dc:type>Conference paper, poster, etc.</dc:type>
  <dc:type>NonPeerReviewed</dc:type>
  <dc:format>application/pdf</dc:format>
  <dc:identifier>http://orgprints.org/10259/1/Soil_sustainability_in_organic_agricultural_production.pdf</dc:identifier>
  <dc:identifier>May-Roberts, S; Robertson, J; Killham, K and Paton, G    (2006) Soil sustainability in organic agricultural production.   In: Atkinson, C; Ball, B; Davies, D H K; Rees, R; Russell, G; Stockdale, E A; Watson, C A; Walker, R and Younie, D (Eds.)  Aspects of Applied Biology 79, What will organic farming deliver? COR 2006, Association of Applied Biologists, pp. 307-310.</dc:identifier>
  <dc:relation>http://orgprints.org/10259/</dc:relation>
</oai_dc:dc>