<oai_dc:dc xmlns:oai_dc="http://www.openarchives.org/OAI/2.0/oai_dc/" xmlns:dc="http://purl.org/dc/elements/1.1/" xmlns:xsi="http://www.w3.org/2001/XMLSchema-instance" xsi:schemaLocation="http://www.openarchives.org/OAI/2.0/oai_dc/ http://www.openarchives.org/OAI/2.0/oai_dc.xsd">
  <dc:title>Simulating Root Density Dynamics and Nitrogen Uptake – Can a Simple Approach be Sufficient?</dc:title>
  <dc:creator>Pedersen, Anders</dc:creator>
  <dc:subject>Crop combinations and interactions</dc:subject>
  <dc:subject>Farm nutrient management</dc:subject>
  <dc:description>The modeling of root growth in many plant–soil models is simple and with few possibilities to adapt simulated root proliferation and depth distribution to that actually found with different crop species. Here we propose a root model, developed to describe root growth, root density and nitrogen uptake. The model focuses on annual crops, and attempts to model root growth of different crop species and row crops and its significance for nitrogen uptake from different parts of the soil volume.</dc:description>
  <dc:date>2007</dc:date>
  <dc:type>Conference paper, poster, etc.</dc:type>
  <dc:type>NonPeerReviewed</dc:type>
  <dc:format>application/pdf</dc:format>
  <dc:identifier>http://orgprints.org/10746/1/101746.pdf</dc:identifier>
  <dc:identifier>Pedersen, Anders    (2007) Simulating Root Density Dynamics and Nitrogen Uptake – Can a Simple Approach be Sufficient?       Speech at:   37th Annual Biological Systems Simulation Conference, Holiday Inn, College Park, Maryland USA, 17-19 april.</dc:identifier>
  <dc:relation>http://orgprints.org/10746/</dc:relation>
</oai_dc:dc>