<oai_dc:dc xmlns:oai_dc="http://www.openarchives.org/OAI/2.0/oai_dc/" xmlns:dc="http://purl.org/dc/elements/1.1/" xmlns:xsi="http://www.w3.org/2001/XMLSchema-instance" xsi:schemaLocation="http://www.openarchives.org/OAI/2.0/oai_dc/ http://www.openarchives.org/OAI/2.0/oai_dc.xsd">
  <dc:title>Verunreinigungen von biologisch erzeugten Nahrungsmitteln mit chemisch-synthetischen Pestiziden: Fallstudie Biowein</dc:title>
  <dc:creator>Wyss, Gabriela</dc:creator>
  <dc:creator>Tamm, Lucius</dc:creator>
  <dc:creator>Seiler, K.</dc:creator>
  <dc:subject>Viticulture</dc:subject>
  <dc:subject>Air and water emissions</dc:subject>
  <dc:subject>Food security, food quality and human health</dc:subject>
  <dc:description>Bioprodukte können nur so rein sein wie die Umwelt, in der sie produziert werden. Dies gilt auch für die Bioweine. Den Biowinzern gelingt es trotz schwierigem Umfeld, qualitativ hochstehende, rückstandsarme Weine zu produzieren. &#xD;
&#xD;
Erste Voraussetzung, damit diese Höchstleistung erbracht werden kann, ist dass die nicht-biologisch wirtschaftenden Winzer die vom Gesetzgeber vorgeschriebene gute landwirtschaftliche Praxis einhalten (Problem Abdrift als Folge von unsorgfältigem Umgang mit Pestiziden). Die Untersuchung zeigte, dass viele nicht-biologisch bewirtschaftende Produzenten sich professionell und fair verhalten. Die Praxis zeigte aber auch, dass sich einzelne Produzenten nicht an die Regeln des gutnachbarlichen und respektvollen Umgangs halten. Hier sind konsequente Massnahmen von Branchenorganisationen und Vollzug gefordert.&#xD;
&#xD;
Zudem zeigten unsere Resultate, dass trotz der eingeführten Massnahmen mit einer allgemeinen Hintergrundbelastung im Spurenbereich gerechnet werden muss. Hintergrundkontaminationen sind eine Tatsache und können nur durch ein Verbot von chemisch-synthetischen Fungiziden reduziert werden. &#xD;
&#xD;
Biologische Weine werden auch in Zukunft Spuren von Fungiziden aufweisen. Ohne sorgfältigen Umgang mit dem Biotraubengut und ohne konsequente Reinhaltung von Gerätschaften nützt die beste Arbeit im Wingert nichts. Das ist keine leichte Aufgabe, denn der Teufel steckt oft im Detail. &#xD;
&#xD;
Probleme ergaben sich häufig dort, wo Risikofaktoren kumuliert wurden. Mit konsequenter Einhaltung der beschriebenen Massnahmen sollten überhöhte Werte vermieden werden können. &#xD;
&#xD;
Die gewonnenen Erkenntnisse sind in der Praxis umgesetzt worden, fliessen in die Qualitätssicherung der Bioweine ein und werden bei der Kontrolle auch berücksichtigt. Die Bioweinbaubranche und der Vollzug haben in einer exemplarischen Zusammenarbeit vorhandene Schwachstellen identifizieren können und entsprechende Massnahmen entwickelt.</dc:description>
  <dc:publisher>Universität für Bodenkultur, Wien</dc:publisher>
  <dc:contributor>Freyer, Bernhard</dc:contributor>
  <dc:date>2003</dc:date>
  <dc:type>Conference paper, poster, etc.</dc:type>
  <dc:type>NonPeerReviewed</dc:type>
  <dc:format>application/pdf</dc:format>
  <dc:identifier>http://orgprints.org/1017/1/wyss-gs-verunreinigung-biowein-2003.pdf</dc:identifier>
  <dc:format>application/pdf</dc:format>
  <dc:identifier>http://orgprints.org/1017/2/wyss-et-al-2003-verunreinigung-biowein-2003-en.pdf</dc:identifier>
  <dc:identifier>Wyss, Gabriela; Tamm, Lucius and Seiler, K.    (2003) Verunreinigungen von biologisch erzeugten Nahrungsmitteln mit chemisch-synthetischen Pestiziden: Fallstudie Biowein.  [Contamination of organic products with chemical-synthetical pesticides: The case of organic wine.]  In: Freyer, Bernhard (Ed.)  Beiträge zur 7. Wissenschaftstagung zum Ökologischen Landbau - Ökologischer Landbau der Zukunft, Universität für Bodenkultur, Wien, pp. 241-244.</dc:identifier>
  <dc:relation>http://orgprints.org/1017/</dc:relation>
</oai_dc:dc>