<oai_dc:dc xmlns:oai_dc="http://www.openarchives.org/OAI/2.0/oai_dc/" xmlns:dc="http://purl.org/dc/elements/1.1/" xmlns:xsi="http://www.w3.org/2001/XMLSchema-instance" xsi:schemaLocation="http://www.openarchives.org/OAI/2.0/oai_dc/ http://www.openarchives.org/OAI/2.0/oai_dc.xsd">
  <dc:title>Financial performance of organic farms in England and Wales</dc:title>
  <dc:creator>Jackson, A</dc:creator>
  <dc:creator>Lampkin, N</dc:creator>
  <dc:subject>Farm economics</dc:subject>
  <dc:description>A survey of farm fi nancial data on 135 organic farms in England and Wales in 2003/04 (as part of an ongoing annual survey) shows that for most farm types, organic farmers achieve similar or higher incomes than similar conventional holdings. Although organic farmers rely on premium prices to compensate for lower yields, overall performance has been maintained despite downward pressure on prices in the period under review. However, all farms, organic and conventional, showed generally poor returns. With organic prices increasing in most areas in 2005, it is likely that significant improvements in performance will result.</dc:description>
  <dc:publisher>Association of Applied Biologists</dc:publisher>
  <dc:contributor>Atkinson, C</dc:contributor>
  <dc:contributor>Ball, B</dc:contributor>
  <dc:contributor>Davies, D H K</dc:contributor>
  <dc:contributor>Rees, R</dc:contributor>
  <dc:contributor>Russell, G</dc:contributor>
  <dc:contributor>Stockdale, E A</dc:contributor>
  <dc:contributor>Watson, C A</dc:contributor>
  <dc:contributor>Walker, R</dc:contributor>
  <dc:contributor>Younie, D</dc:contributor>
  <dc:date>2006</dc:date>
  <dc:type>Conference paper, poster, etc.</dc:type>
  <dc:type>NonPeerReviewed</dc:type>
  <dc:format>application/pdf</dc:format>
  <dc:identifier>http://orgprints.org/10212/1/Financial_performance_of_organic_farms_in_England_and_Wales.pdf</dc:identifier>
  <dc:identifier>Jackson, A and Lampkin, N    (2006) Financial performance of organic farms in England and Wales.   In: Atkinson, C; Ball, B; Davies, D H K; Rees, R; Russell, G; Stockdale, E A; Watson, C A; Walker, R and Younie, D (Eds.)  Aspects of Applied Biology 79, What will organic farming deliver? COR 2006, Association of Applied Biologists, pp. 159-162.</dc:identifier>
  <dc:relation>http://orgprints.org/10212/</dc:relation>
</oai_dc:dc>