<oai_dc:dc xmlns:oai_dc="http://www.openarchives.org/OAI/2.0/oai_dc/" xmlns:dc="http://purl.org/dc/elements/1.1/" xmlns:xsi="http://www.w3.org/2001/XMLSchema-instance" xsi:schemaLocation="http://www.openarchives.org/OAI/2.0/oai_dc/ http://www.openarchives.org/OAI/2.0/oai_dc.xsd">
  <dc:title>Der Grünauslauf als Futterquelle</dc:title>
  <dc:creator>Höfner, M.</dc:creator>
  <dc:creator>Köhler, B.</dc:creator>
  <dc:subject>Poultry</dc:subject>
  <dc:subject>Health and welfare</dc:subject>
  <dc:subject>Feeding and growth</dc:subject>
  <dc:description>Der Grünauslauf verbessert nicht nur die Gesundheit der Tiere und die Qualität der Eier. Er kann, wenn er optimal eingerichtet ist, auch zu einer Einsparung am Mischfutter führen.</dc:description>
  <dc:publisher>Bioland Verlags GmbH</dc:publisher>
  <dc:date>2001</dc:date>
  <dc:type>Journal paper</dc:type>
  <dc:type>NonPeerReviewed</dc:type>
  <dc:format>application/pdf</dc:format>
  <dc:identifier>http://orgprints.org/10521/1/gr%C3%BCnauslauf-biol.pdf</dc:identifier>
  <dc:identifier>Höfner, M. and Köhler, B.   (2001) Der Grünauslauf als Futterquelle.   Bioland (1), pp. 18-19.</dc:identifier>
  <dc:relation>http://orgprints.org/10521/</dc:relation>
</oai_dc:dc>