<oai_dc:dc xmlns:oai_dc="http://www.openarchives.org/OAI/2.0/oai_dc/" xmlns:dc="http://purl.org/dc/elements/1.1/" xmlns:xsi="http://www.w3.org/2001/XMLSchema-instance" xsi:schemaLocation="http://www.openarchives.org/OAI/2.0/oai_dc/ http://www.openarchives.org/OAI/2.0/oai_dc.xsd">
  <dc:title>DETERMINAZIONE INNOVATIVA DEL ROTENONE NEGLI OLI DI OLIVA DA AGRICOLTURA BIOLOGICA MEDIANTE SPETTROMETRIA DI MASSA TANDEM</dc:title>
  <dc:creator>Caravita, M.A</dc:creator>
  <dc:creator>Di Donna, L</dc:creator>
  <dc:creator>Fusto, D</dc:creator>
  <dc:creator>Mazzotti, F</dc:creator>
  <dc:creator>Muzzalupo, I</dc:creator>
  <dc:creator>Parise, A</dc:creator>
  <dc:creator>Perri, E</dc:creator>
  <dc:creator>Sindona, G</dc:creator>
  <dc:subject>Food security, food quality and human health</dc:subject>
  <dc:subject>Olive</dc:subject>
  <dc:subject>Values, standards and certification</dc:subject>
  <dc:description>Il rotenone, pesticida naturale utilizzato in agricoltura biologica su una grande varietà di colture, è stato determinato quantitativamente mediante Atmosheric Pressure Chemical Ionisation Spettrometria di Massa Tandem (APCI MS/MS) nelle olive e negli oli di oliva ottenuti dopo trattamento in una prova di campo che ha interessato la cv Carolea in Calabria. La tecnica analitica ha previsto la realizzazione di esperimenti “Multiple Reaction Monitoring” (MRM) utilizzando uno standard interno ottenuto per sintesi. Le quantità rilevate sono comprese tra 9 mg/Kg di olio dopo 1 giorno dal trattamento e 0.15 mg/Kg di olio dopo 1 mese circa dal trattamento. Quest’ultimo valore è molto più elevato dei 40 µg/Kg permessi dalla legislazione italiana.</dc:description>
  <dc:date>2004</dc:date>
  <dc:type>Conference paper, poster, etc.</dc:type>
  <dc:type>NonPeerReviewed</dc:type>
  <dc:format>application/pdf</dc:format>
  <dc:identifier>http://orgprints.org/10271/1/Rotenone_Olio_biologico.pdf</dc:identifier>
  <dc:identifier>Caravita, M.A; Di Donna, L; Fusto, D; Mazzotti, F; Muzzalupo, I; Parise, A; Perri, E and Sindona, G    (2004) DETERMINAZIONE INNOVATIVA DEL ROTENONE NEGLI OLI DI OLIVA DA AGRICOLTURA BIOLOGICA MEDIANTE SPETTROMETRIA DI MASSA TANDEM.  [New determination of the rotenone in olive oil from organic farming by Tandem Mass Spectrometry.]  In:     Atti del Convegno Nazionale GERMOPLASMA OLIVICOLO E TIPICITÀ DELL’OLIO, pp. 231-234.</dc:identifier>
  <dc:relation>http://orgprints.org/10271/</dc:relation>
</oai_dc:dc>