<oai_dc:dc xmlns:oai_dc="http://www.openarchives.org/OAI/2.0/oai_dc/" xmlns:dc="http://purl.org/dc/elements/1.1/" xmlns:xsi="http://www.w3.org/2001/XMLSchema-instance" xsi:schemaLocation="http://www.openarchives.org/OAI/2.0/oai_dc/ http://www.openarchives.org/OAI/2.0/oai_dc.xsd">
  <dc:title>Towards sustainable management of rodents in organic animal husbandry</dc:title>
  <dc:creator>Meerburg, BG</dc:creator>
  <dc:creator>Bonde, M</dc:creator>
  <dc:creator>Brom, FWA</dc:creator>
  <dc:creator>Endepols, S</dc:creator>
  <dc:creator>Jensen, AN</dc:creator>
  <dc:creator>Leirs, H</dc:creator>
  <dc:creator>Lodal, J</dc:creator>
  <dc:creator>Singleton, GR</dc:creator>
  <dc:creator>Pelz, H-J</dc:creator>
  <dc:creator>Rodenburg, TB</dc:creator>
  <dc:creator>Kijlstra, A</dc:creator>
  <dc:subject>Production systems</dc:subject>
  <dc:subject>Health and welfare</dc:subject>
  <dc:description>From 26 to 28 May 2004 an international seminar was held in Wageningen, the Netherlands, about current knowledge and advice on rodent management on organic pig and poultry farms in Western Europe. This paper summarizes the discussions. Rodent management is necessary to protect the food production chain from health hazards to livestock and humans.Some organic farmers prefer biological rodent control, but since rodents can also transmit diseases this bears certain risks for the production of healthy livestock and safe food. Effective rodent management requires a thorough understanding of the biology of the pest species concerned. These can be divided into two groups: field rodents, such as voles, and commensal rodents like house mice and rats. The objective of managing field rodents is to minimize livestock exposure to these vectors, and to regulate their populations in case their density is expected to grow dramatically. Infestation of livestock facilities with commensal rodents can be prevented, but once they are present, their eradication must be aimed for. General elements of rodent management are (1) the prevention of rodent infestations through strategic actions such as modifying the habitat or rodent proofing of the buildings, (2) monitoring their appearance and population density, and (3) rodent&#xD;
control measures. A number of possible management actions is described to provide a basis for examining the measures’ social acceptability, their economic and environmental impacts, and their efficacy.</dc:description>
  <dc:publisher>Koninklijke Landbouwkundige Vereniging, Wageningen, The Netherlands</dc:publisher>
  <dc:date>2004</dc:date>
  <dc:type>Journal paper</dc:type>
  <dc:type>NonPeerReviewed</dc:type>
  <dc:format>application/pdf</dc:format>
  <dc:identifier>http://orgprints.org/10061/1/73.pdf</dc:identifier>
  <dc:identifier>Meerburg, BG; Bonde, M; Brom, FWA; Endepols, S; Jensen, AN; Leirs, H; Lodal, J; Singleton, GR; Pelz, H-J; Rodenburg, TB and Kijlstra, A   (2004) Towards sustainable management of rodents in organic animal husbandry.   NJAS - Wageningen Journal of Life Sciences, 52 (2), pp. 195-206.</dc:identifier>
  <dc:relation>http://orgprints.org/10061/</dc:relation>
</oai_dc:dc>