<oai_dc:dc xmlns:oai_dc="http://www.openarchives.org/OAI/2.0/oai_dc/" xmlns:dc="http://purl.org/dc/elements/1.1/" xmlns:xsi="http://www.w3.org/2001/XMLSchema-instance" xsi:schemaLocation="http://www.openarchives.org/OAI/2.0/oai_dc/ http://www.openarchives.org/OAI/2.0/oai_dc.xsd">
  <dc:title>Gibt es geeignete Legehybriden für die Öko-Haltung?</dc:title>
  <dc:creator>Holle, R.</dc:creator>
  <dc:creator>Keppler, C.</dc:creator>
  <dc:subject>Poultry</dc:subject>
  <dc:subject>Health and welfare</dc:subject>
  <dc:subject>Breeding and genetics</dc:subject>
  <dc:description>In einem Feldversuch wurden Eignungs- und Leistungstests an verschiedenen Legehybriden-Herkünften durchgeführt.&#xD;
Wegen verstärkt auftretendem Federpicken bei ihren Legehennen initiierten schleswig-holsteinische Bio-Betriebe und der Ökoring Schleswig Holstein mit Unterstützung der Erna-Graff-Stiftung für Tierschutz Berlin einen Eignungstest für verschiedene Legehennen-Herkünfte, um eine für den ökologischen Landbau geeignete Legehenne zu finden. Die Erfassung von Gefiederschäden, Eiqualität und die Ergebnisauswertung wurden in Zusammenarbeit mit dem HDLGN Tierzuchtzentrum Neu-Ulrichstein durchgeführt.</dc:description>
  <dc:publisher>Stiftung Ökologie &amp; Landbau</dc:publisher>
  <dc:date>2003</dc:date>
  <dc:type>Newspaper or magazine article</dc:type>
  <dc:type>NonPeerReviewed</dc:type>
  <dc:format>application/pdf</dc:format>
  <dc:identifier>http://orgprints.org/10547/1/legehy-S%C3%96L.pdf</dc:identifier>
  <dc:identifier>Holle, R. and Keppler, C.    (2003) Gibt es geeignete Legehybriden für die Öko-Haltung?   Ökologie &amp; Landbau, 2003 (4), pp. 21-22.</dc:identifier>
  <dc:relation>http://orgprints.org/10547/</dc:relation>
</oai_dc:dc>