<oai_dc:dc xmlns:oai_dc="http://www.openarchives.org/OAI/2.0/oai_dc/" xmlns:dc="http://purl.org/dc/elements/1.1/" xmlns:xsi="http://www.w3.org/2001/XMLSchema-instance" xsi:schemaLocation="http://www.openarchives.org/OAI/2.0/oai_dc/ http://www.openarchives.org/OAI/2.0/oai_dc.xsd">
  <dc:title>Birds Benchmark Study. Sheepdrove Organic Farm 2003</dc:title>
  <dc:creator>Ball, Jason</dc:creator>
  <dc:subject>Biodiversity and ecosystem services</dc:subject>
  <dc:description>Sheepdrove’s bird community includes many birds of conservation concern, in a substantial area of land farmed organically. The standard BBS (Breeding Bird Survey) sampling method was used to record bird species and counts at Sheepdrove Organic Farm during 2003 in 3 sampling areas (each 1km square). Normally BBS is only carried out during breeding season, but to gather broader data, extra survey visits were also carried out including autumn and winter surveys for records of winter migrants. Many common species were observed, and often those expected at farmland, including several species which have declined nationwide - birds of conservation concern on the Red and Amber List of the BTO (British Trust for Ornithology). There was an unusual sighting of Ring Ouzel, and also of Barn Owl, which is often missed during daytime surveys. Due to the extra survey visits, records were taken for winter migrants such as Fieldfare, and the incidence of winter flocks, e.g. of finches and Starling (many of which will be winter migrants). The results of this survey will serve as a benchmark for the biodiversity records of Sheepdrove Organic Farm.</dc:description>
  <dc:date>2003-11</dc:date>
  <dc:type>Report</dc:type>
  <dc:type>NonPeerReviewed</dc:type>
  <dc:format>text/html</dc:format>
  <dc:identifier>http://orgprints.org/10302/1/Birds_BBS_2003_interim_report_Nov03.doc</dc:identifier>
  <dc:identifier>Ball, Jason         (2003) Birds Benchmark Study. Sheepdrove Organic Farm 2003.    .</dc:identifier>
  <dc:relation>http://orgprints.org/10302/</dc:relation>
</oai_dc:dc>