<oai_dc:dc xmlns:oai_dc="http://www.openarchives.org/OAI/2.0/oai_dc/" xmlns:dc="http://purl.org/dc/elements/1.1/" xmlns:xsi="http://www.w3.org/2001/XMLSchema-instance" xsi:schemaLocation="http://www.openarchives.org/OAI/2.0/oai_dc/ http://www.openarchives.org/OAI/2.0/oai_dc.xsd">
  <dc:title>Humussphäre - Projekt zu energiesparenden und humusaufbauenden Methoden in der Landwirtschaft</dc:title>
  <dc:creator>Strüber, Klaus</dc:creator>
  <dc:subject>Soil</dc:subject>
  <dc:subject>Farm nutrient management</dc:subject>
  <dc:subject>Biodiversity and ecosystem services</dc:subject>
  <dc:subject>Animal husbandry</dc:subject>
  <dc:subject>Recycling, balancing and resource management</dc:subject>
  <dc:subject>Soil tillage</dc:subject>
  <dc:subject>Composting and manuring</dc:subject>
  <dc:description>In einem 10-jährigen Versuch soll ein 24 ha großer landwirtschaftlicher Betrieb in Norddeutschland wieder auf Pferdekraft umgestellt werden. Dazu werden bewusst Maßnahmen zur Steigerung der Bodenfruchtbarkeit durchgeführt, um den Zugkraftbedarf für Bodenbearbeitung zu senken und damit Pferdearbeit wieder möglich zu machen.&#xD;
Den Beginn machen 4 Projektsäulen: Ein Rechts/Links-Versuch in Zusammenarbeit mit Prof. Dr. R. Horn von der Universität Kiel zu Veränderungen im Boden unter Benutzung von Pferd/Schlepper; Ausbringung der bio.-dyn. Spritzpräparate mit dem Pferd; ein Kalkversuch mit homöopathischen Substanzen und die Entwicklung eines Vollernteverfahrens für Pferde.&#xD;
Unter klaus.strueber@web.de kann der Gesamtbericht angefordert werden.</dc:description>
  <dc:publisher>Starke-Pferde-Verlag, Lemgo</dc:publisher>
  <dc:contributor>Schroll, Erhard</dc:contributor>
  <dc:date>2006-04</dc:date>
  <dc:type>Journal paper</dc:type>
  <dc:type>NonPeerReviewed</dc:type>
  <dc:format>application/pdf</dc:format>
  <dc:identifier>http://orgprints.org/10130/1/SP_38.pdf</dc:identifier>
  <dc:identifier>Strüber, Klaus   (2006) Humussphäre - Projekt zu energiesparenden und humusaufbauenden Methoden in der Landwirtschaft.  [Humussphäre- a projekt about energy-saving and build-on humus methods in agriculture.]  Starke Pferde, 38 (02/2006), pp. 34-35.</dc:identifier>
  <dc:relation>http://orgprints.org/10130/</dc:relation>
</oai_dc:dc>