<oai_dc:dc xmlns:oai_dc="http://www.openarchives.org/OAI/2.0/oai_dc/" xmlns:dc="http://purl.org/dc/elements/1.1/" xmlns:xsi="http://www.w3.org/2001/XMLSchema-instance" xsi:schemaLocation="http://www.openarchives.org/OAI/2.0/oai_dc/ http://www.openarchives.org/OAI/2.0/oai_dc.xsd">
  <dc:title>Aspects of phosphorous fertilisation in organic farming</dc:title>
  <dc:creator>Schnug, E</dc:creator>
  <dc:creator>Haneklaus, S</dc:creator>
  <dc:creator>Kratz, S</dc:creator>
  <dc:creator>Fan, X</dc:creator>
  <dc:subject>Air and water emissions</dc:subject>
  <dc:subject>Composting and manuring</dc:subject>
  <dc:description>Balanced fertilisation is essential for a considerate use of limited phosphorus (P) resources and for sustainability in organic farming. Plant available soil P levels will decrease and soil fertility will diminish when using P sources with limited P availability such as rock phosphates, bone and bone meals. An in situ digestion with a combination product of elemental S and rock phosphate enhanced significantly the solubility of non water-soluble P sources. In addition to the problem of insufficient solubility, mineral P sources can be contaminated with toxic heavy metals such as Cd  0.1–92.3 mg kg-1) and U (&lt;LLD - 481 mg kg-1) from their source. Farmyard manure and slurry may contain up to 953/727 and 376/132 mg kg-1 Zn and Cu, respectively.</dc:description>
  <dc:publisher>Association of Applied Biologists</dc:publisher>
  <dc:contributor>Atkinson, C</dc:contributor>
  <dc:contributor>Ball, B</dc:contributor>
  <dc:contributor>Davies, D H K</dc:contributor>
  <dc:contributor>Rees, R</dc:contributor>
  <dc:contributor>Russell, G</dc:contributor>
  <dc:contributor>Stockdale, E A</dc:contributor>
  <dc:contributor>Watson, C A</dc:contributor>
  <dc:contributor>Walker, R</dc:contributor>
  <dc:contributor>Younie, D</dc:contributor>
  <dc:date>2006</dc:date>
  <dc:type>Conference paper, poster, etc.</dc:type>
  <dc:type>NonPeerReviewed</dc:type>
  <dc:format>application/pdf</dc:format>
  <dc:identifier>http://orgprints.org/10252/1/Aspects_of_phosphorus_fertilisation_in_organic_farming.pdf</dc:identifier>
  <dc:identifier>Schnug, E; Haneklaus, S; Kratz, S and Fan, X    (2006) Aspects of phosphorous fertilisation in organic farming.   In: Atkinson, C; Ball, B; Davies, D H K; Rees, R; Russell, G; Stockdale, E A; Watson, C A; Walker, R and Younie, D (Eds.)  Aspects of Applied Biology 79, What will organic farming deliver? COR 2006, Association of Applied Biologists, pp. 277-281.</dc:identifier>
  <dc:relation>http://orgprints.org/10252/</dc:relation>
</oai_dc:dc>