<oai_dc:dc xmlns:oai_dc="http://www.openarchives.org/OAI/2.0/oai_dc/" xmlns:dc="http://purl.org/dc/elements/1.1/" xmlns:xsi="http://www.w3.org/2001/XMLSchema-instance" xsi:schemaLocation="http://www.openarchives.org/OAI/2.0/oai_dc/ http://www.openarchives.org/OAI/2.0/oai_dc.xsd">
  <dc:title>Systemwirkungen einer "Biogaswirtschaft" im ökologischen Landbau: Pflanzenbauliche Aspekte, Auswirkungen auf den N-Haushalt und auf die  Spurengasemissionen</dc:title>
  <dc:creator>Möller, Kurt</dc:creator>
  <dc:subject>Composting and manuring</dc:subject>
  <dc:description>Schlussfolgerungen und Ausblick:&#xD;
&#xD;
Insgesamt lassen die beschriebenen Effekte erwarten, dass die geringen N-Verluste durch Emissionen an angrenzende Systeme, die z.T. erhebliche Erhöhung der Menge an verfügbaren organischen Düngern und zugleich eine schnellere Wirksamkeit des Stickstoffs in den vergorenen Substraten im Vergleich zu den Ausgangssubstraten pflanzenbaulich zu einer deutlichen Steigerung der Biomasseerträge insbesondere im ökologischen Landbau (um 10 bis 25 %) im Vergleich zur üblichen Stallmistwirtschaft führen dürfte. Höhere Erträge bedeuten zugleich eine Erhöhung der Substratmenge für die Biogasvergärung und damit auch eine Steigerung des Gärrückstandes und damit der verfügbaren Düngermenge. Dies könnte in einem System mit starker Nährstofflimitierung –wie dem ökologischen Landbau – zu einer weiteren Steigerung der Erträge und somit zu einer gewissen positiven Rückkopplung zwischen Biogaserzeugung und Erträgen führen. Zugleich ist aus den vorliegenden Ergebnissen nicht davon auszugehen, dass sich die Biogasproduktion langfristig nennenswert auf den Humusgehalt des Bodens auswirkt, zumal steigende Erträge zu einem Ausgleich bei der Menge zugeführten Kohlenstoffs in den Boden führen dürften (sowohl über die zurückgeführten Düngermengen als auch über ein stärkeres Wurzelwachstum). Aus den heute vorhandenen Kenntnissen läßt sich nicht voraussagen, wie sich die Entnahme aller oberirdischen Reststoffe (Ernterückstände), deren Vergärung und anschließende Rückführung langfristig auf den Humushaushalt auswirken wird: Auf der einen Seite werden Kohlenstoffgerüste dem Feld "vorenthalten", auf der anderen Seite ist die rückgeführte organische Substanz vergleichsweise träge (und trägt vermutlich nicht so stark zu Humusabbauprozessen - vergleichbar den "priming- Effekten" - bei). Wie sich diese beiden gegenläufigen Prozesse langfristig auswirken ist eine wissenschaftlich&#xD;
spannende Frage. Die Auswirkungen auf die mikrobielle Aktivität im Boden ist zur Zeit auch nicht vorhersehbar.&#xD;
Es ist zu vermuten, dass in einem System mit nur geringfügiger Zuführung von leicht abbaubarer organischer Substanz zumindest abschnittsweise zu einer Reduzierung der Regenwurmpopulation führen dürfte. Ob sich die verschiedenen oben skizzierten Biogassysteme auf den Mikroorganismenbesatz auswirkt, oder ob es lediglich zeitweise zu Unterschieden in der Mikroorganismenaktivität kommt, ist ebenfalls nicht bekannt. &#xD;
Vom ideologischen Aspekt aus betrachtet ist die Biogasproduktion im ökologischen Landbau jedoch mit einer gewissen Abkehr vom - in Teilen der "Ökobewegung" sehr stark verankerten - Prinzip der indirekten Ernährung der Pflanzen über die Bodenlebewesen hin zu einer stärker an den aktuellen Pflanzenbedarf und auf direkte Wirkung bedachte Düngung verbunden. Zugleich wird in einem System mit Biogasvergärung das Prinzip des Kreislaufgedankens gestärkt, da in solch einem System vor allem der Nährstoff Stickstoff stärker im System gehalten wird - dem im ökologischen Landbau aufgrund der selbst aufgelegten Limitierungen in der Zufuhr von außen eine besonders wichtige Rolle als wachstumslimitierender Faktor selbst bei krankheitsanfälligen Kulturen wie der Kartoffel zukommt. &#xD;
Unter Umweltaspekten dürfte die Fermentation der Rückstände aus einem landwirtschaftlichen Betrieb gleichzeitig mit mehreren Vorteilen verbunden sein. Die Umwelt (und gleichzeitig der Betrieb) dürfte durch den Ersatz fossiler Energieträger durch Biogas und durch eine Reduzierung der Emissionen während der Lagerung der organischen Düngern (N-Verluste als Lachgas und Ammoniak, Methanemissionen), durch eine Reduzierung der Lachgasemissionen nach der Ausbringung bzw. Einarbeitung der organischen Dünger und durch geringere N-Verluste im Zusammenhang mit dem Anbau von nicht für die Futtererzeugung angebauten, bisher als Grünbrachen genutzten Flächen profitieren. &#xD;
Unter betriebsorganisatorischen Aspekten könnte die Umstellung auf die Produktion von Biogasgülle mit entsprechenden Vorteilen verbunden sein, da nur noch in die Ausbringtechnik für Flüssigmist investiert werden müsste. Die Ausbringung von Flüssigmist ist zudem sehr viel flexibler handhabbar als die von Stallmist und läßt sich zeitlich eher an den Pflanzenbedarf anpassen. Lassen sich diese theoretischen Annahmen bestätigen, könnten Biobetriebe die Produktion von Energie aus Rückständen mit einer deutlichen Reduktion der Emissionen (Nitrat, Spurengase) sowie mit einer deutlichen Erhöhung der Flächenerträge kombinieren. Die Vergärung der Reststoffe eines Betriebes vor einer Rückführung auf die Acker- und Grünlandflächen dürfte zu einer deutlichen Effizienzsteigerung der ökologisch wirtschaftenden Betrieben führen.</dc:description>
  <dc:publisher>bigben Verlag</dc:publisher>
  <dc:contributor>Fachverband Biogas,  e.V.</dc:contributor>
  <dc:date>2003</dc:date>
  <dc:type>Journal paper</dc:type>
  <dc:type>NonPeerReviewed</dc:type>
  <dc:format>application/pdf</dc:format>
  <dc:identifier>http://orgprints.org/1047/1/moeller-2002-biogas.pdf</dc:identifier>
  <dc:identifier>Möller, Kurt   (2003) Systemwirkungen einer "Biogaswirtschaft" im ökologischen Landbau: Pflanzenbauliche Aspekte, Auswirkungen auf den N-Haushalt und auf die Spurengasemissionen.  [effects of using biogas in organic agriculture: crop production, consequences on the N-household and on the emissions of gazes.]  Biogas Journal (1), pp. 20-29.</dc:identifier>
  <dc:relation>http://orgprints.org/1047/</dc:relation>
</oai_dc:dc>