<oai_dc:dc xmlns:oai_dc="http://www.openarchives.org/OAI/2.0/oai_dc/" xmlns:dc="http://purl.org/dc/elements/1.1/" xmlns:xsi="http://www.w3.org/2001/XMLSchema-instance" xsi:schemaLocation="http://www.openarchives.org/OAI/2.0/oai_dc/ http://www.openarchives.org/OAI/2.0/oai_dc.xsd">
  <dc:title>Organic slug control using Phasmarhabditis hermaphrodita</dc:title>
  <dc:creator>Rae, R G</dc:creator>
  <dc:creator>Robertson, J F</dc:creator>
  <dc:creator>Wilson, M J</dc:creator>
  <dc:subject>Crop health, quality, protection</dc:subject>
  <dc:description>Phasmarhabditis hermaphrodita is a lethal slug parasitic nematode that has been formulated into an effective biological control agent called Nemaslug®. We investigated the possibility of using different application methods of P. hermaphrodita to reduce cost and the number of nematodes applied. We also compared P. hermaphrodita with a new slug pellet called Ferramol®, which is available for use on organic farms.</dc:description>
  <dc:publisher>Association of Applied Biologists</dc:publisher>
  <dc:contributor>Atkinson, C</dc:contributor>
  <dc:contributor>Ball, B</dc:contributor>
  <dc:contributor>Davies, D H K</dc:contributor>
  <dc:contributor>Rees, R</dc:contributor>
  <dc:contributor>Russell, G</dc:contributor>
  <dc:contributor>Stockdale, E A</dc:contributor>
  <dc:contributor>Watson, C A</dc:contributor>
  <dc:contributor>Walker, R</dc:contributor>
  <dc:contributor>Younie, D</dc:contributor>
  <dc:date>2006</dc:date>
  <dc:type>Conference paper, poster, etc.</dc:type>
  <dc:type>NonPeerReviewed</dc:type>
  <dc:format>application/pdf</dc:format>
  <dc:identifier>http://orgprints.org/10229/1/Organic_slug_control_using_Phasmarhabditis_hermaphrodita.pdf</dc:identifier>
  <dc:identifier>Rae, R G; Robertson, J F and Wilson, M J    (2006) Organic slug control using Phasmarhabditis hermaphrodita.   In: Atkinson, C; Ball, B; Davies, D H K; Rees, R; Russell, G; Stockdale, E A; Watson, C A; Walker, R and Younie, D (Eds.)  Aspects of Applied Biology 79, What will organic farming deliver? COR 2006, Association of Applied Biologists, pp. 211-214.</dc:identifier>
  <dc:relation>http://orgprints.org/10229/</dc:relation>
</oai_dc:dc>