<oai_dc:dc xmlns:oai_dc="http://www.openarchives.org/OAI/2.0/oai_dc/" xmlns:dc="http://purl.org/dc/elements/1.1/" xmlns:xsi="http://www.w3.org/2001/XMLSchema-instance" xsi:schemaLocation="http://www.openarchives.org/OAI/2.0/oai_dc/ http://www.openarchives.org/OAI/2.0/oai_dc.xsd">
  <dc:title>Rodukrudt i sædskifteforsøg</dc:title>
  <dc:creator>Rasmussen, Ilse A.</dc:creator>
  <dc:subject>Crop combinations and interactions</dc:subject>
  <dc:subject>Weed management</dc:subject>
  <dc:description>Intensiv bekæmpelse forår og efter høst samt i kartofler reducerede kvik, men ikke tidsler.</dc:description>
  <dc:publisher>Økologisk Landsforening</dc:publisher>
  <dc:date>2006-06</dc:date>
  <dc:type>Newspaper or magazine article</dc:type>
  <dc:type>NonPeerReviewed</dc:type>
  <dc:format>application/pdf</dc:format>
  <dc:identifier>http://orgprints.org/10001/1/10001.pdf</dc:identifier>
  <dc:identifier>Rasmussen, Ilse A.    (2006) Rodukrudt i sædskifteforsøg.  [Perennial weeds in organic crop rotation experiments.]  Økologisk Jordbrug, June 2006 (364), p. 6.</dc:identifier>
  <dc:relation>http://orgprints.org/10001/</dc:relation>
</oai_dc:dc>