<oai_dc:dc xmlns:oai_dc="http://www.openarchives.org/OAI/2.0/oai_dc/" xmlns:dc="http://purl.org/dc/elements/1.1/" xmlns:xsi="http://www.w3.org/2001/XMLSchema-instance" xsi:schemaLocation="http://www.openarchives.org/OAI/2.0/oai_dc/ http://www.openarchives.org/OAI/2.0/oai_dc.xsd">
  <dc:title>Effects of a feeding strategy to increase intramuscular fat content of pork under the conditions of organic farming</dc:title>
  <dc:creator>Abel, S.</dc:creator>
  <dc:creator>Weissensteiner, R.</dc:creator>
  <dc:creator>Marien, C.</dc:creator>
  <dc:creator>Zollitsch, W.</dc:creator>
  <dc:creator>Sundrum, A.</dc:creator>
  <dc:subject>Animal husbandry</dc:subject>
  <dc:subject>Health and welfare</dc:subject>
  <dc:description>In an ongoing study, the effect of the implementation of a specific feeding strategy using a high portion of home-grown grain legumes on the intramuscular fat (IMF) content of pork, is assessed under different conditions on organic farms in Germany and Austria. Preliminary results indicate that variation in the IMF content seems to be higher between farms than between treatments within each farm.</dc:description>
  <dc:date>2007</dc:date>
  <dc:type>Conference paper, poster, etc.</dc:type>
  <dc:type>NonPeerReviewed</dc:type>
  <dc:format>application/pdf</dc:format>
  <dc:identifier>http://orgprints.org/10402/1/abel-etal-2007-feeding_strategy.pdf</dc:identifier>
  <dc:identifier>Abel, S.; Weissensteiner, R.; Marien, C.; Zollitsch, W. and Sundrum, A.    (2007) Effects of a feeding strategy to increase intramuscular fat content of pork under the conditions of organic farming.       Paper at:   3rd QLIF Congress: Improving Sustainability in Organic and Low Input Food Production Systems, University of Hohenheim, Germany, March 20-23, 2007.</dc:identifier>
  <dc:relation>http://orgprints.org/10402/</dc:relation>
</oai_dc:dc>