<oai_dc:dc xmlns:oai_dc="http://www.openarchives.org/OAI/2.0/oai_dc/" xmlns:dc="http://purl.org/dc/elements/1.1/" xmlns:xsi="http://www.w3.org/2001/XMLSchema-instance" xsi:schemaLocation="http://www.openarchives.org/OAI/2.0/oai_dc/ http://www.openarchives.org/OAI/2.0/oai_dc.xsd">
  <dc:title>Growing oganic cereals in Northern Ireland - disease and weed problems</dc:title>
  <dc:creator>Mercer, P C</dc:creator>
  <dc:subject>Crop health, quality, protection</dc:subject>
  <dc:subject>Cereals, pulses and oilseeds</dc:subject>
  <dc:subject>Weed management</dc:subject>
  <dc:description>The small organic arable sector in N. Ireland could be expanded to provide winter feed for cattle. Spring barley or wheat are likely to be the most suitable crops as they are reported to have fewer weed and disease problems than winter cereals. Trials from 2003 –05 on weed control showed no consistent effect of cultivar, although higher seed rates reduced weed biomass and tended to increase yield, albeit marginally. Trials on disease control showed no synergistic effects of two- or three-way cultivar mixtures over single cultivars, although disease levels were generally low. Particularly in spring barley, results from mixtures tended to be averages of those of individual components. It is suggested that it may be more advantageous and practical to use the most highly-disease resistant or tolerant cultivars rather than concentrate on mixtures.</dc:description>
  <dc:publisher>Association of Applied Biologists</dc:publisher>
  <dc:contributor>Atkinson, C</dc:contributor>
  <dc:contributor>Ball, B</dc:contributor>
  <dc:contributor>Davies, D H K</dc:contributor>
  <dc:contributor>Rees, R</dc:contributor>
  <dc:contributor>Russell, G</dc:contributor>
  <dc:contributor>Stockdale, E A</dc:contributor>
  <dc:contributor>Watson, C A</dc:contributor>
  <dc:contributor>Walker, R</dc:contributor>
  <dc:contributor>Younie, D</dc:contributor>
  <dc:date>2006</dc:date>
  <dc:type>Conference paper, poster, etc.</dc:type>
  <dc:type>NonPeerReviewed</dc:type>
  <dc:format>application/pdf</dc:format>
  <dc:identifier>http://orgprints.org/10234/1/Growing_organic_cereals_in_Northern_Ireland_-_disease_and_weed_problems.pdf</dc:identifier>
  <dc:identifier>Mercer, P C    (2006) Growing oganic cereals in Northern Ireland - disease and weed problems.   In: Atkinson, C; Ball, B; Davies, D H K; Rees, R; Russell, G; Stockdale, E A; Watson, C A; Walker, R and Younie, D (Eds.)  Aspects of Applied Biology 79, What will organic farming deliver? COR 2006, Association of Applied Biologists, pp. 229-232.</dc:identifier>
  <dc:relation>http://orgprints.org/10234/</dc:relation>
</oai_dc:dc>