<oai_dc:dc xmlns:oai_dc="http://www.openarchives.org/OAI/2.0/oai_dc/" xmlns:dc="http://purl.org/dc/elements/1.1/" xmlns:xsi="http://www.w3.org/2001/XMLSchema-instance" xsi:schemaLocation="http://www.openarchives.org/OAI/2.0/oai_dc/ http://www.openarchives.org/OAI/2.0/oai_dc.xsd">
  <dc:title>Effekt av kløverart og høstetid på innhold og sammensetning av fettsyrer</dc:title>
  <dc:creator>Adler, Steffen A.</dc:creator>
  <dc:creator>Steinshamn, Håvard</dc:creator>
  <dc:creator>Bleken, Marina A.</dc:creator>
  <dc:creator>Langeland, Åsmund</dc:creator>
  <dc:creator>Thuen, Erling</dc:creator>
  <dc:subject>Crop health, quality, protection</dc:subject>
  <dc:subject>Pasture and forage crops</dc:subject>
  <dc:description>Effekten av kløverart og høstetid på innhold og sammensetning av fettsyrer i avlingen fra økologisk kløvereng ble undersøkt. Kløverart påvirket ikke innholdet av fettsyrer men økende innhold av rødkløver økte andelen av alfalinolensyre. Tidlig 1. slått førte til høyere innhold av fettsyrer og større andel av alfalinolensyre enn normal høstetid.</dc:description>
  <dc:publisher>Bioforsk</dc:publisher>
  <dc:contributor>Kristoffersen, Annbjørg Ø.</dc:contributor>
  <dc:date>2006</dc:date>
  <dc:type>Conference paper, poster, etc.</dc:type>
  <dc:type>NonPeerReviewed</dc:type>
  <dc:format>application/pdf</dc:format>
  <dc:identifier>http://orgprints.org/10573/1/FA_Adler_2006_PM%C3%98.pdf</dc:identifier>
  <dc:identifier>Adler, Steffen A.; Steinshamn, Håvard; Bleken, Marina A.; Langeland, Åsmund and Thuen, Erling    (2006) Effekt av kløverart og høstetid på innhold og sammensetning av fettsyrer.  [Effect of clover species and stage of grass maturity on fatty acid composition.]  In: Kristoffersen, Annbjørg Ø. (Ed.)  Plantemøtet Østlandet 2006, Bioforsk, 1 (3), Bioforsk Fokus, pp. 184-185.</dc:identifier>
  <dc:relation>http://orgprints.org/10573/</dc:relation>
</oai_dc:dc>