<oai_dc:dc xmlns:oai_dc="http://www.openarchives.org/OAI/2.0/oai_dc/" xmlns:dc="http://purl.org/dc/elements/1.1/" xmlns:xsi="http://www.w3.org/2001/XMLSchema-instance" xsi:schemaLocation="http://www.openarchives.org/OAI/2.0/oai_dc/ http://www.openarchives.org/OAI/2.0/oai_dc.xsd">
  <dc:title>Die möglichen Bestimmungsgründe der räumlichen Verteilung des ökologischen Landbaus in Deutschland</dc:title>
  <dc:creator>Bichler, Barbara</dc:creator>
  <dc:subject>Farm economics</dc:subject>
  <dc:description>Der ökologische Landbau ist in Deutschland räumlich sehr heterogen verteilt und lässt regionale Schwerpunkte erkennen. Generell hängt die räumliche Verteilung des ökologischen Landbaus von mehreren Faktoren ab. So weisen beispielsweise die Standortfaktoren der Betriebe regionale Unterschiede auf, die sich auf die räumliche Verteilung des ökologischen Landbaus auswirken können. Zu den Standortfaktoren landwirtschaftlicher Betriebe zählt auch die räumliche Nachbarschaft. &#xD;
Im Rahmen dieser Studie wurden die Faktoren, die tendenziell die räumliche Verteilung des ökologischen Landbaus in Deutschland beeinflussen, in vier Kategorien eingeteilt. Es sind dies: natürliche Bestimmungsfaktoren, betriebliche Bestimmungsfaktoren, sozio-ökonomische Bestimmungsfaktoren und politische Bestimmungsfaktoren. Zur Analyse wurden autoregressive Modell, Varianzanalysen und Korrelationsberechnungen nach Spearman durchgeführt. Als ein wichtiges Ergebnis bleibt festzuhalten, dass Nachbarschaftsbeziehungen (Agglomerationseffekte) im ökologischen Landbau eine große Bedeutung haben.</dc:description>
  <dc:publisher>Logos Verlag</dc:publisher>
  <dc:date>2006</dc:date>
  <dc:type>Thesis</dc:type>
  <dc:type>NonPeerReviewed</dc:type>
  <dc:format>application/pdf</dc:format>
  <dc:identifier>http://orgprints.org/10475/1/Diss_Inhaltsverzeichnis.pdf</dc:identifier>
  <dc:identifier>Bichler, Barbara   (2006) Die möglichen Bestimmungsgründe der räumlichen Verteilung des ökologischen Landbaus in Deutschland.    PhD thesis, Universität Hohenheim, Institut für Landwirtschaftliche Betriebslehre.  Logos Verlag, Berlin.</dc:identifier>
  <dc:relation>http://orgprints.org/10475/</dc:relation>
</oai_dc:dc>