<oai_dc:dc xmlns:oai_dc="http://www.openarchives.org/OAI/2.0/oai_dc/" xmlns:dc="http://purl.org/dc/elements/1.1/" xmlns:xsi="http://www.w3.org/2001/XMLSchema-instance" xsi:schemaLocation="http://www.openarchives.org/OAI/2.0/oai_dc/ http://www.openarchives.org/OAI/2.0/oai_dc.xsd">
  <dc:title>Effect of production system and geographic location on milk quality parameters</dc:title>
  <dc:creator>Butler, G.</dc:creator>
  <dc:creator>Stergiadis, S.</dc:creator>
  <dc:creator>Eyre, M.</dc:creator>
  <dc:creator>Leifert, C.</dc:creator>
  <dc:creator>Borsari, A.</dc:creator>
  <dc:creator>Canever, A.</dc:creator>
  <dc:creator>Slots, T.</dc:creator>
  <dc:creator>Nielsen, H.J.</dc:creator>
  <dc:subject>Food security, food quality and human health</dc:subject>
  <dc:description>A main reason for the rapid increase in organic food consumption is the perception that organic foods have a superior nutritional composition and/or convey health benefits. However, there is currently limited scientific knowledge about the effect of production systems on food composition. The study reported here compared fatty acid profiles and levels of fat soluble antioxidants in milk from organic and conventional production systems in 5 geographic regions in Europe (Wales, England, Denmark, Sweden and Italy). Levels of nutritionally desirable mono- and poly-unsaturated fatty acids (vaccenic acid, CLA, α-linolenic acid) and/or a range of fat soluble antioxidants were found to be significantly higher in organic milk.</dc:description>
  <dc:date>2007</dc:date>
  <dc:type>Conference paper, poster, etc.</dc:type>
  <dc:type>NonPeerReviewed</dc:type>
  <dc:format>application/pdf</dc:format>
  <dc:identifier>http://orgprints.org/10625/1/butler-etal-2007-ProductionSystem_MilkQuality.pdf</dc:identifier>
  <dc:identifier>Butler, G.; Stergiadis, S.; Eyre, M.; Leifert, C.; Borsari, A.; Canever, A.; Slots, T. and Nielsen, H.J.    (2007) Effect of production system and geographic location on milk quality parameters.       Paper at:   3rd QLIF Congress: Improving Sustainability in Organic and Low Input Food Production Systems, University of Hohenheim, Germany, March 20-23, 2007.</dc:identifier>
  <dc:relation>http://orgprints.org/10625/</dc:relation>
</oai_dc:dc>