<oai_dc:dc xmlns:oai_dc="http://www.openarchives.org/OAI/2.0/oai_dc/" xmlns:dc="http://purl.org/dc/elements/1.1/" xmlns:xsi="http://www.w3.org/2001/XMLSchema-instance" xsi:schemaLocation="http://www.openarchives.org/OAI/2.0/oai_dc/ http://www.openarchives.org/OAI/2.0/oai_dc.xsd">
  <dc:title>Fortführung der Wissenschaftsplattform http://forschung.oekolandbau.de</dc:title>
  <dc:subject>Research communication and quality</dc:subject>
  <dc:description>Ziel des Projekts ist die Verbesserung der Forschungskommunikation und des Wissenstransfers im ökologischen Landbau. Neben der laufenden Aktualisierung der Wissenschaftsplattform (http://forschung.oekolandbau.de) als nationale Informationsdrehscheibe zur Forschung im ökologischen Landbau liegt ein Schwerpunkt auf der Archivierung, Bekanntmachung und Aufbereitung von Forschungsergebnissen, die im Rahmen des Bundesprogramms Ökologischer Landbau (BÖL) erarbeitet wurden. Dazu werden alle Schlussberichte zu F&amp;E-Vorhaben aus dem BÖL in der Datenbank Organic Eprints archiviert und über eine Nachricht auf der Wissenschaftsplattform bekannt gemacht. Ausgewählte praxisrelevante Schlussberichte werden zur Einbindung in das Zentrale Internetportal www.oekolandbau.de aufbereitet. Die Betreuung der Datenbank Organic Eprints umfasst unter anderem die Bereitstellung einer Helpline (Mail, Telefon) sowie die Qualitätssicherung von Einträgen. Die Projektergebnisse werden kontinuierlich über das Internet sowie über einen monatlich erscheinenden Newsletter zur Verfügung gestellt.</dc:description>
  <dc:date>2006</dc:date>
  <dc:type>Project description</dc:type>
  <dc:type>NonPeerReviewed</dc:type>
  <dc:identifier>{Project}    Fortführung der Wissenschaftsplattform http://forschung.oekolandbau.de.  [Continuation of the Research Platform http://forschung.oekolandbau.de.]   Runs 2006 - 2008.      Project Leader(s): Meier, Julia, Forschungsinstitut für biologischen Landbau (FiBL Deutschland e.V).</dc:identifier>
  <dc:relation>http://orgprints.org/10766/</dc:relation>
</oai_dc:dc>