<oai_dc:dc xmlns:oai_dc="http://www.openarchives.org/OAI/2.0/oai_dc/" xmlns:dc="http://purl.org/dc/elements/1.1/" xmlns:xsi="http://www.w3.org/2001/XMLSchema-instance" xsi:schemaLocation="http://www.openarchives.org/OAI/2.0/oai_dc/ http://www.openarchives.org/OAI/2.0/oai_dc.xsd">
  <dc:title>Giftige svampe i tørringsanlæg</dc:title>
  <dc:creator>Elmholt, Susanne</dc:creator>
  <dc:creator>Haase, Maiken</dc:creator>
  <dc:subject>Production systems</dc:subject>
  <dc:subject>Crop health, quality, protection</dc:subject>
  <dc:subject>"Organics" in general</dc:subject>
  <dc:subject>Cereals, pulses and oilseeds</dc:subject>
  <dc:description>Gode råd om forebyggelse af ochratoksin-dannelse i korn. Rådene er givet på grundlag af undersøgelser af den ochratoksin-dannende svamp Penicillium verrucosum's økologi</dc:description>
  <dc:publisher>Økologisk Landsforening</dc:publisher>
  <dc:date>2003-04</dc:date>
  <dc:type>Newspaper or magazine article</dc:type>
  <dc:type>NonPeerReviewed</dc:type>
  <dc:format>application/pdf</dc:format>
  <dc:identifier>http://orgprints.org/1029/1/susanneogmaiken2003.pdf</dc:identifier>
  <dc:identifier>Elmholt, Susanne and Haase, Maiken    (2003) Giftige svampe i tørringsanlæg.   Økologisk Jordbrug, April 2003 (287), p. 13.</dc:identifier>
  <dc:relation>http://orgprints.org/1029/</dc:relation>
</oai_dc:dc>