<oai_dc:dc xmlns:oai_dc="http://www.openarchives.org/OAI/2.0/oai_dc/" xmlns:dc="http://purl.org/dc/elements/1.1/" xmlns:xsi="http://www.w3.org/2001/XMLSchema-instance" xsi:schemaLocation="http://www.openarchives.org/OAI/2.0/oai_dc/ http://www.openarchives.org/OAI/2.0/oai_dc.xsd">
  <dc:title>Marktanalyse für Beet- und Balkonpflanzen 2006- Preissituation im ökologischen Zierpflanzenbau</dc:title>
  <dc:creator>Schorn, Wolfgang</dc:creator>
  <dc:subject>Markets and trade</dc:subject>
  <dc:subject>Ornamentals, flower bulbs and tree nurseries</dc:subject>
  <dc:description>Von bundesweit 16 Betrieben wurden die Preise für ökologisch erzeugte Beet- und Balkonpflanzen und Topfkräuter erhoben. Auch wenn die Datenbasis klein ist, lässt sich vermuten, dass das Marktpotenzial ökologisch erzeugter Beet- und Balkonpflanzen oft nicht ausgeschöpft wird.&#xD;
&#xD;
Es werden für 2007 Betriebe gesucht, die bereit sind, Ihre Preise zu melden.</dc:description>
  <dc:date>2007-01</dc:date>
  <dc:type>Journal paper</dc:type>
  <dc:type>NonPeerReviewed</dc:type>
  <dc:format>application/pdf</dc:format>
  <dc:identifier>http://orgprints.org/10245/1/oeko2006.pdf</dc:identifier>
  <dc:identifier>Schorn, Wolfgang   (2007) Marktanalyse für Beet- und Balkonpflanzen 2006- Preissituation im ökologischen Zierpflanzenbau.   Ökomenischer Gärtnerrundbrief, 1/2007.     [In Press]</dc:identifier>
  <dc:relation>http://orgprints.org/10245/</dc:relation>
</oai_dc:dc>