<oai_dc:dc xmlns:oai_dc="http://www.openarchives.org/OAI/2.0/oai_dc/" xmlns:dc="http://purl.org/dc/elements/1.1/" xmlns:xsi="http://www.w3.org/2001/XMLSchema-instance" xsi:schemaLocation="http://www.openarchives.org/OAI/2.0/oai_dc/ http://www.openarchives.org/OAI/2.0/oai_dc.xsd">
  <dc:title>Æblerne høstes</dc:title>
  <dc:creator>Lindhard, Hanne</dc:creator>
  <dc:subject>Soil</dc:subject>
  <dc:description>Æblehøsten er i fuld gang. Sæsonen har været varm og tør, og i de økologiske forsøg blev sorten 'Discovery' høstet allerede den 21. august - en uge tidligere end normalt. 'Ingrid Marie' forventer vi at høste omkring den 15. september. Det varme og solrige vejr har generelt givet store og velfarvede æbler, men på tørre lokaliteter, hvor der ikke er mulighed for vanding, kan der være små og underudviklede frugter.</dc:description>
  <dc:publisher>Økologisk Jordbrug</dc:publisher>
  <dc:date>2003</dc:date>
  <dc:type>Newspaper or magazine article</dc:type>
  <dc:type>NonPeerReviewed</dc:type>
  <dc:format>application/pdf</dc:format>
  <dc:identifier>http://orgprints.org/10099/1/10099.pdf</dc:identifier>
  <dc:identifier>Lindhard, Hanne    (2003) Æblerne høstes.   Økologisk Jordbrug, 2003, 23 (296), p. 6.</dc:identifier>
  <dc:relation>http://orgprints.org/10099/</dc:relation>
</oai_dc:dc>