<oai_dc:dc xmlns:oai_dc="http://www.openarchives.org/OAI/2.0/oai_dc/" xmlns:dc="http://purl.org/dc/elements/1.1/" xmlns:xsi="http://www.w3.org/2001/XMLSchema-instance" xsi:schemaLocation="http://www.openarchives.org/OAI/2.0/oai_dc/ http://www.openarchives.org/OAI/2.0/oai_dc.xsd">
  <dc:title>Ydre og indre kvalitet af æbler</dc:title>
  <dc:creator>Lindhard, Hanne</dc:creator>
  <dc:subject>Soil</dc:subject>
  <dc:description>Forskning i grundstammer og plantesystem er vigtig for at optimere den ydre og indre kvalitet af økologiske æbler.</dc:description>
  <dc:publisher>Økologisk Jordbrug</dc:publisher>
  <dc:date>2005-09</dc:date>
  <dc:type>Newspaper or magazine article</dc:type>
  <dc:type>NonPeerReviewed</dc:type>
  <dc:format>application/pdf</dc:format>
  <dc:identifier>http://orgprints.org/10094/1/10094.pdf</dc:identifier>
  <dc:identifier>Lindhard, Hanne    (2005) Ydre og indre kvalitet af æbler.   Økologisk Jordbrug, September 2005, 25 (343), p. 4.</dc:identifier>
  <dc:relation>http://orgprints.org/10094/</dc:relation>
</oai_dc:dc>