<oai_dc:dc xmlns:oai_dc="http://www.openarchives.org/OAI/2.0/oai_dc/" xmlns:dc="http://purl.org/dc/elements/1.1/" xmlns:xsi="http://www.w3.org/2001/XMLSchema-instance" xsi:schemaLocation="http://www.openarchives.org/OAI/2.0/oai_dc/ http://www.openarchives.org/OAI/2.0/oai_dc.xsd">
  <dc:title>Økologiske epler - sunt og godt!</dc:title>
  <dc:creator>Serikstad, Grete Lene</dc:creator>
  <dc:subject>Food security, food quality and human health</dc:subject>
  <dc:subject>Fruit and berries</dc:subject>
  <dc:description>Økologiske epler dyrkes uten bruk av lettløselig kunstgjødsel og kjemisk-syntetiske sprøytemidler. Slike epler har et høyt innhold av vitaminer og antioksidanter. Epler med Ø-merke er ikke vokset. Mange mener at de smaker ekstra godt!</dc:description>
  <dc:date>2007-03</dc:date>
  <dc:type>Report</dc:type>
  <dc:type>NonPeerReviewed</dc:type>
  <dc:format>application/pdf</dc:format>
  <dc:identifier>http://orgprints.org/10596/1/Tema_06_2007_Oekologiske_epler.pdf</dc:identifier>
  <dc:identifier>Serikstad, Grete Lene         (2007) Økologiske epler - sunt og godt!   Bioforsk TEMA, no. 6. Bioforsk, Bioforsk Økologisk.</dc:identifier>
  <dc:relation>http://orgprints.org/10596/</dc:relation>
</oai_dc:dc>