<oai_dc:dc xmlns:oai_dc="http://www.openarchives.org/OAI/2.0/oai_dc/" xmlns:dc="http://purl.org/dc/elements/1.1/" xmlns:xsi="http://www.w3.org/2001/XMLSchema-instance" xsi:schemaLocation="http://www.openarchives.org/OAI/2.0/oai_dc/ http://www.openarchives.org/OAI/2.0/oai_dc.xsd">
  <dc:title>Prioritering av forskning på økologisk produksjon og omsetning</dc:title>
  <dc:creator>Bergset, Nils Øyvind</dc:creator>
  <dc:subject>"Organics" in general</dc:subject>
  <dc:description>Om gruppas mandat: Oppdraget har i første rekke gått ut på å lage et dokument som synliggjør og prioriterer sentrale forskningstema langs hele verdikjeden. Gruppens arbeid skal representere et faglig grunnlag for Forskningsrådets bevilgninger til forskning på økologisk landbruk,men dokumentet vil også kunne komme til anvendelse i forbindelse med en mer helhetlig satsing på området. Det har ikke vært forventet at gruppen fremmer noe forslag i forbindelse med organiseringen av denne forskningen. Det har vært en sentral premiss at forskningsutfordringene må speile utfordringene i økologisk landbruk.</dc:description>
  <dc:date>2005-01</dc:date>
  <dc:type>Report</dc:type>
  <dc:type>NonPeerReviewed</dc:type>
  <dc:format>application/pdf</dc:format>
  <dc:identifier>http://orgprints.org/10698/1/NFR%2C_forskningsprioriteringer_%C3%98L_2005.pdf</dc:identifier>
  <dc:identifier>Bergset, Nils Øyvind         (2005) Prioritering av forskning på økologisk produksjon og omsetning.  [Prioritising research in organic production and distribution.]   Research Council of Norway (RCN).</dc:identifier>
  <dc:relation>http://orgprints.org/10698/</dc:relation>
</oai_dc:dc>