<oai_dc:dc xmlns:oai_dc="http://www.openarchives.org/OAI/2.0/oai_dc/" xmlns:dc="http://purl.org/dc/elements/1.1/" xmlns:xsi="http://www.w3.org/2001/XMLSchema-instance" xsi:schemaLocation="http://www.openarchives.org/OAI/2.0/oai_dc/ http://www.openarchives.org/OAI/2.0/oai_dc.xsd">
  <dc:title>Balancing soil nutrient availability on commercial organic farms</dc:title>
  <dc:creator>Robertson, J F</dc:creator>
  <dc:subject>Soil quality</dc:subject>
  <dc:description>Soils from two commercial farms were analysed for cation exchange capacities with the aim of improving the balance of available nutrients at soil level, and to support the basic organic principle of maintaining and improving the long-term fertility and microbiological activity of the soil.</dc:description>
  <dc:publisher>Association of Applied Biologists</dc:publisher>
  <dc:contributor>Atkinson, C</dc:contributor>
  <dc:contributor>Ball, B</dc:contributor>
  <dc:contributor>Davies, D H K</dc:contributor>
  <dc:contributor>Rees, R</dc:contributor>
  <dc:contributor>Russell, G</dc:contributor>
  <dc:contributor>Stockdale, E A</dc:contributor>
  <dc:contributor>Watson, C A</dc:contributor>
  <dc:contributor>Walker, R</dc:contributor>
  <dc:contributor>Younie, D</dc:contributor>
  <dc:date>2006</dc:date>
  <dc:type>Conference paper, poster, etc.</dc:type>
  <dc:type>NonPeerReviewed</dc:type>
  <dc:format>application/pdf</dc:format>
  <dc:identifier>http://orgprints.org/10256/1/Balancing_soil_nutrient_availability_on_commercial_organic_farms.pdf</dc:identifier>
  <dc:identifier>Robertson, J F    (2006) Balancing soil nutrient availability on commercial organic farms.   In: Atkinson, C; Ball, B; Davies, D H K; Rees, R; Russell, G; Stockdale, E A; Watson, C A; Walker, R and Younie, D (Eds.)  Aspects of Applied Biology 79, What will organic farming deliver? COR 2006, Association of Applied Biologists, pp. 297-299.</dc:identifier>
  <dc:relation>http://orgprints.org/10256/</dc:relation>
</oai_dc:dc>