<oai_dc:dc xmlns:oai_dc="http://www.openarchives.org/OAI/2.0/oai_dc/" xmlns:dc="http://purl.org/dc/elements/1.1/" xmlns:xsi="http://www.w3.org/2001/XMLSchema-instance" xsi:schemaLocation="http://www.openarchives.org/OAI/2.0/oai_dc/ http://www.openarchives.org/OAI/2.0/oai_dc.xsd">
  <dc:title>Analysis of differences between EU regulation 2092/91 related to other stan-dards – Potentials for harmonisation, simplification and regionalisation</dc:title>
  <dc:creator>Schmid, O.</dc:creator>
  <dc:creator>Huber, B.</dc:creator>
  <dc:creator>Ziegler, K.</dc:creator>
  <dc:creator>Hansen Jens, G.</dc:creator>
  <dc:creator>Plakolm, G.</dc:creator>
  <dc:subject>Regulation</dc:subject>
  <dc:subject>Values, standards and certification</dc:subject>
  <dc:description>An analysis is made of the differences between the EU regulation 2092/91 and se-lected organic standards as well as national governmental rules as part of an EU-funded research project on the revision of this regulation. The results show that many differences have specific justifications, influenced by specific national or regional circumstances or policies. The possible impacts/conflicts of the differences on con-sumer/public perception, trade and on the organic farming principles are explored. Main potentials for harmonisation, simplification and regionalisation of the EU regula-tion for organic food and farming are identified in the following areas: labelling, seeds, fertilising, pest and disease control, wild plants, animal feed, processing, biodiversity and contamination with pesticides/GMO.</dc:description>
  <dc:date>2007</dc:date>
  <dc:type>Conference paper, poster, etc.</dc:type>
  <dc:type>NonPeerReviewed</dc:type>
  <dc:format>application/pdf</dc:format>
  <dc:identifier>http://orgprints.org/10023/1/10023_Schmid_Vortrag.pdf</dc:identifier>
  <dc:identifier>Schmid, O.; Huber, B.; Ziegler, K.; Hansen Jens, G. and Plakolm, G.    (2007) Analysis of differences between EU regulation 2092/91 related to other stan-dards – Potentials for harmonisation, simplification and regionalisation.       Paper at:   Zwischen Tradition und Globalisierung - 9. Wissenschaftstagung Ökologischer Landbau, Universität Hohenheim, Stuttgart, Deutschland, 20.-23.03.2007.</dc:identifier>
  <dc:relation>http://orgprints.org/10023/</dc:relation>
</oai_dc:dc>