<oai_dc:dc xmlns:oai_dc="http://www.openarchives.org/OAI/2.0/oai_dc/" xmlns:dc="http://purl.org/dc/elements/1.1/" xmlns:xsi="http://www.w3.org/2001/XMLSchema-instance" xsi:schemaLocation="http://www.openarchives.org/OAI/2.0/oai_dc/ http://www.openarchives.org/OAI/2.0/oai_dc.xsd">
  <dc:title>Anbaubegleitung Körnerleguminosen. Praxisbericht zur Anbaubegleitung der Körnerleguminosen</dc:title>
  <dc:creator>Böhler, Daniel</dc:creator>
  <dc:creator>Dierauer, Hansueli</dc:creator>
  <dc:subject>Cereals, pulses and oilseeds</dc:subject>
  <dc:subject>Crop combinations and interactions</dc:subject>
  <dc:description>Eiweißerbsen, Ackerbohnen, Sojabohnen und Lupinen werden zurzeit auf Bio-Betrieben nur vereinzelt angebaut. Die Nachfrage nach GVO-freien Futtermitteln wird jedoch immer größer, d.h. dass es in Zukunft immer schwieriger sein wird, genügend Eiweißkomponenten auf dem Markt zu beschaffen, weshalb der Preis eher ansteigen dürfte. Ein weiterer Aspekt ist die Stickstoffeigenversorgung auf dem Biobetrieb, welcher vorwiegend über den Anbau von Leguminosen erfolgt. Betriebe mit Tierhaltung bevorzugen Futterleguminosen, weil diese im Betrieb verwertbar sind, mehr Stickstoff fixieren, das Unkraut besser unterdrücken und mehr zum Aufbau der Bodenfruchtbarkeit beitragen als Körnerleguminosen. Viehlose oder viehschwache Betriebe sind bestrebt den Kunstfutterbau auf ein Minimum zu beschränken und hätten ein Interesse Körnerleguminosen anzubauen. Körnerleguminosen haben eine ausgeglichene NBilanz (N-Entzug = N-Zufuhr). Die Vorfruchtwirkung ist gut, da der fixierte Stickstoff der Nachkultur zur Verfügung steht.&#xD;
Durch die schlechten Witterungsbedingungen im vergangenen Frühjahr war die Aussaat nicht überall möglich. Im folgenden Kurzbericht haben wir die Ergebnisse unserer Umfrage zusammengefasst. Sie soll einen Einblick verschaffen, wie die Produktionstechnik auf dem Einzelbetrieb aussieht.</dc:description>
  <dc:date>2006</dc:date>
  <dc:type>Report</dc:type>
  <dc:type>NonPeerReviewed</dc:type>
  <dc:format>application/pdf</dc:format>
  <dc:identifier>http://orgprints.org/10367/1/boehler-dierauer-2006-Koernerleguminosenbericht.pdf</dc:identifier>
  <dc:identifier>Böhler, Daniel and Dierauer, Hansueli         (2006) Anbaubegleitung Körnerleguminosen. Praxisbericht zur Anbaubegleitung der Körnerleguminosen.   FiBL-Bericht. Forschungsinstitut für biologischen Landbau (FiBL) CH-Frick.</dc:identifier>
  <dc:relation>http://orgprints.org/10367/</dc:relation>
</oai_dc:dc>