<oai_dc:dc xmlns:oai_dc="http://www.openarchives.org/OAI/2.0/oai_dc/" xmlns:dc="http://purl.org/dc/elements/1.1/" xmlns:xsi="http://www.w3.org/2001/XMLSchema-instance" xsi:schemaLocation="http://www.openarchives.org/OAI/2.0/oai_dc/ http://www.openarchives.org/OAI/2.0/oai_dc.xsd">
  <dc:title>Versuchsbericht 2002 der Sächsischen Landesanstalt für Landwirtschaft [Report on trials in 2002 carried out at the Agricultural Research Center of Saxonia]</dc:title>
  <dc:creator>Sächsische Landesanstalt für Landwirtschaft,</dc:creator>
  <dc:subject>Composting and manuring</dc:subject>
  <dc:subject>Fruit and berries</dc:subject>
  <dc:subject>Weed management</dc:subject>
  <dc:subject>Soil tillage</dc:subject>
  <dc:subject>Crop health, quality, protection</dc:subject>
  <dc:subject>Breeding, genetics and propagation</dc:subject>
  <dc:subject>Pasture and forage crops</dc:subject>
  <dc:subject>Cereals, pulses and oilseeds</dc:subject>
  <dc:description>Im vorliegenden Bericht gibt die Sächsische Landesanstalt für Landwirtschaft eine Übersicht über ihre Versuchstätigkeit des Jahres 2002 aus den Bereichen Pflanzenproduktion, Gartenbau, Landespflege und Tierproduktion.&#xD;
In übersichtlicher Form werden die wichtigsten Angaben zur Versuchsdurchführung und zum Versuchsergebnis dargestellt. In den Kurzberichten werden sowohl Schlussfolgerungen gezogen als auch zukünftiger Handlungsbedarf abgeleitet.&#xD;
&#xD;
Beiträge zum Thema Öko-Landbau:&#xD;
&#xD;
Entwicklung von ökologischen Anbauverfahren unter sächsischen Bedingungen:&#xD;
- Komplexe Prüfung ökolog. Anbau- und Düngungsverfahren&#xD;
- Grundbodenbearbeitung und Beikrautregulierung im ökolog. Landbau &#xD;
- Prüfung von Luzerne Futter- und Saatgutnutzung im ökolog. Landbau&#xD;
- Prüfung von Rotklee Futter- und Saatgutnutzung im ökolog. Landbau&#xD;
- Prüfung von Silomaissorten im ökologischen Anbau&#xD;
- Grunddüngung im ökologischen Landbau&#xD;
- Prüfung der Anbaueignung von Winterweizensorten im ökolog. Landbau&#xD;
- Prüfung von Kartoffelsorten im ökologischen Landbau&#xD;
- Einfluss Gemengeanbau von Erbsen und Getreide &#xD;
- Prüfung der Anbaueignung von Wintertriticalesorten im ökolog. Landbau&#xD;
- Prüfung der Anbaueignung von Winterroggensorten im ökolog. Landbau&#xD;
- Prüfung der Anbaueignung von Sommergerstesorten im ökolog. Landbau&#xD;
- Prüfung der Anbaueignung von Hafersorten im ökolog. Landbau &#xD;
- Vergleich von Leguminosen und Ölpflanzen im Ökolandbau&#xD;
- Zwischenfrucht-Vorfruchtwirkungen für Kartoffeln im ökologischen Anbau&#xD;
- Nachwirkungsvermögen organischer Düngemittel durch Zwischenfruchtanbau im Ökolandbau&#xD;
&#xD;
Gartenbau und Landespflege:&#xD;
- Apfelschorfbekämpfung mit Hilfe eines Schorfsimulationsprogramms&#xD;
- Bekämpfung der Apfel- und Pflaumensägewespe mit Quassiaextrakt und Neem Azal T/S+&#xD;
- Kräftige Gründüngung sicherte N-Bedarf von Kopfsalat ab&#xD;
- Einarbeitungstiefe des organischen Handelsdüngers hatte praktisch keinen Einfluss auf den Ertrag von Kopfsalat&#xD;
- Wickroggen lieferte deutlich weniger N als erwartet&#xD;
- N-Nachlieferung des Bodens und N-Freisetzung aus Gründüngung und Haarmehl</dc:description>
  <dc:date>2003</dc:date>
  <dc:type>Report</dc:type>
  <dc:type>NonPeerReviewed</dc:type>
  <dc:format>application/pdf</dc:format>
  <dc:identifier>http://orgprints.org/1070/1/kein-dokument.pdf</dc:identifier>
  <dc:identifier>Sächsische Landesanstalt für Landwirtschaft,          (2003) Versuchsbericht 2002 der Sächsischen Landesanstalt für Landwirtschaft [Report on trials in 2002 carried out at the Agricultural Research Center of Saxonia].    Sächsische Landesanstalt für Landwirtschaft.</dc:identifier>
  <dc:relation>http://orgprints.org/1070/</dc:relation>
</oai_dc:dc>