<oai_dc:dc xmlns:oai_dc="http://www.openarchives.org/OAI/2.0/oai_dc/" xmlns:dc="http://purl.org/dc/elements/1.1/" xmlns:xsi="http://www.w3.org/2001/XMLSchema-instance" xsi:schemaLocation="http://www.openarchives.org/OAI/2.0/oai_dc/ http://www.openarchives.org/OAI/2.0/oai_dc.xsd">
  <dc:title>Die Kosten der Bio-Junghenne</dc:title>
  <dc:creator>Keppler, C.</dc:creator>
  <dc:creator>Deerberg, F.</dc:creator>
  <dc:subject>Poultry</dc:subject>
  <dc:subject>Farm economics</dc:subject>
  <dc:description>Junghennen konsequent biologisch aufzuziehen, ist möglich. Bis Ende 2003 können genügend Kapazitäten geschaffen werden, um alle Bio-Legebetriebe mit ökologisch aufgezogenen Junghennen zu versorgen. Doch die artgerechte Aufzucht schlägt sich im Preis nieder.</dc:description>
  <dc:publisher>Bioland Verlags GmbH</dc:publisher>
  <dc:date>2002</dc:date>
  <dc:type>Journal paper</dc:type>
  <dc:type>NonPeerReviewed</dc:type>
  <dc:format>application/pdf</dc:format>
  <dc:identifier>http://orgprints.org/10551/1/kosten-junghenne-biol.pdf</dc:identifier>
  <dc:identifier>Keppler, C. and Deerberg, F.   (2002) Die Kosten der Bio-Junghenne.   Bioland (1), pp. 28-32.</dc:identifier>
  <dc:relation>http://orgprints.org/10551/</dc:relation>
</oai_dc:dc>