<oai_dc:dc xmlns:oai_dc="http://www.openarchives.org/OAI/2.0/oai_dc/" xmlns:dc="http://purl.org/dc/elements/1.1/" xmlns:xsi="http://www.w3.org/2001/XMLSchema-instance" xsi:schemaLocation="http://www.openarchives.org/OAI/2.0/oai_dc/ http://www.openarchives.org/OAI/2.0/oai_dc.xsd">
  <dc:title>Integration of fertility management, cultivar selection and alternative spray treatments to optimize control of foliar diseases of greenhouse grown tomatoes</dc:title>
  <dc:creator>Dafermos, N.G.</dc:creator>
  <dc:creator>Kasselaki, A.M.</dc:creator>
  <dc:creator>Malathrakis, N.E.</dc:creator>
  <dc:creator>Leifert, C.</dc:creator>
  <dc:subject>Crop health, quality, protection</dc:subject>
  <dc:description>Powdery mildew caused by Leveillula taurica (Lev.) Arn. is one of the most serious foliar diseases of greenhouse and open field tomato. The disease is currently controlled with the use of organic fungicides and sulphur, the latter being the only product permitted in organic crops. The aim of this study was to investigate the potential of controlling the disease by integrating: a) hybrids of low susceptibility to the disease, b) organic fertilisers (chitin) and c) alternative spray treatments. Some of the combinations of the above factors were highly effective in decreasing the percentage of disease severity. Specifically the combination of the hybrid of low susceptibility with the addition of chitin in the substrate and the spray treatment Milsana®+chitosan, was equally effective to sulphur. These results indicate that the combination of the above factors could probably be used as an alternative to sulphur for control of L. taurica in the greenhouse.</dc:description>
  <dc:date>2007</dc:date>
  <dc:type>Conference paper, poster, etc.</dc:type>
  <dc:type>NonPeerReviewed</dc:type>
  <dc:format>application/pdf</dc:format>
  <dc:identifier>http://orgprints.org/10397/1/Dafermos-etal-2007-IntegratedcontrolTomatoes.pdf</dc:identifier>
  <dc:identifier>Dafermos, N.G.; Kasselaki, A.M.; Malathrakis, N.E. and Leifert, C.    (2007) Integration of fertility management, cultivar selection and alternative spray treatments to optimize control of foliar diseases of greenhouse grown tomatoes.       Paper at:   3rd QLIF Congress: Improving Sustainability in Organic and Low Input Food Production Systems, University of Hohenheim, Germany, March 20-23, 2007.</dc:identifier>
  <dc:relation>http://orgprints.org/10397/</dc:relation>
</oai_dc:dc>