<oai_dc:dc xmlns:oai_dc="http://www.openarchives.org/OAI/2.0/oai_dc/" xmlns:dc="http://purl.org/dc/elements/1.1/" xmlns:xsi="http://www.w3.org/2001/XMLSchema-instance" xsi:schemaLocation="http://www.openarchives.org/OAI/2.0/oai_dc/ http://www.openarchives.org/OAI/2.0/oai_dc.xsd">
  <dc:title>A communicative approach to involving farmers in protecting aesthetic and ecological landscape values</dc:title>
  <dc:creator>Højring, Katrine</dc:creator>
  <dc:creator>Noe, Egon</dc:creator>
  <dc:subject>Biodiversity and ecosystem services</dc:subject>
  <dc:description>A communicative approach to involving farmers in protecting aesthetic and ecological landscape values.</dc:description>
  <dc:date>2006</dc:date>
  <dc:type>Journal paper</dc:type>
  <dc:type>NonPeerReviewed</dc:type>
  <dc:format>source</dc:format>
  <dc:identifier>http://orgprints.org/10496/1/10496.doc</dc:identifier>
  <dc:identifier>Højring, Katrine and Noe, Egon   (2006) A communicative approach to involving farmers in protecting aesthetic and ecological landscape values.       [Submitted]</dc:identifier>
  <dc:relation>http://orgprints.org/10496/</dc:relation>
</oai_dc:dc>