<oai_dc:dc xmlns:oai_dc="http://www.openarchives.org/OAI/2.0/oai_dc/" xmlns:dc="http://purl.org/dc/elements/1.1/" xmlns:xsi="http://www.w3.org/2001/XMLSchema-instance" xsi:schemaLocation="http://www.openarchives.org/OAI/2.0/oai_dc/ http://www.openarchives.org/OAI/2.0/oai_dc.xsd">
  <dc:title>Between Sheds Migration: establish whether, and if they do how far birds migrate between field sheds on the Sheepdrove Organic Farm silvo-poultry production system</dc:title>
  <dc:creator>Pegg, Vanessa</dc:creator>
  <dc:creator>Pearce, Bruce</dc:creator>
  <dc:subject>Poultry</dc:subject>
  <dc:description>Sheepdrove Organic Farm was concerned about the possibility of birds of different ages mixing within their silvo-poultry system resulting in variation in the bird weights at depletion.  A trial was established to investigate whether birds did migrate and if so how many and how far.</dc:description>
  <dc:date>2004-03</dc:date>
  <dc:type>Report</dc:type>
  <dc:type>NonPeerReviewed</dc:type>
  <dc:format>application/pdf</dc:format>
  <dc:identifier>http://orgprints.org/10295/1/migration_final_report.pdf</dc:identifier>
  <dc:identifier>Pegg, Vanessa and Pearce, Bruce         (2004) Between Sheds Migration: establish whether, and if they do how far birds migrate between field sheds on the Sheepdrove Organic Farm silvo-poultry production system.    .</dc:identifier>
  <dc:relation>http://orgprints.org/10295/</dc:relation>
</oai_dc:dc>