<oai_dc:dc xmlns:oai_dc="http://www.openarchives.org/OAI/2.0/oai_dc/" xmlns:dc="http://purl.org/dc/elements/1.1/" xmlns:xsi="http://www.w3.org/2001/XMLSchema-instance" xsi:schemaLocation="http://www.openarchives.org/OAI/2.0/oai_dc/ http://www.openarchives.org/OAI/2.0/oai_dc.xsd">
  <dc:title>Organic Education: Nine Best Internet Tools</dc:title>
  <dc:creator>Paull, John</dc:creator>
  <dc:subject>"Organics" in general</dc:subject>
  <dc:subject>History of organics</dc:subject>
  <dc:subject>Education, extension and communication</dc:subject>
  <dc:subject>Knowledge management</dc:subject>
  <dc:description>The Internet offers unprecedented opportunities for a free organic farming and food &#xD;
education, allowing instant access to the most recent through to seminal works. Nine &#xD;
of the best tools for free organic education and training are described.</dc:description>
  <dc:publisher>Bio-Dynamics Tasmania Inc</dc:publisher>
  <dc:contributor>Le Lievre, Rodney</dc:contributor>
  <dc:date>2007-03</dc:date>
  <dc:type>Journal paper</dc:type>
  <dc:type>NonPeerReviewed</dc:type>
  <dc:format>application/pdf</dc:format>
  <dc:identifier>http://orgprints.org/10673/1/10673.pdf</dc:identifier>
  <dc:identifier>Paull, John   (2007) Organic Education: Nine Best Internet Tools.   Elementals: Journal of Bio-Dynamics Tasmania, 2007 (84), pp. 37-40.</dc:identifier>
  <dc:relation>http://orgprints.org/10673/</dc:relation>
</oai_dc:dc>