<oai_dc:dc xmlns:oai_dc="http://www.openarchives.org/OAI/2.0/oai_dc/" xmlns:dc="http://purl.org/dc/elements/1.1/" xmlns:xsi="http://www.w3.org/2001/XMLSchema-instance" xsi:schemaLocation="http://www.openarchives.org/OAI/2.0/oai_dc/ http://www.openarchives.org/OAI/2.0/oai_dc.xsd">
  <dc:title>Design of a Radial System for Pigs on Sheepdrove Organic Farm</dc:title>
  <dc:creator>Clark, Fergus</dc:creator>
  <dc:subject>Pigs</dc:subject>
  <dc:description>The paper reportson a proposal for a new radial system for pigs on Sheepdrove Organic Farm.</dc:description>
  <dc:date>2003-08</dc:date>
  <dc:type>Report</dc:type>
  <dc:type>NonPeerReviewed</dc:type>
  <dc:format>application/pdf</dc:format>
  <dc:identifier>http://orgprints.org/10286/1/radial_pig_system_sept_2003.pdf</dc:identifier>
  <dc:identifier>Clark, Fergus         (2003) Design of a Radial System for Pigs on Sheepdrove Organic Farm.    The Organic Research Centre Elm Farm.</dc:identifier>
  <dc:relation>http://orgprints.org/10286/</dc:relation>
</oai_dc:dc>