<oai_dc:dc xmlns:oai_dc="http://www.openarchives.org/OAI/2.0/oai_dc/" xmlns:dc="http://purl.org/dc/elements/1.1/" xmlns:xsi="http://www.w3.org/2001/XMLSchema-instance" xsi:schemaLocation="http://www.openarchives.org/OAI/2.0/oai_dc/ http://www.openarchives.org/OAI/2.0/oai_dc.xsd">
  <dc:title>Langsom vækst giver gode æbler</dc:title>
  <dc:creator>Lindhard, Hanne</dc:creator>
  <dc:subject>Soil</dc:subject>
  <dc:description>Udbytte og kvalitet af øko-æbler øges ved rigtig brug af plantesystemer og gødskning.&#xD;
&#xD;
Æbledyrkning bliver mere og mere intensiv i økologisk produktion. Tætte plantesystemer på svagtvoksende grundstammer, plantet med en meter mellem træerne er snart standard. Denne dyrkning giver små åbne træer, hvor alle frugterne får lys og luft.Æblerne får en flot rød farve og udsættes ikke for fugt og dermed angreb af svampesygdomme. Desuden kan æblerne plukkes fra jorden, og der forventes høje udbytter allerede andet år efter plantningen.</dc:description>
  <dc:publisher>Økologisk Jordbrug</dc:publisher>
  <dc:date>2006-12</dc:date>
  <dc:type>Newspaper or magazine article</dc:type>
  <dc:type>NonPeerReviewed</dc:type>
  <dc:format>application/pdf</dc:format>
  <dc:identifier>http://orgprints.org/10104/1/10104.pdf</dc:identifier>
  <dc:identifier>Lindhard, Hanne    (2006) Langsom vækst giver gode æbler.   Økologisk Jordbrug, December 2006, 26 (373).</dc:identifier>
  <dc:relation>http://orgprints.org/10104/</dc:relation>
</oai_dc:dc>