<oai_dc:dc xmlns:oai_dc="http://www.openarchives.org/OAI/2.0/oai_dc/" xmlns:dc="http://purl.org/dc/elements/1.1/" xmlns:xsi="http://www.w3.org/2001/XMLSchema-instance" xsi:schemaLocation="http://www.openarchives.org/OAI/2.0/oai_dc/ http://www.openarchives.org/OAI/2.0/oai_dc.xsd">
  <dc:title>Chopped Straw As A Litter In Sheepdrove Organic Farm Organic Silvo-Poultry System</dc:title>
  <dc:creator>Pegg, Vanessa</dc:creator>
  <dc:creator>Dyke, Kirstie</dc:creator>
  <dc:creator>Pearce, Bruce</dc:creator>
  <dc:subject>Poultry</dc:subject>
  <dc:description>A trial was undertaken to determine whether there was an advantage in using an alternative litter in the poultry field sheds, than the usual straw, on the Sheepdrove Organic Farms (SOF) silvo-poultry production system.</dc:description>
  <dc:date>2003-12</dc:date>
  <dc:type>Report</dc:type>
  <dc:type>NonPeerReviewed</dc:type>
  <dc:format>application/pdf</dc:format>
  <dc:identifier>http://orgprints.org/10288/1/poultry_chopped_straw_dec_2003.pdf</dc:identifier>
  <dc:identifier>Pegg, Vanessa ; Dyke, Kirstie  and Pearce, Bruce          (2003) Chopped Straw As A Litter In Sheepdrove Organic Farm Organic Silvo-Poultry System.    .</dc:identifier>
  <dc:relation>http://orgprints.org/10288/</dc:relation>
</oai_dc:dc>