<oai_dc:dc xmlns:oai_dc="http://www.openarchives.org/OAI/2.0/oai_dc/" xmlns:dc="http://purl.org/dc/elements/1.1/" xmlns:xsi="http://www.w3.org/2001/XMLSchema-instance" xsi:schemaLocation="http://www.openarchives.org/OAI/2.0/oai_dc/ http://www.openarchives.org/OAI/2.0/oai_dc.xsd">
  <dc:title>Auswirkungen von PEN, einem Extrakt aus der Biomasse von Penicillium chrysogenum, auf Pathogene und Pflanzen</dc:title>
  <dc:creator>Tamm, L.</dc:creator>
  <dc:creator>Rentsch, C.</dc:creator>
  <dc:creator>Guyer, U.</dc:creator>
  <dc:creator>E., Mösinger</dc:creator>
  <dc:subject>Crop health, quality, protection</dc:subject>
  <dc:description>Der Ersatz von Kupfer und anderen Pestiziden ist eine der dringlichen Aufgaben der Forschung im biologischen Landbau. Beim direkten Pflanzenschutz stehen fungizid wirkende Substanzen, Biocontrol-Organismen und Pflanzenstärkungsmittel zur Diskussion. Das Konzept der Pflanzenstärkung ist seit langem im biologischen Landbau bekannt. Beispielsweise werden Kompostextrakte, Brennesselextrakte, aber auch kommerzialisierte Produkte aus Reynoutria sachalinensis oder Backpulver eingesetzt. Unter den Resistenzinduktoren (Elicitoren) sind vor allem diejenigen von grossem Interesse, die Resistenz gegen Pathogene auslösen, die ansonsten mit Kupfer bekämpft werden (Tamm, 2000).&#xD;
Der Dünger Agro Biosol (Biochemie GmbH, A-Kundl) weist nebst einer Düngerwirkung auch krankheitsvermindernde Eigenschaften auf. Dies legen Beobachtungen nahe, die bereits in den achtziger Jahren auf Grasflächen gemacht wurden, die mit Fusarium nivale befallen waren. Das aus der Penicillinproduktion gewonnene Trockenmycel ist frei von Penicillin. Agro Biosol enthält 6 % Gesamtstickstoff, 1 % Gesamtphosphor, 1 % Kali, sowie Spurenelemente und Vitamine (Naschberger, pers. Mitteilung). In der Schweiz ist Agro Biosol als Dünger im biologischen Landbau zugelassen (Tamm, Maurer &amp; Alföldi, 2000). E. Mösinger (Sandoz Agro, CH - Witterswil) führte erste Versuche über die krankheitsunterdrückende Wirkung von Agro Biosol durch. Dazu wurde ein Extrakt des Trockenmycels von P. chrysogenum hergestellt, der die Kurzbezeichnung ‚PEN’ erhielt. Diese Untersuchungen von Mösinger und Mitarbeitern wiesen darauf hin, dass PEN an Tomaten und Gurken Resistenz induzieren kann. Ab 1997 wurde das Thema am FiBL weiterverfolgt. Mit den vorliegenden Untersuchungen wurden die Teilziele angestrebt (i) Verifizieren und Charakterisieren der resistenzinduzierenden Eigenschaften von PEN, (ii) Abklären des Potentials für eine Weiterentwicklung von PEN als kommerzialisierbaren Resistenzinduktor und (iii) Charakterisierung der phytotoxischen Eigenschaften von PEN als Ausgangspunkt für die Optimierung von Agro Biosol.  &#xD;
&#xD;
Fazit: PEN, der Extrakt von Penicillium chrysogenum, kann bei zahlreichen Wirt- Pathogen-Systemen den Krankheitsbefall markant reduzieren. Dies ist insbesondere bei Krankheitserregern von Interesse, die ansonsten mit biotauglichen Produkten nur schwer kontrollierbar sind. Das Ausgangsmaterial wird als biotauglich eingeschätzt und steht in genügenden Mengen in konstanter Qualität zur Verfügung. Dies sind günstige Voraussetzungen, um einen neuartigen Resistenzinduktor für den biologischen Anbau bis zur Praxisreife zu entwickeln. PEN kann allerdings phytotoxische Effekte auslösen, die eine Praxisanwendung als Resistenzinduktor vorerst ausschliessen. Unsere Forschung hat gegenwärtig zwei Stossrichtungen. Einerseits werden die Effekte von PEN auf die Pflanzenphysiologie untersucht und die involvierten Stoffwechselprozesse detailliert abgeklärt. Andererseits suchen wir nach den aktiven Prinzipien, die für Resistenzinduktion und Phytotoxizität verantwortlich sind.</dc:description>
  <dc:publisher>Institut für ökologischen Landbau, Universität für Bodenkultur, Wien</dc:publisher>
  <dc:contributor>Bernhard, Freyer</dc:contributor>
  <dc:date>2003</dc:date>
  <dc:type>Conference paper, poster, etc.</dc:type>
  <dc:type>NonPeerReviewed</dc:type>
  <dc:format>application/pdf</dc:format>
  <dc:identifier>http://orgprints.org/1016/1/tamm-l-penicillium-extrakt-2003.pdf</dc:identifier>
  <dc:identifier>Tamm, L.; Rentsch, C.; Guyer, U. and E., Mösinger    (2003) Auswirkungen von PEN, einem Extrakt aus der Biomasse von Penicillium chrysogenum, auf Pathogene und Pflanzen.  [Effects of PEN, an extract from the biomass of Penicillium chrysogenum, on plant pathogens.]  In: Bernhard, Freyer (Ed.)  Beiträge zur 7. Wissenschaftstagung zum ökologischen Landbau: Ökologischer Landbau der Zukunft, Institut für ökologischen Landbau, Universität für Bodenkultur, Wien, pp. 137-140.</dc:identifier>
  <dc:relation>http://orgprints.org/1016/</dc:relation>
</oai_dc:dc>