<oai_dc:dc xmlns:oai_dc="http://www.openarchives.org/OAI/2.0/oai_dc/" xmlns:dc="http://purl.org/dc/elements/1.1/" xmlns:xsi="http://www.w3.org/2001/XMLSchema-instance" xsi:schemaLocation="http://www.openarchives.org/OAI/2.0/oai_dc/ http://www.openarchives.org/OAI/2.0/oai_dc.xsd">
  <dc:title>Aktuelles aus dem Ökologischen Landbau 2002 (Versuchsbericht Ökologischer Landbau) [Current trials and developments in organic agriculture 2002]</dc:title>
  <dc:creator>Bischoff, Kai</dc:creator>
  <dc:creator>Daniel, Götz</dc:creator>
  <dc:creator>Hochmann, Jochen</dc:creator>
  <dc:creator>Schleuß, Uwe</dc:creator>
  <dc:creator>Seedler, Martin</dc:creator>
  <dc:creator>Süncksen, Uwe</dc:creator>
  <dc:creator>Techow, Edgar</dc:creator>
  <dc:creator>Thaysen, Johannes</dc:creator>
  <dc:creator>Thomsen, Thomas</dc:creator>
  <dc:creator>Untiedt, Henning</dc:creator>
  <dc:subject>Farm economics</dc:subject>
  <dc:subject>Weed management</dc:subject>
  <dc:subject>Crop health, quality, protection</dc:subject>
  <dc:subject>Crop husbandry</dc:subject>
  <dc:subject>Pasture and forage crops</dc:subject>
  <dc:subject>Cereals, pulses and oilseeds</dc:subject>
  <dc:description>Der Bericht "Aktuelles aus dem Ökologischen Landbau" umfasst folgende Themen:&#xD;
&#xD;
Jahreswitterung&#xD;
&#xD;
Marktfruchtbau&#xD;
- Winterweizen-Sortenversuche&#xD;
- Winterweizen-Reihenabstandsversuch (System Stute)&#xD;
- Winterroggen-Sortenversuche&#xD;
- Wintertriticale-Sortenversuch&#xD;
- Dinkel-Sortenversuch&#xD;
- Sommerweizen-Sortenversuch&#xD;
- Hafer-Sortenversuch&#xD;
- Sommergerste-Sortenversuch&#xD;
- Ackerbohnen-Sortenversuch&#xD;
- Erbsen-Sortenversuch&#xD;
- Rückbesinnung auf ackerbauliche Tugenden&#xD;
&#xD;
Pflanzenschutz&#xD;
- Aspekte zur Unkrautregulierung im ökologischen Landbau &#xD;
- Bekämpfung der Ackerkratzdistel&#xD;
- Zur Problematik des Pflanzenschutzes im ökologischen Landbau&#xD;
&#xD;
Futterbau&#xD;
- Silomais&#xD;
- Kleegrasblanksaaten &#xD;
- Wintergetreide – GPS&#xD;
- Sommergetreide/Erbsen – GPS&#xD;
&#xD;
Ökonomie&#xD;
- Betriebszweigabrechnung eines Mähdruschbetriebes&#xD;
- Betriebszweigabrechnung eines Milchvieh-Futterbau Betriebes&#xD;
- Wirtschaftlichkeit der ökologischen Ferkelerzeugung&#xD;
- Wirtschaftlichkeit der ökologischen Schweinemast&#xD;
- Wirtschaftsergebnisse 2000/2001 – Sonderauswertung Ökologisch wirtschaftende Betriebe&#xD;
- Adressen des ökologischen Landbaus</dc:description>
  <dc:contributor>Landwirtschaftskammer Schleswig-Holstein,</dc:contributor>
  <dc:date>2003</dc:date>
  <dc:type>Report</dc:type>
  <dc:type>NonPeerReviewed</dc:type>
  <dc:format>application/pdf</dc:format>
  <dc:identifier>http://orgprints.org/1075/1/1075-hochmann-j-2003-versuchsbericht.pdf</dc:identifier>
  <dc:identifier>Bischoff, Kai; Daniel, Götz; Hochmann, Jochen; Schleuß, Uwe; Seedler, Martin; Süncksen, Uwe; Techow, Edgar; Thaysen, Johannes; Thomsen, Thomas and Untiedt, Henning     (editor): Landwirtschaftskammer Schleswig-Holstein,  (Ed.)    (2003) Aktuelles aus dem Ökologischen Landbau 2002 (Versuchsbericht Ökologischer Landbau) [Current trials and developments in organic agriculture 2002].   Mitteilungen der Landwirtschaftskammer, no. 569/03. Landwirtschaftskammer Schleswig-Holstein.</dc:identifier>
  <dc:relation>http://orgprints.org/1075/</dc:relation>
</oai_dc:dc>