<oai_dc:dc xmlns:oai_dc="http://www.openarchives.org/OAI/2.0/oai_dc/" xmlns:dc="http://purl.org/dc/elements/1.1/" xmlns:xsi="http://www.w3.org/2001/XMLSchema-instance" xsi:schemaLocation="http://www.openarchives.org/OAI/2.0/oai_dc/ http://www.openarchives.org/OAI/2.0/oai_dc.xsd">
  <dc:title>Rå eller tørrede cikorierødder i grisefoder har flere gode egenskaber, så som at begrænse parasitter og ornelugt</dc:title>
  <dc:creator>Hansen, L.L.</dc:creator>
  <dc:subject>"Organics" in general</dc:subject>
  <dc:description>Rå eller tørrede cikorierødder i grisefoder har flere gode egenskaber, så som at begrænse parasitter og ornelugt.</dc:description>
  <dc:date>2005-09</dc:date>
  <dc:type>Newspaper or magazine article</dc:type>
  <dc:type>NonPeerReviewed</dc:type>
  <dc:format>application/pdf</dc:format>
  <dc:identifier>http://orgprints.org/10013/1/10013.pdf</dc:identifier>
  <dc:identifier>Hansen, L.L.    (2005) Rå eller tørrede cikorierødder i grisefoder har flere gode egenskaber, så som at begrænse parasitter og ornelugt.   Økologisk Jordbrug, September 2005 (344), p. 4.</dc:identifier>
  <dc:relation>http://orgprints.org/10013/</dc:relation>
</oai_dc:dc>