<oai_dc:dc xmlns:oai_dc="http://www.openarchives.org/OAI/2.0/oai_dc/" xmlns:dc="http://purl.org/dc/elements/1.1/" xmlns:xsi="http://www.w3.org/2001/XMLSchema-instance" xsi:schemaLocation="http://www.openarchives.org/OAI/2.0/oai_dc/ http://www.openarchives.org/OAI/2.0/oai_dc.xsd">
  <dc:title>Slagtekyllinger reducerede antallet af æblebladhvepse I økologisk dyrkede "Discovery" æbler</dc:title>
  <dc:creator>Lindhard Pedersen, Hanne</dc:creator>
  <dc:creator>Olsen, A.</dc:creator>
  <dc:creator>Korsgaard, Maren</dc:creator>
  <dc:creator>Pedersen, Birgitte</dc:creator>
  <dc:subject>Soil</dc:subject>
  <dc:description>Samproduktion af fjerkræ og frugt er et emne, som er blevet diskuteret og prøvet i økologisk frugtdyrkning i Danmark. Fjerkræets skraben efter føde kan muligvis formindske populationen af skadedyr, som tilbringer en del af deres livscyklus i jorden.&#xD;
I økologisk forskning er meget få forsøg med kombineret vegetabilsk og animalsk produktion udført. Behovet for alternative metoder til at regulerer skadedyrspopulationerne meget efterspurgte, fordi økologisk æbleproduktion i Danmark har meget få økologiske sprøjtemidler til rådighed. &#xD;
Æblehvepsen (Hoplocampa testudinea) giver store udbyttetab i æbler. Æblehvepsene lægger æg under blomstring og larverne ødelægger de små frugter, der falder til jorden før modenhed. Laven overvintre og forpupper sig i jorden. &#xD;
Hønsefugle levede oprindeligt I skove, hvor de kunne gemme sig for rovfugle under buske og træer. Livet i en frugtplantage ligner fuglenes oprindelige miljø. Velfærden for høns og kyllinger vil derfor sandsynligvis være bedre i en frugtplantage end på de græsarealer, som de normalt har adgang til.</dc:description>
  <dc:publisher>Grobladet</dc:publisher>
  <dc:date>2004</dc:date>
  <dc:type>Newspaper or magazine article</dc:type>
  <dc:type>NonPeerReviewed</dc:type>
  <dc:format>application/pdf</dc:format>
  <dc:identifier>http://orgprints.org/10158/1/10158pdf.pdf</dc:identifier>
  <dc:identifier>Lindhard Pedersen, Hanne; Olsen, A.; Korsgaard, Maren and Pedersen, Birgitte    (2004) Slagtekyllinger reducerede antallet af æblebladhvepse I økologisk dyrkede "Discovery" æbler.   Grobladet, 2004, 14 (58), pp. 10-11.</dc:identifier>
  <dc:relation>http://orgprints.org/10158/</dc:relation>
</oai_dc:dc>