<oai_dc:dc xmlns:oai_dc="http://www.openarchives.org/OAI/2.0/oai_dc/" xmlns:dc="http://purl.org/dc/elements/1.1/" xmlns:xsi="http://www.w3.org/2001/XMLSchema-instance" xsi:schemaLocation="http://www.openarchives.org/OAI/2.0/oai_dc/ http://www.openarchives.org/OAI/2.0/oai_dc.xsd">
  <dc:title>Disease control by sulphur induced resistance</dc:title>
  <dc:creator>Haneklaus, S</dc:creator>
  <dc:creator>Bloem, E</dc:creator>
  <dc:creator>Schnug, E</dc:creator>
  <dc:subject>Crop health, quality, protection</dc:subject>
  <dc:description>As early as the 19th century, Justus von Liebig (1803 – 1873) identified the lack of vitality of soils and non-existent vigour of plants as relevant causes of increased infections of crops by fungal diseases. Organic farming requires alternative strategies for combating pests and diseases. Soil-applied sulphate fertilisation proved to significantly reduce infection rate and severity of crops by fungal diseases. The potential efficacy of socalled Sulphur Induced Resistance (SIR) expressed as a reduction of the disease index ranged from 5–50% and 17–35% in greenhouse and field experiments, respectively. Metabolic pathways involved in SIR imply, for instance, the synthesis of phytoalexins, glutathione, glucosinolates and the release of sulphur-containing volatiles.</dc:description>
  <dc:publisher>Association of Applied Biologists</dc:publisher>
  <dc:contributor>Atkinson, C</dc:contributor>
  <dc:contributor>Ball, B</dc:contributor>
  <dc:contributor>Davies, D H K</dc:contributor>
  <dc:contributor>Rees, R</dc:contributor>
  <dc:contributor>Russell, G</dc:contributor>
  <dc:contributor>Stockdale, E A</dc:contributor>
  <dc:contributor>Watson, C A</dc:contributor>
  <dc:contributor>Walker, R</dc:contributor>
  <dc:contributor>Younie, D</dc:contributor>
  <dc:date>2006</dc:date>
  <dc:type>Conference paper, poster, etc.</dc:type>
  <dc:type>NonPeerReviewed</dc:type>
  <dc:format>application/pdf</dc:format>
  <dc:identifier>http://orgprints.org/10231/1/Disease_control_by_suplhure_induced_resistance.pdf</dc:identifier>
  <dc:identifier>Haneklaus, S; Bloem, E and Schnug, E    (2006) Disease control by sulphur induced resistance.   In: Atkinson, C; Ball, B; Davies, D H K; Rees, R; Russell, G; Stockdale, E A; Watson, C A; Walker, R and Younie, D (Eds.)  Aspects of Applied Biology 79, What will organic farming deliver? COR 2006, Association of Applied Biologists, pp. 221-224.</dc:identifier>
  <dc:relation>http://orgprints.org/10231/</dc:relation>
</oai_dc:dc>