<oai_dc:dc xmlns:oai_dc="http://www.openarchives.org/OAI/2.0/oai_dc/" xmlns:dc="http://purl.org/dc/elements/1.1/" xmlns:xsi="http://www.w3.org/2001/XMLSchema-instance" xsi:schemaLocation="http://www.openarchives.org/OAI/2.0/oai_dc/ http://www.openarchives.org/OAI/2.0/oai_dc.xsd">
  <dc:title>Ring i trynen garanterer ikke en lav N udvaskning fra søer på græs</dc:title>
  <dc:creator>Eriksen, J.</dc:creator>
  <dc:subject>Nutrient turnover</dc:subject>
  <dc:subject>Pigs</dc:subject>
  <dc:subject>Air and water emissions</dc:subject>
  <dc:description>Ringning af søer er et kompromis i forhold til de økologiske principper om at tilgodese dyrenes adfærdsmæssige behov. Resultaterne viser, at selvom ringning har en positiv miljøeffekt, så er der andre forhold som er mindst ligeså vigtige for potentialet for tab af næringsstoffer.</dc:description>
  <dc:date>2005-10</dc:date>
  <dc:type>Journal paper</dc:type>
  <dc:type>NonPeerReviewed</dc:type>
  <dc:format>application/pdf</dc:format>
  <dc:identifier>http://orgprints.org/10049/1/10049.pdf</dc:identifier>
  <dc:identifier>Eriksen, J.   (2005) Ring i trynen garanterer ikke en lav N udvaskning fra søer på græs.   Nyhedsbrev fra Forskningscenter for Økologisk Jordbrug (5).</dc:identifier>
  <dc:relation>http://orgprints.org/10049/</dc:relation>
</oai_dc:dc>