<oai_dc:dc xmlns:oai_dc="http://www.openarchives.org/OAI/2.0/oai_dc/" xmlns:dc="http://purl.org/dc/elements/1.1/" xmlns:xsi="http://www.w3.org/2001/XMLSchema-instance" xsi:schemaLocation="http://www.openarchives.org/OAI/2.0/oai_dc/ http://www.openarchives.org/OAI/2.0/oai_dc.xsd">
  <dc:title>The potential for slug control with ferric phosphate</dc:title>
  <dc:creator>Horgan, A R</dc:creator>
  <dc:subject>Crop health, quality, protection</dc:subject>
  <dc:subject>Farm nutrient management</dc:subject>
  <dc:description>Slug and snail damage, especially on young plants can mean serious economic loss for growers. Organic growers have in the past had few, if any, effective products to use for their control. Now ferric phosphate has recently gained organic status from the Organic Farmers and Growers organisation. Its unique mode of action, environmental profile and effectiveness against a range of slug and snail species will make this a first choice for all organic growers. The eventual breakdown components iron and phosphate, will contribute to the crop’s nutrient supply.</dc:description>
  <dc:publisher>Association of Applied Biologists</dc:publisher>
  <dc:contributor>Atkinson, C</dc:contributor>
  <dc:contributor>Ball, B</dc:contributor>
  <dc:contributor>Davies, D H K</dc:contributor>
  <dc:contributor>Rees, R</dc:contributor>
  <dc:contributor>Russell, G</dc:contributor>
  <dc:contributor>Stockdale, E A</dc:contributor>
  <dc:contributor>Watson, C A</dc:contributor>
  <dc:contributor>Walker, R</dc:contributor>
  <dc:contributor>Younie, D</dc:contributor>
  <dc:date>2006</dc:date>
  <dc:type>Conference paper, poster, etc.</dc:type>
  <dc:type>NonPeerReviewed</dc:type>
  <dc:format>application/pdf</dc:format>
  <dc:identifier>http://orgprints.org/10232/1/The_potential_for_slug_control_with_ferric_phosphate.pdf</dc:identifier>
  <dc:identifier>Horgan, A R    (2006) The potential for slug control with ferric phosphate.   In: Atkinson, C; Ball, B; Davies, D H K; Rees, R; Russell, G; Stockdale, E A; Watson, C A; Walker, R and Younie, D (Eds.)  Aspects of Applied Biology 79, What will organic farming deliver? COR 2006, Association of Applied Biologists, pp. 225-226.</dc:identifier>
  <dc:relation>http://orgprints.org/10232/</dc:relation>
</oai_dc:dc>