<oai_dc:dc xmlns:oai_dc="http://www.openarchives.org/OAI/2.0/oai_dc/" xmlns:dc="http://purl.org/dc/elements/1.1/" xmlns:xsi="http://www.w3.org/2001/XMLSchema-instance" xsi:schemaLocation="http://www.openarchives.org/OAI/2.0/oai_dc/ http://www.openarchives.org/OAI/2.0/oai_dc.xsd">
  <dc:title>Plantevern i vanlig og økologisk landbruk</dc:title>
  <dc:creator>Koesling, Matthias</dc:creator>
  <dc:creator>Serikstad, Grete Lene</dc:creator>
  <dc:subject>Crop health, quality, protection</dc:subject>
  <dc:subject>Food security, food quality and human health</dc:subject>
  <dc:subject>Weed management</dc:subject>
  <dc:description>I konvensjonelt landbruk brukes kjemisk-syntetiske sprøytemidler mot ugras, sopp og insekter og for å regulere veksten. I økologisk drift er forebyggende tiltak viktig og kjemisk-syntetiske sprøytemidler brukes ikke.</dc:description>
  <dc:date>2007-03</dc:date>
  <dc:type>Report</dc:type>
  <dc:type>NonPeerReviewed</dc:type>
  <dc:format>application/pdf</dc:format>
  <dc:identifier>http://orgprints.org/10603/1/Tema_12_2007_Plantervern_i_vanlig_og_oeko.pdf</dc:identifier>
  <dc:identifier>Koesling, Matthias and Serikstad, Grete Lene         (2007) Plantevern i vanlig og økologisk landbruk.   Bioforsk TEMA, no. 12. Bioforsk, Bioforsk Økologisk.</dc:identifier>
  <dc:relation>http://orgprints.org/10603/</dc:relation>
</oai_dc:dc>