<oai_dc:dc xmlns:oai_dc="http://www.openarchives.org/OAI/2.0/oai_dc/" xmlns:dc="http://purl.org/dc/elements/1.1/" xmlns:xsi="http://www.w3.org/2001/XMLSchema-instance" xsi:schemaLocation="http://www.openarchives.org/OAI/2.0/oai_dc/ http://www.openarchives.org/OAI/2.0/oai_dc.xsd">
  <dc:title>Management af kvælstof i grovfodersædskiftet</dc:title>
  <dc:creator>Eriksen, J.</dc:creator>
  <dc:subject>Nutrient turnover</dc:subject>
  <dc:subject>Dairy cattle</dc:subject>
  <dc:subject>Air and water emissions</dc:subject>
  <dc:description>I kvægsædskiftet håndteres store mængder kvælstof, som dels stammer fra N-fiksering i kløvergræsmarker og fra husdyrgødning. Især udnyttelsen af N ophobet i græsmarker stiller store krav til management. Men med god driftsledelse er det dog muligt at optimere N-udnyttelsen og dermed minimere tabene, som primært sker i form af nitratudvaskning.</dc:description>
  <dc:date>2006</dc:date>
  <dc:type>Conference paper, poster, etc.</dc:type>
  <dc:type>NonPeerReviewed</dc:type>
  <dc:format>source</dc:format>
  <dc:identifier>http://orgprints.org/10045/1/10045.doc</dc:identifier>
  <dc:identifier>Eriksen, J.    (2006) Management af kvælstof i grovfodersædskiftet.   In:     Kongresbilag, p. 108.</dc:identifier>
  <dc:relation>http://orgprints.org/10045/</dc:relation>
</oai_dc:dc>