<oai_dc:dc xmlns:oai_dc="http://www.openarchives.org/OAI/2.0/oai_dc/" xmlns:dc="http://purl.org/dc/elements/1.1/" xmlns:xsi="http://www.w3.org/2001/XMLSchema-instance" xsi:schemaLocation="http://www.openarchives.org/OAI/2.0/oai_dc/ http://www.openarchives.org/OAI/2.0/oai_dc.xsd">
  <dc:title>Økologisk landbruk og biologisk mangfold</dc:title>
  <dc:creator>Serikstad, Grete Lene</dc:creator>
  <dc:subject>Biodiversity and ecosystem services</dc:subject>
  <dc:description>Bruk og utforming av jordbrukslandskapet påvirker det biologiske mangfoldet. Driftsformen har betydning for planter, dyr og fugler, både direkte og indirekte. Bruk av kjemisk-syntetiske sprøytemidler og lettløselig nitrogengjødsel, kombinert med monokulturer reduserer biologisk mangfold. Økologisk landbruksdrift er positivt for det biologiske mangfoldet.</dc:description>
  <dc:date>2007-03</dc:date>
  <dc:type>Report</dc:type>
  <dc:type>NonPeerReviewed</dc:type>
  <dc:format>application/pdf</dc:format>
  <dc:identifier>http://orgprints.org/10606/1/Tema_17_2007_Oekologisk_landbruk_og_biologisk_mangfold.pdf</dc:identifier>
  <dc:identifier>Serikstad, Grete Lene         (2007) Økologisk landbruk og biologisk mangfold.   Bioforsk TEMA, no. 17. Bioforsk, Bioforsk Økologisk.</dc:identifier>
  <dc:relation>http://orgprints.org/10606/</dc:relation>
</oai_dc:dc>