<oai_dc:dc xmlns:oai_dc="http://www.openarchives.org/OAI/2.0/oai_dc/" xmlns:dc="http://purl.org/dc/elements/1.1/" xmlns:xsi="http://www.w3.org/2001/XMLSchema-instance" xsi:schemaLocation="http://www.openarchives.org/OAI/2.0/oai_dc/ http://www.openarchives.org/OAI/2.0/oai_dc.xsd">
  <dc:title>Determining consumer expectations, attitudes and buying behaviour towards “low input” and organic foods</dc:title>
  <dc:creator>Zanoli, R.</dc:creator>
  <dc:creator>François, M.</dc:creator>
  <dc:creator>Midmore, P.</dc:creator>
  <dc:creator>O’Doherty-Jensen, K.</dc:creator>
  <dc:creator>Ritson, C.</dc:creator>
  <dc:subject>Markets and trade</dc:subject>
  <dc:subject>Consumer issues</dc:subject>
  <dc:description>This paper reviews the first results and achievements of the QLIF SP1 “Determining consumer expectations and attitudes towards organic/low input food quality and safety”. The paper aims to illustrate the array of methodologies used and to discuss the ongoing research in light of the first results.</dc:description>
  <dc:date>2007</dc:date>
  <dc:type>Conference paper, poster, etc.</dc:type>
  <dc:type>NonPeerReviewed</dc:type>
  <dc:format>application/pdf</dc:format>
  <dc:identifier>http://orgprints.org/10442/1/zanoli-etal-2007-consumers_expectations.pdf</dc:identifier>
  <dc:identifier>Zanoli, R.; François, M.; Midmore, P.; O’Doherty-Jensen, K. and Ritson, C.    (2007) Determining consumer expectations, attitudes and buying behaviour towards “low input” and organic foods.       Paper at:   3rd QLIF Congress: Improving Sustainability in Organic and Low Input Food Production Systems, University of Hohenheim, Germany, March 20-23, 2007.</dc:identifier>
  <dc:relation>http://orgprints.org/10442/</dc:relation>
</oai_dc:dc>