<oai_dc:dc xmlns:oai_dc="http://www.openarchives.org/OAI/2.0/oai_dc/" xmlns:dc="http://purl.org/dc/elements/1.1/" xmlns:xsi="http://www.w3.org/2001/XMLSchema-instance" xsi:schemaLocation="http://www.openarchives.org/OAI/2.0/oai_dc/ http://www.openarchives.org/OAI/2.0/oai_dc.xsd">
  <dc:title>Überregulierung im Öko-Landbau - Eine Herausforderung für die Bio-Bewegung</dc:title>
  <dc:creator>Kotschi, Johannes</dc:creator>
  <dc:subject>Regulation</dc:subject>
  <dc:description>Die Öko-Landbau Richtlinien werden von Mitteleuropas Bauern immer mehr als Würgegriff erlebt, und in den Entwicklungsländern hemmen sie die Entwicklung ökologischer Alternativen in der Landwirtschaft. Plädoyer für eine Neuorientierung.</dc:description>
  <dc:publisher>Stiftung Ökologie und Landbau</dc:publisher>
  <dc:contributor>Kotschi, Johannes</dc:contributor>
  <dc:date>2005-01</dc:date>
  <dc:type>Journal paper</dc:type>
  <dc:type>NonPeerReviewed</dc:type>
  <dc:format>application/msword</dc:format>
  <dc:identifier>http://orgprints.org/10574/1/%C3%96%26L_Artikel_Kotschi.doc</dc:identifier>
  <dc:identifier>Kotschi, Johannes   (2005) Überregulierung im Öko-Landbau - Eine Herausforderung für die Bio-Bewegung.  [Organic Agriculture is over-regulated - a challenge for the organic movement.]  Ökologie &amp; Landbau, 133 (1), pp. 27-29.</dc:identifier>
  <dc:relation>http://orgprints.org/10574/</dc:relation>
</oai_dc:dc>