<oai_dc:dc xmlns:oai_dc="http://www.openarchives.org/OAI/2.0/oai_dc/" xmlns:dc="http://purl.org/dc/elements/1.1/" xmlns:xsi="http://www.w3.org/2001/XMLSchema-instance" xsi:schemaLocation="http://www.openarchives.org/OAI/2.0/oai_dc/ http://www.openarchives.org/OAI/2.0/oai_dc.xsd">
  <dc:title>5. Internationale Tagung: Ökoschweine im Visier</dc:title>
  <dc:subject>Food security, food quality and human health</dc:subject>
  <dc:subject>Markets and trade</dc:subject>
  <dc:subject>Values, standards and certification</dc:subject>
  <dc:subject>Pigs</dc:subject>
  <dc:subject>Health and welfare</dc:subject>
  <dc:subject>Feeding and growth</dc:subject>
  <dc:description>Inhaltsverzeichnis &#xD;
&#xD;
- Nationaler Bewertungsrahmen Tierhaltungsverfahren – Konsequenzen für die ökologische Schweinehaltung&#xD;
- Schweinehaltungs-Hygieneverordnung&#xD;
- Betriebszweigabrechnung (BZA) Schwein – wo stehen unsere Betriebe? (BZA Ferkelerzeuger, BZA Mastschweinehalter)&#xD;
- Perspektive 2010 – was muss passieren? &#xD;
- Abferkeln im Öko-Außenklimastall? Ergebnisse aus einem Praxisbetrieb und Folgerungen &#xD;
- Ökologische Schweineproduktion in mittel- und osteuropäischen Ländern &#xD;
- Ein System für eine ökologische Jungsauenvermehrung &#xD;
- Ökologische Jungsauenerzeugung für Qualitätsfleisch &#xD;
- Gesundheitsmanagement und Arbeitsaufwand in der Schweinemast &#xD;
- Gesunde Haltung für die Qualitätsfleischerzeugung &#xD;
- Empfehlungen für die Freilandhaltung &#xD;
- Sustainable organic pig production in free range systems – 20 years of experience in England (Nachhaltige ökologische Schweinehaltung im Freiland – 20 Jahre Erfahrung aus England) &#xD;
- Sind Qualität und Quantität vereinbar? &#xD;
- Qualität und Bezahlung passen nicht zusammen!? Impulse zur Podiumsdiskussion: &#xD;
Qualität und Bezahlung passen zusammen! &#xD;
- Ein Rundbrief an alle Bio Fleischvermarkter oder Eine Freifahrt auf dem Biofleisch-Verschiebebahnhof oder Ein Ausflug durch das Land der Bio-fleischhändler oder Eine polemische Streitschrift &#xD;
- Verbrauchererwartungen und tatsächlich angebotene Qualitäten bei ökologischem Schweinefleisch stehen nicht selten im Widerspruch</dc:description>
  <dc:contributor>Bioland e.V., Die Ökoberater, Naturland e.V., Institut für ökologischen Landbau der FAL</dc:contributor>
  <dc:date>2006</dc:date>
  <dc:type>Proceedings</dc:type>
  <dc:type>NonPeerReviewed</dc:type>
  <dc:format>application/pdf</dc:format>
  <dc:identifier>http://orgprints.org/10072/1/bioland-2006-5.internationale_tagung_oekoschweine_im_visir.pdf</dc:identifier>
  <dc:identifier>Bioland e.V., Die Ökoberater, Naturland e.V., Institut für ökologischen Landbau der FAL (Ed.)    (2006) 5. Internationale Tagung: Ökoschweine im Visier.    . Proceedings of 5. Internationale Tagung: Ökoschweine im Visier, Seddiner See bei Potsdam (Deutschland), 06.02.2006 - 07.02.2006.   [Unpublished]</dc:identifier>
  <dc:relation>http://orgprints.org/10072/</dc:relation>
</oai_dc:dc>