<oai_dc:dc xmlns:oai_dc="http://www.openarchives.org/OAI/2.0/oai_dc/" xmlns:dc="http://purl.org/dc/elements/1.1/" xmlns:xsi="http://www.w3.org/2001/XMLSchema-instance" xsi:schemaLocation="http://www.openarchives.org/OAI/2.0/oai_dc/ http://www.openarchives.org/OAI/2.0/oai_dc.xsd">
  <dc:title>Øker marine proteintilskudd risikoen for smaksfeil i økologisk melk?</dc:title>
  <dc:creator>Adler, Steffen A.</dc:creator>
  <dc:creator>Randby, Åshild T.</dc:creator>
  <dc:subject>Dairy cattle</dc:subject>
  <dc:subject>Feeding and growth</dc:subject>
  <dc:description>To kortvarige cross over-forsøk ble gjennomført for å vurdere risikoen for smaksfeil ved bruk av marine proteinkilder. I forsøk 1 ble fiskemel, fiskeproteinkonsentrat og erter sammenlignet. Proteinsupplementet ble kombinert med malt korn til isonitrogene og isoenergetiske kraftfôrrasjoner. I forsøk 2 ble ulike tidspunkt for tildeling av fiskemel sammenlikna. Den daglige fiskemelrasjonen ble fordelt på morgen og kveldsmåltid. Morgenmåltidet ble gitt etter melking til alle kyr. Kveldsmåltidet ble gitt henholdsvis 2 timer før, ½ time før, eller etter kveldsmelkingen. Alle kyrne fikk også tilskudd av malt korn. Melka (i forsøk 2 kveldsmelk) ble testet av et smakspanel på 3 dommere. Verken type av marin proteinkilde sammenlignet med erter, eller tildelingstidspunktet for fiskemel påvirket melkas smak eller lukt som generelt var av god kvalitet.</dc:description>
  <dc:contributor>Dille, Liv Lønne</dc:contributor>
  <dc:date>2007</dc:date>
  <dc:type>Conference paper, poster, etc.</dc:type>
  <dc:type>NonPeerReviewed</dc:type>
  <dc:format>application/pdf</dc:format>
  <dc:identifier>http://orgprints.org/10568/1/Adler_Randby_smaksfeil_HFM07.pdf</dc:identifier>
  <dc:identifier>Adler, Steffen A. and Randby, Åshild T.    (2007) Øker marine proteintilskudd risikoen for smaksfeil i økologisk melk?  [Do marine protein supplements increase the risk of fish flavour of organic milk?]  In: Dille, Liv Lønne (Ed.)  Husdyrforsøksmøtet 2007, pp. 489-492.</dc:identifier>
  <dc:relation>http://orgprints.org/10568/</dc:relation>
</oai_dc:dc>