<oai_dc:dc xmlns:oai_dc="http://www.openarchives.org/OAI/2.0/oai_dc/" xmlns:dc="http://purl.org/dc/elements/1.1/" xmlns:xsi="http://www.w3.org/2001/XMLSchema-instance" xsi:schemaLocation="http://www.openarchives.org/OAI/2.0/oai_dc/ http://www.openarchives.org/OAI/2.0/oai_dc.xsd">
  <dc:title>Auswirkungen der EU-Osterweiterung auf den Öko-Landbau in Ost und West: Erste Ergebnisse.</dc:title>
  <dc:creator>Zander, Katrin</dc:creator>
  <dc:creator>Nieberg, Hiltrud</dc:creator>
  <dc:subject>Policy environments and social economy</dc:subject>
  <dc:subject>Farm economics</dc:subject>
  <dc:description>Der ökologische Landbau in den neuen Mitgliedsländern der EU hat in den letzten Jahren eine sehr dynamische Entwicklung erfahren. Durch die verstärkte Förderung hat sich die Wirtschaftlichkeit des ökologischen Landbaus nach dem Beitritt zur EU deutlich erhöht. Westeuropäische Erzeuger fürchten die zunehmende Konkurrenz. Mittelfristig werden die östlichen Ökolandwirte ihre Kostenvorteile nur nutzen können, wenn sie Produktivitätsfortschritte erzielen. Auf der Absatzseite sind deutliche Investitionen in die Infrastruktur und in eine effektive Öko-verarbeitung und -Vermarktung erforderlich. Eine steigende inländische Nachfrage in Folge wirtschaftlicher Entwicklung kann den Exportdruck zusätzlich reduzieren, so dass mit einer „Schwemme“ mittel- und osteuropäischer Produkte auf westlichen Märkten zumindest kurzfristig nicht zu rechnen ist.</dc:description>
  <dc:contributor>Rahmann, Gerold</dc:contributor>
  <dc:date>2006</dc:date>
  <dc:type>Journal paper</dc:type>
  <dc:type>NonPeerReviewed</dc:type>
  <dc:format>application/pdf</dc:format>
  <dc:identifier>http://orgprints.org/10577/1/Paper_OekoLB_OsteuropaHil.pdf</dc:identifier>
  <dc:identifier>Zander, Katrin and Nieberg, Hiltrud   (2006) Auswirkungen der EU-Osterweiterung auf den Öko-Landbau in Ost und West: Erste Ergebnisse.  [Impacts of EU Eastern enlargement on organic farming in the East and the West: first results.]  Ressortforschung für den Ökologischen Landbau 2006. Sonderheft Landbauforschung (298).</dc:identifier>
  <dc:relation>http://orgprints.org/10577/</dc:relation>
</oai_dc:dc>