<oai_dc:dc xmlns:oai_dc="http://www.openarchives.org/OAI/2.0/oai_dc/" xmlns:dc="http://purl.org/dc/elements/1.1/" xmlns:xsi="http://www.w3.org/2001/XMLSchema-instance" xsi:schemaLocation="http://www.openarchives.org/OAI/2.0/oai_dc/ http://www.openarchives.org/OAI/2.0/oai_dc.xsd">
  <dc:title>Improvement of the soil-crop model AZODYN under conventional, low-input and organic conditions</dc:title>
  <dc:creator>David, Christophe</dc:creator>
  <dc:creator>Jeuffroy, Marie-Hélène</dc:creator>
  <dc:creator>Valentin Morison, Muriel</dc:creator>
  <dc:creator>Herbain, Céline</dc:creator>
  <dc:subject>Cereals, pulses and oilseeds</dc:subject>
  <dc:subject>Farm nutrient management</dc:subject>
  <dc:subject>Composting and manuring</dc:subject>
  <dc:description>The use of mechanistic crop modelling, simulating the dynamics of crop N requirements and nitrogen supply from the soil and fertilizers, can provide sound advice to users. This paper describes a methodological way to improve soil-crop modeling used for N management of conventional and organic wheat.</dc:description>
  <dc:date>2007</dc:date>
  <dc:type>Conference paper, poster, etc.</dc:type>
  <dc:type>NonPeerReviewed</dc:type>
  <dc:format>application/pdf</dc:format>
  <dc:identifier>http://orgprints.org/10310/1/david-etal-2007-soil-crop-model_azodyn.pdf</dc:identifier>
  <dc:identifier>David, Christophe; Jeuffroy, Marie-Hélène; Valentin Morison, Muriel and Herbain, Céline    (2007) Improvement of the soil-crop model AZODYN under conventional, low-input and organic conditions.       Paper at:   3rd QLIF Congress: Improving Sustainability in Organic and Low Input Food Production Systems, University of Hohenheim, Germany, March 20-23, 2007.</dc:identifier>
  <dc:relation>http://orgprints.org/10310/</dc:relation>
</oai_dc:dc>