<oai_dc:dc xmlns:oai_dc="http://www.openarchives.org/OAI/2.0/oai_dc/" xmlns:dc="http://purl.org/dc/elements/1.1/" xmlns:xsi="http://www.w3.org/2001/XMLSchema-instance" xsi:schemaLocation="http://www.openarchives.org/OAI/2.0/oai_dc/ http://www.openarchives.org/OAI/2.0/oai_dc.xsd">
  <dc:title>Aufgelöste Bauweise in der Sauenhaltung</dc:title>
  <dc:creator>Simantke, C.</dc:creator>
  <dc:subject>Pigs</dc:subject>
  <dc:subject>Health and welfare</dc:subject>
  <dc:description>In natürlicher Umgebung leben Sauen mit ihren Ferkeln in Gruppen und suchen zum Wühlen und Fressen, zum Ruhen und zum Koten verschiedene Orte auf. In der bisher üblichen, kompakten Stallbauweise ist eine Trennung dieser Lebensbereiche nur ungenügend zu realisieren. Hier bietet sich eine aufgelöste Bauweise an, die den Bedürfnissen der Tiere und der mit ihnen arbeitenden Menschen so weit wie möglich entgegen kommt. Sie ist kostengünstig und lässt sich gut in Altgebäude integrieren.</dc:description>
  <dc:publisher>Bioland Verlags GmbH</dc:publisher>
  <dc:date>2001</dc:date>
  <dc:type>Journal paper</dc:type>
  <dc:type>NonPeerReviewed</dc:type>
  <dc:format>application/pdf</dc:format>
  <dc:identifier>http://orgprints.org/10518/1/aufgel%C3%B6ste-bauweise-biol.pdf</dc:identifier>
  <dc:identifier>Simantke, C.   (2001) Aufgelöste Bauweise in der Sauenhaltung.   Bioland (3), pp. 11-12.</dc:identifier>
  <dc:relation>http://orgprints.org/10518/</dc:relation>
</oai_dc:dc>