<oai_dc:dc xmlns:oai_dc="http://www.openarchives.org/OAI/2.0/oai_dc/" xmlns:dc="http://purl.org/dc/elements/1.1/" xmlns:xsi="http://www.w3.org/2001/XMLSchema-instance" xsi:schemaLocation="http://www.openarchives.org/OAI/2.0/oai_dc/ http://www.openarchives.org/OAI/2.0/oai_dc.xsd">
  <dc:title>Zum Einfluss der Fütterung von Leindotterpresskuchen auf die Mast- und Schlachtleistung von Broilern aus ökologischer Mast</dc:title>
  <dc:creator>Weißmann, F.</dc:creator>
  <dc:creator>Paulsen, H.-M.</dc:creator>
  <dc:creator>Fischer, K.</dc:creator>
  <dc:creator>Matthäus, B.</dc:creator>
  <dc:creator>Bauer, M.</dc:creator>
  <dc:creator>Pscheidl, M.</dc:creator>
  <dc:creator>Vogt-Kaute, W.</dc:creator>
  <dc:subject>Food security, food quality and human health</dc:subject>
  <dc:subject>Feeding and growth</dc:subject>
  <dc:description>Leindotter (Camelina sativa L.) ist eine viel versprechende Ölfrucht im ökologischen Pflanzenbau. Ihre Wertschöpfung ließe sich steigern, wenn der bei der Ölgewinnung anfallende Presskuchen als Futtermittel genutzt werden könnte. Allerdings verbietet das Futtermittelrecht den Einsatz von Leindotter und daraus hergestellten Produkten. Anträge auf Änderung sind jedoch erst dann Erfolg versprechend, wenn wissenschaftlich abgesicherte Empfehlungen zu einer unbedenklichen Einsatzhöhe gegeben werden können. Vor diesem Hintergrund wurden in einem Fütterungsversuch mit 192 männlichen Broilern (ISA 457) die Auswirkungen unterschiedlich hoher Anteile von Leindotterpresskuchen (LDPK) in einer ökologischen Ration auf die Mast- und Schlachtleistung untersucht. Hierbei wurden vier Diäten eingesetzt, bei denen LDPK zu 0%, 2,5% und 5% sowie druckthermisch behandelter LDPK zu 5% im Austausch gegen thermisch vorbehandelten Bio-Sojakuchen eingemischt war. Es zeigte sich, dass bis zu 5% unbehandelter LDPK in der Futterration die Mastleistung sowie Schlachtkörper-, Fleisch- und Fettqualität mehr oder weniger unbeeinflusst ließ. Druckthermisch behandelter LDPK zeigte diesbezüglich negative Auswirkungen bis hin zu erhöhten Schilddrüsen- und Lebergewichten. Auf Grund der vorliegenden Ergebnisse kann zur Höhe des Anteils von Leindotterpresskuchen in einer ökologischen Broilermastration noch keine abschließende Empfehlung gegeben werden. Weitere Untersuchungen sind deshalb erforderlich.</dc:description>
  <dc:publisher>Bundesforschungsanstalt für Ernährung und Lebensmittel, Standort Kulmbach</dc:publisher>
  <dc:date>2006-12</dc:date>
  <dc:type>Journal paper</dc:type>
  <dc:type>NonPeerReviewed</dc:type>
  <dc:format>application/pdf</dc:format>
  <dc:identifier>http://orgprints.org/10225/1/LDPK-BAFF-KU-2006.pdf</dc:identifier>
  <dc:identifier>Weißmann, F.; Paulsen, H.-M.; Fischer, K.; Matthäus, B.; Bauer, M.; Pscheidl, M. and Vogt-Kaute, W.   (2006) Zum Einfluss der Fütterung von Leindotterpresskuchen auf die Mast- und Schlachtleistung von Broilern aus ökologischer Mast.  [Influence of Camelina sativa oilcake in organic broiler feeding on performance, carcass and meat quality.]  Mitteilungsblatt der Fleischforschung Kulmbach, 45 (174), pp. 229-236.   [Unpublished]</dc:identifier>
  <dc:relation>http://orgprints.org/10225/</dc:relation>
</oai_dc:dc>