<oai_dc:dc xmlns:oai_dc="http://www.openarchives.org/OAI/2.0/oai_dc/" xmlns:dc="http://purl.org/dc/elements/1.1/" xmlns:xsi="http://www.w3.org/2001/XMLSchema-instance" xsi:schemaLocation="http://www.openarchives.org/OAI/2.0/oai_dc/ http://www.openarchives.org/OAI/2.0/oai_dc.xsd">
  <dc:title>Utmelding av norske øko-bønder - Hva er årsakene?</dc:title>
  <dc:subject>Policy environments and social economy</dc:subject>
  <dc:subject>Regulation</dc:subject>
  <dc:subject>Farming Systems</dc:subject>
  <dc:description>I Norge har det lenge vært et mål å øke andelen økologisk dyrket areal til 10% innen 2010, og nå har myndighetene også som mål at 15% av matproduksjonen og matforbruket i 2015 skal være økologisk. Økologisk jordbruk har utviklet seg rakst siden først på 1990-tallet.  Fra 1991 til 2005 har økologisk jordbruksareal økt fra 24 430 til 430 330 daa, og utgjør nå 3,5% av det samlede jordbruksarealet. Bare for å nå 10%-målet er det behov for at minst 4000 flere bønder legger om til økologisk landbruk, og enda flere må legge om for å nå 15%-målet. Siden 2002 har omlag 200 bønder sluttet med Debio-godkjent økologisk produksjon hvert år. Vi vet ikke om disse har vendt tilbake til konvensjonell drift, om de har avviklet gardsdrifta, eller om de fortsatt driver tilnærmet økologisk, men ønsker å stå utenfor Debio-ordningen. I andre europeiske land er det utført flere studier for å finne årsaker til at økobønder slutter, men i Norge er det så langt ikke gjort noen vitenskapelige undersøkelser av dette. &#xD;
&#xD;
Dette prosjektet vil undersøke hvorfor bøndene har sluttet med økologisk produksjon. Kunnskap om dette emnet er viktig for å kunne utarbeide landbrukspolitiske virkemidler og andre tiltak som kan sikre fortsatt vekst i økologisk matproduksjon i Norge. Vi vil finne kjennetegn ved brukene og brukerne, og analysere faktorer som påvirker beslutningen om å slutte med økologisk drift. Norske resultater og rammebetingelser vil bli sammenliknet med utenlandske. Vi vil også diskutere virkemidler og tiltak for å avgrense frafallet fra økologisk gardsdrift. &#xD;
&#xD;
Først vil vi sende ut et spørreskjema til alle brukerne som har sluttet med økologisk drift i 2003 eller senere. Spørreundersøkelsen vil behandles med statistiske analyser. Deretter vil vi gjennomføre personlige dybdeintervju med noen av de tidligere øko-bøndene samt med andre viktige meningsberettigede. Disse intervjuene vil gi ytterligere innsikt og utfylle spørreundersøkelsen. Den valgte kombinasjonen av metoder vil gjøre at vi får bedre forståelse av årsakene til at gardbrukere slutter med økologisk drift.&#xD;
&#xD;
Det er et samarbeid mellom Bioforsk Økologisk, Tingvoll og Norsk institutt for landbruksøkonomisk forskning (NILF). Vi vil ha et internasjonalt samarbeid med Danmarks tekniske universitet og BOKU, universitet for naturressurser og anvendt naturvitenskap i Wien, Østerrike.</dc:description>
  <dc:type>Project description</dc:type>
  <dc:type>NonPeerReviewed</dc:type>
  <dc:format>application/pdf</dc:format>
  <dc:identifier>http://orgprints.org/10629/1/10629.pdf</dc:identifier>
  <dc:format>application/pdf</dc:format>
  <dc:identifier>http://orgprints.org/10629/2/Kronikk_Nationen_080808_Side_20.pdf</dc:identifier>
  <dc:identifier>{Project}    Opting Out: Utmelding av norske øko-bønder - Hva er årsakene?  [Reasons for opting out of certified organic production in Norway.]   Runs 2007 - 2008.      Project Leader(s): Løes, Anne-Kristin, Bioforsk.</dc:identifier>
  <dc:relation>http://orgprints.org/10629/</dc:relation>
</oai_dc:dc>