<oai_dc:dc xmlns:oai_dc="http://www.openarchives.org/OAI/2.0/oai_dc/" xmlns:dc="http://purl.org/dc/elements/1.1/" xmlns:xsi="http://www.w3.org/2001/XMLSchema-instance" xsi:schemaLocation="http://www.openarchives.org/OAI/2.0/oai_dc/ http://www.openarchives.org/OAI/2.0/oai_dc.xsd">
  <dc:title>Die Vermarktung von Öko-Lebensmitteln in Europa [The Marketing of Organic Food in Europe]</dc:title>
  <dc:creator>Hamm, Ulrich</dc:creator>
  <dc:creator>Michelsen, Johannes</dc:creator>
  <dc:subject>Markets and trade</dc:subject>
  <dc:subject>Surveys and statistics</dc:subject>
  <dc:description>Der Markt für ökologische Lebensmittel in Europa ist sehr dynamisch.&#xD;
In einer Studie wurden fördernde und hemmende Faktoren für die Realisierung eines größeren Marktanteils von Ökoprodukten ermittelt.</dc:description>
  <dc:publisher>Stiftung Ökologie und Landbau (SÖL), Bad Dürkheim</dc:publisher>
  <dc:date>2000-01</dc:date>
  <dc:type>Journal paper</dc:type>
  <dc:type>NonPeerReviewed</dc:type>
  <dc:format>application/pdf</dc:format>
  <dc:identifier>http://orgprints.org/1044/1/hamm-2000-vermarktung-europa.pdf</dc:identifier>
  <dc:identifier>Hamm, Ulrich and Michelsen, Johannes   (2000) Die Vermarktung von Öko-Lebensmitteln in Europa [The Marketing of Organic Food in Europe].   Ökologie und Landbau, 113 (1), pp. 31-38.</dc:identifier>
  <dc:relation>http://orgprints.org/1044/</dc:relation>
</oai_dc:dc>