<oai_dc:dc xmlns:oai_dc="http://www.openarchives.org/OAI/2.0/oai_dc/" xmlns:dc="http://purl.org/dc/elements/1.1/" xmlns:xsi="http://www.w3.org/2001/XMLSchema-instance" xsi:schemaLocation="http://www.openarchives.org/OAI/2.0/oai_dc/ http://www.openarchives.org/OAI/2.0/oai_dc.xsd">
  <dc:title>Perspektiven ökologischer Regulierungsverfahren für den Erbsenwickler (Cydia nigricana, Lep. Tortricidae) in Saat- und Gemüseerbsen mit Sexual-Pheromonen und Granuloseviren</dc:title>
  <dc:creator>Saucke, Helmut</dc:creator>
  <dc:creator>Brede, Uwe</dc:creator>
  <dc:creator>Rama, Franco</dc:creator>
  <dc:creator>Kratt, Armin</dc:creator>
  <dc:creator>Lorenz, Norbert</dc:creator>
  <dc:creator>Zimmermann, Olaf</dc:creator>
  <dc:subject>Crop health, quality, protection</dc:subject>
  <dc:subject>Cereals, pulses and oilseeds</dc:subject>
  <dc:description>Aufgrund der in den letzten Jahren in Deutschland stetigen gestiegenen Anbaufläche für Körnererbsen ist das Schadpotential einiger Leguminosenschädlinge, insbesondere des Erbsenwicklers (Cydia nigricana (Lep.: Tortricidae))deutlich gestiegen. In der ökologischen Vermehrung von Körnererbsensaatgut beeinträchtigt erhöhter Wicklerbefall die Keimfähigkeit, Triebkraft und auch die Saatgutreinheit&#xD;
durch sich festsetzenden Unkrautsamen in angefressenen Saaterbsen. Dies kann zur Abstufung ganzer Saatgutpartien führen. Weiterhin treten in den letzten Jahren Probleme im Vertragsanbau von Öko-Gemüseerbsen für die Tiefkühlbranche auf. Dort droht bereits mit der Überschreitung von 0,05% C. nigricana-geschädigter Erbsen die Aberkennung und damit Totalausfall für die gesamte Fläche. Wirksame, richtlinienkonforme Gegenmassnahmen stehen betroffenen Landwirten derzeit nicht zur Verfügung. Im Folgenden werden aus Feldversuchen der Jahre 2000, 2001 und 2003 einige grundlegende Erfahrungen zur Sortenanfälligkeit, zur räumlichen Befallsverteilung auf Praxisschlägen und zum Monitoring des Wicklerfluges mit Pheromon- Monitoringfallen erörtert. Vor diesem Hintergrund werden aussichtsreiche, ökologische Regeirungsansätze erläutert und erste Ergebnisse aus Tastversuchen dargestellt. Die Untersuchungen verfolgen das Ziel anstehende C. nigricana-Befallsrisiken zuverlässiger einschätzen zu können und angemessene und wirksame Regulative zu erarbeiten.</dc:description>
  <dc:publisher>Universität für Bodenkultur Wien - Institut für ökologischen Landbau</dc:publisher>
  <dc:contributor>Freyer, Bernhard</dc:contributor>
  <dc:date>2003</dc:date>
  <dc:type>Conference paper, poster, etc.</dc:type>
  <dc:type>NonPeerReviewed</dc:type>
  <dc:format>application/pdf</dc:format>
  <dc:identifier>http://orgprints.org/1072/1/saucke-2003-regulierung-erbsenwickler.pdf</dc:identifier>
  <dc:identifier>Saucke, Helmut; Brede, Uwe; Rama, Franco; Kratt, Armin; Lorenz, Norbert and Zimmermann, Olaf    (2003) Perspektiven ökologischer Regulierungsverfahren für den Erbsenwickler (Cydia nigricana, Lep. Tortricidae) in Saat- und Gemüseerbsen mit Sexual-Pheromonen und Granuloseviren.   In: Freyer, Bernhard (Ed.)  Beiträge zur 7. Wissenschaftstagung zum Ökologischen Landbau "Ökologischer Landbau der Zukunft",  Universität für Bodenkultur Wien - Institut für ökologischen Landbau, pp. 129-132.</dc:identifier>
  <dc:relation>http://orgprints.org/1072/</dc:relation>
</oai_dc:dc>