<oai_dc:dc xmlns:oai_dc="http://www.openarchives.org/OAI/2.0/oai_dc/" xmlns:dc="http://purl.org/dc/elements/1.1/" xmlns:xsi="http://www.w3.org/2001/XMLSchema-instance" xsi:schemaLocation="http://www.openarchives.org/OAI/2.0/oai_dc/ http://www.openarchives.org/OAI/2.0/oai_dc.xsd">
  <dc:title>Untersuchungen zur Wurzeldynamik in einer fünfgliedrigen Ackerfruchtfolge bei wendender und nichtwendender Bodenbearbeitung im ökologischen Landbau - Erste Ergebnisse [Investigations on root dynamics of an organic five-year crop rotation with and without plough - first results]</dc:title>
  <dc:creator>Plümer, Tanja</dc:creator>
  <dc:subject>Soil quality</dc:subject>
  <dc:subject>Soil tillage</dc:subject>
  <dc:description>Seit der Vegetationsperiode 1998/1999 werden Untersuchungen zur Durchwurzelung des Bodens mit gleichzeitiger Betrachtung des Bodengefüges auf den Versuchsflächen des „Projektes Ökologische Bodenbewirtschaftung“ in Rheinhessen/Deutschland durchgeführt. Dabei stehen eventuelle Unterschiede durch die drei Bearbeitungsvarianten Pflug, Schichtenpflug und Schichtengrubber im zentralen Interesse. Es stellt sich die Frage, inwieweit Grünbrache und Zwischenfrucht, die nach Ernte der Hauptkulturfrüchte folgen, durch ihre Wurzelleistung den Boden regenerieren und vermehrt mit Energie versorgen.&#xD;
Es werden im Laufe der Untersuchungen alle Parzellen der Versuchsfläche mit allen angebauten Früchten (Grünbrache, Zwischenfrucht, Winterroggen, Winterweizen und Braugerste) auf dem Eichenhof beprobt. Erbsen werden aufgrund hoher Verunkrautungsraten nicht herangezogen. Angewandte Methoden sind die Erweiterte Spatendiagnose nach HAMPL/KUSSEL und die Bohrkernbruchmethode nach HELLRIEGEL.&#xD;
In der Grünbrache zeigen erste Ergebnisse in der Pflug-Variante eine schnellere Wurzelentwicklung mit erhöhten Wurzelzahlen. Die Bearbeitungsvarianten Schichtenpflug und Schichtengrubber holen im Laufe der Monate diesen Vorsprung auf und zeigen im Fortschreiten der Vegetationsperiode höhere Wurzelzahlen, so daß sich eine Verbesserung der Wurzelleistungen insgesamt durch konservierende Bearbeitung (Schichtenpflug und Schichtengrubber) anzudeuten scheint.</dc:description>
  <dc:publisher>Institut für ökologischen Landbau - Universität für Bodenkultur, Wien</dc:publisher>
  <dc:contributor>Freyer, Bernhard</dc:contributor>
  <dc:date>2003</dc:date>
  <dc:type>Conference paper, poster, etc.</dc:type>
  <dc:type>NonPeerReviewed</dc:type>
  <dc:format>application/pdf</dc:format>
  <dc:identifier>http://orgprints.org/1076/1/1076-pluemer-t-2003-wurzeldynamik.pdf</dc:identifier>
  <dc:identifier>Plümer, Tanja    (2003) Untersuchungen zur Wurzeldynamik in einer fünfgliedrigen Ackerfruchtfolge bei wendender und nichtwendender Bodenbearbeitung im ökologischen Landbau - Erste Ergebnisse [Investigations on root dynamics of an organic five-year crop rotation with and without plough - first results].   In: Freyer, Bernhard (Ed.)  Beiträge zur 7. Wissenschaftstagung zum Ökologischen Landbau: Ökologischer Landbau der Zukunft, Institut für ökologischen Landbau - Universität für Bodenkultur, Wien, pp. 457-458.</dc:identifier>
  <dc:relation>http://orgprints.org/1076/</dc:relation>
</oai_dc:dc>