<oai_dc:dc xmlns:oai_dc="http://www.openarchives.org/OAI/2.0/oai_dc/" xmlns:dc="http://purl.org/dc/elements/1.1/" xmlns:xsi="http://www.w3.org/2001/XMLSchema-instance" xsi:schemaLocation="http://www.openarchives.org/OAI/2.0/oai_dc/ http://www.openarchives.org/OAI/2.0/oai_dc.xsd">
  <dc:title>Kløvergræsmarker modvirker drivhuseffekten</dc:title>
  <dc:creator>Carter, Mette S.</dc:creator>
  <dc:creator>Amus, Per</dc:creator>
  <dc:subject>Pasture and forage crops</dc:subject>
  <dc:subject>Air and water emissions</dc:subject>
  <dc:description>Lattergas (N2O) er en drivhusgas, som primært dannes når bakterier i jorden omsætter kvælstof. I Danmark anslås det, at landbrugets udledning af lattergas til atmosfæren udgør ca. 14 procent af det samlede udslip af drivhusgasser.&#xD;
Ved beregning af udslippet af lattergas antages det at 1.25 procent af det kvælstof, der gødes med på marken, tabes som lattergas. &#xD;
&#xD;
Dette gælder, når der er tale om gødning med handelsgødning.&#xD;
Kløverplanter har den særlige egenskab, at de er i stand til at indbygge (fiksere) kvælstof fra luften, hvorved planterne kan medvirke til at ‘gøde’ sig selv og også gøde jorden for efterfølgende afgrøder. Kløvergræs (en blanding af græs og kløver) er derfor en vigtig afgrøde på både økologiske og konventionelle mælkebrug.&#xD;
&#xD;
Imidlertid findes der stort set ingen viden om, hvor meget af det atmosfærisk fikserede kvælstof i kløverplanter, der vender tilbage til atmosfæren som lattergas. Vi har nu undersøgt dette som en del af et netop afsluttet Ph.d. studie.</dc:description>
  <dc:date>2005-12</dc:date>
  <dc:type>Journal paper</dc:type>
  <dc:type>NonPeerReviewed</dc:type>
  <dc:format>application/pdf</dc:format>
  <dc:identifier>http://orgprints.org/10146/1/10146.pdf</dc:identifier>
  <dc:identifier>Carter, Mette S. and Amus, Per   (2005) Kløvergræsmarker modvirker drivhuseffekten.  [Grass clover fields mitigate greenhouse effect.]  FØJOenyt, 6.</dc:identifier>
  <dc:relation>http://orgprints.org/10146/</dc:relation>
</oai_dc:dc>