<oai_dc:dc xmlns:oai_dc="http://www.openarchives.org/OAI/2.0/oai_dc/" xmlns:dc="http://purl.org/dc/elements/1.1/" xmlns:xsi="http://www.w3.org/2001/XMLSchema-instance" xsi:schemaLocation="http://www.openarchives.org/OAI/2.0/oai_dc/ http://www.openarchives.org/OAI/2.0/oai_dc.xsd">
  <dc:title>Introduction to the use and perspectives of the Organic Eprints archive</dc:title>
  <dc:creator>Elsgaard, Lars</dc:creator>
  <dc:subject>Education, extension and communication</dc:subject>
  <dc:description>This presentation summarizes the current status of the Organic Eprints archive in terms of deposited papers and visitors. Advantages of using the archive are highlighted from the perspective of users, depositors and webmasters. Finally, an introduction is given to copyright issues and the position of publishers and journals.</dc:description>
  <dc:date>2007</dc:date>
  <dc:type>Conference paper, poster, etc.</dc:type>
  <dc:type>NonPeerReviewed</dc:type>
  <dc:format>application/pdf</dc:format>
  <dc:identifier>http://orgprints.org/10674/1/QLIFworkshop.pdf</dc:identifier>
  <dc:identifier>Elsgaard, Lars    (2007) Introduction to the use and perspectives of the Organic Eprints archive.       Speech at:   3rd International Congress of the European Integrated Project Quality Low Input Food (QLIF), University of Hohenheim, Germany, March 20 - 23, 2007.</dc:identifier>
  <dc:relation>http://orgprints.org/10674/</dc:relation>
</oai_dc:dc>