<oai_dc:dc xmlns:oai_dc="http://www.openarchives.org/OAI/2.0/oai_dc/" xmlns:dc="http://purl.org/dc/elements/1.1/" xmlns:xsi="http://www.w3.org/2001/XMLSchema-instance" xsi:schemaLocation="http://www.openarchives.org/OAI/2.0/oai_dc/ http://www.openarchives.org/OAI/2.0/oai_dc.xsd">
  <dc:title>RAPD-PCR amplification of DNA from virgin olive oil</dc:title>
  <dc:creator>Perri, Dr Enzo</dc:creator>
  <dc:creator>Muzzalupo, PhD Innocenzo</dc:creator>
  <dc:creator>Sirianni, Ms Raffaella</dc:creator>
  <dc:subject>Food security, food quality and human health</dc:subject>
  <dc:subject>Olive</dc:subject>
  <dc:subject>Values, standards and certification</dc:subject>
  <dc:description>The characterization of the genetic identity of DNA recoverable from olive oil could facilitate the identification of the source cultivar. This requires that intact DNA or large fragments suitable for amplification by polymerase chain reaction (PCR) should be recovered from olive oil. This paper presents the preliminary results of an experiment evaluating the extent to which DNA recoverable from the veiled virgin olive (cv. Carolea) oil would allow PCR amplification useful for random amplified polymorphic DNA (RAPD) fingerprinting. Only residual DNA from olive oil sediments obtained by protease treatment was useful in RAPD-PCR amplification.</dc:description>
  <dc:contributor>Vitagliano, C.</dc:contributor>
  <dc:contributor>Martelli, G. P.</dc:contributor>
  <dc:date>2002</dc:date>
  <dc:type>Conference paper, poster, etc.</dc:type>
  <dc:type>NonPeerReviewed</dc:type>
  <dc:format>other</dc:format>
  <dc:identifier>http://orgprints.org/10236/1/Acta_Hort_2002.doc</dc:identifier>
  <dc:identifier>Perri, Dr Enzo; Muzzalupo, PhD Innocenzo and Sirianni, Ms Raffaella    (2002) RAPD-PCR amplification of DNA from virgin olive oil.   In: Vitagliano, C. and Martelli, G. P. (Eds.)  Acta Horticulturae, 586, pp. 583-586.</dc:identifier>
  <dc:relation>http://orgprints.org/10236/</dc:relation>
</oai_dc:dc>