<oai_dc:dc xmlns:oai_dc="http://www.openarchives.org/OAI/2.0/oai_dc/" xmlns:dc="http://purl.org/dc/elements/1.1/" xmlns:xsi="http://www.w3.org/2001/XMLSchema-instance" xsi:schemaLocation="http://www.openarchives.org/OAI/2.0/oai_dc/ http://www.openarchives.org/OAI/2.0/oai_dc.xsd">
  <dc:title>Ökologische Geflügelhaltung - Status quo und Ausblick</dc:title>
  <dc:creator>Hörning, B.</dc:creator>
  <dc:creator>Knierim, U.</dc:creator>
  <dc:subject>Poultry</dc:subject>
  <dc:subject>Health and welfare</dc:subject>
  <dc:subject>Farm economics</dc:subject>
  <dc:description>Die ökologische Geflügelhaltung befindet sich in einer schwierigen Situation: Bei tendenziell fallenden Preisen steigen die Kosten. Futter und Junghennen verteuern sich aufgrund der künftigen Regelungen der EG-Verordnung für ökologische Tierhaltung. Der Markt für Eier aus alternativen Haltungssystemen stagniert seit 2001.&#xD;
Es bestehen allerdings Möglichkeiten, die Haltungsbedingungen zu verbessern und Kosten zu senken. Dies ergab eine Untersuchung an der Universität Kassel.</dc:description>
  <dc:publisher>Bioland Verlags GmbH</dc:publisher>
  <dc:date>2004</dc:date>
  <dc:type>Journal paper</dc:type>
  <dc:type>NonPeerReviewed</dc:type>
  <dc:format>application/pdf</dc:format>
  <dc:identifier>http://orgprints.org/10546/1/%C3%B6ko-gefl%C3%BCgelhaltung-biol.pdf</dc:identifier>
  <dc:identifier>Hörning, B. and Knierim, U.   (2004) Ökologische Geflügelhaltung - Status quo und Ausblick.   Bioland (3), pp. 6-7.</dc:identifier>
  <dc:relation>http://orgprints.org/10546/</dc:relation>
</oai_dc:dc>