<oai_dc:dc xmlns:oai_dc="http://www.openarchives.org/OAI/2.0/oai_dc/" xmlns:dc="http://purl.org/dc/elements/1.1/" xmlns:xsi="http://www.w3.org/2001/XMLSchema-instance" xsi:schemaLocation="http://www.openarchives.org/OAI/2.0/oai_dc/ http://www.openarchives.org/OAI/2.0/oai_dc.xsd">
  <dc:title>Effect of alternative seed treatments on seed-borne fungal diseases in tomato</dc:title>
  <dc:creator>Kasselaki, A. M.</dc:creator>
  <dc:creator>Malathrakis, N. E.</dc:creator>
  <dc:creator>Goumas, D. E.</dc:creator>
  <dc:creator>Leifert, C.</dc:creator>
  <dc:subject>Crop health, quality, protection</dc:subject>
  <dc:description>The fungus Didymella lycopersici infects tomato seed and results in great losses before and after germination. To control the disease, seed companies use thiram preventively, although human allergy problems have been reported. For this reason as well as to address needs in organic agriculture, this study has focused on the effects of alternative methods of control. Nitrite solutions and resistance inducers were tested in a growth chamber. Results showed that soaking the seed in a nitrite solution with a concentration of 300mΜ (in citric acid buffer, pH 2) for 10 minutes reduced losses due to low seed germination and disease incidence in the germinated seedlings completely. When applied for longer intervals sodium nitrite proved phytotoxic whereas in shorter intervals it was not as effective. The resistance inducer Tillecur (mustard seed extract) at the rate of 0.05g/ml was as much effective as sodium nitrite inhibiting disease incidence in germinated seedlings. None of the above treatments was significantly different to thiram and they could replace the fungicide in the control of seedborne D. lycopersici in tomato.</dc:description>
  <dc:date>2007</dc:date>
  <dc:type>Conference paper, poster, etc.</dc:type>
  <dc:type>NonPeerReviewed</dc:type>
  <dc:format>application/pdf</dc:format>
  <dc:identifier>http://orgprints.org/10400/1/Kasselaki-etal-2007-seedbornediseases.pdf</dc:identifier>
  <dc:identifier>Kasselaki, A. M.; Malathrakis, N. E.; Goumas, D. E. and Leifert, C.    (2007) Effect of alternative seed treatments on seed-borne fungal diseases in tomato.       Poster at:   3rd QLIF Congress: Improving Sustainability in Organic and Low Input Food Production Systems, University of Hohenheim, Germany, March 20-23, 2007.</dc:identifier>
  <dc:relation>http://orgprints.org/10400/</dc:relation>
</oai_dc:dc>