<oai_dc:dc xmlns:oai_dc="http://www.openarchives.org/OAI/2.0/oai_dc/" xmlns:dc="http://purl.org/dc/elements/1.1/" xmlns:xsi="http://www.w3.org/2001/XMLSchema-instance" xsi:schemaLocation="http://www.openarchives.org/OAI/2.0/oai_dc/ http://www.openarchives.org/OAI/2.0/oai_dc.xsd">
  <dc:title>Blandingsafgrøder med korn og bølgsæd – erfaringer og nye udfordringer</dc:title>
  <dc:creator>Hauggaard-Nielsen, Henrik</dc:creator>
  <dc:subject>Cereals, pulses and oilseeds</dc:subject>
  <dc:description>Temaaften og markvandring om &#xD;
&#xD;
Dyrkning af proteinafgrøder&#xD;
Tirsdag den 6. august kl. 19.00 på Rugballegård&#xD;
&#xD;
&#xD;
19.00-20.40 Markvandring&#xD;
&#xD;
19.00-19.20 Velkomst og indledning &#xD;
ved Morten Priesholm, Økologisk Landsforening&#xD;
&#xD;
19.20-20.40 Markvandring &#xD;
ved Frank Oudshoorn, Rugballegård&#xD;
Forsøg og marker med proteinafgrøder på Rugballegård&#xD;
- Raps &#xD;
- Lupiner &#xD;
- Ærter&#xD;
- Blandinger med korn og bælgsæd&#xD;
- Quinoa &#xD;
- Soja&#xD;
- Kornsorter med højt proteinindhold&#xD;
&#xD;
20.40-21.45: Temamøde om proteinafgrøder&#xD;
&#xD;
Dyrkning af lupiner: Sortsvalg, sygdomme, samdyrkning med korn&#xD;
Bjarne Jørnsgård, forsker på Den Kgl. Veterinær og Landbohøjskole&#xD;
&#xD;
Blandingsafgrøder med korn og bælgsæd: Effekt på ukrudt, sygdomme, skadedyr og udbytte&#xD;
Henrik Hauggaard-Nielsen, forsker på Den Kgl. Veterinær og Landbohøjskole&#xD;
&#xD;
Sædskifter med bælgsæd og økonomi i dyrkning af ærter, lupin, hestebønner og raps&#xD;
Michael Tersbøl, Landbrugets Rådgivningscenter, Landskontoret for Planteavl</dc:description>
  <dc:date>2002</dc:date>
  <dc:type>Conference paper, poster, etc.</dc:type>
  <dc:type>NonPeerReviewed</dc:type>
  <dc:format>application/pdf</dc:format>
  <dc:identifier>http://orgprints.org/102/1/Rugballe060802.pdf</dc:identifier>
  <dc:identifier>Hauggaard-Nielsen, Henrik    (2002) Blandingsafgrøder med korn og bølgsæd – erfaringer og nye udfordringer.       Speech at:   Thematic Field day at the Organic Research Farm Rugballegård - Protein crop production, Organic Research Farm Rugballegård, Danish Institute of Agricultural Sciences, 6 August 2002.</dc:identifier>
  <dc:relation>http://orgprints.org/102/</dc:relation>
</oai_dc:dc>