<oai_dc:dc xmlns:oai_dc="http://www.openarchives.org/OAI/2.0/oai_dc/" xmlns:dc="http://purl.org/dc/elements/1.1/" xmlns:xsi="http://www.w3.org/2001/XMLSchema-instance" xsi:schemaLocation="http://www.openarchives.org/OAI/2.0/oai_dc/ http://www.openarchives.org/OAI/2.0/oai_dc.xsd">
  <dc:title>Midterm evaluation of DARCOF II. Increased production and closer relationships between organic and inherent qualities</dc:title>
  <dc:creator>Andreasen, Claus Bo</dc:creator>
  <dc:subject>"Organics" in general</dc:subject>
  <dc:description>In October 2002 seven international scientists with expertise on organic farming performed an evaluation of the ongoing Danish research effort in organic food and farming (DARCOF II). The evaluation covers 23 individual projects established in 2000 and the DARCOF II programme as a whole.</dc:description>
  <dc:date>2002-11</dc:date>
  <dc:type>Report</dc:type>
  <dc:type>NonPeerReviewed</dc:type>
  <dc:format>application/pdf</dc:format>
  <dc:identifier>http://orgprints.org/10349/1/10349.pdf</dc:identifier>
  <dc:identifier>Andreasen, Claus Bo         (2002) Midterm evaluation of DARCOF II. Increased production and closer relationships between organic and inherent qualities.    .</dc:identifier>
  <dc:relation>http://orgprints.org/10349/</dc:relation>
</oai_dc:dc>