<oai_dc:dc xmlns:oai_dc="http://www.openarchives.org/OAI/2.0/oai_dc/" xmlns:dc="http://purl.org/dc/elements/1.1/" xmlns:xsi="http://www.w3.org/2001/XMLSchema-instance" xsi:schemaLocation="http://www.openarchives.org/OAI/2.0/oai_dc/ http://www.openarchives.org/OAI/2.0/oai_dc.xsd">
  <dc:title>Auswirkungen von Krautfäulebefall und N-Ernährung auf das Wachstumsverhalten von Kartoffeln</dc:title>
  <dc:creator>Möller, Kurt</dc:creator>
  <dc:subject>Composting and manuring</dc:subject>
  <dc:subject>Root crops</dc:subject>
  <dc:subject>Crop health, quality, protection</dc:subject>
  <dc:description>Im ökologischen Kartoffelbau gilt die Kraut- und Knollenfäule als wichtigste Ursache für die starken Ertragsschwankungen in der Praxis - aufgrund der Zusammenhänge zwischen der N-Ernährug und dem Verlauf des Knollenwachstums sind die Ursachen für die Ertragsschwankungen in der Praxis jedoch häufig sehr viel komplexer.</dc:description>
  <dc:date>2002</dc:date>
  <dc:type>Newspaper or magazine article</dc:type>
  <dc:type>NonPeerReviewed</dc:type>
  <dc:format>application/pdf</dc:format>
  <dc:identifier>http://orgprints.org/1046/1/moeller-2002-kartoffel-krautfaeule-n-ernaehrung.PDF</dc:identifier>
  <dc:identifier>Möller, Kurt    (2002) Auswirkungen von Krautfäulebefall und N-Ernährung auf das Wachstumsverhalten von Kartoffeln.  [Effect of Phytophthora and N-nutrition on the growth of potatoes.]      [Submitted]</dc:identifier>
  <dc:relation>http://orgprints.org/1046/</dc:relation>
</oai_dc:dc>