<oai_dc:dc xmlns:oai_dc="http://www.openarchives.org/OAI/2.0/oai_dc/" xmlns:dc="http://purl.org/dc/elements/1.1/" xmlns:xsi="http://www.w3.org/2001/XMLSchema-instance" xsi:schemaLocation="http://www.openarchives.org/OAI/2.0/oai_dc/ http://www.openarchives.org/OAI/2.0/oai_dc.xsd">
  <dc:title>The challenges and potential benefits of perennial organic cropping systems-example of organic top fruit</dc:title>
  <dc:creator>Firth, C</dc:creator>
  <dc:creator>Cubison, S</dc:creator>
  <dc:creator>Cross, J</dc:creator>
  <dc:subject>Crop health, quality, protection</dc:subject>
  <dc:subject>Fruit and berries</dc:subject>
  <dc:subject>Farm economics</dc:subject>
  <dc:description>Of all the organic food sectors in the UK, top fruit production is one of the least developed. Despite strong consumer demand and high prices for organic fruit, UK production remains small and 90% of supplies are imported. Current methods of production are unsatisfactory with low yields and erratic quality, with resulting variable economic performance. Pest and disease problems are one of the main reasons for this poor performance, with current varieties being unable to provide sufficient resistance. New varieties and an improved pest and disease management programme, identified as part of a HORTLINK project, offer new hope to the sector. There are now opportunities for the sector to grow and provide greater UK supplies of top fruit, in addition to widening the proven benefits to biodiversity of organic orchards.</dc:description>
  <dc:publisher>Association of Applied Biologists</dc:publisher>
  <dc:contributor>Atkinson, C</dc:contributor>
  <dc:contributor>Ball, B</dc:contributor>
  <dc:contributor>Davies, D H K</dc:contributor>
  <dc:contributor>Rees, R</dc:contributor>
  <dc:contributor>Russell, G</dc:contributor>
  <dc:contributor>Stockdale, E A</dc:contributor>
  <dc:contributor>Watson, C A</dc:contributor>
  <dc:contributor>Walker, R</dc:contributor>
  <dc:contributor>Younie, D</dc:contributor>
  <dc:date>2006</dc:date>
  <dc:type>Conference paper, poster, etc.</dc:type>
  <dc:type>NonPeerReviewed</dc:type>
  <dc:format>application/pdf</dc:format>
  <dc:identifier>http://orgprints.org/10191/1/The_challenges_and_potential_benefits_of_perennial_organic_cropping_systems-example_of_organic_top_fruit.pdf</dc:identifier>
  <dc:identifier>Firth, C; Cubison, S and Cross, J    (2006) The challenges and potential benefits of perennial organic cropping systems-example of organic top fruit.   In: Atkinson, C; Ball, B; Davies, D H K; Rees, R; Russell, G; Stockdale, E A; Watson, C A; Walker, R and Younie, D (Eds.)  Aspects of Applied Biology 79, What will organic farming deliver? COR 2006, Association of Applied Biologists, pp. 97-101.</dc:identifier>
  <dc:relation>http://orgprints.org/10191/</dc:relation>
</oai_dc:dc>