<oai_dc:dc xmlns:oai_dc="http://www.openarchives.org/OAI/2.0/oai_dc/" xmlns:dc="http://purl.org/dc/elements/1.1/" xmlns:xsi="http://www.w3.org/2001/XMLSchema-instance" xsi:schemaLocation="http://www.openarchives.org/OAI/2.0/oai_dc/ http://www.openarchives.org/OAI/2.0/oai_dc.xsd">
  <dc:title>Effekter av kjemiske sprøytemidler</dc:title>
  <dc:creator>Koesling, Matthias</dc:creator>
  <dc:creator>Serikstad, Grete Lene</dc:creator>
  <dc:subject>"Organics" in general</dc:subject>
  <dc:subject>Air and water emissions</dc:subject>
  <dc:description>Mattilsynet analyserer matvarer for rester av kjemisk-syntetiske sprøytemidler, og finner årlig flere prøver med rester over og under grenseverdiene. I tillegg til ønsket effekt av midlene på ulike skadegjørere kan også uønska og skadelige bieffekter på mennesker og dyr oppstå. I økologisk landbruk brukes ikke slike midler.</dc:description>
  <dc:date>2007-03</dc:date>
  <dc:type>Report</dc:type>
  <dc:type>NonPeerReviewed</dc:type>
  <dc:format>application/pdf</dc:format>
  <dc:identifier>http://orgprints.org/10602/1/Tema_13_2007_Effekter_av_kjemiske_sproeytemidler.pdf</dc:identifier>
  <dc:identifier>Koesling, Matthias and Serikstad, Grete Lene         (2007) Effekter av kjemiske sprøytemidler.   Bioforsk TEMA, no. 13. Bioforsk, Bioforsk Økologisk.</dc:identifier>
  <dc:relation>http://orgprints.org/10602/</dc:relation>
</oai_dc:dc>