<oai_dc:dc xmlns:oai_dc="http://www.openarchives.org/OAI/2.0/oai_dc/" xmlns:dc="http://purl.org/dc/elements/1.1/" xmlns:xsi="http://www.w3.org/2001/XMLSchema-instance" xsi:schemaLocation="http://www.openarchives.org/OAI/2.0/oai_dc/ http://www.openarchives.org/OAI/2.0/oai_dc.xsd">
  <dc:title>Wissen für die Praxis</dc:title>
  <dc:creator>Willer, Helga</dc:creator>
  <dc:creator>Niggli, Urs</dc:creator>
  <dc:subject>Education, extension and communication</dc:subject>
  <dc:subject>Research communication and quality</dc:subject>
  <dc:description>Dank der Zusammenarbeit von elf europäischen Ländern im ERA-NET CORE Organic kam Transparenz in die Bio-Landbauforschung. Wie sieht die Situation in Deutschland, Österreich und der Schweiz aus?&#xD;
In Deutschland, Österreich und der Schweiz begann die Bio-Landbauforschung früh – entstanden ist sie durch private Initiative. So wurde etwa in Deutschland im Jahr 1950 das Institut für biologisch-dynamische Forschung gegründet, in der Schweiz im Jahr 1973 das Forschungsinstitut für biologischen Landbau (FiBL) und in Österreich 1980 das Institut für biologischen Landbau und angewandte Ökologie (heute Bio Forschung Austria). In der Schweiz ist das FiBL bis heute der wichtigste Akteur der Bio-Forschung – in Deutschland und Österreich hingegen spielen die Universitäten inzwischen eine große Rolle.</dc:description>
  <dc:publisher>Stiftung Ökologie und Landbau</dc:publisher>
  <dc:date>2007</dc:date>
  <dc:type>Journal paper</dc:type>
  <dc:type>NonPeerReviewed</dc:type>
  <dc:format>application/pdf</dc:format>
  <dc:identifier>http://orgprints.org/10594/1/willer_niggli-2007-OEL_141_Wissen_Praxis.pdf</dc:identifier>
  <dc:identifier>Willer, Helga and Niggli, Urs   (2007) Wissen für die Praxis.   Ökologie &amp; Landbau, 141 (1/2007), pp. 32-33.</dc:identifier>
  <dc:relation>http://orgprints.org/10594/</dc:relation>
</oai_dc:dc>