<oai_dc:dc xmlns:oai_dc="http://www.openarchives.org/OAI/2.0/oai_dc/" xmlns:dc="http://purl.org/dc/elements/1.1/" xmlns:xsi="http://www.w3.org/2001/XMLSchema-instance" xsi:schemaLocation="http://www.openarchives.org/OAI/2.0/oai_dc/ http://www.openarchives.org/OAI/2.0/oai_dc.xsd">
  <dc:title>Organic Marketing Initiativesand Rural Development: Summary of results and conclusions</dc:title>
  <dc:creator>Padel, Susanne</dc:creator>
  <dc:creator>Midmore, Peter</dc:creator>
  <dc:subject>Markets and trade</dc:subject>
  <dc:subject>Consumer issues</dc:subject>
  <dc:description>The presentation shows a summary of the results of the OMIARD project. The presentation is based on the final project report by Schmid, Sanders and Midmore (2004).&#xD;
It summarizes the main findings of the research project that provided a comprehensive analysis of organic marketing initiatives (OMIs) in Europe and outlined their important role in rural regions. The investigation of the current market conditions for organic products in Europe and the strategies adopted by the OMIs in response to them. It also examined the factors influencing success or failure of organic marketing initiatives, explored future trends in the market and offerd recommendations for both policy makers and for those directly involved in OMIs.</dc:description>
  <dc:date>2007</dc:date>
  <dc:type>Conference paper, poster, etc.</dc:type>
  <dc:type>NonPeerReviewed</dc:type>
  <dc:format>application/pdf</dc:format>
  <dc:identifier>http://orgprints.org/10652/1/OMIaRD_Results_for_SCOF.pdf</dc:identifier>
  <dc:identifier>Padel, Susanne and Midmore, Peter    (2007) Organic Marketing Initiativesand Rural Development: Summary of results and conclusions.       Speech at:   Presentation of EU research results to the Standing Committee for Organic Farming, Brussels, 12 March 2007.</dc:identifier>
  <dc:relation>http://orgprints.org/10652/</dc:relation>
</oai_dc:dc>