<oai_dc:dc xmlns:oai_dc="http://www.openarchives.org/OAI/2.0/oai_dc/" xmlns:dc="http://purl.org/dc/elements/1.1/" xmlns:xsi="http://www.w3.org/2001/XMLSchema-instance" xsi:schemaLocation="http://www.openarchives.org/OAI/2.0/oai_dc/ http://www.openarchives.org/OAI/2.0/oai_dc.xsd">
  <dc:title>Forskning i ukrudtsharvning får nyt liv med digital billedbehandling</dc:title>
  <dc:creator>Rasmussen, Jesper</dc:creator>
  <dc:creator>Nørremark, Michael</dc:creator>
  <dc:subject>Weed management</dc:subject>
  <dc:description>Digital billedbehandling udfylder et metodemæssigt tomrum i forhold til ukrudtsharvning. Med udvikling af en ny billedbehandlingsprocedure er det ikke længere nødvendigt at anvende visuelle bedømmelser af afgrødetildækningen ved ukrudtsharvning. Artiklen giver eksempler på hvordan digital billedbehandling kan anvnedes.</dc:description>
  <dc:date>2007-03</dc:date>
  <dc:type>Journal paper</dc:type>
  <dc:type>NonPeerReviewed</dc:type>
  <dc:format>application/pdf</dc:format>
  <dc:identifier>http://orgprints.org/10694/1/10694.pdf</dc:identifier>
  <dc:identifier>Rasmussen, Jesper and Nørremark, Michael   (2007) Forskning i ukrudtsharvning får nyt liv med digital billedbehandling.  [Digital image analysis offers new possibilities in weed harrowing research.]  FØJOenyt.</dc:identifier>
  <dc:relation>http://orgprints.org/10694/</dc:relation>
</oai_dc:dc>