<oai_dc:dc xmlns:oai_dc="http://www.openarchives.org/OAI/2.0/oai_dc/" xmlns:dc="http://purl.org/dc/elements/1.1/" xmlns:xsi="http://www.w3.org/2001/XMLSchema-instance" xsi:schemaLocation="http://www.openarchives.org/OAI/2.0/oai_dc/ http://www.openarchives.org/OAI/2.0/oai_dc.xsd">
  <dc:title>Engineering Coexistence</dc:title>
  <dc:creator>Pearce, Dr Bruce</dc:creator>
  <dc:creator>Woodward, Mr Lawrence</dc:creator>
  <dc:creator>Sanders, Mr Richard</dc:creator>
  <dc:subject>Environmental aspects</dc:subject>
  <dc:subject>Breeding, genetics and propagation</dc:subject>
  <dc:subject>Consumer issues</dc:subject>
  <dc:description>A response to the issues raised by the English GM coexistence consultation.</dc:description>
  <dc:date>2006-10</dc:date>
  <dc:type>Report</dc:type>
  <dc:type>NonPeerReviewed</dc:type>
  <dc:format>application/pdf</dc:format>
  <dc:identifier>http://orgprints.org/10017/1/EngineeringCoexistence%5B1%5D.pdf</dc:identifier>
  <dc:identifier>Pearce, Dr Bruce; Woodward, Mr Lawrence and Sanders, Mr Richard         (2006) Engineering Coexistence.    Elm Farm Research Centre.</dc:identifier>
  <dc:relation>http://orgprints.org/10017/</dc:relation>
</oai_dc:dc>