<oai_dc:dc xmlns:oai_dc="http://www.openarchives.org/OAI/2.0/oai_dc/" xmlns:dc="http://purl.org/dc/elements/1.1/" xmlns:xsi="http://www.w3.org/2001/XMLSchema-instance" xsi:schemaLocation="http://www.openarchives.org/OAI/2.0/oai_dc/ http://www.openarchives.org/OAI/2.0/oai_dc.xsd">
  <dc:title>Praxis-Modellvorhaben: Einführung von QM-Systemen zur Sicherstellung von Rückverfolgbarkeit und erlebter Frischequalität in regionalen Ökogemüse-Ketten im LEH und NEH</dc:title>
  <dc:creator>Pohl, Heiko</dc:creator>
  <dc:creator>Linke, Manfred</dc:creator>
  <dc:creator>Butenuth, Katrin</dc:creator>
  <dc:subject>Food security, food quality and human health</dc:subject>
  <dc:subject>Values, standards and certification</dc:subject>
  <dc:description>Bereich Dokumentation&#xD;
Als Ergebnis einer Marktrecherche und Tests verschiedener EDVAckerschlagkarteien wurde die Kooperation mit dem Agrar-Softwarehersteller „Helm- Software” aufgebaut. Zusammen mit Projektbetrieben, die das Programm „MultiPlant” testeten, den Lebensmittelhändlern und Projektpartnern tegut... und Ökoring sowie verschiedenen Öko-Kontrollstellen wurden Vorgaben zur Anpassung des Programms an die Bedingungen des ökologischen Landbaus erarbeitet und im Programm umgesetzt. Wichtige Leistungsparameter sind: effektive Datenerfassung und Auswertung, Chargenkodierung, Schnittstellen zu Öko-Kontrolle, Rückverfolgbarkeitssystemen, Agrar-Förderbehörden. Das neue Programm „MultiPlant Bio” konnte erfolgreich auf dem Markt eingeführt und die weitere Entwicklung sichergestellt werden. Eine telefonische Hotline wurde aufgebaut und ein Schulungskonzept erfolgreich getestet.&#xD;
Die Ergebnisse der Projektteile wurden in einem Frische-QM-Handbuch zusammengefasst. Darin stehen den Erzeugerbetrieben Arbeitshilfen, Checklisten und eine Anleitung zum Aufbau der betrieblichen Dokumentation unter besonderer Berücksichtigung der Rückverfolgbarkeit zur Verfügung und es enthält den Leitfaden zur Frischeerhaltung entlang der Handelskette von frischem Gemüse.&#xD;
&#xD;
Bereich Frischemessungen&#xD;
Obst und Gemüse sind nach der Ernte aus den verschiedensten Gründen besonders empfindlich gegenüber Qualitätsverlusten und erreichen den Verbraucher oft nicht in der von ihm gewünschten Qualität. Die Zielstellung des Projekts besteht darin, frischeerhaltende Maßnahmen entlang der gesamten Vermarktungskette zu optimieren, sodass sich regionales Ökogemüse (Kopfsalat, Brokkoli, Salatgurke, Möhre und Speisekartoffel) beim Verbraucher durch einen wahrnehmbaren Mehrwert in der erlebten Frische positioniert. Dazu werden Messreihen, die Temperaturaufzeichnungen sowie zeitliche und örtliche Zuordnungen der einzelnen Prozessabschnitte enthalten, mit ausgewählten Kulturen während der Distribution durchgeführt. Außerdem werden auch Wasserverluste kontrolliert. Über die Ermittlung der Temperatursummen und der Transpirationsraten werden Schwachstellen in den einzelnen Vermarktungsabschnitten identifiziert und Verbesserungen zur Qualitätserhaltung erarbeitet.</dc:description>
  <dc:date>2006</dc:date>
  <dc:type>Report</dc:type>
  <dc:type>NonPeerReviewed</dc:type>
  <dc:format>application/pdf</dc:format>
  <dc:identifier>http://orgprints.org/10648/1/10648-03OE256-bioland-pohl-2006-qm_systeme.pdf</dc:identifier>
  <dc:identifier>Pohl, Heiko; Linke, Manfred and Butenuth, Katrin         (2006) Praxis-Modellvorhaben: Einführung von QM-Systemen zur Sicherstellung von Rückverfolgbarkeit und erlebter Frischequalität in regionalen Ökogemüse-Ketten im LEH und NEH.  [Introduction of quality management systems to ensure traceability and perceived fresh quality in regional organic vegetable supply chains in retail trade.]   Erzeugerring Bioland Bayern e.V..</dc:identifier>
  <dc:relation>http://orgprints.org/10648/</dc:relation>
</oai_dc:dc>