<oai_dc:dc xmlns:oai_dc="http://www.openarchives.org/OAI/2.0/oai_dc/" xmlns:dc="http://purl.org/dc/elements/1.1/" xmlns:xsi="http://www.w3.org/2001/XMLSchema-instance" xsi:schemaLocation="http://www.openarchives.org/OAI/2.0/oai_dc/ http://www.openarchives.org/OAI/2.0/oai_dc.xsd">
  <dc:title>Possible Natural Toxins in Organic Livestock Farming</dc:title>
  <dc:creator>Sekkin, Selim</dc:creator>
  <dc:creator>Kum, Cavit</dc:creator>
  <dc:subject>Food security, food quality and human health</dc:subject>
  <dc:subject>Health and welfare</dc:subject>
  <dc:description>Public concern about food quality has intensified in recent years. In the last decades, the amount of farmland managed under certified organic practices has expanded dramatically and it is expected to increase in the future. There is a growing demand for organic foods driven primarily by consumers’ perceptions of the quality and safety of these foods and to the positive environmental impact of organic agriculture practices. This growth in demand is expected to continue in the future. Obviously many factors in production systems have an impact on the health and welfare of the animals involved. Animals feed or forage may be the source of disorders for farm animals also could lead to human illness. The types of feeds administered do not differ significantly in organic farming and in this respect there are mostly quantitative differences observed. Pesticides, agricultural and industrial chemicals, heavy metals, radionuclides as well as natural pollutants as mycotoxins may pollute animal feed. The aim of this review was to find out the possible natural toxins of animals associated with organic farming.</dc:description>
  <dc:date>2013</dc:date>
  <dc:type>Journal paper</dc:type>
  <dc:type>NonPeerReviewed</dc:type>
  <dc:format>application/pdf</dc:format>
  <dc:identifier>http://orgprints.org/10404/1/725-734.pdf</dc:identifier>
  <dc:identifier>Sekkin, Selim and Kum, Cavit   (2013) Possible Natural Toxins in Organic Livestock Farming.   Kafkas Univ Vet Fak Derg, 19 (4), pp. 725-734.</dc:identifier>
  <dc:relation>http://orgprints.org/10404/</dc:relation>
</oai_dc:dc>