<oai_dc:dc xmlns:oai_dc="http://www.openarchives.org/OAI/2.0/oai_dc/" xmlns:dc="http://purl.org/dc/elements/1.1/" xmlns:xsi="http://www.w3.org/2001/XMLSchema-instance" xsi:schemaLocation="http://www.openarchives.org/OAI/2.0/oai_dc/ http://www.openarchives.org/OAI/2.0/oai_dc.xsd">
  <dc:title>Auswirkungen der Sortenmischungsstrategie auf Backqualität,Ertrag und Krankheitsbefall im Winterweizen</dc:title>
  <dc:creator>Finckh, Maria R.</dc:creator>
  <dc:creator>Schulze-Schilddorf, Georg</dc:creator>
  <dc:creator>Pawelzik, Elke</dc:creator>
  <dc:subject>Crop health, quality, protection</dc:subject>
  <dc:subject>Cereals, pulses and oilseeds</dc:subject>
  <dc:description>Ziel der Arbeit ist es, die Auswirkungen von Sortenmischungen bei unterschiedlicher Nährstoffversorgung auf Backqualität, Ertrag und Krankheitsbefall im Ökologischen Landbau zu überprüfen. &#xD;
Die Ergebnisse der Versuche legen nahe, daß Interaktionen zwischen Standortbedingungen, Jahr und Sorte sehr groß sind aber insgesamt die Mischungen die Backqualität nicht beeinträchtigen. Die Datenbasis ist aber für die Formulierung von Empfehlungen nicht&#xD;
breit genug. Um den Einfluß von Standortfaktoren und Mischungen auf Krankheitsbefall, v.a. Fusariosen, Backqualität und Mykotoxin-belastung zu quantifizieren wurden für 2002/2003 Praxisversuche an 12 Standorten mit Reinbeständen und Mischungen angelegt.</dc:description>
  <dc:contributor>Freyer, Bernhard</dc:contributor>
  <dc:date>2003</dc:date>
  <dc:type>Conference paper, poster, etc.</dc:type>
  <dc:type>NonPeerReviewed</dc:type>
  <dc:format>application/pdf</dc:format>
  <dc:identifier>http://orgprints.org/1042/1/1042-finckh-et-al-2003-sortenmischungsstrategien-wien.pdf</dc:identifier>
  <dc:identifier>Finckh, Maria R.; Schulze-Schilddorf, Georg and Pawelzik, Elke    (2003) Auswirkungen der Sortenmischungsstrategie auf Backqualität,Ertrag und Krankheitsbefall im Winterweizen.  [Effects of the strategy of variety mixing on baking quality, yield and epidemic infestation in winter wheat.]  In: Freyer, Bernhard (Ed.)  Beiträge zur 7. Wissenschaftstagung zum Ökologischen Landbau: Ökologischer Landbau der Zukunft, pp. 463-464.</dc:identifier>
  <dc:relation>http://orgprints.org/1042/</dc:relation>
</oai_dc:dc>