<oai_dc:dc xmlns:oai_dc="http://www.openarchives.org/OAI/2.0/oai_dc/" xmlns:dc="http://purl.org/dc/elements/1.1/" xmlns:xsi="http://www.w3.org/2001/XMLSchema-instance" xsi:schemaLocation="http://www.openarchives.org/OAI/2.0/oai_dc/ http://www.openarchives.org/OAI/2.0/oai_dc.xsd">
  <dc:title>Stickstoffintensitätsversuch im Bio-Weizen 2006</dc:title>
  <dc:creator>Böhler, Daniel</dc:creator>
  <dc:creator>Dierauer, Hansueli</dc:creator>
  <dc:creator>Clerc, Maurice</dc:creator>
  <dc:subject>Nutrient turnover</dc:subject>
  <dc:subject>Cereals, pulses and oilseeds</dc:subject>
  <dc:subject>Composting and manuring</dc:subject>
  <dc:description>Der Einsatz von organischem Handelsdünger war bisher nur bei den Spezialkulturen ökonomisch sinnvoll. Durch den Preisabschlag vor zwei Jahren könnte der Einsatz auch bei den herkömmlichen Marktfrüchten wie Mais, Kartoffeln und Getreide an Bedeutung gewinnen. Organische Handelsdünger werden die Hofdünger nicht vollumfänglich ersetzen, könnten aber durch die einfache Ausbringungstechnik ergänzend eingesetzt werden. Vor allem Bio-Betriebe in viehschwachen Regionen könnten ein Teil des benötigten Stickstoffs in Form von organischem Handelsdünger dem Boden zuführen. Der folgende Versuchsbericht soll sowohl Aufschluss über den agronomischen und wirtschaftlichen Nutzen vom organischen Handelsdünger geben als auch mögliche Einflüsse auf die Qualitätsparameter bei Weizen aufzeigen. Wir hoffen mit diesem Versuchsbericht auch einen Beitrag zur laufenden Diskussion über den Einsatz von Organischen Handelsdünger im Bio-Landbau zu bieten.</dc:description>
  <dc:date>2006</dc:date>
  <dc:type>Report</dc:type>
  <dc:type>NonPeerReviewed</dc:type>
  <dc:format>application/pdf</dc:format>
  <dc:identifier>http://orgprints.org/10393/1/boehler-etal-2006-stickstoffintensitaet_weizen.pdf</dc:identifier>
  <dc:identifier>Böhler, Daniel; Dierauer, Hansueli and Clerc, Maurice         (2006) Stickstoffintensitätsversuch im Bio-Weizen 2006.   FiBL-Bericht. Forschungsinstitut für biologischen Landbau (FiBL) CH-Frick.</dc:identifier>
  <dc:relation>http://orgprints.org/10393/</dc:relation>
</oai_dc:dc>