<oai_dc:dc xmlns:oai_dc="http://www.openarchives.org/OAI/2.0/oai_dc/" xmlns:dc="http://purl.org/dc/elements/1.1/" xmlns:xsi="http://www.w3.org/2001/XMLSchema-instance" xsi:schemaLocation="http://www.openarchives.org/OAI/2.0/oai_dc/ http://www.openarchives.org/OAI/2.0/oai_dc.xsd">
  <dc:title>Effektiv deling af økologisk viden</dc:title>
  <dc:creator>Elsgaard, Lars</dc:creator>
  <dc:subject>Education, extension and communication</dc:subject>
  <dc:description>Webstedet Organic Eprints vinder frem som et effektivt redskab til deling af viden om økologisk jordbrug.</dc:description>
  <dc:date>2006-05</dc:date>
  <dc:type>Newspaper or magazine article</dc:type>
  <dc:type>NonPeerReviewed</dc:type>
  <dc:format>application/pdf</dc:format>
  <dc:identifier>http://orgprints.org/10414/1/10414.pdf</dc:identifier>
  <dc:identifier>Elsgaard, Lars    (2006) Effektiv deling af økologisk viden.  [Efficient sharing of organic knowledge.]  Økologisk Jordbrug, May 2006 (361), p. 8.</dc:identifier>
  <dc:relation>http://orgprints.org/10414/</dc:relation>
</oai_dc:dc>