<oai_dc:dc xmlns:oai_dc="http://www.openarchives.org/OAI/2.0/oai_dc/" xmlns:dc="http://purl.org/dc/elements/1.1/" xmlns:xsi="http://www.w3.org/2001/XMLSchema-instance" xsi:schemaLocation="http://www.openarchives.org/OAI/2.0/oai_dc/ http://www.openarchives.org/OAI/2.0/oai_dc.xsd">
  <dc:title>Weed management with different mulches under organic strawberry production</dc:title>
  <dc:creator>Kivijärvi, Pirjo</dc:creator>
  <dc:subject>Weed management</dc:subject>
  <dc:description>Weed control efficacy of organic mulch materials is limited and is not as effective as the conventional plastic. Weed control efficiency also varies depending on the weed species.</dc:description>
  <dc:publisher>Nordic Association of Agricultural Scientists</dc:publisher>
  <dc:date>2006</dc:date>
  <dc:type>Conference paper, poster, etc.</dc:type>
  <dc:type>NonPeerReviewed</dc:type>
  <dc:format>application/pdf</dc:format>
  <dc:identifier>http://orgprints.org/10637/1/Lepaa.pdf</dc:identifier>
  <dc:identifier>Kivijärvi, Pirjo    (2006) Weed management with different mulches under organic strawberry production.   In:     NJF Report, Nordic Association of Agricultural Scientists, 2 (10), p. 35.</dc:identifier>
  <dc:relation>http://orgprints.org/10637/</dc:relation>
</oai_dc:dc>