<oai_dc:dc xmlns:oai_dc="http://www.openarchives.org/OAI/2.0/oai_dc/" xmlns:dc="http://purl.org/dc/elements/1.1/" xmlns:xsi="http://www.w3.org/2001/XMLSchema-instance" xsi:schemaLocation="http://www.openarchives.org/OAI/2.0/oai_dc/ http://www.openarchives.org/OAI/2.0/oai_dc.xsd">
  <dc:title>Arbeitspferde im biologisch-dynamischen Gemüsebau. Zusammenfassung des Berichtes 2004</dc:title>
  <dc:creator>Strüber, Klaus</dc:creator>
  <dc:subject>Food security, food quality and human health</dc:subject>
  <dc:subject>Biodiversity and ecosystem services</dc:subject>
  <dc:subject>Soil quality</dc:subject>
  <dc:subject>Farm economics</dc:subject>
  <dc:description>Das Projekt aus 2003 (SP 29) wurde in 2004 fortgesetzt. Die Flächen wurden vergrößert, dementsprechend stiegen die Einsatzstunden an und neue Geräte wurden getestet. Auf einem größeren Betrieb in Norwegen wurden Vergleichsdaten unter anderen Bedingungen erhoben.&#xD;
Im Rechts/Links Versuch zu Bodenverdichtung wurden signifikante Unterschiede im Boden (pH-Wert, Verdichtung) und der Pflanze (Chemie, Physik, Bildekräfte) zu Gunsten des Pferdes ermittelt.     &#xD;
Pferde erzielten gute Leistungen in Gemüsepflege. Die geringe Dieselersparnis würde höher ausfallen, wenn Pferde auch in der Grundbodenbearbeitung eingesetzt werden würden.&#xD;
Unter klaus.strueber@web.de kann der Gesamtbericht angefordert werden.</dc:description>
  <dc:publisher>Starke-Pferde-Verlag, Lemgo</dc:publisher>
  <dc:contributor>Schroll, Erhard</dc:contributor>
  <dc:date>2005-01</dc:date>
  <dc:type>Journal paper</dc:type>
  <dc:type>NonPeerReviewed</dc:type>
  <dc:format>application/pdf</dc:format>
  <dc:identifier>http://orgprints.org/10121/1/SP_33.pdf</dc:identifier>
  <dc:identifier>Strüber, Klaus   (2005) Arbeitspferde im biologisch-dynamischen Gemüsebau. Zusammenfassung des Berichtes 2004.  [Working horses in biodynamic gardening. Summary of the report 2004.]  Starke Pferde, 33 (01/2005), pp. 15-18.</dc:identifier>
  <dc:relation>http://orgprints.org/10121/</dc:relation>
</oai_dc:dc>