<oai_dc:dc xmlns:oai_dc="http://www.openarchives.org/OAI/2.0/oai_dc/" xmlns:dc="http://purl.org/dc/elements/1.1/" xmlns:xsi="http://www.w3.org/2001/XMLSchema-instance" xsi:schemaLocation="http://www.openarchives.org/OAI/2.0/oai_dc/ http://www.openarchives.org/OAI/2.0/oai_dc.xsd">
  <dc:title>Rantsoen en melkvetzuren: Verschillen in melkkwaliteit tussen biologische bedrijven in beeld gebracht</dc:title>
  <dc:creator>de Vries, Anneke</dc:creator>
  <dc:creator>de Wit, Jan</dc:creator>
  <dc:subject>Food security, food quality and human health</dc:subject>
  <dc:subject>Health and welfare</dc:subject>
  <dc:description>Het doel van het onderzoek is meer inzicht te krijgen in het effect van verschillende rantsoencomponenten op het vetzuurpatroon van biologische koemelk en met name op de  gehaltes van de meervoudig onverzadigde vetzuren CLA en omega-3.&#xD;
&#xD;
Maandelijks zijn tankmelkmonsters genomen en schatting van het rantsoen verzameld bij 16 geselecteerde bedrijven. Ook zijn een aantal (beperkte) voerproeven bij enkele van deze bedrijven uitgevoerd. De focus van het onderzoek ligt op het effect van de volgende rantsoencomponenten: vers gras, kuil, krachtvoer, olie, grasbrok, maïs, hooi en rode klaver.  &#xD;
&#xD;
De regressie-analyse van de verzamelde data geeft voor CLA significante effecten voor de volgende voercomponenten (in mg CLA per gram vet):  &#xD;
• Grasopname (per kg  ds): 0,45 &#xD;
• Grasbrok (per kg  ds): 0,44 &#xD;
• Rode klaver (per kg  ds): 0,31 &#xD;
• Olie (per kg  product): 9,33 &#xD;
Voor het omega-3 gehalte is geen passend model gevonden, maar het meest optimale model  geeft significante effecten voor de volgende voercomponenten (in mg omega-3 per gram vet): &#xD;
• Kuilopname (per kg  ds): -0,09 &#xD;
• Grasbrok (per kg ds): 0,69 &#xD;
• Rode klaver (per kg  ds): 0,17 &#xD;
• Olie (per kg product): 5,67 &#xD;
 &#xD;
In dit onderzoek zijn wel indicaties gevonden voor een negatief effect van maïskuil op het gehalte CLA en omega-3 in de melk, maar dit was niet significant aantoonbaar middels de regressie-analyse. De resultaten voor het effect van hooi waren onduidelijk. Daarnaast zijn er aanwijzingen in dit onderzoek voor de invloed van de kwaliteit van het gras, vers of in kuilvorm, op het gehalte aan CLA en omega-3, maar nader onderzoek en analyse is nodig om dit te onderbouwen en om beter aan te geven wat belangrijke kwaliteitskenmerken &#xD;
zijn. Positieve effecten zijn te verwachten van een rijke botanische samenstelling, jong groeizaam gras en een korte veldperiode. &#xD;
&#xD;
Om de CLA en omega-3 te verhogen in de winter lijkt, ondanks alle onzekerheden, het meeste resultaat bereikt te worden met zoveel mogelijk rode klaver en grasbrok in het rantsoen, aan evuld met een beperkte hoeveelheid olie en een kuil van goede kwaliteit. In de zomer gelden dezelfde voercomponenten, waarbij de kuil vervangen wordt door de opname van zoveel mogelijk vers gras.</dc:description>
  <dc:date>2006</dc:date>
  <dc:type>Report</dc:type>
  <dc:type>NonPeerReviewed</dc:type>
  <dc:format>application/pdf</dc:format>
  <dc:identifier>http://orgprints.org/10616/1/1884.pdf</dc:identifier>
  <dc:identifier>de Vries, Anneke and de Wit, Jan         (2006) Rantsoen en melkvetzuren: Verschillen in melkkwaliteit tussen biologische bedrijven in beeld gebracht.  [Effect of different feed components on the fatty acid composition of organic cow milk.]  Louis Bolk Publications, no. LV64. Louis Bolk Instituut.</dc:identifier>
  <dc:relation>http://orgprints.org/10616/</dc:relation>
</oai_dc:dc>