<oai_dc:dc xmlns:oai_dc="http://www.openarchives.org/OAI/2.0/oai_dc/" xmlns:dc="http://purl.org/dc/elements/1.1/" xmlns:xsi="http://www.w3.org/2001/XMLSchema-instance" xsi:schemaLocation="http://www.openarchives.org/OAI/2.0/oai_dc/ http://www.openarchives.org/OAI/2.0/oai_dc.xsd">
  <dc:title>Orchard testing of new, alternative fungicides against apple scab</dc:title>
  <dc:creator>Lindhard Pedersen, Hanne</dc:creator>
  <dc:creator>Paaske, Klaus</dc:creator>
  <dc:creator>Bengtsson, Marianne V.</dc:creator>
  <dc:creator>Hockenhull, John</dc:creator>
  <dc:subject>Soil</dc:subject>
  <dc:description>Apple scab, caused by the fungus Venturia inaequalis, is the disease that most often decreases yield and causes loss of fruit quality in organic apple production. Damage to the fruits consists of brown to black spots, but in some years and on some varieties attacks can result in small misshapen fruits, that are totally unsuitable for fresh consumption.</dc:description>
  <dc:publisher>DARCOFenews</dc:publisher>
  <dc:date>2004-06</dc:date>
  <dc:type>Journal paper</dc:type>
  <dc:type>NonPeerReviewed</dc:type>
  <dc:format>application/pdf</dc:format>
  <dc:identifier>http://orgprints.org/10125/1/10125.pdf</dc:identifier>
  <dc:identifier>Lindhard Pedersen, Hanne; Paaske, Klaus; Bengtsson, Marianne V. and Hockenhull, John   (2004) Orchard testing of new, alternative fungicides against apple scab.   DARCOFenews (2), pp. 1-2.</dc:identifier>
  <dc:relation>http://orgprints.org/10125/</dc:relation>
</oai_dc:dc>