<oai_dc:dc xmlns:oai_dc="http://www.openarchives.org/OAI/2.0/oai_dc/" xmlns:dc="http://purl.org/dc/elements/1.1/" xmlns:xsi="http://www.w3.org/2001/XMLSchema-instance" xsi:schemaLocation="http://www.openarchives.org/OAI/2.0/oai_dc/ http://www.openarchives.org/OAI/2.0/oai_dc.xsd">
  <dc:title>Elm Farm Organic Research Centre December 2006</dc:title>
  <dc:creator>Sanders, Richard</dc:creator>
  <dc:creator>Whiltley, Andrew</dc:creator>
  <dc:creator>Haigh, Zoe</dc:creator>
  <dc:creator>Clarke, Sarah</dc:creator>
  <dc:creator>Hitchings, Roger</dc:creator>
  <dc:creator>O'Brien, Josie</dc:creator>
  <dc:subject>Technology transfer</dc:subject>
  <dc:description>The Organic Research Centre. Elm Farm Research Centre Bulletin with Technical Updates from The Organic Advisory Service is a regular publication from The Organic Research Centre. &#xD;
The current issue covers: &#xD;
Report from 2006 Cirencester Conference; Quest for more home produced organic food; in a world where bread matters; Improving wheat with plenty of parents; Unlocking the secrets of the ancient (cereal varieties); Brain food- a good read; Not to late to protect the future: The organic role; Bumper Oat yields- Tradis trials top ten tonnes; Multiage flocks- a viable solution to wheigh variability; Letters.</dc:description>
  <dc:contributor>Sanders, Richard</dc:contributor>
  <dc:date>2006-12</dc:date>
  <dc:type>Report</dc:type>
  <dc:type>NonPeerReviewed</dc:type>
  <dc:format>application/pdf</dc:format>
  <dc:identifier>http://orgprints.org/10324/1/Bulletin_86.pdf</dc:identifier>
  <dc:identifier>Sanders, Richard; Whiltley, Andrew; Haigh, Zoe; Clarke, Sarah; Hitchings, Roger and O'Brien, Josie     (editor): Sanders, Richard (Ed.)    (2006) Elm Farm Organic Research Centre December 2006.   The Organic Research Centre, Elm Farm. Bulletin., no. 86. Elm Farm Organic Research Centre.</dc:identifier>
  <dc:relation>http://orgprints.org/10324/</dc:relation>
</oai_dc:dc>