<oai_dc:dc xmlns:oai_dc="http://www.openarchives.org/OAI/2.0/oai_dc/" xmlns:dc="http://purl.org/dc/elements/1.1/" xmlns:xsi="http://www.w3.org/2001/XMLSchema-instance" xsi:schemaLocation="http://www.openarchives.org/OAI/2.0/oai_dc/ http://www.openarchives.org/OAI/2.0/oai_dc.xsd">
  <dc:title>Organic production: does it enhance the health-promoting compounds in berries?</dc:title>
  <dc:creator>Anttonen, Mikko</dc:creator>
  <dc:creator>Karjalainen, Reijo</dc:creator>
  <dc:subject>Food security, food quality and human health</dc:subject>
  <dc:description>We have analyzed phenolic compounds from organically and conventionally grown blackcurrants and strawberries to test the idea if organically grown berries contain a higher amount of health-promoting phenolic compounds.</dc:description>
  <dc:publisher>Nordic Association of Agricultural Scientists</dc:publisher>
  <dc:date>2007</dc:date>
  <dc:type>Conference paper, poster, etc.</dc:type>
  <dc:type>NonPeerReviewed</dc:type>
  <dc:format>application/pdf</dc:format>
  <dc:identifier>http://orgprints.org/10721/1/njf1.pdf</dc:identifier>
  <dc:identifier>Anttonen, Mikko and Karjalainen, Reijo    (2007) Organic production: does it enhance the health-promoting compounds in berries?   In:     NJF Report, Nordic Association of Agricultural Scientists, 3 (1), p. 13.</dc:identifier>
  <dc:relation>http://orgprints.org/10721/</dc:relation>
</oai_dc:dc>