<oai_dc:dc xmlns:oai_dc="http://www.openarchives.org/OAI/2.0/oai_dc/" xmlns:dc="http://purl.org/dc/elements/1.1/" xmlns:xsi="http://www.w3.org/2001/XMLSchema-instance" xsi:schemaLocation="http://www.openarchives.org/OAI/2.0/oai_dc/ http://www.openarchives.org/OAI/2.0/oai_dc.xsd">
  <dc:title>Vaccination nation? Civilised strategies for protecting outdoor poultry from Avian Flu H5N1</dc:title>
  <dc:creator>Sanders, Richard</dc:creator>
  <dc:subject>Regulation</dc:subject>
  <dc:subject>Consumer issues</dc:subject>
  <dc:subject>Social aspects</dc:subject>
  <dc:subject>Health and welfare</dc:subject>
  <dc:description>An analysis of the threat of H5N1 Avian Flu virus to the UK, the potential impact on UK organic and free range poultry production and the evidence for a policy of vaccination.</dc:description>
  <dc:date>2006-07</dc:date>
  <dc:type>Report</dc:type>
  <dc:type>NonPeerReviewed</dc:type>
  <dc:format>application/pdf</dc:format>
  <dc:identifier>http://orgprints.org/10020/1/Vaccination_Nation.pdf</dc:identifier>
  <dc:identifier>Sanders, Richard         (2006) Vaccination nation? Civilised strategies for protecting outdoor poultry from Avian Flu H5N1.    Elm Farm Research Centre.</dc:identifier>
  <dc:relation>http://orgprints.org/10020/</dc:relation>
</oai_dc:dc>