<oai_dc:dc xmlns:oai_dc="http://www.openarchives.org/OAI/2.0/oai_dc/" xmlns:dc="http://purl.org/dc/elements/1.1/" xmlns:xsi="http://www.w3.org/2001/XMLSchema-instance" xsi:schemaLocation="http://www.openarchives.org/OAI/2.0/oai_dc/ http://www.openarchives.org/OAI/2.0/oai_dc.xsd">
  <dc:title>Sustainable production of organic wheat</dc:title>
  <dc:creator>Haigh, Z E L</dc:creator>
  <dc:creator>Clarke, S</dc:creator>
  <dc:creator>Hinchsliffe, K</dc:creator>
  <dc:creator>Jones, H</dc:creator>
  <dc:creator>Wolfe, M S</dc:creator>
  <dc:subject>Crop health, quality, protection</dc:subject>
  <dc:subject>Cereals, pulses and oilseeds</dc:subject>
  <dc:subject>Breeding, genetics and propagation</dc:subject>
  <dc:description>The aim of the project is to use an ecological approach to analyse the interactions of a range of key agronomic variables in organic wheat production (wheat genotype, spatial arrangement of seed, seed density and wheat/white clover bi-cropping) to determine an optimal approach to improved and stabilised production. The fi rst set of data revealed that seedling competition was infl uenced by seed rate and drilling arrangement. Furthermore, the variety Hereward had increased emergence and establishment to Aristos. An interaction exists between wheat variety, seed rate and drilling arrangement on the level of canopy cover at different developmental stages – these factors are important for the suppression of weeds. The input of farmers in the selection of trial variables ensures results have a direct application to the industry. The results of yield and quality at harvest will provide further insights into the interaction of agronomic variables.</dc:description>
  <dc:publisher>Association of Applied Biologists</dc:publisher>
  <dc:contributor>Atkinson, C</dc:contributor>
  <dc:contributor>Ball, B</dc:contributor>
  <dc:contributor>Davies, D H K</dc:contributor>
  <dc:contributor>Rees, R</dc:contributor>
  <dc:contributor>Russell, G</dc:contributor>
  <dc:contributor>Stockdale, E A</dc:contributor>
  <dc:contributor>Watson, C A</dc:contributor>
  <dc:contributor>Walker, R</dc:contributor>
  <dc:contributor>Younie, D</dc:contributor>
  <dc:date>2006</dc:date>
  <dc:type>Conference paper, poster, etc.</dc:type>
  <dc:type>NonPeerReviewed</dc:type>
  <dc:format>application/pdf</dc:format>
  <dc:identifier>http://orgprints.org/10204/1/Sustainable_production_of_organic_wheat.pdf</dc:identifier>
  <dc:identifier>Haigh, Z E L; Clarke, S; Hinchsliffe, K; Jones, H and Wolfe, M S    (2006) Sustainable production of organic wheat.   In: Atkinson, C; Ball, B; Davies, D H K; Rees, R; Russell, G; Stockdale, E A; Watson, C A; Walker, R and Younie, D (Eds.)  Aspects of Applied Biology 79, What will organic farming deliver? COR 2006, Association of Applied Biologists, pp. 131-134.</dc:identifier>
  <dc:relation>http://orgprints.org/10204/</dc:relation>
</oai_dc:dc>