<oai_dc:dc xmlns:oai_dc="http://www.openarchives.org/OAI/2.0/oai_dc/" xmlns:dc="http://purl.org/dc/elements/1.1/" xmlns:xsi="http://www.w3.org/2001/XMLSchema-instance" xsi:schemaLocation="http://www.openarchives.org/OAI/2.0/oai_dc/ http://www.openarchives.org/OAI/2.0/oai_dc.xsd">
  <dc:title>Økologisk matproduksjon - energiforbruk</dc:title>
  <dc:creator>Serikstad, Grete Lene</dc:creator>
  <dc:subject>"Organics" in general</dc:subject>
  <dc:subject>Processing, packaging and transportation</dc:subject>
  <dc:description>Energibruk bør inngå i vurdering av landbrukets miljøprofil. Minst mulig bruk av fossile energikilder er et mål i økologisk landbruk. Undersøkelser viser lavere energiforbruk i økologisk drift sammenlignet med konvensjonelt landbruk. Kunstgjødselframstilling står for en stor del av energiforbruket i konvensjonelt landbruk.</dc:description>
  <dc:date>2007-03</dc:date>
  <dc:type>Report</dc:type>
  <dc:type>NonPeerReviewed</dc:type>
  <dc:format>application/pdf</dc:format>
  <dc:identifier>http://orgprints.org/10605/1/Tema_16_2007_Oekologisk_matproduksjon_energiforbruk.pdf</dc:identifier>
  <dc:identifier>Serikstad, Grete Lene         (2007) Økologisk matproduksjon - energiforbruk.   Bioforsk TEMA, no. 16. Bioforsk, Bioforsk Økologisk.</dc:identifier>
  <dc:relation>http://orgprints.org/10605/</dc:relation>
</oai_dc:dc>