<oai_dc:dc xmlns:oai_dc="http://www.openarchives.org/OAI/2.0/oai_dc/" xmlns:dc="http://purl.org/dc/elements/1.1/" xmlns:xsi="http://www.w3.org/2001/XMLSchema-instance" xsi:schemaLocation="http://www.openarchives.org/OAI/2.0/oai_dc/ http://www.openarchives.org/OAI/2.0/oai_dc.xsd">
  <dc:title>Ökologische Agrarkultur weltweit - Organic Agriculture World-Wide. Statistiken und Perspektiven - Statistics and Perspectives</dc:title>
  <dc:creator>Willer, Helga</dc:creator>
  <dc:creator>Yussefi, Minou</dc:creator>
  <dc:subject>World</dc:subject>
  <dc:description>Numerous experts on organic farming contribute annually to this global statistical yearbook. Since 2000 the latest global organic figures have been presented annually at the BioFach Fair in Nuremberg, of which IFOAM is the patron. More information about the global organic farming statistics project as well as all editions of the yearbook is available at www.organic-world.net.</dc:description>
  <dc:publisher>Stiftung Ökologie &amp; Landbau / Foundation Ecology &amp; Agriculture (SOEL), DE-Bad Dürkheim</dc:publisher>
  <dc:date>2000</dc:date>
  <dc:type>Book</dc:type>
  <dc:type>NonPeerReviewed</dc:type>
  <dc:format>application/pdf</dc:format>
  <dc:identifier>http://orgprints.org/1000/1/willer-yussefi-2000-01-world-of-organic.pdf</dc:identifier>
  <dc:identifier>Willer, Helga and Yussefi, Minou    (2000) Ökologische Agrarkultur weltweit - Organic Agriculture World-Wide. Statistiken und Perspektiven - Statistics and Perspectives.     Stiftung Ökologie &amp; Landbau / Foundation Ecology &amp; Agriculture (SOEL), DE-Bad Dürkheim.</dc:identifier>
  <dc:relation>http://orgprints.org/1000/</dc:relation>
</oai_dc:dc>