<oai_dc:dc xmlns:oai_dc="http://www.openarchives.org/OAI/2.0/oai_dc/" xmlns:dc="http://purl.org/dc/elements/1.1/" xmlns:xsi="http://www.w3.org/2001/XMLSchema-instance" xsi:schemaLocation="http://www.openarchives.org/OAI/2.0/oai_dc/ http://www.openarchives.org/OAI/2.0/oai_dc.xsd">
  <dc:title>Einfluss von Feldgröße, Geometrie und der Nachbarkultur auf den Befall mit Phytophthora infestans und auf die Ertragsbildung in Kartoffelbeständen</dc:title>
  <dc:creator>Finckh, Maria R.</dc:creator>
  <dc:creator>Bouws-Beuermann, Heidi</dc:creator>
  <dc:creator>Bruns, Christian</dc:creator>
  <dc:subject>Crop health, quality, protection</dc:subject>
  <dc:description>Genetische Vielfalt und das Mikroklima innerhalb eines Feldes kann die Entwicklung von Epidemien massiv beeinflussen. In Kartoffelbeständen kann Vielfalt durch Sortenmischungen in der Reihe, alternierenden Reihen oder Streifen verschiedener Sorten (siehe Finckh et. al. 2003, dieser Band) oder im Streifenanbau abwechselnd mit anderen Kulturen erreicht werden. Beim Streifenanbau mit verschiedenen Kulturen sind eine große Anzahl Anbaufaktoren beeinflußbar wie Feldlänge und - breite, Ausrichtung zum Wind und die Art der Nachbarkulturen. Diese können, wenn sie höher als die Kartoffelbestände sind als Barrieren für Wind und Krankheitsinokulum dienen, eventuell aber auch die Bestandesfeuchte erhöhen. Niedrigere Kulturen dagegen können die Bestandesfeuchte erniedrigen. Neben diesen direkten Effekten auf den Bestand wird auch die regionale Bestandesdichte und damit die absolute Inokulumproduktion reduziert. Neben Einflüssen auf den Epidemieverlauf können aber auch Konkurrenzbeziehungen verschiedener Kulturen im Feld eine massive Rolle in der Epidemieentwicklung und in der Ertragsbildung spielen.</dc:description>
  <dc:contributor>Freyer, Bernhard</dc:contributor>
  <dc:date>2003</dc:date>
  <dc:type>Conference paper, poster, etc.</dc:type>
  <dc:type>NonPeerReviewed</dc:type>
  <dc:format>application/pdf</dc:format>
  <dc:identifier>http://orgprints.org/1041/1/1041-finckh-et-al-2003-feldgroesse-phytophthora-wien.pdf</dc:identifier>
  <dc:identifier>Finckh, Maria R.; Bouws-Beuermann, Heidi and Bruns, Christian    (2003) Einfluss von Feldgröße, Geometrie und der Nachbarkultur auf den Befall mit Phytophthora infestans und auf die Ertragsbildung in Kartoffelbeständen.  [Influence of field size, geometry and neighbouring culture on late blight epidemics and yield in organic potatoes.]  In: Freyer, Bernhard (Ed.)  Ökologischer Landbau der Zukunft: Beiträge zur 7. Wissenschaftstagung zum Ökologischen Landbau, pp. 547-548.</dc:identifier>
  <dc:relation>http://orgprints.org/1041/</dc:relation>
</oai_dc:dc>