<oai_dc:dc xmlns:oai_dc="http://www.openarchives.org/OAI/2.0/oai_dc/" xmlns:dc="http://purl.org/dc/elements/1.1/" xmlns:xsi="http://www.w3.org/2001/XMLSchema-instance" xsi:schemaLocation="http://www.openarchives.org/OAI/2.0/oai_dc/ http://www.openarchives.org/OAI/2.0/oai_dc.xsd">
  <dc:title>Diversifikationsstrategien für das Management der Kraut-und Knollenfäule der Kartoffel</dc:title>
  <dc:creator>Finckh, Maria R.</dc:creator>
  <dc:creator>Andrivon, Didier</dc:creator>
  <dc:creator>Bodker, Lars</dc:creator>
  <dc:creator>Bouws-Beuermann, Heidi</dc:creator>
  <dc:creator>Corbiere, Roselyne</dc:creator>
  <dc:creator>Elliseche, Daniel</dc:creator>
  <dc:creator>Philipps, Scott</dc:creator>
  <dc:creator>Wolfe, Martin S.</dc:creator>
  <dc:subject>Root crops</dc:subject>
  <dc:subject>Crop health, quality, protection</dc:subject>
  <dc:description>Fazit: Die bisherigen Ergebnisse deuten auf eine extreme Sortenabhängigkeit in den epidemiologischen Effekten von Diversifikationsstrategien hin. Außerdem spielt die Variabilität des Befallsdruckes selbst innerhalb eines Feldes eine kritische Rolle. Für die Auswertung von Daten muß deshalb die räumliche Verteilung des Befalles viel stärker mit entsprechenden statistischen Modellen in Betracht gezogen werden. &#xD;
Die Ergebnisse aus den Streifenexperimenten sind analog den Ergebnissen aus den Sortenmischungen und deuten darauf hin, daß Kartoffeln extrem empfindlich auf Konkurrenz sowohl verschiedener Sorten als auch Arten reagieren. Um Diversifikationsstrategien sinnvoll einsetzen zu können, sollten als erstes die Reaktionen von Sorten auf andere Sorten und Arten quantifiziert werden, um geeignete Sorten zu identifizieren. Es könnte auch ein Zuchtziel für die ökologische Landwirtschaft werden, die Konkurrenzfähigkeit mehr in den Vordergrund zu stellen. Dies wäre auch in Bezug auf Unkrautunterdrückung unter Umständen von Interesse.&#xD;
Um ein Streifenexperiment sinnvoll auszuwerten, muß der Ertrag und Befall der Außen- und Innenreihen von Parzellen getrennt erfaßt werden. Für die Beurteilung des Gesamtergebnisses kann dann nicht einfach auf Hektarerträge hochgerechnet werden sondern es muß das Gesamtsystem in Betracht gezogen werden. &#xD;
Insgesamt können Diversifikationsstrategien den Krankheitsdruck reduzieren. Dies belegen auch Beobachtungen aus China, wo der Streifenanbau von Kartoffeln und Mais zu bis zu 40% Reduktion im Befall mit P. infestans und damit zu einer Reduktion im Fungizideinsatz geführt hat (Z. Youyong, 2002, pers. Mitteilung).</dc:description>
  <dc:contributor>Freyer, Bernhard</dc:contributor>
  <dc:date>2003</dc:date>
  <dc:type>Conference paper, poster, etc.</dc:type>
  <dc:type>NonPeerReviewed</dc:type>
  <dc:format>application/pdf</dc:format>
  <dc:identifier>http://orgprints.org/1037/1/1037-finckh.pdf</dc:identifier>
  <dc:identifier>Finckh, Maria R.; Andrivon, Didier; Bodker, Lars; Bouws-Beuermann, Heidi; Corbiere, Roselyne; Elliseche, Daniel; Philipps, Scott and Wolfe, Martin S.    (2003) Diversifikationsstrategien für das Management der Kraut-und Knollenfäule der Kartoffel.  [Diversification strategies for the management of potato late blight.]  In: Freyer, Bernhard (Ed.)  Ökologischer Landbau der Zukunft: Beiträge zur 7. Wissenschaftstagung zum Ökologischen Landbau, pp. 141-145.</dc:identifier>
  <dc:relation>http://orgprints.org/1037/</dc:relation>
</oai_dc:dc>