<oai_dc:dc xmlns:oai_dc="http://www.openarchives.org/OAI/2.0/oai_dc/" xmlns:dc="http://purl.org/dc/elements/1.1/" xmlns:xsi="http://www.w3.org/2001/XMLSchema-instance" xsi:schemaLocation="http://www.openarchives.org/OAI/2.0/oai_dc/ http://www.openarchives.org/OAI/2.0/oai_dc.xsd">
  <dc:title>La agricultura orgánica como alternativa a la reactivación del campo mexicano</dc:title>
  <dc:subject>Mexico</dc:subject>
  <dc:description>Este es básicamente un proyecto de tesis que me gustaría ir enriqueciendo con las lecturas que se vayan haciendo.</dc:description>
  <dc:type>Project description</dc:type>
  <dc:type>NonPeerReviewed</dc:type>
  <dc:identifier>{Project}    La agricultura orgánica como alternativa a la reactivación del campo mexicano.    Runs 2006 - 2006.      Project Leader(s): Nava, Ivonne Ortega.</dc:identifier>
  <dc:relation>http://orgprints.org/10431/</dc:relation>
</oai_dc:dc>