<oai_dc:dc xmlns:oai_dc="http://www.openarchives.org/OAI/2.0/oai_dc/" xmlns:dc="http://purl.org/dc/elements/1.1/" xmlns:xsi="http://www.w3.org/2001/XMLSchema-instance" xsi:schemaLocation="http://www.openarchives.org/OAI/2.0/oai_dc/ http://www.openarchives.org/OAI/2.0/oai_dc.xsd">
  <dc:title>Untersuchungen zur Tiergerechtheit in ökologisch wirtschaftenden Betrieben mit Legehennenhaltung</dc:title>
  <dc:creator>Trei, G.</dc:creator>
  <dc:creator>Simantke, C.</dc:creator>
  <dc:creator>Hörning, B.</dc:creator>
  <dc:subject>Poultry</dc:subject>
  <dc:subject>Health and welfare</dc:subject>
  <dc:description>Von 2002 bis 2004 wurde im Rahmen des Bundesprogramms Ökologischer Landbau eine Status Quo Analyse zur ökologischen Geflügelhaltung mit dem Titel „Ökologische Geflügelproduktion - Struktur, Entwicklung, Probleme, politischer Handlungsbedarf“ durchgeführt.&#xD;
Gesamtziel des Vorhabens war, detaillierte und aktuelle Informationen aus den Bereichen Tiergerechtheit inklusive Haltungssysteme und –bedingungen, Tiergesundheit und Wirtschaftlichkeit anhand einer repräsentativen Stichprobe zu erhalten und politischen Handlungsbedarf abzuleiten bzw. Beratungsbedarf in Schwachstellenbereichen aufzuzeigen und mit dieser Studie auch eine Entscheidungshilfe zu geben.</dc:description>
  <dc:date>2004</dc:date>
  <dc:type>Conference paper, poster, etc.</dc:type>
  <dc:type>NonPeerReviewed</dc:type>
  <dc:format>application/pdf</dc:format>
  <dc:identifier>http://orgprints.org/10557/1/2004_11.FREILAND-17.IGN-Tagung_Trei.pdf</dc:identifier>
  <dc:identifier>Trei, G.; Simantke, C. and Hörning, B.    (2004) Untersuchungen zur Tiergerechtheit in ökologisch wirtschaftenden Betrieben mit Legehennenhaltung.   In:     Tagungsband 11. Freiland/ 17. IGN-Tagung: Auf dem Weg zu einer tiergerechteren Haltung, pp. 85-88.</dc:identifier>
  <dc:relation>http://orgprints.org/10557/</dc:relation>
</oai_dc:dc>