<oai_dc:dc xmlns:oai_dc="http://www.openarchives.org/OAI/2.0/oai_dc/" xmlns:dc="http://purl.org/dc/elements/1.1/" xmlns:xsi="http://www.w3.org/2001/XMLSchema-instance" xsi:schemaLocation="http://www.openarchives.org/OAI/2.0/oai_dc/ http://www.openarchives.org/OAI/2.0/oai_dc.xsd">
  <dc:title>Towards sustainable well-being and new modern eco-marketing argumentation - Smart EcoCuva is analysis tools for a food marketing</dc:title>
  <dc:creator>Pallari, Maarit</dc:creator>
  <dc:subject>Markets and trade</dc:subject>
  <dc:description>Sustainable development, well-being, eco-marketing, analysis, research methods, project.</dc:description>
  <dc:date>2006</dc:date>
  <dc:type>Conference paper, poster, etc.</dc:type>
  <dc:type>NonPeerReviewed</dc:type>
  <dc:format>multimedia</dc:format>
  <dc:identifier>http://orgprints.org/10741/1/Pallari2.ppt</dc:identifier>
  <dc:identifier>Pallari, Maarit    (2006) Towards sustainable well-being and new modern eco-marketing argumentation - Smart EcoCuva is analysis tools for a food marketing.       Poster at:   World food day, Helsinki, Finland, 13.10.2006.     [Unpublished]</dc:identifier>
  <dc:relation>http://orgprints.org/10741/</dc:relation>
</oai_dc:dc>