<oai_dc:dc xmlns:oai_dc="http://www.openarchives.org/OAI/2.0/oai_dc/" xmlns:dc="http://purl.org/dc/elements/1.1/" xmlns:xsi="http://www.w3.org/2001/XMLSchema-instance" xsi:schemaLocation="http://www.openarchives.org/OAI/2.0/oai_dc/ http://www.openarchives.org/OAI/2.0/oai_dc.xsd">
  <dc:title>A new touch for berry and apple production in South Savo region</dc:title>
  <dc:creator>Kivijärvi, Pirjo</dc:creator>
  <dc:creator>Kauppinen, Sanna</dc:creator>
  <dc:creator>Tuovinen, Tuomo</dc:creator>
  <dc:creator>Lindqvist, Isa</dc:creator>
  <dc:subject>Crop health, quality, protection</dc:subject>
  <dc:description>A 3-year project (2004-2007) was designed to improve profitability and ecological sustainability of berry and apple farms in South Savo region in Finland. The aim of the project is also to enhance collaboration between researchers, advisers and farmers.</dc:description>
  <dc:publisher>Nordic Association of Agricultural Scientists</dc:publisher>
  <dc:date>2006</dc:date>
  <dc:type>Conference paper, poster, etc.</dc:type>
  <dc:type>NonPeerReviewed</dc:type>
  <dc:format>application/pdf</dc:format>
  <dc:identifier>http://orgprints.org/10638/1/Lepaa1.pdf</dc:identifier>
  <dc:identifier>Kivijärvi, Pirjo; Kauppinen, Sanna; Tuovinen, Tuomo and Lindqvist, Isa    (2006) A new touch for berry and apple production in South Savo region.   In:     NJF Report, Nordic Association of Agricultural Scientists, 2 (10), p. 25.</dc:identifier>
  <dc:relation>http://orgprints.org/10638/</dc:relation>
</oai_dc:dc>