<oai_dc:dc xmlns:oai_dc="http://www.openarchives.org/OAI/2.0/oai_dc/" xmlns:dc="http://purl.org/dc/elements/1.1/" xmlns:xsi="http://www.w3.org/2001/XMLSchema-instance" xsi:schemaLocation="http://www.openarchives.org/OAI/2.0/oai_dc/ http://www.openarchives.org/OAI/2.0/oai_dc.xsd">
  <dc:title>Lepidoptera – A Baseline Study</dc:title>
  <dc:creator>Ball, Jason</dc:creator>
  <dc:subject>Biodiversity and ecosystem services</dc:subject>
  <dc:description>To provide a benchmark view of the species of butterflies and moths present at Sheepdrove Organic Farm, using repeatable, well-known methods to produce a set of results which can be referred to, and compared in future.</dc:description>
  <dc:date>2003-11</dc:date>
  <dc:type>Report</dc:type>
  <dc:type>NonPeerReviewed</dc:type>
  <dc:format>application/pdf</dc:format>
  <dc:identifier>http://orgprints.org/10290/1/SOF_Lepidoptera_2003_FINAL_report_JB.pdf</dc:identifier>
  <dc:identifier>Ball, Jason          (2003) Lepidoptera – A Baseline Study.    .</dc:identifier>
  <dc:relation>http://orgprints.org/10290/</dc:relation>
</oai_dc:dc>