<oai_dc:dc xmlns:oai_dc="http://www.openarchives.org/OAI/2.0/oai_dc/" xmlns:dc="http://purl.org/dc/elements/1.1/" xmlns:xsi="http://www.w3.org/2001/XMLSchema-instance" xsi:schemaLocation="http://www.openarchives.org/OAI/2.0/oai_dc/ http://www.openarchives.org/OAI/2.0/oai_dc.xsd">
  <dc:title>Versuche des Forschungsinstituts für biologischen Landbau (FiBL) zum biologischen Anbau alter Kartoffelsorten (1999 und 2002-2010)</dc:title>
  <dc:creator>Speiser, Bernhard</dc:creator>
  <dc:creator>Amsler, Thomas</dc:creator>
  <dc:creator>Tamm, Lucius</dc:creator>
  <dc:subject>Breeding, genetics and propagation</dc:subject>
  <dc:subject>Root crops</dc:subject>
  <dc:description>Kartoffelsortenversuche aus den Jahren 1999 und 2002-2010 zum biologischen Anbau alter Kartoffelsorten.</dc:description>
  <dc:date>2010</dc:date>
  <dc:type>Other</dc:type>
  <dc:type>NonPeerReviewed</dc:type>
  <dc:format>application/pdf</dc:format>
  <dc:identifier>http://orgprints.org/10579/1/speiser-1999-Kartoffelsorten_PSR_1999.pdf</dc:identifier>
  <dc:format>application/pdf</dc:format>
  <dc:identifier>http://orgprints.org/10579/2/speiser-2002-Kartoffelsorten_PSR_2002.pdf</dc:identifier>
  <dc:format>application/pdf</dc:format>
  <dc:identifier>http://orgprints.org/10579/3/speiser-2003-Kartoffelsorten_PSR_2003.pdf</dc:identifier>
  <dc:format>application/pdf</dc:format>
  <dc:identifier>http://orgprints.org/10579/4/speiser-2004-Kartoffelsorten_PSR_2004.pdf</dc:identifier>
  <dc:format>application/pdf</dc:format>
  <dc:identifier>http://orgprints.org/10579/5/speiser-2005-Kartoffelsorten_PSR_2005.pdf</dc:identifier>
  <dc:format>application/pdf</dc:format>
  <dc:identifier>http://orgprints.org/10579/6/speiser-2006-Kartoffelsorten_PSR_2006.pdf</dc:identifier>
  <dc:format>application/pdf</dc:format>
  <dc:identifier>http://orgprints.org/10579/7/speiser-etal-2008-kartoffelversuche-2007.pdf</dc:identifier>
  <dc:format>application/pdf</dc:format>
  <dc:identifier>http://orgprints.org/10579/8/Kartoffelsorten_PSR_2008.pdf</dc:identifier>
  <dc:format>application/pdf</dc:format>
  <dc:identifier>http://orgprints.org/10579/9/speiser-etal-2010-Kartoffelsorten_PSR_Jahresbericht-2009.pdf</dc:identifier>
  <dc:format>application/pdf</dc:format>
  <dc:identifier>http://orgprints.org/10579/20/Kartoffelsorten_PSR_2010.pdf</dc:identifier>
  <dc:identifier>Speiser, Bernhard; Amsler, Thomas and Tamm, Lucius    (2010) Versuche des Forschungsinstituts für biologischen Landbau (FiBL) zum biologischen Anbau alter Kartoffelsorten (1999 und 2002-2010).   Forschungsinstitut für biologischen Landbau (FiBL) CH-Frick, Phytopathologie.   [Unpublished]</dc:identifier>
  <dc:relation>http://orgprints.org/10579/</dc:relation>
</oai_dc:dc>