<oai_dc:dc xmlns:oai_dc="http://www.openarchives.org/OAI/2.0/oai_dc/" xmlns:dc="http://purl.org/dc/elements/1.1/" xmlns:xsi="http://www.w3.org/2001/XMLSchema-instance" xsi:schemaLocation="http://www.openarchives.org/OAI/2.0/oai_dc/ http://www.openarchives.org/OAI/2.0/oai_dc.xsd">
  <dc:title>Kartoffelsortenversuche des Forschungssinstituts für biologischen Landbau 1996-2010</dc:title>
  <dc:creator>Speiser, Bernhard</dc:creator>
  <dc:subject>Breeding, genetics and propagation</dc:subject>
  <dc:subject>Root crops</dc:subject>
  <dc:description>Versuche (1996-2010) mit neuen Kartoffelsorten für den Biolandbau.</dc:description>
  <dc:date>2010</dc:date>
  <dc:type>Other</dc:type>
  <dc:type>NonPeerReviewed</dc:type>
  <dc:format>application/pdf</dc:format>
  <dc:identifier>http://orgprints.org/10578/1/speiser-1996-Kartoffelsorten_BIO_1996.pdf</dc:identifier>
  <dc:format>application/pdf</dc:format>
  <dc:identifier>http://orgprints.org/10578/2/speiser-1997-Kartoffelsorten_BIO_1997.pdf</dc:identifier>
  <dc:format>application/pdf</dc:format>
  <dc:identifier>http://orgprints.org/10578/3/speiser-1998-Kartoffelsorten_BIO_1998.pdf</dc:identifier>
  <dc:format>application/pdf</dc:format>
  <dc:identifier>http://orgprints.org/10578/4/speiser-1999-Kartoffelsorten_BIO_1999.pdf</dc:identifier>
  <dc:format>application/pdf</dc:format>
  <dc:identifier>http://orgprints.org/10578/5/speiser-2000-Kartoffelsorten_BIO_2000.pdf</dc:identifier>
  <dc:format>application/pdf</dc:format>
  <dc:identifier>http://orgprints.org/10578/6/speiser-2001-Kartoffelsorten_BIO_2001.pdf</dc:identifier>
  <dc:format>application/pdf</dc:format>
  <dc:identifier>http://orgprints.org/10578/7/speiser-2002-Kartoffelsorten_BIO_2002.pdf</dc:identifier>
  <dc:format>application/pdf</dc:format>
  <dc:identifier>http://orgprints.org/10578/8/speiser-2003-Kartoffelsorten_BIO_2003.pdf</dc:identifier>
  <dc:format>application/pdf</dc:format>
  <dc:identifier>http://orgprints.org/10578/9/speiser-2004-Kartoffelsorten_BIO_2004.pdf</dc:identifier>
  <dc:format>application/pdf</dc:format>
  <dc:identifier>http://orgprints.org/10578/10/speiser-2005-Kartoffelsorten_BIO_2005.pdf</dc:identifier>
  <dc:format>application/pdf</dc:format>
  <dc:identifier>http://orgprints.org/10578/11/speiser-2006-Kartoffelsorten_BIO_2006.pdf</dc:identifier>
  <dc:format>application/pdf</dc:format>
  <dc:identifier>http://orgprints.org/10578/12/speiser-etal-2008-kartoffelversuche-neu-2007.pdf</dc:identifier>
  <dc:format>application/pdf</dc:format>
  <dc:identifier>http://orgprints.org/10578/13/Kartoffelsorten_BIO_2008.pdf</dc:identifier>
  <dc:format>application/pdf</dc:format>
  <dc:identifier>http://orgprints.org/10578/14/speiser-etal-2010-Kartoffelsorten_BIO_Jahresbericht-2009.pdf</dc:identifier>
  <dc:format>application/pdf</dc:format>
  <dc:identifier>http://orgprints.org/10578/30/Kartoffelsorten_BIO_2010.pdf</dc:identifier>
  <dc:identifier>Speiser, Bernhard    (2010) Kartoffelsortenversuche des Forschungssinstituts für biologischen Landbau 1996-2010.   Forschungsinstitut für biologischen Landbau (FiBL) CH-Frick, Phytopathologie.   [Unpublished]</dc:identifier>
  <dc:relation>http://orgprints.org/10578/</dc:relation>
</oai_dc:dc>