<oai_dc:dc xmlns:oai_dc="http://www.openarchives.org/OAI/2.0/oai_dc/" xmlns:dc="http://purl.org/dc/elements/1.1/" xmlns:xsi="http://www.w3.org/2001/XMLSchema-instance" xsi:schemaLocation="http://www.openarchives.org/OAI/2.0/oai_dc/ http://www.openarchives.org/OAI/2.0/oai_dc.xsd">
  <dc:title>Organic Farming in Europe: Situation and Prospects</dc:title>
  <dc:creator>BONNY, Sylvie</dc:creator>
  <dc:subject>Europe</dc:subject>
  <dc:description>This article analyses the current position, the issues and prospects of organic farming in the world and particularly in Europe. A first section asserts the weakness of the current world organic market (less than 1% of the food market), but also its strong growth over recent years. In Europe the sales of organic produce, very variable according to countries, remain, on the whole, (very) modest per head though they are on the increase. Consumer motivations mostly connect with health, the environment, taste, animal welfare. A second section looks at the increase of organic farmland in the world, in Europe and in France, along with a rapid historical overview of its slow emergence over the 20th Century. Finally an analysis of what holds up the expansion of organic agriculture takes up the third part: limits to consumer purchase growth, some difficulties encountered by producers, competing demands for land, developments in supermarket distribution, internal dissentions, to end up stressing the need for agriculture as a whole – not just a small component of it to become more sustainable.</dc:description>
  <dc:date>2006</dc:date>
  <dc:type>Report</dc:type>
  <dc:type>NonPeerReviewed</dc:type>
  <dc:format>application/pdf</dc:format>
  <dc:identifier>http://orgprints.org/10586/1/BONNY_Organic_farming_in_Europe_Notre_Europe_ENGLISH_2006.pdf</dc:identifier>
  <dc:identifier>BONNY, Sylvie         (2006) Organic Farming in Europe: Situation and Prospects.    Notre Europe, Paris.</dc:identifier>
  <dc:relation>http://orgprints.org/10586/</dc:relation>
</oai_dc:dc>