<oai_dc:dc xmlns:oai_dc="http://www.openarchives.org/OAI/2.0/oai_dc/" xmlns:dc="http://purl.org/dc/elements/1.1/" xmlns:xsi="http://www.w3.org/2001/XMLSchema-instance" xsi:schemaLocation="http://www.openarchives.org/OAI/2.0/oai_dc/ http://www.openarchives.org/OAI/2.0/oai_dc.xsd">
  <dc:title>Organic mulches compared to black plastic in organic strawberry production: effects on ground beetles</dc:title>
  <dc:creator>Tuovinen, Tuomo</dc:creator>
  <dc:creator>Kikas, Ave</dc:creator>
  <dc:creator>Tolonen, Timo</dc:creator>
  <dc:creator>Kivijärvi, Pirjo</dc:creator>
  <dc:subject>Crop health, quality, protection</dc:subject>
  <dc:description>There were no significant differences in the numbers of ground beetle species or in the pooled numbers of beetles between the treatments in either season.</dc:description>
  <dc:publisher>Nordic Association of Agricultural Scientists</dc:publisher>
  <dc:date>2006</dc:date>
  <dc:type>Conference paper, poster, etc.</dc:type>
  <dc:type>NonPeerReviewed</dc:type>
  <dc:format>application/pdf</dc:format>
  <dc:identifier>http://orgprints.org/10643/1/Lepaa.pdf</dc:identifier>
  <dc:identifier>Tuovinen, Tuomo; Kikas, Ave; Tolonen, Timo and Kivijärvi, Pirjo    (2006) Organic mulches compared to black plastic in organic strawberry production: effects on ground beetles.   In:     NJF Report, Nordic Association of Agricultural Scientists, 2 (10), p. 28.</dc:identifier>
  <dc:relation>http://orgprints.org/10643/</dc:relation>
</oai_dc:dc>