<oai_dc:dc xmlns:oai_dc="http://www.openarchives.org/OAI/2.0/oai_dc/" xmlns:dc="http://purl.org/dc/elements/1.1/" xmlns:xsi="http://www.w3.org/2001/XMLSchema-instance" xsi:schemaLocation="http://www.openarchives.org/OAI/2.0/oai_dc/ http://www.openarchives.org/OAI/2.0/oai_dc.xsd">
  <dc:title>Die ökologische Baumschulwirtschaft: Praxis der ökologischen Gehölzproduktion und Zierpflanzengärtnerei - eine Bestandsaufnahme [Organic tree nursery: practice of organic production of small wood and organic ornamental horticulture]</dc:title>
  <dc:creator>Daniel, Götz</dc:creator>
  <dc:subject>Farming Systems</dc:subject>
  <dc:subject>Production systems</dc:subject>
  <dc:description>Vor dem Hintergrund schärfer werdender Umweltauflagen und dem steigenden Umweltbewusstsein der Bevölkerung werden in Baumschulen neue Wege des Anbaus und Absatzes gesucht. Das vorliegende Buch bietet einen aktiven Beitrag zum Natur- und Umweltschutz sowie neue grundsätzliche Perspektiven der Gehölzerzeugung. Auf der Grundlage einer Erhebung wird der aktuellen Stand der ökologischen Baumschulwirtschaft in Deutschland beschrieben. Anschließend wird die Praxis und Wirtschaftsweise der Öko-Baumschulen, deren Struktur, die Betriebswirtschaft sowie die rechtlichen Rahmenbedingungen des ökologischen Kultivierung behandelt. Möglichkeiten der Umstellung werden aufgezeigt. Zudem gibt das Werk einen Einblick in den Bereich der ökologischen Zierpflanzenproduktion. Es liegt mit dieser Veröffentlichung somit erstmalig in der Bundesrepublik Deutschland eine umfassende Darstellung des ökologischen Landbaus im Bereich Baumschulwirtschaft vor.</dc:description>
  <dc:publisher>Stiftung Ökologie &amp; Landbau, Bad Dürkheim</dc:publisher>
  <dc:date>2000</dc:date>
  <dc:type>Book</dc:type>
  <dc:type>NonPeerReviewed</dc:type>
  <dc:format>application/pdf</dc:format>
  <dc:identifier>http://orgprints.org/1035/1/kein-dokument.pdf</dc:identifier>
  <dc:identifier>Daniel, Götz    (2000) Die ökologische Baumschulwirtschaft: Praxis der ökologischen Gehölzproduktion und Zierpflanzengärtnerei - eine Bestandsaufnahme [Organic tree nursery: practice of organic production of small wood and organic ornamental horticulture].    SÖL-Sonderausgabe, no. 79. Stiftung Ökologie &amp; Landbau, Bad Dürkheim.</dc:identifier>
  <dc:relation>http://orgprints.org/1035/</dc:relation>
</oai_dc:dc>