<oai_dc:dc xmlns:oai_dc="http://www.openarchives.org/OAI/2.0/oai_dc/" xmlns:dc="http://purl.org/dc/elements/1.1/" xmlns:xsi="http://www.w3.org/2001/XMLSchema-instance" xsi:schemaLocation="http://www.openarchives.org/OAI/2.0/oai_dc/ http://www.openarchives.org/OAI/2.0/oai_dc.xsd">
  <dc:title>Sortenversuche 2002 im ökologischen Landbau in Deutschland: Hafer - Bundesweite Auswertung der Ergebnisse der Arbeitsgruppe Ökologischer Versuchsansteller</dc:title>
  <dc:creator>Böcker, H.</dc:creator>
  <dc:creator>Röder, U.</dc:creator>
  <dc:subject>Breeding, genetics and propagation</dc:subject>
  <dc:subject>Cereals, pulses and oilseeds</dc:subject>
  <dc:description>Die vorliegende deutschlandweite Auswertung der Sortenversuche "Hafer" beruht auf den Versuchen der in der Arbeitsgruppe Ökologischer Versuchsansteller des Verbands der Landwirtschaftskammern e.V. (VLK) vertretenen Einrichtungen (Landwirtschaftskammern und Versuchsanstalten der Bundesländer).&#xD;
&#xD;
Tabellen:&#xD;
Standortdaten&#xD;
Erträge [relativ]&#xD;
hl-Gewicht [relativ]</dc:description>
  <dc:publisher>Stiftung Ökologie &amp; Landbau, Bad Dürkheim</dc:publisher>
  <dc:date>2003</dc:date>
  <dc:type>Newspaper or magazine article</dc:type>
  <dc:type>NonPeerReviewed</dc:type>
  <dc:format>application/pdf</dc:format>
  <dc:identifier>http://orgprints.org/1060/1/1060-boecker-h-2003-sorten-hafer.pdf</dc:identifier>
  <dc:identifier>Böcker, H. and Röder, U.    (2003) Sortenversuche 2002 im ökologischen Landbau in Deutschland: Hafer - Bundesweite Auswertung der Ergebnisse der Arbeitsgruppe Ökologischer Versuchsansteller.  [Organic variety trials in Germany in 2002: oats - nationwide evaluation of the results of the working group of organic experimental stations.]  SÖL-Berater-Rundbrief, 2003 (1/03), pp. 9-13.</dc:identifier>
  <dc:relation>http://orgprints.org/1060/</dc:relation>
</oai_dc:dc>