<oai_dc:dc xmlns:oai_dc="http://www.openarchives.org/OAI/2.0/oai_dc/" xmlns:dc="http://purl.org/dc/elements/1.1/" xmlns:xsi="http://www.w3.org/2001/XMLSchema-instance" xsi:schemaLocation="http://www.openarchives.org/OAI/2.0/oai_dc/ http://www.openarchives.org/OAI/2.0/oai_dc.xsd">
  <dc:title>Spreading of virulence regarding spatial distribution resistant cultivars inferred from population modeling coupled with genetics</dc:title>
  <dc:creator>Lindhard Pedersen, Hanne</dc:creator>
  <dc:creator>Sapoukhina, Natalia</dc:creator>
  <dc:creator>Gladieux, Pierre</dc:creator>
  <dc:creator>Le Cam, Bruno</dc:creator>
  <dc:subject>Soil</dc:subject>
  <dc:description>One of the control strategies of fungal crop diseases is planting highly resistant varieties. However selection pressure on the pathogen, imposed by major resistance genes, leads to the development of new virulent races. In most cases breakdown of resistance has been reported for crop-pathogen systems with a genetically uniform crop distributed over large areas [2].  Des choix stratégiques en matière de construction et de déploiement de génotypes résistants combinant des gènes de résistance se pose aujourd’hui de manière aigüe afin de tendre vers une agriculture à résistance durable. To reach this objective, we start a study that combined population modeling with genetics to (1) identify keys traits of life of the pathogen involved in resistance breakdown (2)  simulate virulence spreading regarding  spatial host distribution.</dc:description>
  <dc:date>2006</dc:date>
  <dc:type>Conference paper, poster, etc.</dc:type>
  <dc:type>NonPeerReviewed</dc:type>
  <dc:format>application/pdf</dc:format>
  <dc:identifier>http://orgprints.org/10159/1/10159.pdf</dc:identifier>
  <dc:identifier>Lindhard Pedersen, Hanne; Sapoukhina, Natalia; Gladieux, Pierre and Le Cam, Bruno    (2006) Spreading of virulence regarding spatial distribution resistant cultivars inferred from population modeling coupled with genetics.       Paper at:   VIe rencontres de Phytopathologie/Mycologie, Aussois, France, 16-19 janvier.</dc:identifier>
  <dc:relation>http://orgprints.org/10159/</dc:relation>
</oai_dc:dc>