<oai_dc:dc xmlns:oai_dc="http://www.openarchives.org/OAI/2.0/oai_dc/" xmlns:dc="http://purl.org/dc/elements/1.1/" xmlns:xsi="http://www.w3.org/2001/XMLSchema-instance" xsi:schemaLocation="http://www.openarchives.org/OAI/2.0/oai_dc/ http://www.openarchives.org/OAI/2.0/oai_dc.xsd">
  <dc:title>Mindre udvaskning fra økologer</dc:title>
  <dc:creator>Knudsen, Marie Trydeman</dc:creator>
  <dc:subject>Farm nutrient management</dc:subject>
  <dc:subject>Air and water emissions</dc:subject>
  <dc:description>Nye samlede resultater viser, at økologiske malkekvægbrug udvasker ca. 40 procent mindre kvælstof end de konventionelle malkekvægbrug, mens kvælstofudvaskningen på økologiske og konventionelle planteavlsbrug i gennemsnittet er ens. &#xD;
Disse resultater omkring kvælstofudvaskning og økologisk jordbrug er nu samlet og udgivet i en artikel på engelsk, der er tilgængelig i Organic Eprints (http://orgprints.org/4637).</dc:description>
  <dc:publisher>Økologisk Landsforening</dc:publisher>
  <dc:date>2006-08</dc:date>
  <dc:type>Newspaper or magazine article</dc:type>
  <dc:type>NonPeerReviewed</dc:type>
  <dc:format>application/pdf</dc:format>
  <dc:identifier>http://orgprints.org/10493/1/10493.pdf</dc:identifier>
  <dc:identifier>Knudsen, Marie Trydeman    (2006) Mindre udvaskning fra økologer.   Økologisk Jordbrug, August 2006, 365, p. 6.</dc:identifier>
  <dc:relation>http://orgprints.org/10493/</dc:relation>
</oai_dc:dc>