<oai_dc:dc xmlns:oai_dc="http://www.openarchives.org/OAI/2.0/oai_dc/" xmlns:dc="http://purl.org/dc/elements/1.1/" xmlns:xsi="http://www.w3.org/2001/XMLSchema-instance" xsi:schemaLocation="http://www.openarchives.org/OAI/2.0/oai_dc/ http://www.openarchives.org/OAI/2.0/oai_dc.xsd">
  <dc:title>Guide for on-farm experiments by organic farmers</dc:title>
  <dc:creator>Bachinger, J.</dc:creator>
  <dc:creator>Stein-Bachinger, K.</dc:creator>
  <dc:creator>Vögel, R.</dc:creator>
  <dc:creator>Werner, A.</dc:creator>
  <dc:subject>Systems research and participatory research</dc:subject>
  <dc:subject>Research communication and quality</dc:subject>
  <dc:description>The Guide will be overworked based on observations and experiences of chosen users to ensure a broad as possible practical relevance. Experiments which have already been implemented to address various questions cover the diversity of possibilities which result through that kind of approach for practice and advising.</dc:description>
  <dc:publisher>FOOD AND AGRICULTURE ORGANIZATION OF THE UNITED NATIONS</dc:publisher>
  <dc:contributor>Krell, R.</dc:contributor>
  <dc:contributor>Zanoli, R.</dc:contributor>
  <dc:date>2000</dc:date>
  <dc:type>Conference paper, poster, etc.</dc:type>
  <dc:type>NonPeerReviewed</dc:type>
  <dc:format>application/pdf</dc:format>
  <dc:identifier>http://orgprints.org/1022/1/1022-bachinger-et-al-2000-on-farm-guide.pdf</dc:identifier>
  <dc:identifier>Bachinger, J.; Stein-Bachinger, K.; Vögel, R. and Werner, A.    (2000) Guide for on-farm experiments by organic farmers.   In: Krell, R. and Zanoli, R. (Eds.)  Research Methodologies in Organic farming: On-Farm Participatory Research: Proceedings, FOOD AND AGRICULTURE ORGANIZATION OF THE UNITED NATIONS, REU Technical Series, no. 63, pp. 47-48.</dc:identifier>
  <dc:relation>http://orgprints.org/1022/</dc:relation>
</oai_dc:dc>