<oai_dc:dc xmlns:oai_dc="http://www.openarchives.org/OAI/2.0/oai_dc/" xmlns:dc="http://purl.org/dc/elements/1.1/" xmlns:xsi="http://www.w3.org/2001/XMLSchema-instance" xsi:schemaLocation="http://www.openarchives.org/OAI/2.0/oai_dc/ http://www.openarchives.org/OAI/2.0/oai_dc.xsd">
  <dc:title>Risikomanagement von Pflanzenschutzmittel-Rückständen und Verunreinigungen mit ubiquitären persistenten Umweltschadstoffen bei Produkten des Ökologischen Landbaus</dc:title>
  <dc:creator>Neuendorff, Jochen</dc:creator>
  <dc:subject>Environmental aspects</dc:subject>
  <dc:subject>Crop health, quality, protection</dc:subject>
  <dc:subject>Food security, food quality and human health</dc:subject>
  <dc:description>Die Qualität von Bio-Produkten kann auch bei vollständiger Einhaltung der Richtlinien für den Ökologischen Landbau durch Rückstände von Pflanzenschutzmitteln oder Umweltschadstoffen aus dem Boden oder der Luft beeinträchtigt werden. Die vorliegende Arbeit beschreibt die gesetzlichen und privatrechtlichen Rahmenbedingungen für das Risikomanagement von Rückständen und Kontaminationen von Produkten aus Ökologischem Landbau.&#xD;
Für den Bereich Pflanzenschutzmittelrückstände wird ein Manual "Risikomanagement von Pflanzenschutzmittelrückständen in Lebensmitteln aus Ökologischem Landbau" vorgelegt, das im Rahmen eines Unterauftrags von Martin Rombach erarbeitet wurde. Es wendet sich an Unternehmen der ökologischen Lebensmittelwirtschaft, die zur Qualitätssicherung Rückstandsuntersuchungen durchführen, und an die Öko-Kontrollstellen und die für die Umsetzung der EU-ÖkoVO zuständigen Länderbehörden, deren Aufgabe es ist, Analysenpläne zu prüfen, Untersuchungsergebnisse sachgerecht zu interpretieren und im Verdachtsfall selbst Proben zu ziehen und untersuchen zu lassen. Es wird dargestellt, wie für eine effiziente Qualitätssicherung ein Analysenplan entwickelt wird und welche Anforderungen an ein Labor zu stellen sind, das mit der Durchführung der Analysen beauftragt wird. Ein Standardverfahren zur Bewertung von Analyseergebnissen beschreibt, welche Informationen&#xD;
für die sachgerechte Interpretation von Rückstandsergebnissen einzubeziehen sind. &#xD;
Zielgruppe des im Rahmen des Projektes erstellten Leitfadens „Risikomanagement von ubiquitären, persistenten Umweltschadstoffen“ sind in erster Linie landwirtschaftliche Öko- Betriebe und Berater. Der Leitfaden stellt die Wirkungszusammenhänge von Produktbelastungen mit Umweltkontaminanten, Mykotoxinen und Arzneimitteln auf der Stufe der landwirtschaftlichen Erzeugung dar. Es wird ein Überblick gegeben, welche Kontaminanten auftreten können, wie sie in den Nahrungsmittelkreislauf gelangen und auf Mensch, Tier und Pflanze wirken. Für potentielle Kontaminationsquellen wird anhand konkreter Fallbeispiele erläutert, wie bei einem Belastungsverdacht bzw. bei festgestellten Belastungen vorgegangen werden kann. Für Acker- und Grünlandbewirtschaftung werden Maßnahmen aufgezeigt, mit denen sich die mögliche Verunreinigungen von Bio-Produkten verringern lassen.</dc:description>
  <dc:date>2006</dc:date>
  <dc:type>Report</dc:type>
  <dc:type>NonPeerReviewed</dc:type>
  <dc:format>application/pdf</dc:format>
  <dc:identifier>http://orgprints.org/10658/4/10658-03OE461-GfRS-neuendorff-2006-umweltschadstoffe.pdf</dc:identifier>
  <dc:format>application/pdf</dc:format>
  <dc:identifier>http://orgprints.org/10658/9/10658-03OE461-GfRS-neuendorff-2006-leitfaden.pdf</dc:identifier>
  <dc:format>application/pdf</dc:format>
  <dc:identifier>http://orgprints.org/10658/12/10658-03OE461-pruefverein-rombach-2006-manuel.pdf</dc:identifier>
  <dc:identifier>Neuendorff, Jochen         (2006) Risikomanagement von Pflanzenschutzmittel-Rückständen und Verunreinigungen mit ubiquitären persistenten Umweltschadstoffen bei Produkten des Ökologischen Landbaus.  [Risk handling of phytosanitary products’ residual substances and ubiquitous and persistent residues in organic food.]   GfRS Gesellschaft für Ressourcenschutz mbH.</dc:identifier>
  <dc:relation>http://orgprints.org/10658/</dc:relation>
</oai_dc:dc>