<oai_dc:dc xmlns:oai_dc="http://www.openarchives.org/OAI/2.0/oai_dc/" xmlns:dc="http://purl.org/dc/elements/1.1/" xmlns:xsi="http://www.w3.org/2001/XMLSchema-instance" xsi:schemaLocation="http://www.openarchives.org/OAI/2.0/oai_dc/ http://www.openarchives.org/OAI/2.0/oai_dc.xsd">
  <dc:title>Bekæmpelse af æbleskurv i økologisk frugtavl - kan planteekstrakter, biologisk bekæmpelse og induceret resistens anvendes?</dc:title>
  <dc:creator>Hockenhull, John</dc:creator>
  <dc:creator>Bengtsson, Marianne</dc:creator>
  <dc:creator>Jørgensen, Hans Jørgen Lyngs</dc:creator>
  <dc:creator>Pedersen, Hanne Lindhard</dc:creator>
  <dc:creator>Nørbæk, Rikke</dc:creator>
  <dc:creator>Paaske, Klaus</dc:creator>
  <dc:subject>Fruit and berries</dc:subject>
  <dc:description>Der er et stort behov for at finde alternative muligheder til at bekæmpe æbleskurv i økologisk æbledyrkning, da de fleste tilgængelige metoder, inklusive sprøjtning med svovl, kun har ringe effekt. I det danske samarbejdsprojekt "StopScab" mellem den Kgl. Veterinær- og Landbohøjskole og Danmarks JordbrugsForskning undersøges planteekstrakter, essentielle olier, biologiske bekæmpelsesorganismer og midler, der aktiverer plantens egne resistensmekanismer (induceret resistens) for deres effektivitet mod æbleskurv.</dc:description>
  <dc:publisher>Sveriges Lantbruksuniversitet (SLU)</dc:publisher>
  <dc:date>2003-07</dc:date>
  <dc:type>Newspaper or magazine article</dc:type>
  <dc:type>NonPeerReviewed</dc:type>
  <dc:format>application/pdf</dc:format>
  <dc:identifier>http://orgprints.org/1052/1/fnytt20326_27.pdf</dc:identifier>
  <dc:identifier>Hockenhull, John; Bengtsson, Marianne; Jørgensen, Hans Jørgen Lyngs; Pedersen, Hanne Lindhard; Nørbæk, Rikke and Paaske, Klaus    (2003) Bekæmpelse af æbleskurv i økologisk frugtavl - kan planteekstrakter, biologisk bekæmpelse og induceret resistens anvendes?   Forskningsnytt om økologisk landbruk i Norden, July 2003 (2), pp. 26-27.</dc:identifier>
  <dc:relation>http://orgprints.org/1052/</dc:relation>
</oai_dc:dc>