<oai_dc:dc xmlns:oai_dc="http://www.openarchives.org/OAI/2.0/oai_dc/" xmlns:dc="http://purl.org/dc/elements/1.1/" xmlns:xsi="http://www.w3.org/2001/XMLSchema-instance" xsi:schemaLocation="http://www.openarchives.org/OAI/2.0/oai_dc/ http://www.openarchives.org/OAI/2.0/oai_dc.xsd">
  <dc:title>Einfluss einer 5jährigen Dauerstilllegung auf Pflanzenbestand, Bodenmerkmale und einen ökologischen Nachbau von Winter- und Sommerweizen</dc:title>
  <dc:creator>Kolbe, Hartmut</dc:creator>
  <dc:creator>Jäckel, Ulf</dc:creator>
  <dc:creator>Beckmann, Uta</dc:creator>
  <dc:subject>Nutrient turnover</dc:subject>
  <dc:subject>Cereals, pulses and oilseeds</dc:subject>
  <dc:subject>Biodiversity and ecosystem services</dc:subject>
  <dc:subject>Air and water emissions</dc:subject>
  <dc:description>Im Rahmen der Prüfung von geeigneten Extensivierungsmaßnahmen wurden die Auswirkungen einer dauerhaften Stilllegung bisher intensiv genutzter landwirtschaftlicher Ackerflächen in Sachsen untersucht. Seit dem Jahr 1992 wurden hierzu auf einem Lößboden und einem Sandboden zwei Dauerbrachevarianten und drei Pflegevarianten miteinander verglichen. Fragen nach der Wirkung einer langjährigen Stilllegung auf botanische Veränderungen, die damit im Zusammenhang stehenden Nutzungs- und Pflegemaßnahmen sowie die Auswirkungen auf den Nährstoffhaushalt und weitere Bodenfruchtbarkeitsmerkmale standen im Mittelpunkt der experimentellen Arbeiten. Nach fünf Versuchsjahren wurde mit Weizennachbau in zwei Umbruchvarianten eine Folgebewirtschaftung nach Richtlinien des ökologischen Landbaus untersucht.</dc:description>
  <dc:publisher>Sächsische Landesanstalt für Landwirtschaft</dc:publisher>
  <dc:date>2003</dc:date>
  <dc:type>Journal paper</dc:type>
  <dc:type>NonPeerReviewed</dc:type>
  <dc:format>application/pdf</dc:format>
  <dc:identifier>http://orgprints.org/10468/1/B8_Dauerstilllegung.pdf</dc:identifier>
  <dc:identifier>Kolbe, Hartmut; Jäckel, Ulf and Beckmann, Uta   (2003) Einfluss einer 5jährigen Dauerstilllegung auf Pflanzenbestand, Bodenmerkmale und einen ökologischen Nachbau von Winter- und Sommerweizen.   Schriftenreihe der Sächsischen Landesanstalt für Landwirtschaft, 8 (6), pp. 82-103.</dc:identifier>
  <dc:relation>http://orgprints.org/10468/</dc:relation>
</oai_dc:dc>