<oai_dc:dc xmlns:oai_dc="http://www.openarchives.org/OAI/2.0/oai_dc/" xmlns:dc="http://purl.org/dc/elements/1.1/" xmlns:xsi="http://www.w3.org/2001/XMLSchema-instance" xsi:schemaLocation="http://www.openarchives.org/OAI/2.0/oai_dc/ http://www.openarchives.org/OAI/2.0/oai_dc.xsd">
  <dc:title>Mit Grünfutter und Tageslicht strahlen Hühnereier anders</dc:title>
  <dc:creator>Köhler, B.</dc:creator>
  <dc:creator>Strube, J.</dc:creator>
  <dc:creator>Fölsch, D.W.</dc:creator>
  <dc:creator>Lange, K.</dc:creator>
  <dc:subject>Poultry</dc:subject>
  <dc:subject>Specific methods</dc:subject>
  <dc:description>Mit dem einfachen und schnellen Untersuchungsverfahren der Biophotonenanalyse lassen sich am Ei Unterschiede feststellen, die durch Haltungssystem, Fütterung und Klimafaktoren bedingt sind.</dc:description>
  <dc:publisher>Stiftung Ökologie &amp; Landbau</dc:publisher>
  <dc:date>2002</dc:date>
  <dc:type>Journal paper</dc:type>
  <dc:type>NonPeerReviewed</dc:type>
  <dc:format>application/pdf</dc:format>
  <dc:identifier>http://orgprints.org/10552/1/Gr%C3%BCnfutter-Tageslicht-S%C3%96L.pdf</dc:identifier>
  <dc:identifier>Köhler, B.; Strube, J.; Fölsch, D.W. and Lange, K.   (2002) Mit Grünfutter und Tageslicht strahlen Hühnereier anders.   Ökologie und Landbau, 123 (3), pp. 39-41.</dc:identifier>
  <dc:relation>http://orgprints.org/10552/</dc:relation>
</oai_dc:dc>