<oai_dc:dc xmlns:oai_dc="http://www.openarchives.org/OAI/2.0/oai_dc/" xmlns:dc="http://purl.org/dc/elements/1.1/" xmlns:xsi="http://www.w3.org/2001/XMLSchema-instance" xsi:schemaLocation="http://www.openarchives.org/OAI/2.0/oai_dc/ http://www.openarchives.org/OAI/2.0/oai_dc.xsd">
  <dc:title>Internationale Wettbewerbsfähigkeit der ökologischen Milchproduktion und Verarbeitung in Deutschland</dc:title>
  <dc:creator>Hemme, Torsten</dc:creator>
  <dc:creator>Deeken, Eva</dc:creator>
  <dc:creator>Faßbender, Werner</dc:creator>
  <dc:subject>Markets and trade</dc:subject>
  <dc:subject>Processing, packaging and transportation</dc:subject>
  <dc:description>Zur Einschätzung der Wettbewerbsfähigkeit der deutschen Öko-Milchproduktion und –verarbeitung wurde ein internationaler Vergleich mit vier (potentiellen) Konkurrenzländern angestellt. Einbezogen wurden Dänemark und Österreich, zwei EU-Ländern mit einem hohen Anteil an ökologischer Milchproduktion, Ungarn, das stellvertretend für die östlichen Beitrittsländer der EU steht und Argentinien, das stellvertretend für die flächenreichen Exportstandorte in der südlichen Hemisphäre steht. Die wichtigsten Ergebnisse:&#xD;
In Deutschland lag der Anteil der Biomilcherzeugung an der gesamten Milcherzeugung im Jahr 2002 bei etwas über 2 %. Dänemark und Österreich produzieren etwa 10 % ihrer Milch ökologisch. Die absolute Menge ist jedoch in allen drei Ländern etwa gleich. In Ungarn und Argentinien spielt die Erzeugung von Biomilch bislang eine untergeordnete Rolle.&#xD;
In Deutschland werden die ökospezifischen Mehrkosten auf ca. 22 % geschätzt (im unter-suchten 38-Kuh-Betrieb). Diese werden durch die höheren Erlöse ausgeglichen. Größere deutsche Bio-Betriebe haben gegenüber dem 38-Kuh-Betrieb Produktionskostenvorteile von bis 35 %. Im Vergleich zu dem 38-Kuh-Betrieb kann Biomilch in den übrigen Län-dern günstiger produziert werden: in Österreich -5 %, in Dänemark -26 %, in Ungarn -39 % und in Argentinien -78 %. Die größeren deutschen Biomilcherzeuger können dagegen mit den europäischen Konkurrenten durchaus mithalten.&#xD;
Nur ca. 15 % der Molkereien in Deutschland verarbeiten Biomilch. In Dänemark liegt dieser Anteil bei 30 % und in Österreich bei 40 %. Das Verbraucherpreisniveau für Milch im Allgemeinen ist in Deutschland verglichen zu anderen Ländern relativ niedrig. Der Öko-Zuschlag auf die Verbraucherpreise ist demgegenüber in Deutschland mit ca. 50 % vergleichsweise hoch (in Dänemark ca. 15 %, in Österreich ca. 35 %). &#xD;
Es ist zu erwarten, dass der Exportdruck von Biomilchprodukten aus Ungarn und Argentinien steigen, in Dänemark etwa konstant bleiben und in Österreich sinken wird. &#xD;
Die Schwächen der deutschen Biomilchproduktion liegen in den vergleichsweise hohen Produktionskosten vor allem bedingt durch die kleine Betriebsstruktur und im Vergleich zu Österreich in den geringen Direktzahlungen. Im Vergleich zu Ungarn und Argentinien weisen die deutschen Produzenten wesentlich höhere Faktorpreise auf. &#xD;
Ansatzstellen für Politik und Wirtschaft sollte die Nachfragestärkung durch Verbraucheraufklärung und gezielte Maßnahmen im Großverbraucherbereich sein. Darüber hinaus sollten auch Märkte in anderen Ländern identifiziert und Exportchancen ausgelotet werden. Ein weiteres Ziel sollte sein, den Rohstoff Biomilch durch Senkung der Produktionskosten wettbewerbsfähiger zu machen. Zudem gilt es, bei politischen Maßnahmen die Planungssicherheit für Produzenten zu berücksichtigen.</dc:description>
  <dc:date>2003</dc:date>
  <dc:type>Report</dc:type>
  <dc:type>NonPeerReviewed</dc:type>
  <dc:format>application/pdf</dc:format>
  <dc:identifier>http://orgprints.org/10743/1/10743-02OE059-ble-fal-2003-oekomilchproduktion.pdf</dc:identifier>
  <dc:identifier>Hemme, Torsten; Deeken, Eva and Faßbender, Werner         (2003) Internationale Wettbewerbsfähigkeit der ökologischen Milchproduktion und Verarbeitung in Deutschland.  [International competitiveness of organic milk production and processing in Germany.]   Bundesanstalt für Landwirtschaft und Ernährung, Bonn, Geschäftsstelle Bundesprogramm Ökologischer Landbau.</dc:identifier>
  <dc:relation>http://orgprints.org/10743/</dc:relation>
</oai_dc:dc>