<oai_dc:dc xmlns:oai_dc="http://www.openarchives.org/OAI/2.0/oai_dc/" xmlns:dc="http://purl.org/dc/elements/1.1/" xmlns:xsi="http://www.w3.org/2001/XMLSchema-instance" xsi:schemaLocation="http://www.openarchives.org/OAI/2.0/oai_dc/ http://www.openarchives.org/OAI/2.0/oai_dc.xsd">
  <dc:title>Arealet med frøbælgplanter bør øges</dc:title>
  <dc:creator>Hauggaard-Nielsen, Henrik</dc:creator>
  <dc:creator>Jørnsgaard, Bjarne</dc:creator>
  <dc:creator>Jensen, Erik Steen</dc:creator>
  <dc:subject>Markets and trade</dc:subject>
  <dc:description>Et igangværende samarbejdsprojekt mellem Landbohøjskolen, Danmarks JordbrugsForskning og Risø , finansieret af FØJO (Forskningscenter for Økologisk Jordbrug), tager afsæt i at forøge produktionen af protein og kornafgrøder i det økologiske jordbrug for at blive i stand til at dække et stigende behov for fodermidler til specielt svin og fjerkræ. I henhold til nye EU regler skal alle fodermidler desuden være økologisk producerede, dvs. også fri for gensplejsede organismer, fra 2005. Denne forskning anses ikke kun at være relevant for Økologisk Jordbrug, men i høj grad også de konventionelle landbrugssystemer, specielt fordi debatten om import af soja forventes at fortsætte.</dc:description>
  <dc:publisher>Landboforeningerne</dc:publisher>
  <dc:date>2002-01</dc:date>
  <dc:type>Newspaper or magazine article</dc:type>
  <dc:type>NonPeerReviewed</dc:type>
  <dc:format>other</dc:format>
  <dc:identifier>http://orgprints.org/101/1/landsbladet.bmp</dc:identifier>
  <dc:identifier>Hauggaard-Nielsen, Henrik; Jørnsgaard, Bjarne and Jensen, Erik Steen    (2002) Arealet med frøbælgplanter bør øges.   Landsbladet, January 2002.</dc:identifier>
  <dc:relation>http://orgprints.org/101/</dc:relation>
</oai_dc:dc>