<oai_dc:dc xmlns:oai_dc="http://www.openarchives.org/OAI/2.0/oai_dc/" xmlns:dc="http://purl.org/dc/elements/1.1/" xmlns:xsi="http://www.w3.org/2001/XMLSchema-instance" xsi:schemaLocation="http://www.openarchives.org/OAI/2.0/oai_dc/ http://www.openarchives.org/OAI/2.0/oai_dc.xsd">
  <dc:title>Pestizid-Altlasten: Gemeinsam für die Glaubwürdigkeit</dc:title>
  <dc:creator>Wyss, Gabriela</dc:creator>
  <dc:subject>Food security, food quality and human health</dc:subject>
  <dc:description>Landwirtschaftliche Böden können Rückstände von Organochlorpestiziden (OCP) enthalten, welche bis vor 30 Jahren in der konventionellen Landwirtschaft zugelassen waren. Wie das bekannte DDT gehört Dieldrin zu diesen OCPs. Der insektizide Wirkstoff Dieldrin ist im Boden sehr schlecht abbaubar. Das Mittel wurde bis zu Beginn der 70er-Jahre breit im Acker-, Obst-, Wein- und Gartenbau gegen viele Schädlinge eingesetzt. Dann verlor es seine Zulassung. Leider sind auch in heute biologisch bewirtschafteten Parzellen solche Verbindungen vorhanden. Insbesondere Kürbisgewächse sind in der Lage, OCPs aufzunehmen.</dc:description>
  <dc:publisher>Stiftung Ökologie und Landbau</dc:publisher>
  <dc:date>2006</dc:date>
  <dc:type>Journal paper</dc:type>
  <dc:type>NonPeerReviewed</dc:type>
  <dc:format>application/pdf</dc:format>
  <dc:identifier>http://orgprints.org/10561/1/wyss-2006-bioaktuell_706_12-13.pdf</dc:identifier>
  <dc:format>application/pdf</dc:format>
  <dc:identifier>http://orgprints.org/10561/2/thoenen-2005-bioaktuell_1005_16-18.pdf</dc:identifier>
  <dc:identifier>Wyss, Gabriela   (2006) Pestizid-Altlasten: Gemeinsam für die Glaubwürdigkeit.   bioaktuell (7/2006), pp. 12-13.</dc:identifier>
  <dc:relation>http://orgprints.org/10561/</dc:relation>
</oai_dc:dc>