<oai_dc:dc xmlns:oai_dc="http://www.openarchives.org/OAI/2.0/oai_dc/" xmlns:dc="http://purl.org/dc/elements/1.1/" xmlns:xsi="http://www.w3.org/2001/XMLSchema-instance" xsi:schemaLocation="http://www.openarchives.org/OAI/2.0/oai_dc/ http://www.openarchives.org/OAI/2.0/oai_dc.xsd">
  <dc:title>Wahrnehmung und Beurteilung von Verkaufsförderungsaktionen für Öko-Lebensmittel im allgemeinen Lebensmitteleinzelhandel</dc:title>
  <dc:creator>Hamm, Ulrich</dc:creator>
  <dc:creator>Wild, Sandra</dc:creator>
  <dc:subject>Markets and trade</dc:subject>
  <dc:description>This contribution presents results of post purchase consumer interviews, which were done parallel to sales promotion activities in conventional supermarkets. The findings of this study allow an evaluation of background information about consumer percep-tion and appraisal of sales promotion activities on organic products and through this, provide additional insights into the effectiveness of sales promotion. Only if consumers really take notice of the sales promotion activities in the shops and judge these posi-tively, sales promotion can be effective and successfully increase sales volumes. The research findings showed that especially tasting activities give rise to high consumer attentiveness and provoke unpremeditated buying.</dc:description>
  <dc:date>2007</dc:date>
  <dc:type>Conference paper, poster, etc.</dc:type>
  <dc:type>NonPeerReviewed</dc:type>
  <dc:format>application/pdf</dc:format>
  <dc:identifier>http://orgprints.org/10352/1/10352_Hamm_Vortrag.pdf</dc:identifier>
  <dc:identifier>Hamm, Ulrich and Wild, Sandra    (2007) Wahrnehmung und Beurteilung von Verkaufsförderungsaktionen für Öko-Lebensmittel im allgemeinen Lebensmitteleinzelhandel.  [Perception and appraisal of sales promotion activities on organic products in conventional supermarket.]      Paper at:   Zwischen Tradition und Globalisierung – 9. Wissenschaftstagung Ökologischer Landbau, Universität Hohenheim, Stuttgart, Deutschland, 20.-23.03.2007.</dc:identifier>
  <dc:relation>http://orgprints.org/10352/</dc:relation>
</oai_dc:dc>