<oai_dc:dc xmlns:oai_dc="http://www.openarchives.org/OAI/2.0/oai_dc/" xmlns:dc="http://purl.org/dc/elements/1.1/" xmlns:xsi="http://www.w3.org/2001/XMLSchema-instance" xsi:schemaLocation="http://www.openarchives.org/OAI/2.0/oai_dc/ http://www.openarchives.org/OAI/2.0/oai_dc.xsd">
  <dc:title>Entwicklung eines Rückstands-Kontrollsystems im Bereich Honig aus ökologischer Bienenhaltung</dc:title>
  <dc:creator>Boecking, Otto</dc:creator>
  <dc:creator>Kubersky, Ulrike</dc:creator>
  <dc:subject>Food security, food quality and human health</dc:subject>
  <dc:subject>Values, standards and certification</dc:subject>
  <dc:description>Als Gesamtziel sollte ein Rückstands-Kontrollsystem für organische Säuren im Honig entwickelt werden, die von Öko-Imkereien als Varroazide eingesetzt werden und potenziell zu Rückständen führen können. &#xD;
Diese Rückstände umfassen jede künstlich erhöhte Säure-Konzentrationen und geschmackliche Veränderungen im Honig. Sie stellen keinerlei Gesundheitsrisiko für den Konsumenten dar, verstoßen aber gegen die Honigverordnung.&#xD;
Wird die Varroa-Bekämpfung gemäß der Standardzulassung durchgeführt, wird die Rückstandsproblematik nicht berührt. In der Praxis kann jedoch aufgrund massiven Varroabefalls eine Behandlung der Völker während der aktiven Saison notwendig sein. Daraus können Rückstände der Folgetracht resultieren, die dann bei der amtlichen Honig-Überwachung auffallen. Mit eigene Untersuchungen konnten fehlende Rückstandsdaten erschlossen werden. &#xD;
Die Ergebnisse lassen sich wie folgt zusammenfassen:&#xD;
- Rückstände organischer Säuren bleiben bei Lagerung über lange Zeit im Honig weitestgehend stabil. &#xD;
- Zwischentrachtbehandlungen hatten selbst nach anschließend einsetzender Massentracht einen negativen Effekt auf Rückstandsgehalte der später geernteten Honige. Eine kalkulierbare Sicherheit ist für eine Rückstandsreduzierung bei Zwischentracht-Behandlungen mit organischen Säuren und anschließender Anwanderung einer Massentracht nicht gegeben. &#xD;
- Sensorische Erkennungsschwellen organischer Säuren im Honig zeigen, dass wenn Varroazid-Rückstände im Honig vorhanden sind, die Wahrscheinlichkeit einer geschmacklichen Auswirkung gegeben ist. &#xD;
Die Festlegung von Höchstmengenwerten bzw. action limits als Grundbestandteile des Rückstandskontrollsystems soll in einer Expertenrunde im April 2004 anlässlich eines Internationalen Symposiums „Prevention of Residues in Honey – Changes in Beekeeping Practice“ in Celle getroffen werden.</dc:description>
  <dc:date>2004</dc:date>
  <dc:type>Report</dc:type>
  <dc:type>NonPeerReviewed</dc:type>
  <dc:format>application/pdf</dc:format>
  <dc:identifier>http://orgprints.org/10384/1/10384-02OE554-laves-boecking-2004-varroazide.pdf</dc:identifier>
  <dc:format>application/pdf</dc:format>
  <dc:identifier>http://orgprints.org/10384/4/10384-02OE554-laves-boecking-2004-leitfaden-varroazide.pdf</dc:identifier>
  <dc:identifier>Boecking, Otto and Kubersky, Ulrike         (2004) Entwicklung eines Rückstands-Kontrollsystems im Bereich Honig aus ökologischer Bienenhaltung.  [Development of a residue-control-system for organic acids in organically produced honey.]   Niedersächsisches Landesamt für Verbraucherschutz und Lebensmittelsicherheit (LAVES), Institut für Bienenkunde Celle.</dc:identifier>
  <dc:relation>http://orgprints.org/10384/</dc:relation>
</oai_dc:dc>