<oai_dc:dc xmlns:oai_dc="http://www.openarchives.org/OAI/2.0/oai_dc/" xmlns:dc="http://purl.org/dc/elements/1.1/" xmlns:xsi="http://www.w3.org/2001/XMLSchema-instance" xsi:schemaLocation="http://www.openarchives.org/OAI/2.0/oai_dc/ http://www.openarchives.org/OAI/2.0/oai_dc.xsd">
  <dc:title>Effects of organic fertilisers and compost extracts on organic tomato production</dc:title>
  <dc:creator>Ghorbani, R</dc:creator>
  <dc:creator>Koocheki, A</dc:creator>
  <dc:creator>Jahan, M</dc:creator>
  <dc:creator>Asadi, G A</dc:creator>
  <dc:subject>Crop health, quality, protection</dc:subject>
  <dc:subject>Composting and manuring</dc:subject>
  <dc:description>The effects of various fertilizers and different compost extracts on crop health and tomato yield were studied in the field in 2004–2005 in two locations in Iran. Treatments included different fertilizers (cattle, sheep and chicken manures, green waste and household composts and chemical fertilizers) and five aqueous extracts (from cattle manure, chicken manure, green-waste and house-hold composts and water as control). The effect of fertilizer type on tomato yield was significant in both locations (P &lt; 0.05). Organic fertilizer use did not obtain higher yields compared to using chemical fertiliser. Generally, chicken manure and green-waste compost led to the highest and lowest tomato yield among different organic fertilizers, respectively. The effect of aqueous extracts was not significant on either crop health or tomato yield with these results were being very limited and inconsistent. Improved efficacy of acceptable alternatives to agrochemicals, especially in organic farming, is required.</dc:description>
  <dc:publisher>Association of Applied Biologists</dc:publisher>
  <dc:contributor>Atkinson, C</dc:contributor>
  <dc:contributor>Ball, B</dc:contributor>
  <dc:contributor>Davies, D H K</dc:contributor>
  <dc:contributor>Rees, R</dc:contributor>
  <dc:contributor>Russell, G</dc:contributor>
  <dc:contributor>Stockdale, E A</dc:contributor>
  <dc:contributor>Watson, C A</dc:contributor>
  <dc:contributor>Walker, R</dc:contributor>
  <dc:contributor>Younie, D</dc:contributor>
  <dc:date>2006</dc:date>
  <dc:type>Conference paper, poster, etc.</dc:type>
  <dc:type>NonPeerReviewed</dc:type>
  <dc:format>application/pdf</dc:format>
  <dc:identifier>http://orgprints.org/10200/1/Effects_of_organic_fertilisers_and_compost_extracts_on_organic_tomato_production.pdf</dc:identifier>
  <dc:identifier>Ghorbani, R; Koocheki, A; Jahan, M and Asadi, G A    (2006) Effects of organic fertilisers and compost extracts on organic tomato production.   In: Atkinson, C; Ball, B; Davies, D H K; Rees, R; Russell, G; Stockdale, E A; Watson, C A; Walker, R and Younie, D (Eds.)  Aspects of Applied Biology 79, What will organic farming deliver? COR 2006, Association of Applied Biologists, pp. 113-116.</dc:identifier>
  <dc:relation>http://orgprints.org/10200/</dc:relation>
</oai_dc:dc>