<oai_dc:dc xmlns:oai_dc="http://www.openarchives.org/OAI/2.0/oai_dc/" xmlns:dc="http://purl.org/dc/elements/1.1/" xmlns:xsi="http://www.w3.org/2001/XMLSchema-instance" xsi:schemaLocation="http://www.openarchives.org/OAI/2.0/oai_dc/ http://www.openarchives.org/OAI/2.0/oai_dc.xsd">
  <dc:title>Sædskifteforsøg skal give nye svar</dc:title>
  <dc:creator>Rasmussen, Ilse A.</dc:creator>
  <dc:creator>Askegaard, Margrethe</dc:creator>
  <dc:creator>Olesen, Jørgen E.</dc:creator>
  <dc:subject>Food security, food quality and human health</dc:subject>
  <dc:subject>Crop combinations and interactions</dc:subject>
  <dc:subject>Weed management</dc:subject>
  <dc:description>Miljøgevinster, produktkvalitet og sundhed spiller en større rolle i de kommende sædskifteforsøg</dc:description>
  <dc:publisher>Økologisk Landsforening</dc:publisher>
  <dc:date>2006-04</dc:date>
  <dc:type>Newspaper or magazine article</dc:type>
  <dc:type>NonPeerReviewed</dc:type>
  <dc:format>application/pdf</dc:format>
  <dc:identifier>http://orgprints.org/10003/1/10003.pdf</dc:identifier>
  <dc:identifier>Rasmussen, Ilse A.; Askegaard, Margrethe and Olesen, Jørgen E.    (2006) Sædskifteforsøg skal give nye svar.  [Crop rotation experiments expected to give new answers.]  Økologisk Jordbrug, April 2006 (359), p. 9.</dc:identifier>
  <dc:relation>http://orgprints.org/10003/</dc:relation>
</oai_dc:dc>