<oai_dc:dc xmlns:oai_dc="http://www.openarchives.org/OAI/2.0/oai_dc/" xmlns:dc="http://purl.org/dc/elements/1.1/" xmlns:xsi="http://www.w3.org/2001/XMLSchema-instance" xsi:schemaLocation="http://www.openarchives.org/OAI/2.0/oai_dc/ http://www.openarchives.org/OAI/2.0/oai_dc.xsd">
  <dc:title>Ansätze zur Reduzierung der Kupferaufwandmengen im ökologischen Kartoffelbau</dc:title>
  <dc:creator>Möller, Kurt</dc:creator>
  <dc:subject>Crop health, quality, protection</dc:subject>
  <dc:subject>Root crops</dc:subject>
  <dc:description>Es werden einige Aspekte im Zusammenhang mit dem Einsatz von Kupfer im ökologischen Kartoffelbau dargelegt und diskutiert sowie Ansätze zur Reduzierung der jährlichen Aufwandmengen aufgezeigt.&#xD;
&#xD;
Inhalt:&#xD;
1) Einleitung&#xD;
2) Nährstoffflüsse von Kupfer innerhalb einer Fruchtfolge bzw. innerhalb eines Betriebes&#xD;
3) Ansätze und Möglichkeiten zur Reduzierung der Kupferaufwandmengen im ökologischen Kartoffelbau&#xD;
3.1) Reduzierung der Aufwandmengen &#xD;
3.2) Zeitliche Beschränkung der Anwendungsdauer&#xD;
4) Diskussion&#xD;
4.1) Konsequenzen für die Pflanzenschutzpraxis&#xD;
4.2) Ertragsniveau vorliegender Versuche zum Einsatz von Kupfer und ihre Übertra-gung auf Praxisbedingungen&#xD;
4.3) Bedeutung vorbeugender Maßnahmen wie das Vorkeimen des Pflanzgutes</dc:description>
  <dc:publisher>Saphir Verlag, Ribbesbüttel</dc:publisher>
  <dc:contributor>Kühne, S.</dc:contributor>
  <dc:contributor>Friedrich, B.</dc:contributor>
  <dc:date>2003</dc:date>
  <dc:type>Conference paper, poster, etc.</dc:type>
  <dc:type>NonPeerReviewed</dc:type>
  <dc:format>application/pdf</dc:format>
  <dc:identifier>http://orgprints.org/1069/1/moeller-2002-kartoffeln-kupfer.pdf</dc:identifier>
  <dc:identifier>Möller, Kurt    (2003) Ansätze zur Reduzierung der Kupferaufwandmengen im ökologischen Kartoffelbau.  [Attempts to reduce copper applications in organic potatoe production.]  In: Kühne, S. and Friedrich, B. (Eds.)  Pflanzenschutz im ökologischen Landbau - Probleme und Lösungsansätze. Siebtes Fachgespräch am 6. Juni 2002 in Berlin-Dahlem, Saphir Verlag, Ribbesbüttel,  Berichte aus der Biologischen Bundesanstalt, no. 118, pp. 56-66.</dc:identifier>
  <dc:relation>http://orgprints.org/1069/</dc:relation>
</oai_dc:dc>