<oai_dc:dc xmlns:oai_dc="http://www.openarchives.org/OAI/2.0/oai_dc/" xmlns:dc="http://purl.org/dc/elements/1.1/" xmlns:xsi="http://www.w3.org/2001/XMLSchema-instance" xsi:schemaLocation="http://www.openarchives.org/OAI/2.0/oai_dc/ http://www.openarchives.org/OAI/2.0/oai_dc.xsd">
  <dc:title>Forlænget kælvningsinterval - kan være en fordelagtig produktionsstrategi</dc:title>
  <dc:creator>Christiansen, Hans Christian</dc:creator>
  <dc:creator>Danfær, Allan</dc:creator>
  <dc:creator>Sehested, Jakob</dc:creator>
  <dc:subject>Dairy cattle</dc:subject>
  <dc:subject>Production systems</dc:subject>
  <dc:description>En forlængelse af laktationsperioden og dermed kælvningsintervallet til 18 måneder giver mulighed for øget andel af grovfoder i rationen. Det skyldes, at der bliver forholdsvis færre dage i tidlig laktation, hvor tildelingen af koncentreret foder er størst. Et længere kælvningsinterval betyder endvidere færre golddage per årsko, idet antal golddage per laktation var uændret. En forlængelse af kælvningsintervallet betød, at laktationsydelsen steg fra 7.656 til 11.516 kg EKM. Omregnet til ydelse per årsko giver det 7.635 versus 8.006 kg EKM ved det forlængede kælvningsinterval, altså en stigning på 371 kg EKM sammenlignet med et traditionelt kælvningsinterval. Et normalt foderniveau er en forudsætning for at opnå denne ydelsesstigning ved at forlænge kælvningsintervallet, idet der ikke blev opnået tilsvarende resultater ved et lavt foderniveau.</dc:description>
  <dc:publisher>Dansk Kvæg</dc:publisher>
  <dc:date>2005-05</dc:date>
  <dc:type>Journal paper</dc:type>
  <dc:type>NonPeerReviewed</dc:type>
  <dc:format>application/pdf</dc:format>
  <dc:identifier>http://orgprints.org/10010/1/10010.pdf</dc:identifier>
  <dc:identifier>Christiansen, Hans Christian; Danfær, Allan and Sehested, Jakob   (2005) Forlænget kælvningsinterval - kan være en fordelagtig produktionsstrategi.   KvægInfo, 1475, pp. 1-4.</dc:identifier>
  <dc:relation>http://orgprints.org/10010/</dc:relation>
</oai_dc:dc>