<oai_dc:dc xmlns:oai_dc="http://www.openarchives.org/OAI/2.0/oai_dc/" xmlns:dc="http://purl.org/dc/elements/1.1/" xmlns:xsi="http://www.w3.org/2001/XMLSchema-instance" xsi:schemaLocation="http://www.openarchives.org/OAI/2.0/oai_dc/ http://www.openarchives.org/OAI/2.0/oai_dc.xsd">
  <dc:title>Austausch von Aminosäuren und Proteinen zwischen Pflanzen und Böden über die erdnahen Luftschichten [Exchange of amino acids and proteins between plants and soils through the air]</dc:title>
  <dc:creator>Scheller, Edwin</dc:creator>
  <dc:creator>Cuendet, Catherine</dc:creator>
  <dc:creator>Müller, Jens</dc:creator>
  <dc:creator>Werren, Dagmar</dc:creator>
  <dc:subject>Soil biology</dc:subject>
  <dc:description>Fazit: Es gibt einen Austausch bzw. Kreislauf von Aminosäuren und Proteinen zwischen dem Boden, Pflanzen und der Atmosphäre. Blütenpollen dominieren im Frühling die Proteingehalte in den erdnahnen Luftschichten, während in der übrigen Jahreszeit Böden und Pflanzen die Hauptquellen zu sein scheinen. Aminosäuren und Proteine der erdnahen Luftschichten werden durch Tau und Regen auf die Pflanzen und die Böden wieder niedergeschlagen. In der Luft werden sie von Mensch und Tiereingeatmet oder über die Schleimhäute aufgenommen. In einem Ökosystem besteht ein Stoffaustausch über die erdnahen Luftschichten zwischen den einzelnen Kompartimenten, über deren Bedeutung für Mensch, Tier und Pflanzenwachstum wir noch sehr wenig wissen.</dc:description>
  <dc:publisher>Universität für Bodenkultur, Institut für ökologischen Landbau</dc:publisher>
  <dc:contributor>Freyer, Bernhard</dc:contributor>
  <dc:date>2003</dc:date>
  <dc:type>Conference paper, poster, etc.</dc:type>
  <dc:type>NonPeerReviewed</dc:type>
  <dc:format>application/pdf</dc:format>
  <dc:identifier>http://orgprints.org/1021/1/scheller-2003-aminosaeuren-zw-pfanze-und-boden.pdf</dc:identifier>
  <dc:identifier>Scheller, Edwin; Cuendet, Catherine; Müller, Jens and Werren, Dagmar    (2003) Austausch von Aminosäuren und Proteinen zwischen Pflanzen und Böden über die erdnahen Luftschichten [Exchange of amino acids and proteins between plants and soils through the air].   In: Freyer, Bernhard (Ed.)   Beiträge zur 7. Wissenschaftstagung zum ökologischen Landbau: Ökologischer Landbau der Zukunft., Universität für Bodenkultur, Institut für ökologischen Landbau, pp. 9-12.</dc:identifier>
  <dc:relation>http://orgprints.org/1021/</dc:relation>
</oai_dc:dc>