<oai_dc:dc xmlns:oai_dc="http://www.openarchives.org/OAI/2.0/oai_dc/" xmlns:dc="http://purl.org/dc/elements/1.1/" xmlns:xsi="http://www.w3.org/2001/XMLSchema-instance" xsi:schemaLocation="http://www.openarchives.org/OAI/2.0/oai_dc/ http://www.openarchives.org/OAI/2.0/oai_dc.xsd">
  <dc:title>Økologisk melk og meieriprodukter</dc:title>
  <dc:creator>Serikstad, Grete Lene</dc:creator>
  <dc:subject>Food security, food quality and human health</dc:subject>
  <dc:subject>Dairy cattle</dc:subject>
  <dc:description>Økologisk melk, rømme, ost og smør kommer fra kyr på økologiske gårder. Melka hentes og håndteres atskilt fra vanlig melk på meieriet, og emballasjen merkes med Ø-merket for at du som forbruker skal finne produktene i butikken.</dc:description>
  <dc:date>2007-03</dc:date>
  <dc:type>Report</dc:type>
  <dc:type>NonPeerReviewed</dc:type>
  <dc:format>application/pdf</dc:format>
  <dc:identifier>http://orgprints.org/10598/1/Tema_08_2007_oekologisk_melk.pdf</dc:identifier>
  <dc:identifier>Serikstad, Grete Lene         (2007) Økologisk melk og meieriprodukter.   Bioforsk TEMA, no. 8. Bioforsk, Bioforsk Økologisk.</dc:identifier>
  <dc:relation>http://orgprints.org/10598/</dc:relation>
</oai_dc:dc>