<oai_dc:dc xmlns:oai_dc="http://www.openarchives.org/OAI/2.0/oai_dc/" xmlns:dc="http://purl.org/dc/elements/1.1/" xmlns:xsi="http://www.w3.org/2001/XMLSchema-instance" xsi:schemaLocation="http://www.openarchives.org/OAI/2.0/oai_dc/ http://www.openarchives.org/OAI/2.0/oai_dc.xsd">
  <dc:title>Development of prevention and treatment strategies for parasites in poultry</dc:title>
  <dc:creator>Maurer, Veronika</dc:creator>
  <dc:creator>Amsler, Zivile</dc:creator>
  <dc:creator>Heckendorn, Felix</dc:creator>
  <dc:creator>Perler, Erika</dc:creator>
  <dc:subject>Poultry</dc:subject>
  <dc:subject>Health and welfare</dc:subject>
  <dc:description>Parasitic infections are likely to be more important in organic and other free-range hens than in birds kept indoors. Several workpackages of QLIF aim at improving prevention and therapy of helminth (Ascaridia galli and Heterakis gallinarum) and arthropod (Dermanyssus gallinae) parasites of laying hens. This paper is a summary of the work undertaken in the first 3 years of QLIF.</dc:description>
  <dc:date>2007</dc:date>
  <dc:type>Conference paper, poster, etc.</dc:type>
  <dc:type>NonPeerReviewed</dc:type>
  <dc:format>application/pdf</dc:format>
  <dc:identifier>http://orgprints.org/10267/1/maurer-etal-2007-parasites_poultry.pdf</dc:identifier>
  <dc:identifier>Maurer, Veronika; Amsler, Zivile; Heckendorn, Felix and Perler, Erika    (2007) Development of prevention and treatment strategies for parasites in poultry.       Paper at:   3rd QLIF Congress: Improving Sustainability in Organic and Low Input Food Production Systems, University of Hohenheim, Germany, March 20-23, 2007.</dc:identifier>
  <dc:relation>http://orgprints.org/10267/</dc:relation>
</oai_dc:dc>