<oai_dc:dc xmlns:oai_dc="http://www.openarchives.org/OAI/2.0/oai_dc/" xmlns:dc="http://purl.org/dc/elements/1.1/" xmlns:xsi="http://www.w3.org/2001/XMLSchema-instance" xsi:schemaLocation="http://www.openarchives.org/OAI/2.0/oai_dc/ http://www.openarchives.org/OAI/2.0/oai_dc.xsd">
  <dc:title>Økologisk mat - bra for klimaet</dc:title>
  <dc:creator>Serikstad, Serikstad</dc:creator>
  <dc:subject>Biodiversity and ecosystem services</dc:subject>
  <dc:description>Bruk av økologisk mat begrunnes ofte med argumenter om bedre helse og miljø. I økologisk matproduksjon bidrar lavere energiforbruk, oppbygging av organisk materiale i jord og ingen bruk av kunstgjødsel og kjemisk-syntetiske sprøytemidler til at utslippene av klimagassene karbondioksid og lystgass reduseres.</dc:description>
  <dc:date>2007-03</dc:date>
  <dc:type>Report</dc:type>
  <dc:type>NonPeerReviewed</dc:type>
  <dc:format>application/pdf</dc:format>
  <dc:identifier>http://orgprints.org/10628/1/Tema_15_2007_Oekologisk_mat_bra_for_klimaet.pdf</dc:identifier>
  <dc:identifier>Serikstad, Serikstad         (2007) Økologisk mat - bra for klimaet.   Bioforsk TEMA, no. 15. Bioforsk, Bioforsk Økologisk.</dc:identifier>
  <dc:relation>http://orgprints.org/10628/</dc:relation>
</oai_dc:dc>