<oai_dc:dc xmlns:oai_dc="http://www.openarchives.org/OAI/2.0/oai_dc/" xmlns:dc="http://purl.org/dc/elements/1.1/" xmlns:xsi="http://www.w3.org/2001/XMLSchema-instance" xsi:schemaLocation="http://www.openarchives.org/OAI/2.0/oai_dc/ http://www.openarchives.org/OAI/2.0/oai_dc.xsd">
  <dc:title>Diverse characteristics of UK organic direct marketing chains</dc:title>
  <dc:creator>Geen, N</dc:creator>
  <dc:creator>Firth, C</dc:creator>
  <dc:creator>Maye, D</dc:creator>
  <dc:creator>Ilbery, B</dc:creator>
  <dc:subject>Markets and trade</dc:subject>
  <dc:subject>Produce chain management</dc:subject>
  <dc:subject>United Kingdom</dc:subject>
  <dc:description>In the past few years, organic direct sales in the UK have grown rapidly. Direct sales are assumed to have short or distinct marketing chains from farm gate to consumer. This paper begins by outlining some current problems with the widely accepted defi nition of organic direct sales and charts some of their diverse characteristics. It goes on to argue that the mix of organic direct and multi-farm direct sales is so diverse that a greater clarification of terms is necessary in order to progress consumer, policy and research understanding.</dc:description>
  <dc:publisher>Association of Applied Biologists</dc:publisher>
  <dc:contributor>Atkinson, C</dc:contributor>
  <dc:contributor>Ball, B</dc:contributor>
  <dc:contributor>Davies, D H K</dc:contributor>
  <dc:contributor>Rees, R</dc:contributor>
  <dc:contributor>Russell, G</dc:contributor>
  <dc:contributor>Stockdale, E A</dc:contributor>
  <dc:contributor>Watson, C A</dc:contributor>
  <dc:contributor>Walker, R</dc:contributor>
  <dc:contributor>Younie, D</dc:contributor>
  <dc:date>2006</dc:date>
  <dc:type>Conference paper, poster, etc.</dc:type>
  <dc:type>NonPeerReviewed</dc:type>
  <dc:format>application/pdf</dc:format>
  <dc:identifier>http://orgprints.org/10183/1/Diverse_characteristics_of_UK_organic_direct_marketing_chains.pdf</dc:identifier>
  <dc:identifier>Geen, N; Firth, C; Maye, D and Ilbery, B    (2006) Diverse characteristics of UK organic direct marketing chains.   In: Atkinson, C; Ball, B; Davies, D H K; Rees, R; Russell, G; Stockdale, E A; Watson, C A; Walker, R and Younie, D (Eds.)  Aspects of Applied Biology 79, What will organic farming deliver? COR 2006, Association of Applied Biologists, pp. 75-78.</dc:identifier>
  <dc:relation>http://orgprints.org/10183/</dc:relation>
</oai_dc:dc>