<oai_dc:dc xmlns:oai_dc="http://www.openarchives.org/OAI/2.0/oai_dc/" xmlns:dc="http://purl.org/dc/elements/1.1/" xmlns:xsi="http://www.w3.org/2001/XMLSchema-instance" xsi:schemaLocation="http://www.openarchives.org/OAI/2.0/oai_dc/ http://www.openarchives.org/OAI/2.0/oai_dc.xsd">
  <dc:title>Low nitrogen manuring increased yield in high-density organic apple production</dc:title>
  <dc:creator>Lindhard Pedersen, Hanne</dc:creator>
  <dc:subject>Soil</dc:subject>
  <dc:description>Yield, fruit quality and infections of diseases are determined by many production factors in the orchard. Water and nutrition supply, the choice of rootstock, planting density and control of diseases and pest are decisive.</dc:description>
  <dc:publisher>Darcof enews</dc:publisher>
  <dc:date>2005-09</dc:date>
  <dc:type>Journal paper</dc:type>
  <dc:type>NonPeerReviewed</dc:type>
  <dc:format>application/pdf</dc:format>
  <dc:identifier>http://orgprints.org/10122/1/10122.pdf</dc:identifier>
  <dc:identifier>Lindhard Pedersen, Hanne   (2005) Low nitrogen manuring increased yield in high-density organic apple production.   DARCOFenews (3), pp. 1-2.</dc:identifier>
  <dc:relation>http://orgprints.org/10122/</dc:relation>
</oai_dc:dc>