<oai_dc:dc xmlns:oai_dc="http://www.openarchives.org/OAI/2.0/oai_dc/" xmlns:dc="http://purl.org/dc/elements/1.1/" xmlns:xsi="http://www.w3.org/2001/XMLSchema-instance" xsi:schemaLocation="http://www.openarchives.org/OAI/2.0/oai_dc/ http://www.openarchives.org/OAI/2.0/oai_dc.xsd">
  <dc:title>Global Organic Statistics 2004</dc:title>
  <dc:creator>Willer, Helga</dc:creator>
  <dc:creator>Yussefi, Minou</dc:creator>
  <dc:subject>Country reports</dc:subject>
  <dc:description>Organic agriculture has developed rapidly worldwide during the last few years and is now practised in almost all countries of the world. Its share of agricultural land and farms continues to grow. The transparencies illustrate the status of global organic agriculture in 2004.</dc:description>
  <dc:date>2004</dc:date>
  <dc:type>Conference paper, poster, etc.</dc:type>
  <dc:type>NonPeerReviewed</dc:type>
  <dc:format>application/pdf</dc:format>
  <dc:identifier>http://orgprints.org/1038/1/willer-yussefi-2004-biofach-world-wide.pdf</dc:identifier>
  <dc:identifier>Willer, Helga and Yussefi, Minou    (2004) Global Organic Statistics 2004.       Speech at:   Biofach 2004, Nuremburg, 19.2.2004-22.2.2004.</dc:identifier>
  <dc:relation>http://orgprints.org/1038/</dc:relation>
</oai_dc:dc>