<oai_dc:dc xmlns:oai_dc="http://www.openarchives.org/OAI/2.0/oai_dc/" xmlns:dc="http://purl.org/dc/elements/1.1/" xmlns:xsi="http://www.w3.org/2001/XMLSchema-instance" xsi:schemaLocation="http://www.openarchives.org/OAI/2.0/oai_dc/ http://www.openarchives.org/OAI/2.0/oai_dc.xsd">
  <dc:title>Bewegung bei Betriebsmitteln für den Öko-Landbau?</dc:title>
  <dc:creator>Speiser, Bernhard</dc:creator>
  <dc:subject>Regulation</dc:subject>
  <dc:subject>Quality and evaluation of inputs</dc:subject>
  <dc:description>In der EU-Öko-Verordnung sind, mit Ausnahme der Pflanzenstärkungsmittel, alle als Betriebsmittel zugelassenen Stoffe einzeln aufgeführt.Nicht aufgeführte Stoffe sind verboten. Doch die Landwirtschaft entwickelt sich weiter – und so kommen ständig neue Betriebsmittel hinzu.Wie wird entschieden, ob sie im ökologischen Landbau eingesetzt werden dürfen oder nicht?&#xD;
Die einer Entscheidung zugrunde liegenden Kriterien sind in Artikel 7 der EU-Öko Verordnung definiert. Allerdings ist ihre Ausfertigung sehr rudimentär, sodass sich die Diskussionen um Neuzulassungen in die Länge ziehen und das System zu erstarren droht. Im EU-Projekt „Organic Inputs Evaluation“ wurden deshalb entsprechende Verbesserungsvorschläge erarbeitet (Speiser, 2005), die in die gerade laufende Revision der Verordnung eingeflossen sind.</dc:description>
  <dc:publisher>Stiftung Ökologie und Landbau</dc:publisher>
  <dc:date>2007</dc:date>
  <dc:type>Journal paper</dc:type>
  <dc:type>NonPeerReviewed</dc:type>
  <dc:format>application/pdf</dc:format>
  <dc:identifier>http://orgprints.org/10416/1/speiser-2007-OEL_141_Organic_Inputs_Evaluation.pdf</dc:identifier>
  <dc:identifier>Speiser, Bernhard   (2007) Bewegung bei Betriebsmitteln für den Öko-Landbau?   Ökologie &amp; Landbau, 141, pp. 47-48.</dc:identifier>
  <dc:relation>http://orgprints.org/10416/</dc:relation>
</oai_dc:dc>