<oai_dc:dc xmlns:oai_dc="http://www.openarchives.org/OAI/2.0/oai_dc/" xmlns:dc="http://purl.org/dc/elements/1.1/" xmlns:xsi="http://www.w3.org/2001/XMLSchema-instance" xsi:schemaLocation="http://www.openarchives.org/OAI/2.0/oai_dc/ http://www.openarchives.org/OAI/2.0/oai_dc.xsd">
  <dc:title>Miljøeffekter af trynering og græsmarksstyring</dc:title>
  <dc:creator>Eriksen, J.</dc:creator>
  <dc:subject>Nutrient turnover</dc:subject>
  <dc:subject>Pigs</dc:subject>
  <dc:subject>Air and water emissions</dc:subject>
  <dc:description>Ved Danmarks JordbrugsForskning er undersøgt effekten af ringning for både drægtige og diegivende søer. Formålet var samtidigt at undersøge effekten af trynering og dyretæthed på adfærd, græsdække og næringsstofafsætning. I forsøget, som foregik fra maj til slutningen af september, indgik søer med og uden ring. For søer uden ring anvendtes enten kontinuert brug af samme fold eller dobbelt belægning og foldskifte halvvejs.</dc:description>
  <dc:date>2006</dc:date>
  <dc:type>Conference paper, poster, etc.</dc:type>
  <dc:type>NonPeerReviewed</dc:type>
  <dc:format>source</dc:format>
  <dc:identifier>http://orgprints.org/10047/1/10047.doc</dc:identifier>
  <dc:identifier>Eriksen, J.    (2006) Miljøeffekter af trynering og græsmarksstyring.   In:     Kongresbilag, pp. 152-153.</dc:identifier>
  <dc:relation>http://orgprints.org/10047/</dc:relation>
</oai_dc:dc>