<oai_dc:dc xmlns:oai_dc="http://www.openarchives.org/OAI/2.0/oai_dc/" xmlns:dc="http://purl.org/dc/elements/1.1/" xmlns:xsi="http://www.w3.org/2001/XMLSchema-instance" xsi:schemaLocation="http://www.openarchives.org/OAI/2.0/oai_dc/ http://www.openarchives.org/OAI/2.0/oai_dc.xsd">
  <dc:title>An integrated analysis of scale effects in alternative agricultural systems</dc:title>
  <dc:creator>Firth, C</dc:creator>
  <dc:creator>Philipps, L</dc:creator>
  <dc:creator>Stagl, S</dc:creator>
  <dc:creator>Benton, T</dc:creator>
  <dc:creator>Brown, K</dc:creator>
  <dc:creator>Buton, R</dc:creator>
  <dc:creator>Carver, S</dc:creator>
  <dc:creator>Davies, B</dc:creator>
  <dc:creator>Gibbon, D</dc:creator>
  <dc:creator>Godwin, R</dc:creator>
  <dc:creator>Kunin, B</dc:creator>
  <dc:creator>Rigiby, D</dc:creator>
  <dc:creator>Sait, S</dc:creator>
  <dc:creator>Schmutz, U</dc:creator>
  <dc:subject>Environmental aspects</dc:subject>
  <dc:subject>Social aspects</dc:subject>
  <dc:subject>Farm economics</dc:subject>
  <dc:description>The impacts associated with alternative methods of agricultural production, and the factors that drive their adoption, are critically dependent on the scale at which they are applied. Using organic farming as a case study, this project operating from 2006–2009 in the UK, will undertake an integrated assessment of scale effects by studying matched sets of farms situated in landscapes with high and low concentrations of organic farming. Clusters of organic and conventional farms to work with have been identified in the South West and Midlands region of England.</dc:description>
  <dc:publisher>Association of Applied Biologists</dc:publisher>
  <dc:contributor>Atkinson, C</dc:contributor>
  <dc:contributor>Ball, B</dc:contributor>
  <dc:contributor>Davies, D H K</dc:contributor>
  <dc:contributor>Rees, R</dc:contributor>
  <dc:contributor>Russell, G</dc:contributor>
  <dc:contributor>Stockdale, E A</dc:contributor>
  <dc:contributor>Watson, C A</dc:contributor>
  <dc:contributor>Walker, R</dc:contributor>
  <dc:contributor>Younie, D</dc:contributor>
  <dc:date>2006</dc:date>
  <dc:type>Conference paper, poster, etc.</dc:type>
  <dc:type>NonPeerReviewed</dc:type>
  <dc:format>application/pdf</dc:format>
  <dc:identifier>http://orgprints.org/10222/1/An_integrated_analysis_of_scale_effects_in_alternative_agricultural_systems.pdf</dc:identifier>
  <dc:identifier>Firth, C; Philipps, L; Stagl, S; Benton, T; Brown, K; Buton, R; Carver, S; Davies, B; Gibbon, D; Godwin, R; Kunin, B; Rigiby, D; Sait, S and Schmutz, U    (2006) An integrated analysis of scale effects in alternative agricultural systems.   In: Atkinson, C; Ball, B; Davies, D H K; Rees, R; Russell, G; Stockdale, E A; Watson, C A; Walker, R and Younie, D (Eds.)  Aspects of Applied Biology 79, What will organic farming deliver? COR 2006, Association of Applied Biologists, pp. 195-198.</dc:identifier>
  <dc:relation>http://orgprints.org/10222/</dc:relation>
</oai_dc:dc>