<oai_dc:dc xmlns:oai_dc="http://www.openarchives.org/OAI/2.0/oai_dc/" xmlns:dc="http://purl.org/dc/elements/1.1/" xmlns:xsi="http://www.w3.org/2001/XMLSchema-instance" xsi:schemaLocation="http://www.openarchives.org/OAI/2.0/oai_dc/ http://www.openarchives.org/OAI/2.0/oai_dc.xsd">
  <dc:title>The use of computer modelling to evaluate the agronomic, economic and environmental impacts of N management in contrasting organic rotations</dc:title>
  <dc:creator>Rayns, Francis</dc:creator>
  <dc:creator>Schmutz, Ulrich</dc:creator>
  <dc:creator>Firth, Chris</dc:creator>
  <dc:creator>Thorup-Kristensen, Kristian</dc:creator>
  <dc:creator>Zhang, Kefeng</dc:creator>
  <dc:creator>Rahn, Clive</dc:creator>
  <dc:subject>Farm nutrient management</dc:subject>
  <dc:subject>Vegetables</dc:subject>
  <dc:subject>Farm economics</dc:subject>
  <dc:description>A new computer model (EU-ROTATE_N) has been developed with the aim of improving nitrogen management on all farms across Europe which include fi eld vegetables in their rotations. It brings together aspects of many existing models and contains a number of features to make it applicable to organic producers (e.g. taking account of nitrogen fixation by legume containing leys, nitrogen conservation by winter cover crops and nitrogen supply by manures and composts). A key feature is the model’s ability to simulate economic output and this enables it to be of value to policy makers when considering the impact of new measures to reduce environmental pollution. This paper describes the model and some initial work that has been conducted to evaluate it under UK organic field vegetable systems with contrasting fertility building strategies.</dc:description>
  <dc:publisher>Association of Applied Biologists</dc:publisher>
  <dc:contributor>Atkinson, C.</dc:contributor>
  <dc:contributor>Ball, B.</dc:contributor>
  <dc:contributor>Davies, D.H.K.</dc:contributor>
  <dc:contributor>Rees, R.</dc:contributor>
  <dc:contributor>Russell, G.</dc:contributor>
  <dc:contributor>Stockdale, E.A.</dc:contributor>
  <dc:contributor>Watson, C.A.</dc:contributor>
  <dc:contributor>Walker, R.</dc:contributor>
  <dc:contributor>Younie, D.</dc:contributor>
  <dc:date>2006</dc:date>
  <dc:type>Conference paper, poster, etc.</dc:type>
  <dc:type>NonPeerReviewed</dc:type>
  <dc:format>application/pdf</dc:format>
  <dc:identifier>http://orgprints.org/10215/1/10215.pdf</dc:identifier>
  <dc:identifier>Rayns, Francis; Schmutz, Ulrich; Firth, Chris; Thorup-Kristensen, Kristian; Zhang, Kefeng and Rahn, Clive    (2006) The use of computer modelling to evaluate the agronomic, economic and environmental impacts of N management in contrasting organic rotations.   In: Atkinson, C.; Ball, B.; Davies, D.H.K.; Rees, R.; Russell, G.; Stockdale, E.A.; Watson, C.A.; Walker, R. and Younie, D. (Eds.)  Aspects of Applied Biology 79, What will organic farming deliver? COR 2006, Association of Applied Biologists, pp. 171-174.</dc:identifier>
  <dc:relation>http://orgprints.org/10215/</dc:relation>
</oai_dc:dc>