<oai_dc:dc xmlns:oai_dc="http://www.openarchives.org/OAI/2.0/oai_dc/" xmlns:dc="http://purl.org/dc/elements/1.1/" xmlns:xsi="http://www.w3.org/2001/XMLSchema-instance" xsi:schemaLocation="http://www.openarchives.org/OAI/2.0/oai_dc/ http://www.openarchives.org/OAI/2.0/oai_dc.xsd">
  <dc:title>Fachtagung Biorebbau 2006</dc:title>
  <dc:subject>Crop health, quality, protection</dc:subject>
  <dc:subject>Viticulture</dc:subject>
  <dc:subject>Soil tillage</dc:subject>
  <dc:publisher>Forschungsinstitut für biologischen Landbau (FiBL), CH-Frick</dc:publisher>
  <dc:contributor>Häseli, Andi</dc:contributor>
  <dc:date>2006</dc:date>
  <dc:type>Proceedings</dc:type>
  <dc:type>NonPeerReviewed</dc:type>
  <dc:format>application/pdf</dc:format>
  <dc:identifier>http://orgprints.org/10509/1/haeseli-2006-tb-1453-biorebbau_06.pdf</dc:identifier>
  <dc:identifier>Häseli, Andi (Ed.)    (2006) Fachtagung Biorebbau 2006.  [Congrès viticulture biologique 2006.]  Forschungsinstitut für biologischen Landbau (FiBL), CH-Frick, FiBL-Tagungsband.</dc:identifier>
  <dc:relation>http://orgprints.org/10509/</dc:relation>
</oai_dc:dc>