<oai_dc:dc xmlns:oai_dc="http://www.openarchives.org/OAI/2.0/oai_dc/" xmlns:dc="http://purl.org/dc/elements/1.1/" xmlns:xsi="http://www.w3.org/2001/XMLSchema-instance" xsi:schemaLocation="http://www.openarchives.org/OAI/2.0/oai_dc/ http://www.openarchives.org/OAI/2.0/oai_dc.xsd">
  <dc:title>Sustainable Norway - can Norwegians become self-sufficient with ecologically grown food? How can we achieve fair food prices?</dc:title>
  <dc:creator>Løes, Anne-Kristin</dc:creator>
  <dc:subject>Food security, food quality and human health</dc:subject>
  <dc:description>A calculation and estimation of the total agricultural production in Norway with organic management, and which changes in diet are required to feed the Norwegian 4,5 mill population by domestic organic food.</dc:description>
  <dc:contributor>Christie, Helge</dc:contributor>
  <dc:date>1995</dc:date>
  <dc:type>Conference paper, poster, etc.</dc:type>
  <dc:type>NonPeerReviewed</dc:type>
  <dc:format>application/pdf</dc:format>
  <dc:identifier>http://orgprints.org/10699/1/AKL_Sustainable_Norway_-_can_Norwegians_become_selfsufficient_with_ecologically_grown_food.pdf</dc:identifier>
  <dc:identifier>Løes, Anne-Kristin    (1995) Sustainable Norway - can Norwegians become self-sufficient with ecologically grown food? How can we achieve fair food prices?   In: Christie, Helge (Ed.)  Sust. Agriculture and Rural Development. Røros-Norway 10.-16.3.1995. The 3rd International Symposium for Sust. Agric. and Rural Dev. Final report. Submission to the United Nation's Commission on Sustainable Development (CSD), 11-28 April 1995, New York, pp. 139-140.</dc:identifier>
  <dc:relation>http://orgprints.org/10699/</dc:relation>
</oai_dc:dc>