<oai_dc:dc xmlns:oai_dc="http://www.openarchives.org/OAI/2.0/oai_dc/" xmlns:dc="http://purl.org/dc/elements/1.1/" xmlns:xsi="http://www.w3.org/2001/XMLSchema-instance" xsi:schemaLocation="http://www.openarchives.org/OAI/2.0/oai_dc/ http://www.openarchives.org/OAI/2.0/oai_dc.xsd">
  <dc:title>Presence of Salmonella and Campylobacter spp. in Wild Small Mammals on Organic Farms</dc:title>
  <dc:creator>B. G., Meerburg</dc:creator>
  <dc:creator>W. F., Jacobs-Reitsma</dc:creator>
  <dc:subject>Food security, food quality and human health</dc:subject>
  <dc:subject>Health and welfare</dc:subject>
  <dc:description>The presence of Salmonella and Campylobacter spp. in rodents and insectivores (n  282) was investigated&#xD;
on organic farms. Infections were encountered in house mice (8 of 83 Campylobacter positive and 1 of 83&#xD;
Salmonella sp. strain Livingstone positive) and brown rats (1 of 8 Campylobacter positive) but not in other&#xD;
species. No shared Campylobacter genotypes were found between rodent and pig manure isolates. Effective&#xD;
on-farm rodent management is recommended.</dc:description>
  <dc:date>2005</dc:date>
  <dc:type>Journal paper</dc:type>
  <dc:type>NonPeerReviewed</dc:type>
  <dc:format>application/pdf</dc:format>
  <dc:identifier>http://orgprints.org/10564/1/aem2002.pdf</dc:identifier>
  <dc:identifier>B. G., Meerburg and W. F., Jacobs-Reitsma   (2005) Presence of Salmonella and Campylobacter spp. in Wild Small Mammals on Organic Farms.   APPLIED AND ENVIRONMENTAL MICROBIOLOGY.</dc:identifier>
  <dc:relation>http://orgprints.org/10564/</dc:relation>
</oai_dc:dc>