<oai_dc:dc xmlns:oai_dc="http://www.openarchives.org/OAI/2.0/oai_dc/" xmlns:dc="http://purl.org/dc/elements/1.1/" xmlns:xsi="http://www.w3.org/2001/XMLSchema-instance" xsi:schemaLocation="http://www.openarchives.org/OAI/2.0/oai_dc/ http://www.openarchives.org/OAI/2.0/oai_dc.xsd">
  <dc:title>Effects of fertilizers, mulches and land contours on the growth of sea buckthorn cultivars in organic farming</dc:title>
  <dc:creator>Heinäaho, Merja</dc:creator>
  <dc:creator>Aniszewski, Tadeusz</dc:creator>
  <dc:creator>Pusenius, Jyrki</dc:creator>
  <dc:creator>Julkunen-Tiitto, Riitta</dc:creator>
  <dc:subject>Fruit and berries</dc:subject>
  <dc:description>The effects of different organic cultivation methods on the growth of two Finnish sea buckthorn was studied for two years.</dc:description>
  <dc:publisher>Nordic Association of Agricultural Scientists</dc:publisher>
  <dc:date>2007</dc:date>
  <dc:type>Conference paper, poster, etc.</dc:type>
  <dc:type>NonPeerReviewed</dc:type>
  <dc:format>application/pdf</dc:format>
  <dc:identifier>http://orgprints.org/10722/1/njf2.pdf</dc:identifier>
  <dc:identifier>Heinäaho, Merja; Aniszewski, Tadeusz; Pusenius, Jyrki and Julkunen-Tiitto, Riitta    (2007) Effects of fertilizers, mulches and land contours on the growth of sea buckthorn cultivars in organic farming.   In:     NJF Report, Nordic Association of Agricultural Scientists, 3 (1), p. 14.</dc:identifier>
  <dc:relation>http://orgprints.org/10722/</dc:relation>
</oai_dc:dc>