<oai_dc:dc xmlns:oai_dc="http://www.openarchives.org/OAI/2.0/oai_dc/" xmlns:dc="http://purl.org/dc/elements/1.1/" xmlns:xsi="http://www.w3.org/2001/XMLSchema-instance" xsi:schemaLocation="http://www.openarchives.org/OAI/2.0/oai_dc/ http://www.openarchives.org/OAI/2.0/oai_dc.xsd">
  <dc:title>1er Encuentro latinoamericano y del caribe de productoras y productores experimentadores y de investigadores en agricultura orgánica, 26 al 29 de septiembre de 2006, Managua, Nicaragua. Memorias de resúmenes</dc:title>
  <dc:creator>Garibay, Salvador V.</dc:creator>
  <dc:creator>Jyoti, Katke</dc:creator>
  <dc:subject>Systems research and participatory research</dc:subject>
  <dc:subject>Education, extension and communication</dc:subject>
  <dc:description>Presentación&#xD;
En octubre del 2005 se llevó a cabo en Chapingo, México, el Tercer Encuentro Mesoamericano y del Caribe de Productores Experimentadores y de Investigadores en Producción Orgánica. Durante este evento se decidió ampliar el encuentro a todo Latinoamérica con la finalidad de compartir las experiencias con Sudamérica.&#xD;
&#xD;
Dando seguimiento a los acuerdos asumidos en México, el Comité Organizador, integrado por diversas organizaciones e instituciones comprometidas con la producción orgánica, convoca al Primer Encuentro Latinoamericano y del Caribe de Productoras, Productores Experimentadores y de Investigadores en Agricultura Orgánica en Managua, Nicaragua del 26 al 29 de Septiembre del 2006. El evento tiene los objetivos de:</dc:description>
  <dc:publisher>Research Institute of Organic Agriculture FiBL, Frick, Switzerland</dc:publisher>
  <dc:contributor>Ochoa, Gregorio Varela</dc:contributor>
  <dc:contributor>Garibay, Salvador</dc:contributor>
  <dc:contributor>Weidmann, Gilles</dc:contributor>
  <dc:date>2006</dc:date>
  <dc:type>Proceedings</dc:type>
  <dc:type>NonPeerReviewed</dc:type>
  <dc:format>application/pdf</dc:format>
  <dc:identifier>http://orgprints.org/10373/1/ochoa-etal-2006-encuentro.pdf</dc:identifier>
  <dc:identifier>Ochoa, Gregorio Varela; Garibay, Salvador and Weidmann, Gilles (Eds.)    (2006) 1er Encuentro latinoamericano y del caribe de productoras y productores experimentadores y de investigadores en agricultura orgánica, 26 al 29 de septiembre de 2006, Managua, Nicaragua. Memorias de resúmenes.  [First Latin American and Carribbean Meeting of Organic Producers and Researchers, held September 26-28, 2006 in Managua, Niccaragua. Summary of the Presentations.]  Research Institute of Organic Agriculture FiBL, Frick, Switzerland.  Proceedings of 1er Encuentro latinoamericano y del caribe de productoras y productores experimentadores y de investigadores en agricultura orgánica, Managua, Niccaragua, September 26-28, 2006.</dc:identifier>
  <dc:relation>http://orgprints.org/10373/</dc:relation>
</oai_dc:dc>