<oai_dc:dc xmlns:oai_dc="http://www.openarchives.org/OAI/2.0/oai_dc/" xmlns:dc="http://purl.org/dc/elements/1.1/" xmlns:xsi="http://www.w3.org/2001/XMLSchema-instance" xsi:schemaLocation="http://www.openarchives.org/OAI/2.0/oai_dc/ http://www.openarchives.org/OAI/2.0/oai_dc.xsd">
  <dc:title>Wie können die Erträge im ökologischen Kartoffelbau gesichert werden? [How can potatoe-yield be increased in organic agriculture?]</dc:title>
  <dc:creator>Möller, Kurt</dc:creator>
  <dc:subject>Root crops</dc:subject>
  <dc:subject>Crop health, quality, protection</dc:subject>
  <dc:description>Einleitend:&#xD;
Im ökologischen Kartoffelbau gilt die Kraut- und Knollenfäule als wichtigste Ursache für die starken Ertragsschwankungen in der Praxis. Doch auf Grund der gefundenen Zusammenhänge zwischen Stickstoffernährung&#xD;
und Verlauf des Knollenwachstums ergeben sich neue Erkenntnisse und für die Praxis wichtige Konsequenzen.</dc:description>
  <dc:publisher>Stiftung Ökologie und Landbau (SÖL), Bad Dürkheim</dc:publisher>
  <dc:date>2002</dc:date>
  <dc:type>Journal paper</dc:type>
  <dc:type>NonPeerReviewed</dc:type>
  <dc:format>application/pdf</dc:format>
  <dc:identifier>http://orgprints.org/1012/1/moeller-2002-kartoffeln-ertrag.pdf</dc:identifier>
  <dc:identifier>Möller, Kurt   (2002) Wie können die Erträge im ökologischen Kartoffelbau gesichert werden? [How can potatoe-yield be increased in organic agriculture?].   Ökologie &amp; Landbau, 3 (123), pp. 34-38.</dc:identifier>
  <dc:relation>http://orgprints.org/1012/</dc:relation>
</oai_dc:dc>