<oai_dc:dc xmlns:oai_dc="http://www.openarchives.org/OAI/2.0/oai_dc/" xmlns:dc="http://purl.org/dc/elements/1.1/" xmlns:xsi="http://www.w3.org/2001/XMLSchema-instance" xsi:schemaLocation="http://www.openarchives.org/OAI/2.0/oai_dc/ http://www.openarchives.org/OAI/2.0/oai_dc.xsd">
  <dc:title>Engdriftsmåter og melkekvalitet</dc:title>
  <dc:creator>Adler, Steffen A.</dc:creator>
  <dc:creator>Steinshamn, Håvard</dc:creator>
  <dc:subject>Food security, food quality and human health</dc:subject>
  <dc:subject>Feeding and growth</dc:subject>
  <dc:description>Sammenhengen mellom engdriftssystemer og melkekvalitet i økologisk landbruk skal undersøkes i et nytt prosjekt. Valget mellom kortvarig og langvarig eng er avgjørende for den botaniske sammensetningen i drøvtyggerfôret og en kan forvente at melkas kvalitetsegenskaper påvirkes. Tolv økologiske melkebruk ble paret med 12 konvensjonelle i Midt-Norge og inngår i en toårig feltstudie som startet i januar 2007. Seks gårder i hver gruppe er valgt ut blant gårder med kortvarig eng og 6 blant gårder med langvarig eng. Annenhver måned skal det samles inn melkeprøver fra gårdstanken og fôrprøver på alle gårdene. Melkeprøvene vil bli analysert for fettsyresammensetning, oksidativ stabilitet, vitaminer, fytoøstrogener, sensorisk kvalitet og innhold av mikromineraler. I tillegg inngår data fra kukontrollen. På gårdene vil det bli samlet inn opplysninger om planteproduksjonen, og den botaniske sammensetningen på engarealene vil bli registrert.  Hypotesen er at økologisk melk som er produsert på grovfôr fra langvarig og urterik eng  1) har lavere innhold og andel av n-3 fettsyrer, transvaksensyre, konjugerte linolsyrer, 2) har høyere innhold av vitaminer,&#xD;
3) har lavere innhold av planteøstrogener, og&#xD;
4) er sterkere mot oksidering enn økologisk melk produsert på grovfôr fra kortvarig og kløverrik eng. Dessuten forventes det at økologisk melk har høyere innhold og andel av n-3 fettsyrer, TVA, tokoferoler, kartotenoider og planteøstrogener, men er mer utsatt for oksidering enn konvensjonell melk.</dc:description>
  <dc:contributor>Fløistad, Erling</dc:contributor>
  <dc:contributor>Munthe, Kari</dc:contributor>
  <dc:date>2007</dc:date>
  <dc:type>Conference paper, poster, etc.</dc:type>
  <dc:type>NonPeerReviewed</dc:type>
  <dc:format>application/pdf</dc:format>
  <dc:identifier>http://orgprints.org/10569/1/Bioforsk_Fokus_2_1_48-49.pdf</dc:identifier>
  <dc:identifier>Adler, Steffen A. and Steinshamn, Håvard    (2007) Engdriftsmåter og melkekvalitet.  [Grassland management and milk quality.]  In: Fløistad, Erling and Munthe, Kari (Eds.)  Bioforsk Fokus, 2 (1), pp. 48-49.</dc:identifier>
  <dc:relation>http://orgprints.org/10569/</dc:relation>
</oai_dc:dc>