<oai_dc:dc xmlns:oai_dc="http://www.openarchives.org/OAI/2.0/oai_dc/" xmlns:dc="http://purl.org/dc/elements/1.1/" xmlns:xsi="http://www.w3.org/2001/XMLSchema-instance" xsi:schemaLocation="http://www.openarchives.org/OAI/2.0/oai_dc/ http://www.openarchives.org/OAI/2.0/oai_dc.xsd">
  <dc:title>Fiskemel eller erter som proteinkilde til kyr i økologisk melkeproduksjon</dc:title>
  <dc:creator>Adler, Steffen A.</dc:creator>
  <dc:creator>Randby, Åshild T.</dc:creator>
  <dc:subject>Dairy cattle</dc:subject>
  <dc:subject>Feeding and growth</dc:subject>
  <dc:description>I et kontinuerlig produksjonsforsøk med 32 melkekyr (2005-06) i økologisk landbruk ble kraftfôrrasjoner basert på fiskemel og erter sammenlikna. Ved hjelp av kornblanding (havre og bygg) ble rasjonene balansert til å bli isonitrogene og isoenergetiske. Dyra var, permanent over tre år, fordelt på 2 grupper med en årlig kraftfôrtildeling tilsvarende henholdsvis 40% (H) og 10% (L) av fôrrasjonen (regnet på energibasis). Fiskemel ga høyere melkeytelse enn erter, og minst like god melkesmak. Fettsyresammensetningen i melka var gunstigst når fiskemel ble fôret. Både fiskemel og havre kan ha bidratt til den gunstige sammensetningen av fettsyrer. Både fiskemel og erter er gode proteinfôrmidler for økologisk melkeproduksjon. En kombinasjon av de to proteinkildene kan forventes å være særlig gunstig, siden fiskemel inneholder mye høyverdig protein som i liten grad brytes ned i vom, mens erteproteinet i større grad bidrar med nedbrytbart protein som stimulerer mikrobeproteinproduksjonen i vom.</dc:description>
  <dc:contributor>Dille, Liv Lønne</dc:contributor>
  <dc:date>2007</dc:date>
  <dc:type>Conference paper, poster, etc.</dc:type>
  <dc:type>NonPeerReviewed</dc:type>
  <dc:format>application/pdf</dc:format>
  <dc:identifier>http://orgprints.org/10566/1/Adler_Randby_fiskemel_erter_HFM07.pdf</dc:identifier>
  <dc:identifier>Adler, Steffen A. and Randby, Åshild T.    (2007) Fiskemel eller erter som proteinkilde til kyr i økologisk melkeproduksjon.  [Fishmeal or peameal given as protein supplementation to dairy cows in organic farming.]  In: Dille, Liv Lønne (Ed.)  Husdyrforsøksmøtet 2007, pp. 217-220.</dc:identifier>
  <dc:relation>http://orgprints.org/10566/</dc:relation>
</oai_dc:dc>