<oai_dc:dc xmlns:oai_dc="http://www.openarchives.org/OAI/2.0/oai_dc/" xmlns:dc="http://purl.org/dc/elements/1.1/" xmlns:xsi="http://www.w3.org/2001/XMLSchema-instance" xsi:schemaLocation="http://www.openarchives.org/OAI/2.0/oai_dc/ http://www.openarchives.org/OAI/2.0/oai_dc.xsd">
  <dc:title>Influence of chicory roots /Cichorium intybus L) on boar taint in entire male pigs and female pigs</dc:title>
  <dc:creator>Hansen, L.L.</dc:creator>
  <dc:creator>Jensen, M.T.</dc:creator>
  <dc:creator>Mejer, H.</dc:creator>
  <dc:creator>Roepstorff, A.</dc:creator>
  <dc:creator>Thamsborg, S.M.</dc:creator>
  <dc:creator>Byrne, D.V.</dc:creator>
  <dc:creator>Karlsson, A.H.</dc:creator>
  <dc:creator>Hansen-Møller, J.</dc:creator>
  <dc:creator>Tuomola, M.</dc:creator>
  <dc:subject>"Organics" in general</dc:subject>
  <dc:description>It is known that pure inulin a fructooligosaccharide extracted from chicory roots can:&#xD;
– reduce boar taint (skatole in backfat and blood)&#xD;
– reduce parasite infection levels when added to specially composed experimental diets&#xD;
• However, the entire chicory roots may, in comparison to inulin:&#xD;
– reduce boar taint more effectively&#xD;
– improve the taste of cooked meat from both male and female pigs&#xD;
– be more effective against parasites when added to normal diet types&#xD;
– contain secondary metabolites that add to the effect of the inulin&#xD;
– be a cheaper solution</dc:description>
  <dc:date>2005</dc:date>
  <dc:type>Conference paper, poster, etc.</dc:type>
  <dc:type>NonPeerReviewed</dc:type>
  <dc:format>application/pdf</dc:format>
  <dc:identifier>http://orgprints.org/10015/1/10015.pdf</dc:identifier>
  <dc:identifier>Hansen, L.L.; Jensen, M.T.; Mejer, H.; Roepstorff, A.; Thamsborg, S.M.; Byrne, D.V.; Karlsson, A.H.; Hansen-Møller, J. and Tuomola, M.    (2005) Influence of chicory roots /Cichorium intybus L) on boar taint in entire male pigs and female pigs.   In:     Book of Abstracts, p. 327.</dc:identifier>
  <dc:relation>http://orgprints.org/10015/</dc:relation>
</oai_dc:dc>