<oai_dc:dc xmlns:oai_dc="http://www.openarchives.org/OAI/2.0/oai_dc/" xmlns:dc="http://purl.org/dc/elements/1.1/" xmlns:xsi="http://www.w3.org/2001/XMLSchema-instance" xsi:schemaLocation="http://www.openarchives.org/OAI/2.0/oai_dc/ http://www.openarchives.org/OAI/2.0/oai_dc.xsd">
  <dc:title>Landwirtschaftliche Ressourcen: Moarhof</dc:title>
  <dc:subject>"Organics" in general</dc:subject>
  <dc:subject>Crop husbandry</dc:subject>
  <dc:subject>Animal husbandry</dc:subject>
  <dc:description>Das Primärziel der landwirtschafltichen Ressourcen Moarhof ist die Bereitstellung einer optimierten Planungs- und Durchführungsgrundlage aller Exaktversuche sowie die Sicherstellung eines intakten Lehrbetriebes für den Praxisunterricht der Schüler am Bio-Betrieb Moarhof. Durch diese Ressource können praxisrelevante Fragen wissenschaftlich bearbeitet werden.</dc:description>
  <dc:type>Research facility description</dc:type>
  <dc:type>NonPeerReviewed</dc:type>
  <dc:identifier>{Facility}   Landwirtschaftliche Ressourcen: Moarhof.  [Agricultural Ressources: Moarhof.]   Runs 2006 - 2010.       Facility Leader(s): Starz, DI Walter, BMLFUW, HBLA Raumberg-Gumpenstein.</dc:identifier>
  <dc:relation>http://orgprints.org/10540/</dc:relation>
</oai_dc:dc>