<oai_dc:dc xmlns:oai_dc="http://www.openarchives.org/OAI/2.0/oai_dc/" xmlns:dc="http://purl.org/dc/elements/1.1/" xmlns:xsi="http://www.w3.org/2001/XMLSchema-instance" xsi:schemaLocation="http://www.openarchives.org/OAI/2.0/oai_dc/ http://www.openarchives.org/OAI/2.0/oai_dc.xsd">
  <dc:title>Übersicht über Homepages und Dokumentdatenbanken der "Arbeitsgruppe Versuchsansteller im Ökologischen Landbau" im "Verband der Landwirtschaftskammern e.V." (VLK) und ihrer Mitglieder</dc:title>
  <dc:creator>Gerlach, Florian</dc:creator>
  <dc:subject>Weed management</dc:subject>
  <dc:subject>Health and welfare</dc:subject>
  <dc:subject>Dairy cattle</dc:subject>
  <dc:subject>Composting and manuring</dc:subject>
  <dc:subject>Nutrient turnover</dc:subject>
  <dc:subject>Farm economics</dc:subject>
  <dc:subject>Pasture and forage crops</dc:subject>
  <dc:subject>Breeding and genetics</dc:subject>
  <dc:subject>Root crops</dc:subject>
  <dc:subject>Sheep and goats</dc:subject>
  <dc:subject>Crop health, quality, protection</dc:subject>
  <dc:subject>Soil tillage</dc:subject>
  <dc:subject>Breeding, genetics and propagation</dc:subject>
  <dc:subject>Crop husbandry</dc:subject>
  <dc:subject>Poultry</dc:subject>
  <dc:subject>Pigs</dc:subject>
  <dc:subject>Cereals, pulses and oilseeds</dc:subject>
  <dc:subject>Animal husbandry</dc:subject>
  <dc:subject>Feeding and growth</dc:subject>
  <dc:description>Die „Arbeitsgruppe Versuchsansteller im Ökologischen Landbau" im „Verband der Landwirtschaftskammern e.V.“ erstellt bundesweite Auswertungen der Öko-Landessortenversuche sowie Übersichten über die Forschungsaktivitäten ihrer Mitglieder zu bestimmten Themenbereichen. Eine Tabelle informiert über die Bearbeiter der verschiedenen Auswertungen.&#xD;
&#xD;
In der tabellarischen Übersicht sind die Mitglieder der "Arbeitsgruppe Versuchsansteller im Ökologischen Landbau" im "Verband der Landwirtschaftskammern e.V. (VLK)" mit den Homepages der beteiligten Institutionen aufgelistet. Außerdem werden Links zu den Datensammlungen und Datenbanken aufgeführt, in denen die Einrichtungen ihre eigenen Versuchsergebnisse und Versuchsberichte online veröffentlichen.</dc:description>
  <dc:date>2003-12</dc:date>
  <dc:type>Working paper</dc:type>
  <dc:type>NonPeerReviewed</dc:type>
  <dc:format>application/pdf</dc:format>
  <dc:identifier>http://orgprints.org/1062/1/1062-gerlach-f-2003-datenbanken-ag.pdf</dc:identifier>
  <dc:format>rtf</dc:format>
  <dc:identifier>http://orgprints.org/1062/2/1062-gerlach-f-2003-datenbanken-ag.rtf</dc:identifier>
  <dc:identifier>Gerlach, Florian    (2003) Übersicht über Homepages und Dokumentdatenbanken der "Arbeitsgruppe Versuchsansteller im Ökologischen Landbau" im "Verband der Landwirtschaftskammern e.V." (VLK) und ihrer Mitglieder.  [Chart of websites and online-databases containing reports by the "working group of experimental stations for organic agriculture" and its members.]   Working paper.   [Unpublished]</dc:identifier>
  <dc:relation>http://orgprints.org/1062/</dc:relation>
</oai_dc:dc>