<oai_dc:dc xmlns:oai_dc="http://www.openarchives.org/OAI/2.0/oai_dc/" xmlns:dc="http://purl.org/dc/elements/1.1/" xmlns:xsi="http://www.w3.org/2001/XMLSchema-instance" xsi:schemaLocation="http://www.openarchives.org/OAI/2.0/oai_dc/ http://www.openarchives.org/OAI/2.0/oai_dc.xsd">
  <dc:title>Mikrobiologische Indikatoren der Bodenfruchtbarkeit in einem Zweikulturen-Nutzungssystem</dc:title>
  <dc:creator>Raubuch, Markus</dc:creator>
  <dc:creator>Pyttlik, Claudia</dc:creator>
  <dc:creator>Jörgensen, Rainer Georg</dc:creator>
  <dc:subject>Soil biology</dc:subject>
  <dc:description>In dieser Untersuchung wurden die Auswirkungen die C- und N-Mineralisation und die Rolle der mikrobiellen Biomasse als möglicher Stickstoffpuffer bzw. Zwischenspeicher  in einem Zweikulturennutzungssystem erfasst. Die Ergebnisse der Untersuchung beziehen sich auf den pflanzenbaulichen Versuch von Graß und Scheffer 2002 auf der Hessischen Staatsdomäne Frankenhausen. Dabei sollte die Auswirkung von Bodenbearbeitungsmaßnahmen und Düngerapplikationen unterschiedlicher Intensität durch die monatlichen Erhebungen zur Erfassung des mikrobiell gebundenen Kohlen- und Stickstoffes, der C- und N-Mineralisationsleistung abgeschätzt werden. Da der Versuch zum Zeitpunkt der Tagungsanmeldung noch nicht abgeschlossen war, sind in dieser Kurzfassung nur die unvollständigen Datensätze enthalten.</dc:description>
  <dc:contributor>Freyer, Bernhard</dc:contributor>
  <dc:date>2003</dc:date>
  <dc:type>Conference paper, poster, etc.</dc:type>
  <dc:type>NonPeerReviewed</dc:type>
  <dc:format>application/pdf</dc:format>
  <dc:identifier>http://orgprints.org/1023/1/raubuch-2003-bodenfruchtbarkeit.pdf</dc:identifier>
  <dc:identifier>Raubuch, Markus; Pyttlik, Claudia and Jörgensen, Rainer Georg    (2003) Mikrobiologische Indikatoren der Bodenfruchtbarkeit in einem Zweikulturen-Nutzungssystem.   In: Freyer, Bernhard (Ed.)  7. Wissenschaftstagung zum ökologischen Landbau: Ökologischer Landbau der Zukunft, pp. 17-20.</dc:identifier>
  <dc:relation>http://orgprints.org/1023/</dc:relation>
</oai_dc:dc>