<oai_dc:dc xmlns:oai_dc="http://www.openarchives.org/OAI/2.0/oai_dc/" xmlns:dc="http://purl.org/dc/elements/1.1/" xmlns:xsi="http://www.w3.org/2001/XMLSchema-instance" xsi:schemaLocation="http://www.openarchives.org/OAI/2.0/oai_dc/ http://www.openarchives.org/OAI/2.0/oai_dc.xsd">
  <dc:title>Ethics and animal welfare in organic animal husbandry: an interdisciplinary approach</dc:title>
  <dc:creator>Lund, Vonne L.</dc:creator>
  <dc:subject>History of organics</dc:subject>
  <dc:subject>Values, standards and certification</dc:subject>
  <dc:subject>Health and welfare</dc:subject>
  <dc:description>Abstract&#xD;
&#xD;
Farm animals make importance contributions to organic farming systems. This thesis deals with the value and aims of organic farming in relation to animal welfare concerns. The organic standards and other publications from the organic movement are analyzed to define basic values. These are related to ethical theory, and ecocentric ethics is suggested as an ethical position for organic farming. It is concluded that although the main concern is to develop sustainable and environmentally friendly farming systems, animal welfare is an important aim in organic farming.&#xD;
&#xD;
Two studies have been made of Swedish organic livestock farmers to examine their values and beliefs about animal husbandry and animal welfare. The first study comprised 15 equalitative in-depth interviews. The second study was a quantitative questionnaire study, where answers were analyzed using principal component analysis (exploratory factor analysis). Both studies showed that the ecocentric position can be identified among Swedish organic livestock farmers in their perception of animal welfare.&#xD;
&#xD;
An important finding is that the animal welfare concept is understood differently in organic farming from what is usual in conventional agriculture. It is interpreted in terms of natural living, which includes the possibility of performing a natural behavior, feeds adapted to the animal's physiology and a natural environment. Thus, it is important for the organic farmers to be explicit and communicate their view of animal welfare to other groups.&#xD;
&#xD;
A literature study was performed to learn about the actual animal welfare situation in organic animal husbandry. Only 22 peer-reviewed articles were found. There were no indications in the literature that overall health is worse in organic than in conventional herds. A very careful conclusion was that animal health in organic farming is as good or perhaps better – with the important exception of parasitic diseases.&#xD;
&#xD;
The thesis also analyzes conflicting values and dilemmas in organic animal husbandry, e.g., between the ecocentric position and aspects of animal welfare. The questionnaire study revealed two groups with partially differing values: farmers who see organic farming as a life style and who believe environmental issues and natural living are important, and entrepreneurial farmers who consider making money and new challenges more important. An ethical contract is proposed as a tool to handle the dilemmas.&#xD;
&#xD;
It is concluded that it is important for organic farmers and for the organic movement to take animal health and welfare issues seriously.</dc:description>
  <dc:publisher>Swedish University of Agricultural Sciences</dc:publisher>
  <dc:date>2002</dc:date>
  <dc:type>Thesis</dc:type>
  <dc:type>NonPeerReviewed</dc:type>
  <dc:format>text/html</dc:format>
  <dc:identifier>http://orgprints.org/10657/1/index.html</dc:identifier>
  <dc:identifier>Lund, Vonne L.   (2002) Ethics and animal welfare in organic animal husbandry: an interdisciplinary approach.   Thesis, Swedish University of Agricultural Sciences, Department of Animal Environment and Health. Acta Universitatis Agriculturae Sueciae, no. 137. Swedish University of Agricultural Sciences.</dc:identifier>
  <dc:relation>http://orgprints.org/10657/</dc:relation>
</oai_dc:dc>