<oai_dc:dc xmlns:oai_dc="http://www.openarchives.org/OAI/2.0/oai_dc/" xmlns:dc="http://purl.org/dc/elements/1.1/" xmlns:xsi="http://www.w3.org/2001/XMLSchema-instance" xsi:schemaLocation="http://www.openarchives.org/OAI/2.0/oai_dc/ http://www.openarchives.org/OAI/2.0/oai_dc.xsd">
  <dc:title>Status quo of Organic Farming Research in Switzerland</dc:title>
  <dc:creator>Niggli, Urs</dc:creator>
  <dc:creator>Fried, Padrout</dc:creator>
  <dc:subject>Switzerland</dc:subject>
  <dc:subject>Research communication and quality</dc:subject>
  <dc:description>The paper gives on overwiew of the current situation of organic farming research in Switzerland, including addresses of the relevant institutions.</dc:description>
  <dc:publisher>European Commission, Research Directorate General, Directorate E.03, Safe food production systems</dc:publisher>
  <dc:contributor>European Commission, Research Directorate General</dc:contributor>
  <dc:date>2002</dc:date>
  <dc:type>Conference paper, poster, etc.</dc:type>
  <dc:type>NonPeerReviewed</dc:type>
  <dc:format>application/pdf</dc:format>
  <dc:identifier>http://orgprints.org/1049/1/niggli-fried-2002-of-research-in-ch.pdf</dc:identifier>
  <dc:identifier>Niggli, Urs and Fried, Padrout    (2002) Status quo of Organic Farming Research in Switzerland.   In: European Commission, Research Directorate General (Ed.)  Seminar on Organic Farming Research in Europe - Brussels, 24-25 September 2002, Consolidated report summarising individual contributions, European Commission, Research Directorate General, Directorate E.03, Safe food production systems, pp. 88-94.</dc:identifier>
  <dc:relation>http://orgprints.org/1049/</dc:relation>
</oai_dc:dc>