<oai_dc:dc xmlns:oai_dc="http://www.openarchives.org/OAI/2.0/oai_dc/" xmlns:dc="http://purl.org/dc/elements/1.1/" xmlns:xsi="http://www.w3.org/2001/XMLSchema-instance" xsi:schemaLocation="http://www.openarchives.org/OAI/2.0/oai_dc/ http://www.openarchives.org/OAI/2.0/oai_dc.xsd">
  <dc:title>Ressortforschung für den Ökologischen Landbau 2006</dc:title>
  <dc:subject>Policy environments and social economy</dc:subject>
  <dc:subject>Food security, food quality and human health</dc:subject>
  <dc:subject>"Organics" in general</dc:subject>
  <dc:subject>Markets and trade</dc:subject>
  <dc:subject>Farming Systems</dc:subject>
  <dc:subject>Crop husbandry</dc:subject>
  <dc:subject>Animal husbandry</dc:subject>
  <dc:description>Wie in den letzten Jahren sollen neue und spannende Ergebnisse der Ressortforschung für den Ökologischen Landbau präsentiert und diskutiert werden. Dabei werden Wissenschaftlerinnen und Wissenschaftler aus den verschiedensten Einrichtungen der Ressortforschung des Bundesministeriums für Ernährung, Landwirtschaft und Verbraucherschutz (BMELV) über ausgewählte neue Ergebnisse ihrer Arbeit berichten.</dc:description>
  <dc:publisher>Bundesforschungsanstalt für Landwirtschaft (FAL)</dc:publisher>
  <dc:contributor>Rahmann, Gerold</dc:contributor>
  <dc:date>2006</dc:date>
  <dc:type>Proceedings</dc:type>
  <dc:type>NonPeerReviewed</dc:type>
  <dc:format>application/pdf</dc:format>
  <dc:identifier>http://orgprints.org/10028/1/Tagungsband_Statusseminar_%C3%96kolandbau_2006.pdf</dc:identifier>
  <dc:identifier>Rahmann, Gerold (Ed.)    (2006) Ressortforschung für den Ökologischen Landbau 2006.  [Federal Research for Organic Farming in Germany 2006.]  Bundesforschungsanstalt für Landwirtschaft (FAL), Sonderhefte der Landbauforschung Völkenrode, no. 298.  Proceedings of Statusseminar Ressortforschung für den ökologischen Landbau 2006, Braunschweig, 2. März 2006.</dc:identifier>
  <dc:relation>http://orgprints.org/10028/</dc:relation>
</oai_dc:dc>