<oai_dc:dc xmlns:oai_dc="http://www.openarchives.org/OAI/2.0/oai_dc/" xmlns:dc="http://purl.org/dc/elements/1.1/" xmlns:xsi="http://www.w3.org/2001/XMLSchema-instance" xsi:schemaLocation="http://www.openarchives.org/OAI/2.0/oai_dc/ http://www.openarchives.org/OAI/2.0/oai_dc.xsd">
  <dc:title>Ökologische Bienenhaltung - was zeichnet sie aus?</dc:title>
  <dc:creator>Keppler, C.</dc:creator>
  <dc:creator>Hähnle, A.</dc:creator>
  <dc:subject>"Organics" in general</dc:subject>
  <dc:subject>Animal husbandry</dc:subject>
  <dc:description>Unter ökologischer Bienenhaltung ist eine naturnahe, artgemäße Bienenhaltung zu verstehen, die den Grundsätzen der ökologischen Landbewirtschaftung folgt.&#xD;
Ziel der ökologischen Bienenhaltung ist eine hohe Qualität der Imkereiprodukte, die sich dadurch auszeichnen, dass sie unverfälscht sind und eine niedrige Belastung mit Schadstoffen aufweisen.&#xD;
Wie funktioniert ökologische Bienenhaltung, was ist bei ihr anders?</dc:description>
  <dc:publisher>Bauernverlag</dc:publisher>
  <dc:date>2002</dc:date>
  <dc:type>Journal paper</dc:type>
  <dc:type>NonPeerReviewed</dc:type>
  <dc:format>application/pdf</dc:format>
  <dc:identifier>http://orgprints.org/10550/1/%C3%B6kologische-bienenhaltung.pdf</dc:identifier>
  <dc:identifier>Keppler, C. and Hähnle, A.   (2002) Ökologische Bienenhaltung - was zeichnet sie aus?   Deutsches Bienenjournal (10), pp. 20-21.</dc:identifier>
  <dc:relation>http://orgprints.org/10550/</dc:relation>
</oai_dc:dc>