<oai_dc:dc xmlns:oai_dc="http://www.openarchives.org/OAI/2.0/oai_dc/" xmlns:dc="http://purl.org/dc/elements/1.1/" xmlns:xsi="http://www.w3.org/2001/XMLSchema-instance" xsi:schemaLocation="http://www.openarchives.org/OAI/2.0/oai_dc/ http://www.openarchives.org/OAI/2.0/oai_dc.xsd">
  <dc:title>Sustainability assessment for organic farming - integrating financial, environmental, social and animal welfare benchmarking</dc:title>
  <dc:creator>Lampkin, N</dc:creator>
  <dc:creator>Fowler, S M</dc:creator>
  <dc:creator>Jackson, A</dc:creator>
  <dc:creator>Jeffreys, I</dc:creator>
  <dc:creator>Lobley, M</dc:creator>
  <dc:creator>Measures, M</dc:creator>
  <dc:creator>Padel, S</dc:creator>
  <dc:creator>Reed, M</dc:creator>
  <dc:creator>Roderick, S</dc:creator>
  <dc:creator>Woodward, L</dc:creator>
  <dc:subject>Knowledge management</dc:subject>
  <dc:subject>Social aspects</dc:subject>
  <dc:subject>Health and welfare</dc:subject>
  <dc:subject>Farm economics</dc:subject>
  <dc:description>Real improvement in agricultural sustainability requires that its assessment should involve more than monitoring changes for research and policy evaluation purposes. Producers need practical information and guidance on how to change their systems to affect non-fi nancial and fi nancial outcomes. Recent organic farming benchmarking projects have shown how practical tools can be developed with the participation of stakeholders: these include farm income and fi nancial benchmarking projects at University of Wales, Aberystwyth; animal welfare assessments at Duchy College; socio-economic foot-printing at the University of Exeter; and fi rst attempts to combine the different elements including environmental aspects by Mark Measures Associates and Elm Farm Research Centre. The experiences from these projects provide a basis for developing coherent, integrated approaches to sustainability assessment at farm level, with the aim of developing practical management tools.</dc:description>
  <dc:publisher>Association of Applied Biologists</dc:publisher>
  <dc:contributor>Atkinson, C</dc:contributor>
  <dc:contributor>Ball, B</dc:contributor>
  <dc:contributor>Davies, D H K</dc:contributor>
  <dc:contributor>Rees, R</dc:contributor>
  <dc:contributor>Russell, G</dc:contributor>
  <dc:contributor>Stockdale, E A</dc:contributor>
  <dc:contributor>Watson, C A</dc:contributor>
  <dc:contributor>Walker, R</dc:contributor>
  <dc:contributor>Younie, D</dc:contributor>
  <dc:date>2006</dc:date>
  <dc:type>Conference paper, poster, etc.</dc:type>
  <dc:type>NonPeerReviewed</dc:type>
  <dc:format>application/pdf</dc:format>
  <dc:identifier>http://orgprints.org/10155/1/Sustainability_assessment_for_organic_farming_-_integrating_financial%2C_environmental%2C_social_and_animal_welfare_benchmarking.pdf</dc:identifier>
  <dc:identifier>Lampkin, N; Fowler, S M; Jackson, A; Jeffreys, I; Lobley, M; Measures, M; Padel, S; Reed, M; Roderick, S and Woodward, L    (2006) Sustainability assessment for organic farming - integrating financial, environmental, social and animal welfare benchmarking.   In: Atkinson, C; Ball, B; Davies, D H K; Rees, R; Russell, G; Stockdale, E A; Watson, C A; Walker, R and Younie, D (Eds.)  Aspects of Applied Biology 79, What will organic farming deliver? COR 2006, Association of Applied Biologists, pp. 9-13.</dc:identifier>
  <dc:relation>http://orgprints.org/10155/</dc:relation>
</oai_dc:dc>