<oai_dc:dc xmlns:oai_dc="http://www.openarchives.org/OAI/2.0/oai_dc/" xmlns:dc="http://purl.org/dc/elements/1.1/" xmlns:xsi="http://www.w3.org/2001/XMLSchema-instance" xsi:schemaLocation="http://www.openarchives.org/OAI/2.0/oai_dc/ http://www.openarchives.org/OAI/2.0/oai_dc.xsd">
  <dc:title>Bei der Ähre gepackt</dc:title>
  <dc:creator>Eichert, Christian</dc:creator>
  <dc:creator>Zorn, Alexander</dc:creator>
  <dc:creator>Dabbert, Stephan</dc:creator>
  <dc:subject>Policy environments and social economy</dc:subject>
  <dc:subject>"Organics" in general</dc:subject>
  <dc:subject>Regulation</dc:subject>
  <dc:description>2005 hat die Kommission einen Entwurf zur EU-Öko-Verordnung vorgelegt. Weil sich der Öko-Sektor unzureichend in die Ausarbeitung eingebunden sah,hat ein heftiges Ringen um Regelungen und Artikel eingesetzt. Im März soll die neue Verordnung verabschiedet werden.</dc:description>
  <dc:publisher>oekom Verlag, München</dc:publisher>
  <dc:date>2007-03</dc:date>
  <dc:type>Journal paper</dc:type>
  <dc:type>NonPeerReviewed</dc:type>
  <dc:format>application/pdf</dc:format>
  <dc:identifier>http://orgprints.org/10656/1/Eichert_et_al._Bei_der_%C3%84hre_gepackt_Artikel_final_new.pdf</dc:identifier>
  <dc:identifier>Eichert, Christian; Zorn, Alexander and Dabbert, Stephan   (2007) Bei der Ähre gepackt.   punkt.um, 3/07, pp. 3-4.</dc:identifier>
  <dc:relation>http://orgprints.org/10656/</dc:relation>
</oai_dc:dc>