<oai_dc:dc xmlns:oai_dc="http://www.openarchives.org/OAI/2.0/oai_dc/" xmlns:dc="http://purl.org/dc/elements/1.1/" xmlns:xsi="http://www.w3.org/2001/XMLSchema-instance" xsi:schemaLocation="http://www.openarchives.org/OAI/2.0/oai_dc/ http://www.openarchives.org/OAI/2.0/oai_dc.xsd">
  <dc:title>Areal- og naturbasert næringsutvikling (AREAL)</dc:title>
  <dc:subject>Policy environments and social economy</dc:subject>
  <dc:subject>Community development</dc:subject>
  <dc:subject>Landscape and recreation</dc:subject>
  <dc:subject>Biodiversity and ecosystem services</dc:subject>
  <dc:description>AREAL-programmet skal gi ny kunnskap som kan bidra til næringsutvikling basert på bærekraftig bruk av norske areal- og naturressurser.Arealbasert næringsliv og myndigheter innenfor fiskeri og havbruk, landbruk (jordbruk, hagebruk og skogbruk) og reindrift er de viktigste målgruppene for programmet. I tillegg er reiselivet en målgruppe.Programmet startet opp i april 2005 og avsluttes i 2011. Budsjettforslaget for 2006 er 39,5 mill kroner (med nullvekst) og 58,5 mill kroner (vekstforslag).AREAL-programmet har to hovedinnretninger. For det første skal det utvikle kunnskap til støtte for areal- og naturbasert næringsutvikling og bidra til innovasjoner. Mangfold og konkurransedyktighet i hele verdikjeden er et viktig mål. Satsingen skal gi økte muligheter for lønnsomme vare- og tjenesteproduksjoner - ikke minst gjennom fokusering på kostnader - som alternativ til de tradisjonelle volumproduksjonene i bygde- og kystsamfunnene. Programmet omfatter ikke næringsutvikling knyttet til mat, som ligger i det nye matprogrammet og i Havbruksprogrammet, heller ikke næringsutvikling knyttet til tre, som ligger i Fellessatsingen TRE. For det andre skal programmet utvikle kunnskap til støtte for næringspolitikk, handelspolitikk, arealpolitikk og tilhørende offentlig virkemiddelbruk innenfor fiskeri, havbruk, reindrift og landbruk.&#xD;
Kontaktperson Trond Værnes, trv@forskningsradet.no</dc:description>
  <dc:type>Research Programme description</dc:type>
  <dc:type>NonPeerReviewed</dc:type>
  <dc:format>application/pdf</dc:format>
  <dc:identifier>http://orgprints.org/10702/1/Area_programme%2C_english.pdf</dc:identifier>
  <dc:identifier>{Programme}       RCN-AREAL: Areal- og naturbasert næringsutvikling (AREAL).  [Area and nature-based industrial development - the AREA programme.]   Runs 2005 - 2011.    Programme Leader(s): Værnes, Trond.</dc:identifier>
  <dc:relation>http://orgprints.org/10702/</dc:relation>
</oai_dc:dc>