<oai_dc:dc xmlns:oai_dc="http://www.openarchives.org/OAI/2.0/oai_dc/" xmlns:dc="http://purl.org/dc/elements/1.1/" xmlns:xsi="http://www.w3.org/2001/XMLSchema-instance" xsi:schemaLocation="http://www.openarchives.org/OAI/2.0/oai_dc/ http://www.openarchives.org/OAI/2.0/oai_dc.xsd">
  <dc:title>Intensivierung der Produktion und Verbesserung der Qualität bei Säzwiebeln durch Sortenwahl und Düngungsstrategien</dc:title>
  <dc:creator>Rau, Florian</dc:creator>
  <dc:creator>Weier, Ulrike</dc:creator>
  <dc:subject>Crop health, quality, protection</dc:subject>
  <dc:subject>Breeding, genetics and propagation</dc:subject>
  <dc:subject>Vegetables</dc:subject>
  <dc:description>Im Rahmen des BLE-Forschungsprojektes „Intensivierung der Produktion und Verbesserung der Qualität bei Säzwiebeln durch Sortenwahl und Düngungsstrategien“ (03OE056/1) wurde in den Jahren 2004 - 2006 Feld- und Lagerversuche zur Optimierung des ökologischen Zwiebelanbaus unter norddeutschen Bedingungen durchgeführt. &#xD;
In den drei Jahren wurden jeweils 11 bzw. 12 Säzwiebelsorten geprüft. Das in den ersten beiden Jahren untersuchte Sortiment von Säzwiebeln zeigte keine Resistenzen gegen Falschen Mehltau. Im Jahr 2006 wurden drei mehltauresistente Neuzüchtungen mit in das Sortiment genommen aber es konnte kein Falscher Mehltau beobachtet werden. Die Erträge waren in allen Jahren sehr unterschiedlich. Die in Norddeutschland bewährten Sorten 'Summit' und 'Profit' zeigten immer die höchsten Erträgen.&#xD;
In den drei Versuchsjahren wurde die Höhe des notwendigen Stickstoffangebotes für Säzwiebeln, die Düngerwirkung organischer pflanzlicher und tierischer Handelsdünger sowie der Einfluss weiterer Düngungsmaßnahmen geprüft. Im Jahr 2004 reichte bei einem mittleren Ertragsniveau eine Aufdüngung auf 60 kg N/ha zur Saat aus. Bei einem sehr niedrigem Ertragsniveau reichte in den Kulturjahren 2005 und 2006 der Nmin-Vorrat des Bodens + N Mineralisation zur Deckung des Stickstoffbedarfes der Zwiebeln aus. &#xD;
In den ersten beiden Versuchsjahren wurde der Anbau von Steckzwiebeln und gepflanzten Säzwiebeln bei unterschiedlichen Saat- und Bestandesdichten miteinander verglichen. Das Ertragsniveau war insgesamt hoch. Im dritten Versuchsjahr wurden vier verschiedene Sorten auf ihre Eignung geprüft und konnten bei Vorkultur im 4er Erdpresstopf und anschließender Pflanzung hohe Erträge erzielen. Die beiden mehltauresistenten Neuzüchtungen blieben trotz hohen Befallsdrucks völlig mehltaufrei und erreichten einen deutlich höheren Ertrag.&#xD;
&#xD;
In beiden Versuchsjahren wiesen die Zwiebeln aus dem Sortenscreening und aus dem Düngungsversuch eine gute Lagerfähigkeit auf. Die Gewichtsverluste lagen während der Lagerung bei 3 – 5 %. Die Neigung zum Austrieb nach Auslagerung war zwischen Sorten und in beiden Jahren unterschiedlich. Die Düngevarianten hatten keinen Einfluss auf das Lagerverhalten. Eine geringere Versorgung mit Kalium und Schwefel führte zu einem stärkeren Austrieb nach der Lagerung.</dc:description>
  <dc:date>2006</dc:date>
  <dc:type>Report</dc:type>
  <dc:type>NonPeerReviewed</dc:type>
  <dc:format>application/pdf</dc:format>
  <dc:identifier>http://orgprints.org/10768/1/10768-03OE056_1-koen-rau-2006-saezwiebeln.pdf</dc:identifier>
  <dc:format>application/pdf</dc:format>
  <dc:identifier>http://orgprints.org/10768/2/10768-03OE056_1-koen-rau-2006-saezwiebeln-kurzfassung.pdf</dc:identifier>
  <dc:identifier>Rau, Florian and Weier, Ulrike         (2006) Intensivierung der Produktion und Verbesserung der Qualität bei Säzwiebeln durch Sortenwahl und Düngungsstrategien.  [Intensification of the production and the improvement of the quality of seed onion by the selection of variety and strategy of fertilisation.]   Kompetenzzentrum Ökolandbau Niedersachsen GmbH, D-Visselhövede.</dc:identifier>
  <dc:relation>http://orgprints.org/10768/</dc:relation>
</oai_dc:dc>