<oai_dc:dc xmlns:oai_dc="http://www.openarchives.org/OAI/2.0/oai_dc/" xmlns:dc="http://purl.org/dc/elements/1.1/" xmlns:xsi="http://www.w3.org/2001/XMLSchema-instance" xsi:schemaLocation="http://www.openarchives.org/OAI/2.0/oai_dc/ http://www.openarchives.org/OAI/2.0/oai_dc.xsd">
  <dc:title>Nachhaltig gegen Schädlinge in Lagerung und Verarbeitung</dc:title>
  <dc:creator>Wyss, Gabriela</dc:creator>
  <dc:subject>Food security, food quality and human health</dc:subject>
  <dc:description>Vorbeugen, laufend überwachen, bekämpfen nur im Notfall und dabei Rückstände von Schädlingsbekämpfungsmitteln auf Knospe-Produkten (BIO SUISSE) unbedingt vermeiden. &#xD;
Die neue Weisung «Schädlingskontrolle in Lagerung und Verarbeitung» setzt auf vorbeugende Massnahmen und regelmässige Kontrolle der Produktionsräume und -anlagen (Prävention und Monitoring).&#xD;
Längerfristig soll der Schädlingsbefall in der Lagerung oder Verarbeitung möglichst verhindert und damit der Einsatz von Schädlingsbekämpfungsmitteln für lokale Schlupfwinkelbehandlungen, Vernebelungen und Begasungen reduziert werden.</dc:description>
  <dc:publisher>Stiftung Ökologie und Landbau</dc:publisher>
  <dc:date>2006</dc:date>
  <dc:type>Journal paper</dc:type>
  <dc:type>NonPeerReviewed</dc:type>
  <dc:format>application/pdf</dc:format>
  <dc:identifier>http://orgprints.org/10560/1/wyss-2006-bioaktuell_1006_18-19.pdf</dc:identifier>
  <dc:identifier>Wyss, Gabriela   (2006) Nachhaltig gegen Schädlinge in Lagerung und Verarbeitung.   bioaktuell (10/2006), pp. 18-19.</dc:identifier>
  <dc:relation>http://orgprints.org/10560/</dc:relation>
</oai_dc:dc>