<oai_dc:dc xmlns:oai_dc="http://www.openarchives.org/OAI/2.0/oai_dc/" xmlns:dc="http://purl.org/dc/elements/1.1/" xmlns:xsi="http://www.w3.org/2001/XMLSchema-instance" xsi:schemaLocation="http://www.openarchives.org/OAI/2.0/oai_dc/ http://www.openarchives.org/OAI/2.0/oai_dc.xsd">
  <dc:title>Ökologischer Landbau in Ungarn auf dem Weg in die EU – Eine Situationsanalyse anhand von Fallbeispielen [Organic Agriculture in Hungary going towards the EU]</dc:title>
  <dc:creator>Hoffmann, Heide</dc:creator>
  <dc:subject>History of organics</dc:subject>
  <dc:subject>Markets and trade</dc:subject>
  <dc:subject>Surveys and statistics</dc:subject>
  <dc:description>Im Rahmen der Hochschulzusammenarbeit zwischen der Berliner&#xD;
Humboldt-Universität und der Szent István-Universität in Gödöllö/ Ungarn wurde 2002 in einem Gruppenstudienprojekt eine Situationsanalyse des Ökologischen Landbaus in Ungarn unter dem Aspekt des EU-Beitritts vorgenommen. Neben Literaturrecherchen wurden ausgewählte Betriebe besucht sowie Wissenschaftler und Vertreter von Institutionen zum Ökologischen Landbau in Ungarn befragt. Erste Ergebnisse werden im Beitrag vorgestellt.</dc:description>
  <dc:publisher>Universität für Bodenkultur Wien, Institut für Ökologischen Landbau</dc:publisher>
  <dc:contributor>Freyer, Bernhard</dc:contributor>
  <dc:date>2003</dc:date>
  <dc:type>Conference paper, poster, etc.</dc:type>
  <dc:type>NonPeerReviewed</dc:type>
  <dc:format>application/pdf</dc:format>
  <dc:identifier>http://orgprints.org/1074/1/hoffmann-2003-oekolandbau-ungarn.pdf</dc:identifier>
  <dc:identifier>Hoffmann, Heide    (2003) Ökologischer Landbau in Ungarn auf dem Weg in die EU – Eine Situationsanalyse anhand von Fallbeispielen [Organic Agriculture in Hungary going towards the EU].   In: Freyer, Bernhard (Ed.)  Beiträge zur 7. Wissenschaftstagung zum Ökologischen Landbau "Ökologischer Landbau der Zukunft", Universität für Bodenkultur Wien, Institut für Ökologischen Landbau, pp. 643-644.</dc:identifier>
  <dc:relation>http://orgprints.org/1074/</dc:relation>
</oai_dc:dc>