<oai_dc:dc xmlns:oai_dc="http://www.openarchives.org/OAI/2.0/oai_dc/" xmlns:dc="http://purl.org/dc/elements/1.1/" xmlns:xsi="http://www.w3.org/2001/XMLSchema-instance" xsi:schemaLocation="http://www.openarchives.org/OAI/2.0/oai_dc/ http://www.openarchives.org/OAI/2.0/oai_dc.xsd">
  <dc:title>Neue Wege in der Regulation von Drahtwürmern unter besonderer Berücksichtigung des biologischen Landbaus</dc:title>
  <dc:subject>Crop health, quality, protection</dc:subject>
  <dc:description>Projektziele:&#xD;
1. Erfassung der Artenzusammensetzung und geographischen Verbreitung von schädlichen Drahtwurmarten im biologischen und konventionellen Ackerbau zur Identifizierung von Problemgebieten und betroffenen Kulturpflanzen in Österreich. &#xD;
2. Entwicklung einer molekularen Bestimmungsmethode für die morphologisch schwer bzw. nicht identifizierbaren Larven innerhalb der Hauptschadgattung Agriotes.&#xD;
3. Entwicklung und Austestung eines einfachen Prognoseverfahrens zur Risikoabschätzung des Drahtwurmbefalls.&#xD;
4. Bestimmung des Einflusses relevanter Umweltparameter (inkl. Bewirtschaftungsmaßnahmen) auf Drahtwurmdichten und Schadensausmaß zur Identifizierung von Risikofaktoren und Problemstandorten.&#xD;
5. Entwicklung und Erprobung von pflanzenbaulichen Maßnahmen (Fangstreifen und Bodenbearbeitung) zur Abwehr von Drahtwürmern. &#xD;
6. Verbreitung der Ergebnisse in Form von Seminaren, Kongressbeiträgen und Publikationen.</dc:description>
  <dc:type>Project description</dc:type>
  <dc:type>NonPeerReviewed</dc:type>
  <dc:identifier>{Project}    Drahtwurm: Neue Wege in der Regulation von Drahtwürmern unter besonderer Berücksichtigung des biologischen Landbaus.  [New approaches to regulate wireworms, with a special emphasis on organic farming.]   Runs 2006 - 2009.      Project Leader(s): Kromp, Dr. Bernhard, Bio Forschung Austria.</dc:identifier>
  <dc:relation>http://orgprints.org/10773/</dc:relation>
</oai_dc:dc>