<oai_dc:dc xmlns:oai_dc="http://www.openarchives.org/OAI/2.0/oai_dc/" xmlns:dc="http://purl.org/dc/elements/1.1/" xmlns:xsi="http://www.w3.org/2001/XMLSchema-instance" xsi:schemaLocation="http://www.openarchives.org/OAI/2.0/oai_dc/ http://www.openarchives.org/OAI/2.0/oai_dc.xsd">
  <dc:title>De bedste ting i livet er gratis</dc:title>
  <dc:creator>Knudsen, Marie Trydeman</dc:creator>
  <dc:subject>Biodiversity and ecosystem services</dc:subject>
  <dc:description>Kronikken er skrevet som en opfølgning på ph.d.-kurset "Ecosystem services in agriculture - a PhD course on the theme: What does a system approach in research mean?". Kronikken omhandler de ydelser vi får gratis fra naturen, vores forhold til naturen og produktionen af mad, de manglende feed-back mekanismer samt perspektiverne for bæredygtig fødevareproduktion.</dc:description>
  <dc:date>2003-12</dc:date>
  <dc:type>Newspaper or magazine article</dc:type>
  <dc:type>NonPeerReviewed</dc:type>
  <dc:format>application/pdf</dc:format>
  <dc:identifier>http://orgprints.org/10494/1/10494.pdf</dc:identifier>
  <dc:identifier>Knudsen, Marie Trydeman    (2003) De bedste ting i livet er gratis.   Information, December 2003.</dc:identifier>
  <dc:relation>http://orgprints.org/10494/</dc:relation>
</oai_dc:dc>