<oai_dc:dc xmlns:oai_dc="http://www.openarchives.org/OAI/2.0/oai_dc/" xmlns:dc="http://purl.org/dc/elements/1.1/" xmlns:xsi="http://www.w3.org/2001/XMLSchema-instance" xsi:schemaLocation="http://www.openarchives.org/OAI/2.0/oai_dc/ http://www.openarchives.org/OAI/2.0/oai_dc.xsd">
  <dc:title>Introduction and maintenance of predatory mites as a preventive biocontrol buffer against strawberry tarsonemid mite in greenhouses</dc:title>
  <dc:creator>Tuovinen, Tuomo</dc:creator>
  <dc:creator>Lindqvist, Isa</dc:creator>
  <dc:subject>Crop health, quality, protection</dc:subject>
  <dc:description>We investigated preventive control of the strawberry mite by introduction and maintenance of four species of predatory phytoseiid mites.</dc:description>
  <dc:publisher>Nordic Association of Agricultural Scientists</dc:publisher>
  <dc:date>2006</dc:date>
  <dc:type>Conference paper, poster, etc.</dc:type>
  <dc:type>NonPeerReviewed</dc:type>
  <dc:format>application/pdf</dc:format>
  <dc:identifier>http://orgprints.org/10644/1/Lepaa1.pdf</dc:identifier>
  <dc:identifier>Tuovinen, Tuomo and Lindqvist, Isa    (2006) Introduction and maintenance of predatory mites as a preventive biocontrol buffer against strawberry tarsonemid mite in greenhouses.   In:     NJF Report, Nordic Association of Agricultural Scientists, 2 (10), p. 32.</dc:identifier>
  <dc:relation>http://orgprints.org/10644/</dc:relation>
</oai_dc:dc>