<oai_dc:dc xmlns:oai_dc="http://www.openarchives.org/OAI/2.0/oai_dc/" xmlns:dc="http://purl.org/dc/elements/1.1/" xmlns:xsi="http://www.w3.org/2001/XMLSchema-instance" xsi:schemaLocation="http://www.openarchives.org/OAI/2.0/oai_dc/ http://www.openarchives.org/OAI/2.0/oai_dc.xsd">
  <dc:title>Standards and Regulations</dc:title>
  <dc:creator>Kilcher, Lukas</dc:creator>
  <dc:creator>Huber, Beate</dc:creator>
  <dc:creator>Schmid, Otto</dc:creator>
  <dc:subject>Regulation</dc:subject>
  <dc:description>Contents&#xD;
1 International Standards&#xD;
1.1 IFOAM Standards &#xD;
1.2The Codex Alimentarius &#xD;
2 National and Supranational Regulations &#xD;
2.1 The EU Regulation on Organic Production &#xD;
2.2 Other National Regulations &#xD;
2.3 US and EU Import Procedures&#xD;
3 Private Standards &#xD;
4 Relationship to Fair Trade &#xD;
5 Literature</dc:description>
  <dc:publisher>International Federation of Organic Agriculture Movements IFOAM, Bonn, Germany and Research Institute of Organic Agriculture FiBL, Frick, Switzerland</dc:publisher>
  <dc:contributor>Willer, Helga</dc:contributor>
  <dc:contributor>Yussefi, Minou</dc:contributor>
  <dc:date>2006</dc:date>
  <dc:type>Book chapter</dc:type>
  <dc:type>NonPeerReviewed</dc:type>
  <dc:format>application/pdf</dc:format>
  <dc:identifier>http://orgprints.org/10375/1/kilcher-etal-2006-standards.pdf</dc:identifier>
  <dc:identifier>Kilcher, Lukas; Huber, Beate and Schmid, Otto    (2006) Standards and Regulations.    In: Willer, Helga and Yussefi, Minou (Eds.)   The World of Organic Agriculture. Statistics and Emerging Trends 2006.  International Federation of Organic Agriculture Movements IFOAM, Bonn, Germany and Research Institute of Organic Agriculture FiBL, Frick, Switzerland, pp. 74-83.</dc:identifier>
  <dc:relation>http://orgprints.org/10375/</dc:relation>
</oai_dc:dc>