<oai_dc:dc xmlns:oai_dc="http://www.openarchives.org/OAI/2.0/oai_dc/" xmlns:dc="http://purl.org/dc/elements/1.1/" xmlns:xsi="http://www.w3.org/2001/XMLSchema-instance" xsi:schemaLocation="http://www.openarchives.org/OAI/2.0/oai_dc/ http://www.openarchives.org/OAI/2.0/oai_dc.xsd">
  <dc:title>The employment benefits of organic farming</dc:title>
  <dc:creator>Green, M</dc:creator>
  <dc:creator>Maynard, R</dc:creator>
  <dc:subject>Social aspects</dc:subject>
  <dc:subject>Farm economics</dc:subject>
  <dc:description>Organic farming in the UK provides a range of economic and social benefi ts. In particular, it provides 32% more jobs per farm than equivalent non-organic farms. These new findings are based on the fi rst national survey of employment on UK organic farms, carried out by the University of Essex for the Soil Association. Organic farming is helping to reverse the decline in the UK’s agricultural workforce, which has fallen by 80% in the last 50 years. In contrast to the ageing overall farming population, organic farmers are, on average, seven years younger than their non-organic counterparts. Organic farmers are also three times more likely to be engaged in business innovations activities, such as direct marketing and on-farm processing. If all UK farmers adopted organic farming, it would produce an additional 93,000 on-farm jobs. These findings have significant implications for developing countries where a skilled agricultural workforce is vital to safeguard livelihoods and ensure global food security.</dc:description>
  <dc:publisher>Association of Applied Biologists</dc:publisher>
  <dc:contributor>Atkinson, C</dc:contributor>
  <dc:contributor>Ball, B</dc:contributor>
  <dc:contributor>Davies, D H K</dc:contributor>
  <dc:contributor>Rees, R</dc:contributor>
  <dc:contributor>Russell, G</dc:contributor>
  <dc:contributor>Stockdale, E A</dc:contributor>
  <dc:contributor>Watson, C A</dc:contributor>
  <dc:contributor>Walker, R</dc:contributor>
  <dc:contributor>Younie, D</dc:contributor>
  <dc:date>2006</dc:date>
  <dc:type>Conference paper, poster, etc.</dc:type>
  <dc:type>NonPeerReviewed</dc:type>
  <dc:format>application/pdf</dc:format>
  <dc:identifier>http://orgprints.org/10178/1/The_employment_benefits_of_organic_farming.pdf</dc:identifier>
  <dc:identifier>Green, M and Maynard, R    (2006) The employment benefits of organic farming.   In: Atkinson, C; Ball, B; Davies, D H K; Rees, R; Russell, G; Stockdale, E A; Watson, C A; Walker, R and Younie, D (Eds.)  Aspects of Applied Biology 79, What will organic farming deliver? COR 2006, Association of Applied Biologists, pp. 51-55.</dc:identifier>
  <dc:relation>http://orgprints.org/10178/</dc:relation>
</oai_dc:dc>