<oai_dc:dc xmlns:oai_dc="http://www.openarchives.org/OAI/2.0/oai_dc/" xmlns:dc="http://purl.org/dc/elements/1.1/" xmlns:xsi="http://www.w3.org/2001/XMLSchema-instance" xsi:schemaLocation="http://www.openarchives.org/OAI/2.0/oai_dc/ http://www.openarchives.org/OAI/2.0/oai_dc.xsd">
  <dc:title>Kräuter für Nutz- und Heimtiere: Ratgeber für die Anwendung ausgewählter Heil- und Gewürzpflanzen</dc:title>
  <dc:creator>Aichberger, Leopold</dc:creator>
  <dc:creator>Bazaj, Martina</dc:creator>
  <dc:creator>Fritsch, Florian</dc:creator>
  <dc:creator>Gansinger, Doris</dc:creator>
  <dc:creator>Hagmüller, Werner</dc:creator>
  <dc:creator>Hahn, Isabella</dc:creator>
  <dc:creator>Hozzank, Alexandra</dc:creator>
  <dc:creator>Kolar, Veronika</dc:creator>
  <dc:creator>Stöger, Elisabeth</dc:creator>
  <dc:subject>Production systems</dc:subject>
  <dc:subject>Health and welfare</dc:subject>
  <dc:description>Dieser Ratgeber führt wissenschaftliche Erkenntnisse und traditionelles Hausmittelwissen zusammen, beleuchtet alles Wissenswerte zu über 50 Heilpflanzen und gibt konkrete Anwendungsbeispiele. Ziel ist es, altbewährte Pflanzenanwendungen wieder mehr in die moderne Tierhaltung einzubinden. &#xD;
Der anwenderorientierte Aufbau des Buches ermöglicht es dem Leser, Kenntnisse über die verschiedenen Zubereitungen und Anwendungen von Heilpflanzen zu erwerben und diese in der Praxis einzusetzen. Zubereitung, Aufbewahrung und Anwendung von Kräutern, sowie deren Wirkung und Einsatz bei einzelnen Tierarten werden ausführlich dargestellt.&#xD;
&#xD;
„Die Aufgabe heutiger Wissenschaft ist weniger die Suche nach neuen wirksamen Pflanzen, vielmehr die Überprüfung und Absicherung dieses althergebrachten Wissensschatzes im Lichte moderner Erkenntnisse. Das Autorenteam setzt sich aus jungen engagierten Wissenschaftlern und Tierärzten zusammen. Ihnen ist es ein großes Anliegen, dass die Erkenntnisse der Kräuterheilkunde möglichst vielen Tierhaltern – insbesondere ihren Tieren – von Nutzen sein werden.&#xD;
Es bleibt der Wunsch: die vielen praktischen Anleitungen mögen einen starken Impuls zur Wiederbelebung der Kräuterheilkunde bei Tieren geben.“&#xD;
Dr. Gerhard Plakolm</dc:description>
  <dc:publisher>Eigenverlag</dc:publisher>
  <dc:date>2006</dc:date>
  <dc:type>Book</dc:type>
  <dc:type>NonPeerReviewed</dc:type>
  <dc:format>application/pdf</dc:format>
  <dc:identifier>http://orgprints.org/10046/1/stoeger-etal-2006-HeilpflanzenbuchCover.pdf</dc:identifier>
  <dc:format>application/pdf</dc:format>
  <dc:identifier>http://orgprints.org/10046/2/stoeger-etal-2006-Buchbesprechung_heilpflanzenbuch.pdf</dc:identifier>
  <dc:identifier>Aichberger, Leopold; Bazaj, Martina; Fritsch, Florian; Gansinger, Doris; Hagmüller, Werner; Hahn, Isabella; Hozzank, Alexandra; Kolar, Veronika and Stöger, Elisabeth    (2006) Kräuter für Nutz- und Heimtiere: Ratgeber für die Anwendung ausgewählter Heil- und Gewürzpflanzen.     Eigenverlag.</dc:identifier>
  <dc:relation>http://orgprints.org/10046/</dc:relation>
</oai_dc:dc>