<oai_dc:dc xmlns:oai_dc="http://www.openarchives.org/OAI/2.0/oai_dc/" xmlns:dc="http://purl.org/dc/elements/1.1/" xmlns:xsi="http://www.w3.org/2001/XMLSchema-instance" xsi:schemaLocation="http://www.openarchives.org/OAI/2.0/oai_dc/ http://www.openarchives.org/OAI/2.0/oai_dc.xsd">
  <dc:title>Monitoring der Auswirkungen einer Umstellung auf den biologischen Landbau</dc:title>
  <dc:subject>Crop combinations and interactions</dc:subject>
  <dc:subject>Soil</dc:subject>
  <dc:subject>Composting and manuring</dc:subject>
  <dc:description>Auf dem landwirtschaftlichen Betrieb Rutzendorf im Marchfeld, einem Teilbetrieb der Landwirtschaftlichen Bundesversuchswirtschaften GmbH, wurde ein umfassendes Langzeitmonitoring zur Dokumentation und Entwicklung des biologischen Landbaus eingerichtet. Dazu wurde ein Monitoringkonzept erstellt, Düngungsvarianten angelegt, ein Biotopmanagement entwickelt und Biotope neu angelegt. Mit der Datenerhebung wurde im April 2003 begonnen. Siehe dazu: „Monitoring der Umstellung auf den biologischen Landbau – MUBIL“.&#xD;
In MUBIL II soll die Datenerhebung fortgesetzt, Methoden der Datenerfassung und Verarbeitung optimiert und in Teilbereichen mit ergänzenden Untersuchungen begonnen werden. Die übergeordneten Ziele des Projektes sind wie bei MUBIL I:&#xD;
- das Ausmaß und die Geschwindigkeit von Veränderungen von Bodeneigenschaften und der pflanzenbaulichen Entwicklung mit der Umstellung auf den Ökologischen Landbau zu untersuchen,&#xD;
- die Nachhaltigkeit des Ökologischen Landbaus durch Anlage verschiedener Nährstoff- und Humuskreisläufe (Düngungsvarianten) vergleichend zu prüfen und zu entwickeln und &#xD;
- Organismen und Biotopstrukturen im Landschaftsausschnitt, den der Betrieb umfasst, zu analysieren, sowie eine punktuelle Neuanlage bzw. Pflege von Biotopen vorzunehmen.&#xD;
Die Ziele beinhalten ein Monitoring nach produktionstechnischen, ökonomischen und natur- wie landschaftshaushaltlichen Kriterien. Über einen interdisziplinären Forschungsverbund werden die wichtigsten Systemkomponenten in einem Agrarökosystem erfasst, untersucht und bewertet.</dc:description>
  <dc:type>Project description</dc:type>
  <dc:type>NonPeerReviewed</dc:type>
  <dc:identifier>{Project}    MUBIL II: Monitoring der Auswirkungen einer Umstellung auf den biologischen Landbau.  [MUBIL II: Monitoring the effects of conversion to organic farming.]   Runs 2006 - 2009.      Project Leader(s): Freyer, Univ. Prof. Dr. Bernhard, Universität für Bodenkultur (BOKU).</dc:identifier>
  <dc:relation>http://orgprints.org/10541/</dc:relation>
</oai_dc:dc>