<oai_dc:dc xmlns:oai_dc="http://www.openarchives.org/OAI/2.0/oai_dc/" xmlns:dc="http://purl.org/dc/elements/1.1/" xmlns:xsi="http://www.w3.org/2001/XMLSchema-instance" xsi:schemaLocation="http://www.openarchives.org/OAI/2.0/oai_dc/ http://www.openarchives.org/OAI/2.0/oai_dc.xsd">
  <dc:title>The Farm as Organism: The Foundational Idea of Organic Agriculture</dc:title>
  <dc:creator>Paull, John</dc:creator>
  <dc:subject>"Organics" in general</dc:subject>
  <dc:subject>History of organics</dc:subject>
  <dc:description>The term 'organic farming' was coined by Lord Northbourne in his canonical work "Look to the Land", published in London (1940). Northbourne introduced the concept of the farm as organism, contrasted organic with chemical farming, and introduced many of the concepts that continue to preoccupy discussions and practice of organic agriculture.</dc:description>
  <dc:publisher>Bio-Dynamics Tasmania Inc</dc:publisher>
  <dc:contributor>Le Lievre, Rodney</dc:contributor>
  <dc:date>2006-12</dc:date>
  <dc:type>Journal paper</dc:type>
  <dc:type>NonPeerReviewed</dc:type>
  <dc:format>application/pdf</dc:format>
  <dc:identifier>http://orgprints.org/10138/1/10138.pdf</dc:identifier>
  <dc:identifier>Paull, John   (2006) The Farm as Organism: The Foundational Idea of Organic Agriculture.   Elementals: Journal of Bio-Dynamics Tasmania (80), pp. 14-18.</dc:identifier>
  <dc:relation>http://orgprints.org/10138/</dc:relation>
</oai_dc:dc>