<oai_dc:dc xmlns:oai_dc="http://www.openarchives.org/OAI/2.0/oai_dc/" xmlns:dc="http://purl.org/dc/elements/1.1/" xmlns:xsi="http://www.w3.org/2001/XMLSchema-instance" xsi:schemaLocation="http://www.openarchives.org/OAI/2.0/oai_dc/ http://www.openarchives.org/OAI/2.0/oai_dc.xsd">
  <dc:title>Auslaufgestaltung in der Legehennenhaltung</dc:title>
  <dc:creator>Trei, G.</dc:creator>
  <dc:creator>Hörning, B.</dc:creator>
  <dc:subject>Poultry</dc:subject>
  <dc:subject>Health and welfare</dc:subject>
  <dc:description>Die Haltung von Legehennen mit Grünauslauf entspricht den natürlichen Bedürfnissen der Tiere am meisten. Sonnenlicht und Klimareize fördern die Konstitution und tragen zum Wohlbefinden bei. Diese Haltungsform stellt allerdings höhere Anforderungen an das Management.</dc:description>
  <dc:publisher>Bioland Verlags GmbH</dc:publisher>
  <dc:date>2002</dc:date>
  <dc:type>Journal paper</dc:type>
  <dc:type>NonPeerReviewed</dc:type>
  <dc:format>application/pdf</dc:format>
  <dc:identifier>http://orgprints.org/10554/1/auslaufgestaltung-biol.pdf</dc:identifier>
  <dc:identifier>Trei, G. and Hörning, B.   (2002) Auslaufgestaltung in der Legehennenhaltung.   Bioland (6), pp. 34-35.</dc:identifier>
  <dc:relation>http://orgprints.org/10554/</dc:relation>
</oai_dc:dc>