<oai_dc:dc xmlns:oai_dc="http://www.openarchives.org/OAI/2.0/oai_dc/" xmlns:dc="http://purl.org/dc/elements/1.1/" xmlns:xsi="http://www.w3.org/2001/XMLSchema-instance" xsi:schemaLocation="http://www.openarchives.org/OAI/2.0/oai_dc/ http://www.openarchives.org/OAI/2.0/oai_dc.xsd">
  <dc:title>Kosten der Erreichung von Umweltqualitätszielen in ausgewählten Regionen durch Umstellung auf Ökologischen Landbau im Vergleich zu anderen Agrarumweltmaßnahmen unter besonderer Berücksichtigung von Administrations- und Kontrollkosten</dc:title>
  <dc:creator>Beckmann, Volker</dc:creator>
  <dc:creator>Tiemann, Silja</dc:creator>
  <dc:creator>Reuter, Katharina</dc:creator>
  <dc:creator>Hagedorn, Konrad</dc:creator>
  <dc:subject>Policy environments and social economy</dc:subject>
  <dc:subject>"Organics" in general</dc:subject>
  <dc:description>Der vorliegende Forschungsbericht untersucht für die Bundesrepublik Deutschland die Hypothese, dass der Ökologische Landbau aus Sicht der Transaktionskosten eine vorteilhafte Politikoption zur Erreichung agrarumweltpolitischer Ziele darstellt, da durch ihn einzelne Teilaspekte der umweltgerechten Bewirtschaftung gebündelt implementiert werden. &#xD;
Im Rahmen von insgesamt 74 Interviews (teilweise in Form von Fokusgruppen) und zwei regionalen Validierungsworkshops wurden die Aufwendungen, die im Zusammenhang mit der Administration und Kontrolle von Agrarumweltprogrammen auf Seiten des Staates und der Landwirte entstehen, für zwei Fallstudienregionen (Baden-Württemberg, Thüringen) ermittelt. Es wurde ein systematisches Konzept zur Erfassung von Transaktionskosten entwickelt, das die Charakteristika des Ökologischen Landbaus berücksichtigt. Es konnte festgestellt werden, dass die Transaktionskosten mit der Zahl der Maßnahmen je Betrieb ansteigen, vor allem dann, wenn es sich dabei um flächenspezifische Einzelmaßnahmen handelt, die auf die Fläche kumuliert werden können. Der Ökologische Landbau als gesamtbetriebliche Maßnahme ist aus der Sicht der Agrarverwaltung eine transaktionskostensparende Alternative. Auch andere betriebszweigbezogene Maßnahmen, wie z.B. der "kontrolliert-integrierte Ackerbau" in Thüringen, sind gegenüber Einzelmaßnahmen kostensparend. Aus der Sicht der Landwirte verliert der Ökologische Landbau seine Transaktionskostenvorteile, wenn die 100%-Kontrollen gegenüber den 5%-Kontrollen bei anderen Agrarumweltmaßnahmen und der höhere Vermarktungsaufwand berücksichtigt werden. Diesen Kosten stehen nur bei einigen Betrieben höhere Einnahmen durch höhere Produktpreise gegenüber. Wird der Ökologische Landbau als umweltpolitisches Instrument eingesetzt und ist eine gesonderte Vermarktung der Produkte zu höheren Preisen nicht möglich, stellt sich die Frage, ob eine 100%-Kontrolle notwendig und sinnvoll ist. Grundsätzlich gilt, dass eine hohe Akzeptanz der Agrarumweltprogramme nur mit einem Angebot an Maßnahmen zu erreichen ist, das die Präferenzen der Akteure vor Ort berücksichtigt.</dc:description>
  <dc:date>2003</dc:date>
  <dc:type>Report</dc:type>
  <dc:type>NonPeerReviewed</dc:type>
  <dc:format>application/pdf</dc:format>
  <dc:identifier>http://orgprints.org/10639/1/10639-02OE227-ble-hu-berlin-2003-umweltqualitaetsziele.pdf</dc:identifier>
  <dc:identifier>Beckmann, Volker; Tiemann, Silja; Reuter, Katharina and Hagedorn, Konrad         (2003) Kosten der Erreichung von Umweltqualitätszielen in ausgewählten Regionen durch Umstellung auf Ökologischen Landbau im Vergleich zu anderen Agrarumweltmaßnahmen unter besonderer Berücksichtigung von Administrations- und Kontrollkosten.  [Investigating the costs of achieving environmental objectives in selected regions through organic farming or other agri-environmental measures with particular attention to administration and control costs.]   Bundesanstalt für Landwirtschaft und Ernährung (BLE), Bonn, Geschäftsstelle Bundesprogramm Ökologischer Landbau.</dc:identifier>
  <dc:relation>http://orgprints.org/10639/</dc:relation>
</oai_dc:dc>