<oai_dc:dc xmlns:oai_dc="http://www.openarchives.org/OAI/2.0/oai_dc/" xmlns:dc="http://purl.org/dc/elements/1.1/" xmlns:xsi="http://www.w3.org/2001/XMLSchema-instance" xsi:schemaLocation="http://www.openarchives.org/OAI/2.0/oai_dc/ http://www.openarchives.org/OAI/2.0/oai_dc.xsd">
  <dc:title>Solid compost from biogas plant digestion residues - a new product</dc:title>
  <dc:creator>Schäfer, Winfried</dc:creator>
  <dc:creator>Lehto, Marja</dc:creator>
  <dc:subject>Composting and manuring</dc:subject>
  <dc:description>Here is presented the nitrogen content of dairy cattle solid manure treated anaerobically and aerobically.</dc:description>
  <dc:publisher>Sveriges lantbruksuniversitet</dc:publisher>
  <dc:date>2006-10</dc:date>
  <dc:type>Journal paper</dc:type>
  <dc:type>NonPeerReviewed</dc:type>
  <dc:format>application/pdf</dc:format>
  <dc:identifier>http://orgprints.org/10631/1/fnytt306.pdf</dc:identifier>
  <dc:identifier>Schäfer, Winfried and Lehto, Marja   (2006) Solid compost from biogas plant digestion residues - a new product.   Forskningsnytt om økologisk landbruk i Norden (3), pp. 12-13.</dc:identifier>
  <dc:relation>http://orgprints.org/10631/</dc:relation>
</oai_dc:dc>