<oai_dc:dc xmlns:oai_dc="http://www.openarchives.org/OAI/2.0/oai_dc/" xmlns:dc="http://purl.org/dc/elements/1.1/" xmlns:xsi="http://www.w3.org/2001/XMLSchema-instance" xsi:schemaLocation="http://www.openarchives.org/OAI/2.0/oai_dc/ http://www.openarchives.org/OAI/2.0/oai_dc.xsd">
  <dc:title>The World of Organic Agriculture - Statistics and Emerging Trends 2007</dc:title>
  <dc:subject>Country reports</dc:subject>
  <dc:description>According to the survey, currently almost 31 million hectares of farmland are under organic management worldwide.&#xD;
The study presents the latest organic farming statistics including land use data, continent reports and reports about general developments in organic farming.</dc:description>
  <dc:publisher>International Federation of Organic Agriculture Movements IFOAM, DE-Bonn and Research Institute of Organic Agriculture, FiBL, CH-Frick</dc:publisher>
  <dc:contributor>Willer, Helga</dc:contributor>
  <dc:contributor>Yussefi, Minou</dc:contributor>
  <dc:date>2007</dc:date>
  <dc:type>Book</dc:type>
  <dc:type>NonPeerReviewed</dc:type>
  <dc:format>application/pdf</dc:format>
  <dc:identifier>http://orgprints.org/10506/1/willer-yussefi-2007-p1-44.pdf</dc:identifier>
  <dc:format>application/pdf</dc:format>
  <dc:identifier>http://orgprints.org/10506/2/willer-yussefi-2007-p213-220-tables.pdf</dc:identifier>
  <dc:format>application/pdf</dc:format>
  <dc:identifier>http://orgprints.org/10506/3/willer-yussefi-2007-world-of-organic.pdf</dc:identifier>
  <dc:identifier>International Federation of Organic Agriculture Movements IFOAM, Research Institute of Organic Agriculture,     (2007) The World of Organic Agriculture - Statistics and Emerging Trends 2007.     International Federation of Organic Agriculture Movements IFOAM, DE-Bonn and Research Institute of Organic Agriculture, FiBL, CH-Frick.</dc:identifier>
  <dc:relation>http://orgprints.org/10506/</dc:relation>
</oai_dc:dc>