<oai_dc:dc xmlns:oai_dc="http://www.openarchives.org/OAI/2.0/oai_dc/" xmlns:dc="http://purl.org/dc/elements/1.1/" xmlns:xsi="http://www.w3.org/2001/XMLSchema-instance" xsi:schemaLocation="http://www.openarchives.org/OAI/2.0/oai_dc/ http://www.openarchives.org/OAI/2.0/oai_dc.xsd">
  <dc:title>Low temperature-short duration steaming of soil kills soil-borne pathogens, nematode pests and weeds</dc:title>
  <dc:creator>van Loenen, M. C. A.,</dc:creator>
  <dc:creator>Turbett, Y.,</dc:creator>
  <dc:creator>Mullins, C. E.,</dc:creator>
  <dc:creator>Feilden, N. E. H.,</dc:creator>
  <dc:creator>Wilson, M. J.,</dc:creator>
  <dc:creator>Leifert, C.,</dc:creator>
  <dc:creator>Seel, W. E.,</dc:creator>
  <dc:subject>Crop health, quality, protection</dc:subject>
  <dc:subject>Weed management</dc:subject>
  <dc:subject>Soil biology</dc:subject>
  <dc:description>Agricultural soil samples containing survival structures of the fungal crop pathogens Verticillium dahliae, Sclerotinia sclerotiorum, Sclerotium cepivorum, Pythium ultimum, potato cyst nematodes Globodera rostochiensis and G. pallida and weeds Chenopodium album and Agropyron repens [Elymus repens] were treated in the laboratory with aerated steam at temperatures ranging from 40 to 80degreesC in a specially constructed apparatus. Steaming at 50 or 60degreesC for 3 min, followed by an 8-min resting period in the steamed soil and immediate removal from the soil thereafter, resulted in 100% kill of all weeds, diseases and nematodes. When steamed at 45degreesC, there was a small but significant reduction in the survival of V. dahliae microsclerotia but no reduction in survival of S. cepivorum.</dc:description>
  <dc:date>2003</dc:date>
  <dc:type>Journal paper</dc:type>
  <dc:type>NonPeerReviewed</dc:type>
  <dc:format>application/pdf</dc:format>
  <dc:identifier>http://orgprints.org/10762/1/van_loenen_et_al_2003.pdf</dc:identifier>
  <dc:identifier>van Loenen, M. C. A., ; Turbett, Y., ; Mullins, C. E., ; Feilden, N. E. H., ; Wilson, M. J., ; Leifert, C.,  and Seel, W. E.,    (2003) Low temperature-short duration steaming of soil kills soil-borne pathogens, nematode pests and weeds.   European Journal of Plant Pathology, 109 (9), pp. 993-1002.</dc:identifier>
  <dc:relation>http://orgprints.org/10762/</dc:relation>
</oai_dc:dc>