<oai_dc:dc xmlns:oai_dc="http://www.openarchives.org/OAI/2.0/oai_dc/" xmlns:dc="http://purl.org/dc/elements/1.1/" xmlns:xsi="http://www.w3.org/2001/XMLSchema-instance" xsi:schemaLocation="http://www.openarchives.org/OAI/2.0/oai_dc/ http://www.openarchives.org/OAI/2.0/oai_dc.xsd">
  <dc:title>Sicherung der gentechnikfreien Produktion. Eintrittswege gentechnisch veränderter Organismen, Gegenmassnahmen und Empfehlungen.</dc:title>
  <dc:creator>Nowack, Karin</dc:creator>
  <dc:creator>Bickel, Regula</dc:creator>
  <dc:creator>Pushparajah Lorenzen, Rachel</dc:creator>
  <dc:creator>Wyss, Eric</dc:creator>
  <dc:subject>Biodiversity and ecosystem services</dc:subject>
  <dc:description>Die Bioproduktion verwendet weder gentechnisch veränderte Organismen (GVO) noch deren Folgeprodukte. Infolge der weltweiten Verbreitung und Anwendung von GVOs in der konven¬tionellen Landwirtschaft und Lebensmittelherstellung besteht aber zunehmend die Gefahr unerwünschter Verunreinigungen von Bioprodukten mit GVO-Erzeugnissen. Die vorliegende Studie zeigt die relevanten Kontaminationspfade auf, stellt die bisherigen gesetzlichen Vor¬schriften und die Regelungen der Bioorganisationen dar und diskutiert Massnahmen zur Vermeidung der Verunreinigungen. Die folgenden Strategien stehen dabei im Vorder¬grund: strikte räumliche Trennung und lückenlose Warenflussdokumentation, Ausschluss von kritischen Stoffen, Verwendung von Lebens- und Futtermittelkomponenten ausschliess¬lich in zertifizierter Bioqualität sowie Sicherheitsabstände zwischen GVO- und Biofeldern.</dc:description>
  <dc:date>2002</dc:date>
  <dc:type>Report</dc:type>
  <dc:type>NonPeerReviewed</dc:type>
  <dc:format>text/html</dc:format>
  <dc:identifier>http://orgprints.org/10563/1/phpjtcf0H.pdf</dc:identifier>
  <dc:identifier>Nowack, Karin; Bickel, Regula; Pushparajah Lorenzen, Rachel and Wyss, Eric         (2002) Sicherung der gentechnikfreien Produktion. Eintrittswege gentechnisch veränderter Organismen, Gegenmassnahmen und Empfehlungen.   Schriftenreihe Umwelt, no. 340. Bundesamt für Umwelt, Wald und Landschaft (BUWAL).</dc:identifier>
  <dc:relation>http://orgprints.org/10563/</dc:relation>
</oai_dc:dc>