<oai_dc:dc xmlns:oai_dc="http://www.openarchives.org/OAI/2.0/oai_dc/" xmlns:dc="http://purl.org/dc/elements/1.1/" xmlns:xsi="http://www.w3.org/2001/XMLSchema-instance" xsi:schemaLocation="http://www.openarchives.org/OAI/2.0/oai_dc/ http://www.openarchives.org/OAI/2.0/oai_dc.xsd">
  <dc:title>Projekt Ökologische Bodenbewirtschaftung (PÖB) - Ergebnisse nach sieben Jahren [Project Ecological Soil Management - results after seven years]</dc:title>
  <dc:creator>Hampl, Ulrich</dc:creator>
  <dc:subject>Nutrient turnover</dc:subject>
  <dc:subject>Soil quality</dc:subject>
  <dc:subject>Soil tillage</dc:subject>
  <dc:subject>Biodiversity and ecosystem services</dc:subject>
  <dc:subject>Soil biology</dc:subject>
  <dc:description>Ziel des Projektes ist es, Daten über die bodenökologische Entwicklung bei ökologischem Ackerbau mit differenzierter Grundbodenbearbeitung zu gewinnen.&#xD;
Mit Unterstützung durch das Land Rheinland-Pfalz konnte 1994 in Rheinhessen ein Langzeitversuch angelegt werden, wo in Form eines Demonstrationsversuches zwei Wiederholungen einer fünffeldrigen Ackerbaufruchtfolge installiert wurden. Die drei Gundbodenbearbeitungsvarianten Pflug, Zweischichtenpflug und Schichtengrubber wurden in ein Fruchtfolgesystem eingebaut, das durch Kombination von Grundbodenbearbeitung mit gezielten Gründüngungsverfahren (Grünbrache und Zwischenfruchtbau) Bodenverbesserung und Krumenstabilisierung bewirken soll. In Zusammenarbeit mit verschiedenen Hochschulen, Institutionen und Persönlichkeiten wird eine Reihe verschiedener Untersuchungen durchgeführt. Dazu gehören neben der Ertragsermittlung die Nährstoffentwicklung, bodenphysikalische Werte (Erweiterte Spatendiagnose), Beikrautentwicklung sowie umfangreiche bodenbiologische Erhebungen (Regenwürmer, Mesofauna, Mikroflora).&#xD;
Die konsequent nichtwendende Grundbodenbearbeitung mit dem Schichtengrubber zeigt insbesondere in den Sommerkulturen eine Tendenz zu niedrigeren Erträgen im Vergleich zu Schichtenpflug und Pflug. Es wird die Erhöhung der Artenvielfalt der Beikrautflora durch eine Steigerung von 35 Arten bei Projektbeginn auf 80 Arten im&#xD;
Jahre 2000 dokumentiert. Die bodenchemische Parameter zeigen wie erwartet im bisherigen Versuchszeitraum keine großen Veränderungen. Mit Ausnahme des zunehmenden Kohlenstoffgehalts verändern sich die pflanzenverfügbaren Phosphor- und Kaligehalte kaum. Deutlich wirkt sich jedoch die Variation der Grundbodenbearbeitung auf bodenbiologische Parameter aus: Bezogen auf die gesamte Krume werden nach sechs Versuchsjahren zwischen 7 und 10% höhere Gehalte an mikrobieller Biomasse sowie um 6-8% erhöhte Aktivitäten der Bodenmikroorganismen. Die Abundanzen der Regenwürmer wie auch die Individuenanzahl und Fraßaktivität der Mesofauna nehmen deutlich zu, je weniger der Boden gewendet wird. Die bodenphysikalischen Werte, die sich in der Erweiterten Spatendiagnose zu einem abgerundeten Bild des Bodenzustands formen, zeigen ebenfalls die bodenschonende Wirkung von flach- bzw. nichtwendenden Bodenbearbeitungsverfahren: Die Schichtengrubbervarianten ergeben eine deutlich höhere Stabilität der Bodenaggregate (Krümelstabilität) im Schlämmtest mit Wasser, was vermutlich auf die Lebendverbauung durch Mikroorganismen zurückzuführen ist. Laufende Untersuchungen zur Sproß- und Wurzelentwicklung der Kultur- und Gründüngungspflanzen zeigen höhere Wurzeldichten bei reduzierter Bodenbearbeitung.</dc:description>
  <dc:publisher>Universität für Bodenkultur - Institut für ökologischen Landbau, Wien</dc:publisher>
  <dc:contributor>Freyer, Bernhard</dc:contributor>
  <dc:date>2003</dc:date>
  <dc:type>Conference paper, poster, etc.</dc:type>
  <dc:type>NonPeerReviewed</dc:type>
  <dc:format>application/pdf</dc:format>
  <dc:identifier>http://orgprints.org/1073/1/1073-hampl-u-2003-poeb-wien.pdf</dc:identifier>
  <dc:identifier>Hampl, Ulrich    (2003) Projekt Ökologische Bodenbewirtschaftung (PÖB) - Ergebnisse nach sieben Jahren [Project Ecological Soil Management - results after seven years].   In: Freyer, Bernhard (Ed.)  Beiträge zur 7. Wissenschaftstagung zum Ökologischen Landbau: Ökologischer Landbau der Zukunft, Universität für Bodenkultur - Institut für ökologischen Landbau, Wien, pp. 455-456.</dc:identifier>
  <dc:relation>http://orgprints.org/1073/</dc:relation>
</oai_dc:dc>