<oai_dc:dc xmlns:oai_dc="http://www.openarchives.org/OAI/2.0/oai_dc/" xmlns:dc="http://purl.org/dc/elements/1.1/" xmlns:xsi="http://www.w3.org/2001/XMLSchema-instance" xsi:schemaLocation="http://www.openarchives.org/OAI/2.0/oai_dc/ http://www.openarchives.org/OAI/2.0/oai_dc.xsd">
  <dc:title>Commercial plant-probiotic microorganisms for sustainable organic tomato production systems</dc:title>
  <dc:creator>Bosco, Marco</dc:creator>
  <dc:creator>Giovannetti, Giusto</dc:creator>
  <dc:creator>Picard, Christine</dc:creator>
  <dc:creator>Baruffa, Elisa</dc:creator>
  <dc:creator>Brondolo, Anna</dc:creator>
  <dc:creator>Sabbioni, Fabio</dc:creator>
  <dc:subject>Food security, food quality and human health</dc:subject>
  <dc:subject>Systems research and participatory research</dc:subject>
  <dc:subject>Education, extension and communication</dc:subject>
  <dc:subject>Soil biology</dc:subject>
  <dc:subject>Technology transfer</dc:subject>
  <dc:subject>Biodiversity and ecosystem services</dc:subject>
  <dc:description>Selected plant-probiotic microorganisms, produced by the company CCS Aosta at a commercial scale, are being tested in the Italian Padana plain in open field conditions for their ability to provide adequate crop nutrition and to ensure durable soil fertility for organic tomato production. In this three-years-long project the QLIF-WP333 research team will investigate the potential of soil probiotics management as a tool to improve the quality of tomato fruits and the sustainability of organic tomato production systems.</dc:description>
  <dc:date>2007</dc:date>
  <dc:type>Conference paper, poster, etc.</dc:type>
  <dc:type>NonPeerReviewed</dc:type>
  <dc:format>application/pdf</dc:format>
  <dc:identifier>http://orgprints.org/10307/1/bosco-etal-2007-commercial_plant-probiotic.pdf</dc:identifier>
  <dc:identifier>Bosco, Marco; Giovannetti, Giusto; Picard, Christine; Baruffa, Elisa; Brondolo, Anna and Sabbioni, Fabio    (2007) Commercial plant-probiotic microorganisms for sustainable organic tomato production systems.       Poster at:   3rd QLIF Congress: Improving Sustainability in Organic and Low Input Food Production Systems, University of Hohenheim, Germany, March 20-23, 2007.</dc:identifier>
  <dc:relation>http://orgprints.org/10307/</dc:relation>
</oai_dc:dc>