<oai_dc:dc xmlns:oai_dc="http://www.openarchives.org/OAI/2.0/oai_dc/" xmlns:dc="http://purl.org/dc/elements/1.1/" xmlns:xsi="http://www.w3.org/2001/XMLSchema-instance" xsi:schemaLocation="http://www.openarchives.org/OAI/2.0/oai_dc/ http://www.openarchives.org/OAI/2.0/oai_dc.xsd">
  <dc:title>Organic farming - stewardship for food security, food quality, environment and nature conservation</dc:title>
  <dc:creator>Schnug, E</dc:creator>
  <dc:creator>Haneklaus, S</dc:creator>
  <dc:creator>Rahmann, G</dc:creator>
  <dc:creator>Walker, R</dc:creator>
  <dc:subject>Environmental aspects</dc:subject>
  <dc:subject>Food security, food quality and human health</dc:subject>
  <dc:description>Conventional agriculture is associated with problems such as pesticide residues in soils and plants, contamination of meat with antibiotics and hormones, and eutrophication of water bodies. An alternative for consumers is the consumption of products from organic farming. Organic farming can contribute to environmental protection and nature conservation in many ways, for instance by improving soil porosity which yields higher infiltration rates and thus contributes significantly towards mitigating flooding peaks. It is the objective of this contribution to provide a holistic appraisal of what organic farming is going to deliver.</dc:description>
  <dc:publisher>Association of Applied Biologists</dc:publisher>
  <dc:contributor>Atkinson, C</dc:contributor>
  <dc:contributor>Ball, B</dc:contributor>
  <dc:contributor>Davies, D H K</dc:contributor>
  <dc:contributor>Rees, R</dc:contributor>
  <dc:contributor>Russell, G</dc:contributor>
  <dc:contributor>Stockdale, E A</dc:contributor>
  <dc:contributor>Watson, C A</dc:contributor>
  <dc:contributor>Walker, R</dc:contributor>
  <dc:contributor>Younie, D</dc:contributor>
  <dc:date>2006</dc:date>
  <dc:type>Conference paper, poster, etc.</dc:type>
  <dc:type>NonPeerReviewed</dc:type>
  <dc:format>application/pdf</dc:format>
  <dc:identifier>http://orgprints.org/10179/1/Organic_farming_-_stewardship_for_food_security%2C_food_quality%2C_environment_and_nature_conservation.pdf</dc:identifier>
  <dc:identifier>Schnug, E; Haneklaus, S; Rahmann, G and Walker, R    (2006) Organic farming - stewardship for food security, food quality, environment and nature conservation.   In: Atkinson, C; Ball, B; Davies, D H K; Rees, R; Russell, G; Stockdale, E A; Watson, C A; Walker, R and Younie, D (Eds.)  Aspects of Applied Biology 79, What will organic farming deliver? COR 2006, Association of Applied Biologists, pp. 57-61.</dc:identifier>
  <dc:relation>http://orgprints.org/10179/</dc:relation>
</oai_dc:dc>