<oai_dc:dc xmlns:oai_dc="http://www.openarchives.org/OAI/2.0/oai_dc/" xmlns:dc="http://purl.org/dc/elements/1.1/" xmlns:xsi="http://www.w3.org/2001/XMLSchema-instance" xsi:schemaLocation="http://www.openarchives.org/OAI/2.0/oai_dc/ http://www.openarchives.org/OAI/2.0/oai_dc.xsd">
  <dc:title>Gliocladium catenulatum as an antagonist against grey mould on strawberry</dc:title>
  <dc:creator>Lahdenperä, Marja-Leena</dc:creator>
  <dc:subject>Crop health, quality, protection</dc:subject>
  <dc:description>Gliocladium catenulatum gave excellent control of Botrytis on strawberry in several field trials in Finland.</dc:description>
  <dc:publisher>Nordic Association of Agricultural Scientists</dc:publisher>
  <dc:date>2006</dc:date>
  <dc:type>Conference paper, poster, etc.</dc:type>
  <dc:type>NonPeerReviewed</dc:type>
  <dc:format>application/pdf</dc:format>
  <dc:identifier>http://orgprints.org/10640/1/Lepaa2.pdf</dc:identifier>
  <dc:identifier>Lahdenperä, Marja-Leena    (2006) Gliocladium catenulatum as an antagonist against grey mould on strawberry.   In:     NJF Report, Nordic Association of Agricultural Scientists, 2 (10), p. 15.</dc:identifier>
  <dc:relation>http://orgprints.org/10640/</dc:relation>
</oai_dc:dc>