<oai_dc:dc xmlns:oai_dc="http://www.openarchives.org/OAI/2.0/oai_dc/" xmlns:dc="http://purl.org/dc/elements/1.1/" xmlns:xsi="http://www.w3.org/2001/XMLSchema-instance" xsi:schemaLocation="http://www.openarchives.org/OAI/2.0/oai_dc/ http://www.openarchives.org/OAI/2.0/oai_dc.xsd">
  <dc:title>Dry matter yields and quality of organic lupin/cereal mixtures for wholecrop forage</dc:title>
  <dc:creator>Azo, W M</dc:creator>
  <dc:creator>Lane, G P F</dc:creator>
  <dc:creator>Cannon, N C</dc:creator>
  <dc:creator>Davies, W P</dc:creator>
  <dc:subject>Pasture and forage crops</dc:subject>
  <dc:subject>Cereals, pulses and oilseeds</dc:subject>
  <dc:subject>Crop combinations and interactions</dc:subject>
  <dc:description>In view of climate change predictions and the general desirability of increasing the amount of home grown protein, a case exists for the investigation of lupins and lupin/cereal bicrop combinations as wholecrop forage on organic farms. A replicated randomised block trial is described which took place at the Royal Agricultural College, Cirencester, in 2005. This involved spring sown blue, white and yellow lupins, millet, wheat and triticale and lupin/cereal bi-crops. Data for dry matter yields for wholecrop silage, crude protein, MAD fi bre content and estimated ME, are presented for a single harvest. It is concluded that white lupins and white lupin bi-crops with spring wheat or triticale offer the best prospects for a viable wholecrop forage crop in an organic situation.</dc:description>
  <dc:publisher>Association of Applied Biologists</dc:publisher>
  <dc:contributor>Atkinson, C</dc:contributor>
  <dc:contributor>Ball, B</dc:contributor>
  <dc:contributor>Davies, D H K</dc:contributor>
  <dc:contributor>Rees, R</dc:contributor>
  <dc:contributor>Russell, G</dc:contributor>
  <dc:contributor>Stockdale, E A</dc:contributor>
  <dc:contributor>Watson, C A</dc:contributor>
  <dc:contributor>Walker, R</dc:contributor>
  <dc:contributor>Younie, D</dc:contributor>
  <dc:date>2006</dc:date>
  <dc:type>Conference paper, poster, etc.</dc:type>
  <dc:type>NonPeerReviewed</dc:type>
  <dc:format>application/pdf</dc:format>
  <dc:identifier>http://orgprints.org/10190/1/Dry_matter_yields_and_quality_of_organic_lupin_and_lupin-cereal_mixtures_for_wholecrop_forage.pdf</dc:identifier>
  <dc:identifier>Azo, W M; Lane, G P F; Cannon, N C and Davies, W P    (2006) Dry matter yields and quality of organic lupin/cereal mixtures for wholecrop forage.   In: Atkinson, C; Ball, B; Davies, D H K; Rees, R; Russell, G; Stockdale, E A; Watson, C A; Walker, R and Younie, D (Eds.)  Aspects of Applied Biology 79, What will organic farming deliver? COR 2006, Association of Applied Biologists, pp. 93-96.</dc:identifier>
  <dc:relation>http://orgprints.org/10190/</dc:relation>
</oai_dc:dc>