<oai_dc:dc xmlns:oai_dc="http://www.openarchives.org/OAI/2.0/oai_dc/" xmlns:dc="http://purl.org/dc/elements/1.1/" xmlns:xsi="http://www.w3.org/2001/XMLSchema-instance" xsi:schemaLocation="http://www.openarchives.org/OAI/2.0/oai_dc/ http://www.openarchives.org/OAI/2.0/oai_dc.xsd">
  <dc:title>Zum Auftreten der Amerikanischen Kirschfruchtfliege in der Nordwestschweiz und im Tessin</dc:title>
  <dc:creator>Daniel, Claudia</dc:creator>
  <dc:creator>Wyss, Eric</dc:creator>
  <dc:subject>Crop health, quality, protection</dc:subject>
  <dc:subject>Fruit and berries</dc:subject>
  <dc:description>Eng verwandt mit der Europäischen Kirschfruchtfliege Rhagoletis cerasi sind die beiden amerikanischen Kirschfruchtfliegen R. indifferens und R. cingulata Beide Arten sind morphologisch nicht zu unterscheiden (Foote, 1981). Ein Individuum dieser Artengruppe wurde erstmals in den 80er Jahren im Kanton Tessin in der Schweiz gefangen. Zwischen 1991 und 1993 wurde diese Art dann wiederholt im Süden des Kantons Tessin gefangen (Boller and Mani, 1994). Bisher sind keine grösseren Populationen dieser Art in der Schweiz bekannt (Boller, 2000), was jedoch möglicherweise auf eine zu wenig intensive Überwachung zurückzuführen ist. Ein intensives Überwachungsprogramm im Rheintal (Rheinhessen, Deutschland) konnte zwischen 2002 und 2004 nachweisen, dass diese Art weit verbreitet und etabliert ist (Lampe et al., 2005; Lampe et al., 2006). Die Biologie der beiden amerikanischen Arten ist der Europäischen Kirschenfruchtfliege ähnlich, wobei ihr Flughöhepunkt etwa zwei Wochen später auftritt, die Eier in gelbe Früchte abgelegt werden und auch Sauerkirschen stark befallen werden.</dc:description>
  <dc:date>2007</dc:date>
  <dc:type>Report</dc:type>
  <dc:type>NonPeerReviewed</dc:type>
  <dc:format>application/pdf</dc:format>
  <dc:identifier>http://orgprints.org/10679/1/daniel-wyss-2007-AmerikanischeKirschfruchtfliege.pdf</dc:identifier>
  <dc:identifier>Daniel, Claudia and Wyss, Eric         (2007) Zum Auftreten der Amerikanischen Kirschfruchtfliege in der Nordwestschweiz und im Tessin.   FiBL-Kurzbericht. Forschungsinstitut für biologischen Landbau (FiBL) CH-Frick.</dc:identifier>
  <dc:relation>http://orgprints.org/10679/</dc:relation>
</oai_dc:dc>