<oai_dc:dc xmlns:oai_dc="http://www.openarchives.org/OAI/2.0/oai_dc/" xmlns:dc="http://purl.org/dc/elements/1.1/" xmlns:xsi="http://www.w3.org/2001/XMLSchema-instance" xsi:schemaLocation="http://www.openarchives.org/OAI/2.0/oai_dc/ http://www.openarchives.org/OAI/2.0/oai_dc.xsd">
  <dc:title>Organic Trends</dc:title>
  <dc:creator>Sternfeld, Eva</dc:creator>
  <dc:subject>China</dc:subject>
  <dc:description>ORGANIC TRENDS aims to promote environmentally friendly and healthy food production and processing in China. Offering a forum for producers, sitributors, retailers, consumers as well as academicians, it reports recent trends in organic farming and food development and provides consumer information. Contributions are welcome.&#xD;
Editor: China Environment and Sustainable Development Reference and Research Centre (CESDRRC), a public environmental information facility of the Chinese State Environmental Protection Administration (SEPA)</dc:description>
  <dc:date>2005-12</dc:date>
  <dc:type>Journal paper</dc:type>
  <dc:type>NonPeerReviewed</dc:type>
  <dc:format>application/pdf</dc:format>
  <dc:identifier>http://orgprints.org/10708/1/10708.pdf</dc:identifier>
  <dc:identifier>Sternfeld, Eva   (2005) Organic Trends.   Newsletter for Organic Farming and Food Development in China.</dc:identifier>
  <dc:relation>http://orgprints.org/10708/</dc:relation>
</oai_dc:dc>