<oai_dc:dc xmlns:oai_dc="http://www.openarchives.org/OAI/2.0/oai_dc/" xmlns:dc="http://purl.org/dc/elements/1.1/" xmlns:xsi="http://www.w3.org/2001/XMLSchema-instance" xsi:schemaLocation="http://www.openarchives.org/OAI/2.0/oai_dc/ http://www.openarchives.org/OAI/2.0/oai_dc.xsd">
  <dc:title>Økologisk gulrot - sprø vitaminbombe!</dc:title>
  <dc:creator>Serikstad, Grete Lene</dc:creator>
  <dc:subject>Food security, food quality and human health</dc:subject>
  <dc:subject>Vegetables</dc:subject>
  <dc:description>Økologiske gulrøtter dyrkes uten lettløselig kunstgjødsel og kjemisk-syntetiske sprøytemidler. De gjødsles med kompost, husdyrgjødsel og grønngjødsel. Forebyggende tiltak og fiberduk over plantene brukes for å unngå skade av sykdommer, skadedyr og ugras.</dc:description>
  <dc:date>2007-03</dc:date>
  <dc:type>Report</dc:type>
  <dc:type>NonPeerReviewed</dc:type>
  <dc:format>application/pdf</dc:format>
  <dc:identifier>http://orgprints.org/10597/1/Tema_07_2007_Oekologiske_gulroetter.pdf</dc:identifier>
  <dc:identifier>Serikstad, Grete Lene         (2007) Økologisk gulrot - sprø vitaminbombe!   Bioforsk TEMA, no. 7. Bioforsk, Bioforsk Økologisk.</dc:identifier>
  <dc:relation>http://orgprints.org/10597/</dc:relation>
</oai_dc:dc>