<oai_dc:dc xmlns:oai_dc="http://www.openarchives.org/OAI/2.0/oai_dc/" xmlns:dc="http://purl.org/dc/elements/1.1/" xmlns:xsi="http://www.w3.org/2001/XMLSchema-instance" xsi:schemaLocation="http://www.openarchives.org/OAI/2.0/oai_dc/ http://www.openarchives.org/OAI/2.0/oai_dc.xsd">
  <dc:title>Anleitung zum Einstellen von BÖLN-Projekteinträgen und weiteren BÖLN-Veröffentlichungen in Organic Eprints</dc:title>
  <dc:creator>Meier, Julia</dc:creator>
  <dc:subject>Research communication and quality</dc:subject>
  <dc:description>Im Rahmen des Bundesprogramms Ökologischer Landbau und andere Formen nachhaltiger Landwirtschaft werden zahlreiche F&amp;E-Projekte bearbeitet. Seit Mitte 2007 sind alle Projektnehmer/innen von BÖL-Projekten verpflichtet, innerhalb von vier Wochen nach Erhalt des Zuwendungsbescheids einen Projekteintrag in Organic Eprints (http://www.orgprints.org) anzulegen. &#xD;
Als Projektnehmer/innen von Projekten, die durch das Bundesprogramm Ökologischer Landbau und andere Formen nachhaltiger Landwirtschaft (BÖLN) gefördert werden, sind Sie verpflichtet, innerhalb von vier Wochen nach Erhalt des Zuwendungsbescheids einen Projekteintrag in Organic Eprints (www.orgprints.org) anzulegen.&#xD;
Weiterhin sind Sie aufgefordert, alle im Rahmen des Projekts über die Schlussberichte hinaus entstehenden Veröffentlichungen zeitnah, spätestens aber nach Ablauf des Projekts, ebenfalls in Organic Eprints einzustellen, um sie so einem weiten Nutzerkreis zur Verfügung zu stellen und einen umfassenden Überblick über den „Output“ Ihres BÖLN-Projekts zu gewährleisten.&#xD;
Organic Eprints ist ein international verankertes, internetbasiertes Volltext-Archiv mit wissenschaftlichen Veröffentlichungen und Projektinformationen zum ökologischen Landbau, das von zahlreichen Wissenschaftler/innen sowohl für die Archivierung eigener Veröffentlichungen als auch für die Recherche genutzt wird.&#xD;
Die Qualitätssicherung der BÖLN-Projekt- und Veröffentlichungseinträge erfolgt durch das Forschungsinstitut für biologischen Landbau (FiBL Deutschland e.V.), das auch für die Archivierung der BÖLN-Abschlussberichte in Organic Eprints zuständig ist.1&#xD;
Die vorliegende „Anleitung zum Einstellen von BÖLN-Projekteinträgen und weiteren BÖLN-Veröffentlichungen in Organic Eprints“ soll Ihnen Hilfestellung bieten und zu einem einheitlichen Erscheinungsbild der Projekteinträge und Veröffentlichungen beitragen.</dc:description>
  <dc:date>2009-12</dc:date>
  <dc:type>Report</dc:type>
  <dc:type>NonPeerReviewed</dc:type>
  <dc:format>application/pdf</dc:format>
  <dc:identifier>http://orgprints.org/10771/1/forschung_anleitung_boeln_projekteintrag_orgprints_110426.pdf</dc:identifier>
  <dc:identifier>Meier, Julia         (2009) Anleitung zum Einstellen von BÖLN-Projekteinträgen und weiteren BÖLN-Veröffentlichungen in Organic Eprints.    Bundesanstalt für Landwirtschaft und Ernährung (BLE), Bonn, Herausgeberin: Geschäftsstelle Bundesprogramm Ökologischer Landbau und andere Formen nachhaltiger Landwirtschaft.</dc:identifier>
  <dc:relation>http://orgprints.org/10771/</dc:relation>
</oai_dc:dc>