<oai_dc:dc xmlns:oai_dc="http://www.openarchives.org/OAI/2.0/oai_dc/" xmlns:dc="http://purl.org/dc/elements/1.1/" xmlns:xsi="http://www.w3.org/2001/XMLSchema-instance" xsi:schemaLocation="http://www.openarchives.org/OAI/2.0/oai_dc/ http://www.openarchives.org/OAI/2.0/oai_dc.xsd">
  <dc:title>您好，请看 ‘有机’的潮流 通讯第七期。祝 艾娃 国家环保总局宣教中心 中国环境与可特续发展资料研究中心 育慧南路 １号 北京 朝阳区 １０００２９. Organic Trends</dc:title>
  <dc:creator>Sternfeld, Eva</dc:creator>
  <dc:subject>"Organics" in general</dc:subject>
  <dc:description>Bimonthly free electronic newsletter on organic farming and food&#xD;
developments in China.</dc:description>
  <dc:publisher>Published by China Environment &amp; Sustainable Development Reference Center, Beijing</dc:publisher>
  <dc:date>2007-04</dc:date>
  <dc:type>Journal paper</dc:type>
  <dc:type>NonPeerReviewed</dc:type>
  <dc:format>application/pdf</dc:format>
  <dc:identifier>http://orgprints.org/10707/1/10707.pdf</dc:identifier>
  <dc:identifier>Sternfeld, Eva   (2007) 您好，请看 ‘有机’的潮流 通讯第七期。祝 艾娃 国家环保总局宣教中心 中国环境与可特续发展资料研究中心 育慧南路 １号 北京 朝阳区 １０００２９. Organic Trends.   Organic Trends, 7.</dc:identifier>
  <dc:relation>http://orgprints.org/10707/</dc:relation>
</oai_dc:dc>