<oai_dc:dc xmlns:oai_dc="http://www.openarchives.org/OAI/2.0/oai_dc/" xmlns:dc="http://purl.org/dc/elements/1.1/" xmlns:xsi="http://www.w3.org/2001/XMLSchema-instance" xsi:schemaLocation="http://www.openarchives.org/OAI/2.0/oai_dc/ http://www.openarchives.org/OAI/2.0/oai_dc.xsd">
  <dc:title>Lower nitrogen supply gave better fruit quality in organic apples</dc:title>
  <dc:creator>Lindhard Pedersen, Hanne</dc:creator>
  <dc:creator>Bertelsen, Marianne</dc:creator>
  <dc:subject>Soil</dc:subject>
  <dc:description>In a questionnaire send out in the mid 90’ties, organic growers estimated a yield reduction of at least 86 per cent compared to conventional production. The estimation was based on production of the most common conventional grown varieties. The main reason for this low productivity is lack of control methods against diseases and pests, especially apple scab (Venturia inaequalis) (Lindhard et al., 1998). In Denmark, most organic pesticides are not registered. For instance, copper has not been on the market for 7 years.</dc:description>
  <dc:date>2003-12</dc:date>
  <dc:type>Journal paper</dc:type>
  <dc:type>NonPeerReviewed</dc:type>
  <dc:format>application/pdf</dc:format>
  <dc:identifier>http://orgprints.org/10109/1/10109.pdf</dc:identifier>
  <dc:identifier>Lindhard Pedersen, Hanne and Bertelsen, Marianne   (2003) Lower nitrogen supply gave better fruit quality in organic apples.   DARCOFenews (4), pp. 1-3.</dc:identifier>
  <dc:relation>http://orgprints.org/10109/</dc:relation>
</oai_dc:dc>