<oai_dc:dc xmlns:oai_dc="http://www.openarchives.org/OAI/2.0/oai_dc/" xmlns:dc="http://purl.org/dc/elements/1.1/" xmlns:xsi="http://www.w3.org/2001/XMLSchema-instance" xsi:schemaLocation="http://www.openarchives.org/OAI/2.0/oai_dc/ http://www.openarchives.org/OAI/2.0/oai_dc.xsd">
  <dc:title>Wirkungen von Maßnahmen der Verkaufsförderung und Sonderpreisaktionen für Öko-Lebensmittel im Handel</dc:title>
  <dc:creator>Wild, Sandra</dc:creator>
  <dc:creator>Hamm, Ulrich</dc:creator>
  <dc:subject>Markets and trade</dc:subject>
  <dc:description>Projektziel war es Daten zu erfassen und zu analysieren, mit welchen verkaufsfördernden Maßnahmen für Öko-Lebensmittel welche Absatz und Umsatz stimulierenden Wirkungen in unterschiedlichen Einkaufsstätten erzielt werden können und ob mit Maßnahmen der Verkaufsförderung die Zielgruppen der Selten- und Nicht-Öko-Käufer angesprochen werden. Diese Zielsetzung wurde voll und ganz erreicht. Die auf der Grundlage von Untersuchungen über Verkaufsförderungsmaßnahmen aus dem konventionellen Bereich ausgewählten Maßnahmenkombinationen erwiesen sich sowohl im allgemeinen Lebensmitteleinzelhandel als auch im Naturkosthandel als geeignet, den Abverkauf von Öko-Produkten immens zu steigern. Im Naturkostfachhandel wurden kurzfristig mengenmäßige Absatzzuwächse von bis zu 1.600 Prozent erzielt, im allgemeinen Lebensmitteleinzelhandel sogar in Höhe von bis zu 2.400 Prozent. Generell stellten sich persönliche Verkostungen am erfolgreichsten für den Abverkauf von Öko-Produkten heraus. In Kombination mit Preisreduzierung und werblicher Unterstützung waren aber auch so genannte stille Verkostungsaktionen, d.h. Aktionen ohne den Einsatz von Werbedamen, geeignet erhebliche Absatzzuwächse zu generieren. Mittelfristig waren mit stillen Verkostungsaktionen tendenziell sogar leicht höhere Absatzzuwächse zu erreichen.&#xD;
Insgesamt haben knapp 50 Prozent der Personen, die die Abteilung in der die Maßnahmen durchgeführt wurden, Verkaufsförderungsaktionen im allgemeinen Lebensmitteleinzelhandel wahrgenommen. 94 Prozent von denen, die ein aktioniertes Öko-Produkt gekauft haben und bisherige Nicht-Öko-Käufer waren, kauften das aktionierte Produkt wegen der Verkostung. Zusätzliche Werbung und Preisreduzierungen spielten dagegen eine untergeordnete Rolle. 83 Prozent der Aktionsproduktkäufer, die sich als Öko-Seltenkäufer einschätzten, wurden mittels Verkostung zum Kauf animiert. Bei dieser Käufergruppe hatte die Preisreduzierung eine vergleichsweise hohe Bedeutung.</dc:description>
  <dc:date>2006</dc:date>
  <dc:type>Report</dc:type>
  <dc:type>NonPeerReviewed</dc:type>
  <dc:format>application/pdf</dc:format>
  <dc:identifier>http://orgprints.org/10445/1/10445-03OE272-uni-kassel-hamm-2006-verkaufsfoerderung.pdf</dc:identifier>
  <dc:identifier>Wild, Sandra and Hamm, Ulrich         (2006) Wirkungen von Maßnahmen der Verkaufsförderung und Sonderpreisaktionen für Öko-Lebensmittel im Handel.  [Sales promotion effects for organic products in food retailing.]   Universität Kassel, Fachgebiet Agrar- und Lebensmittelmarketing.</dc:identifier>
  <dc:relation>http://orgprints.org/10445/</dc:relation>
</oai_dc:dc>