<oai_dc:dc xmlns:oai_dc="http://www.openarchives.org/OAI/2.0/oai_dc/" xmlns:dc="http://purl.org/dc/elements/1.1/" xmlns:xsi="http://www.w3.org/2001/XMLSchema-instance" xsi:schemaLocation="http://www.openarchives.org/OAI/2.0/oai_dc/ http://www.openarchives.org/OAI/2.0/oai_dc.xsd">
  <dc:title>Potential of different Composts to improve Soil Fertility and Plant Health</dc:title>
  <dc:creator>Fuchs, J.G.</dc:creator>
  <dc:creator>Baier, U.</dc:creator>
  <dc:creator>Berner, A.</dc:creator>
  <dc:creator>Mayer, J.</dc:creator>
  <dc:creator>Tamm, L.</dc:creator>
  <dc:creator>Schleiss, K.</dc:creator>
  <dc:subject>Crop health, quality, protection</dc:subject>
  <dc:subject>Soil quality</dc:subject>
  <dc:subject>Composting and manuring</dc:subject>
  <dc:description>Composts can influence soil fertility and plant health. These influences can be positive or negative, depending of the quality of the composts. Some practitioners already make use of the positive effects on plant health. For example, they use composts to protect their plants against soil borne diseases in substrate, or to detoxify and reactivate soil after steaming. In order to estimate the potential of Swiss composts to influence soil fertility and plant health positively, we analyzed one hundred composts representative of the different composting systems and qualities available on the market.</dc:description>
  <dc:publisher>Verlag ORBIT e.V., Weimar</dc:publisher>
  <dc:contributor>Kraft, Eckhard</dc:contributor>
  <dc:contributor>Bidlingmaier, Werner</dc:contributor>
  <dc:contributor>de Bartoldi, Marco</dc:contributor>
  <dc:contributor>Diaz, Luis F.</dc:contributor>
  <dc:contributor>Barth, Josef</dc:contributor>
  <dc:date>2006</dc:date>
  <dc:type>Book chapter</dc:type>
  <dc:type>NonPeerReviewed</dc:type>
  <dc:format>application/pdf</dc:format>
  <dc:identifier>http://orgprints.org/10316/1/fuchs-etal-2006-orbit_conference.pdf</dc:identifier>
  <dc:identifier>Fuchs, J.G.; Baier, U.; Berner, A.; Mayer, J.; Tamm, L. and Schleiss, K.    (2006) Potential of different Composts to improve Soil Fertility and Plant Health.    In: Kraft, Eckhard; Bidlingmaier, Werner; de Bartoldi, Marco; Diaz, Luis F. and Barth, Josef (Eds.)   ORBIT 2006 : Biological Waste Management. From Local to Global; Proceedings of the International Conference ORBIT 2006.  Verlag ORBIT e.V., Weimar, chapter Part 2, pp. 507-517.</dc:identifier>
  <dc:relation>http://orgprints.org/10316/</dc:relation>
</oai_dc:dc>