<oai_dc:dc xmlns:oai_dc="http://www.openarchives.org/OAI/2.0/oai_dc/" xmlns:dc="http://purl.org/dc/elements/1.1/" xmlns:xsi="http://www.w3.org/2001/XMLSchema-instance" xsi:schemaLocation="http://www.openarchives.org/OAI/2.0/oai_dc/ http://www.openarchives.org/OAI/2.0/oai_dc.xsd">
  <dc:title>Kaolin protects olive fruits from Bactrocera oleae (Gmelin) infestations unaffecting olive oil quality</dc:title>
  <dc:creator>Perri, Dr Enzo</dc:creator>
  <dc:creator>Iannotta, Dr Nino</dc:creator>
  <dc:creator>Muzzalupo, PhD Innocenzo</dc:creator>
  <dc:creator>Russo, Dr Anna</dc:creator>
  <dc:creator>Caravita, Dr Maria Anna</dc:creator>
  <dc:creator>Pellegrino, Mr Massimiliano</dc:creator>
  <dc:creator>Parise, Mr Attilio</dc:creator>
  <dc:creator>Tucci, Mr Paolo</dc:creator>
  <dc:subject>Crop health, quality, protection</dc:subject>
  <dc:subject>Olive</dc:subject>
  <dc:description>The efficacy of the processed kaolin “Surround WP” to control olive fruit fly, Bactrocera oleae Gmelin, field infestations was investigated in east Calabria. The preliminary results showed that fruit infestation levels were significantly reduced on kaolin-treated trees compared with untreated trees. The promising results of these experiments points to the feasibility of using particle film technology composed of a non-toxic material, to avoid olive fly damage as an alternative to the applications of rotenone in organic orchards. Finally, kaolin treatment unaffected the nutritional and sensory quality parameters of the corresponding virgin olive oils obtained by a laboratory scale olive mill, thus satisfying the present quality requirements.</dc:description>
  <dc:date>2006</dc:date>
  <dc:type>Conference paper, poster, etc.</dc:type>
  <dc:type>NonPeerReviewed</dc:type>
  <dc:format>application/pdf</dc:format>
  <dc:identifier>http://orgprints.org/10205/1/Perri_et_al_IOBC_Kaolin.pdf</dc:identifier>
  <dc:identifier>Perri, Dr Enzo; Iannotta, Dr Nino; Muzzalupo, PhD Innocenzo; Russo, Dr Anna; Caravita, Dr Maria Anna; Pellegrino, Mr Massimiliano; Parise, Mr Attilio and Tucci, Mr Paolo    (2006) Kaolin protects olive fruits from Bactrocera oleae (Gmelin) infestations unaffecting olive oil quality.   In:     IOBC/WPRS Bulletin.       [In Press]</dc:identifier>
  <dc:relation>http://orgprints.org/10205/</dc:relation>
</oai_dc:dc>