<oai_dc:dc xmlns:oai_dc="http://www.openarchives.org/OAI/2.0/oai_dc/" xmlns:dc="http://purl.org/dc/elements/1.1/" xmlns:xsi="http://www.w3.org/2001/XMLSchema-instance" xsi:schemaLocation="http://www.openarchives.org/OAI/2.0/oai_dc/ http://www.openarchives.org/OAI/2.0/oai_dc.xsd">
  <dc:title>Bio-Maissortenversuch 2006. Bericht zu den Resultaten des Versuchsjahres 2006 des Maissortenversuches</dc:title>
  <dc:creator>Böhler, Daniel</dc:creator>
  <dc:creator>Dierauer, Hansueli</dc:creator>
  <dc:subject>Cereals, pulses and oilseeds</dc:subject>
  <dc:subject>Breeding, genetics and propagation</dc:subject>
  <dc:description>In der Schweiz werden rund 1’500ha Mais auf Biobetrieben angebaut. Der weitaus größte Teil ist Silomais. Bisher gibt es keine speziellen Maiszüchtungen für den Biolandbau. Eine Auswahl der im konventionellen Anbau bewährten Hybriden wird auf Bio-Betrieben als Saatgut vermehrt. Für die kleine Anbaufläche in der Schweiz stehen 15 Sorten in Bioqualität zur Verfügung.&#xD;
Das Hauptziel des Bio-Maissortenversuches ist es die verschiedenen Maissorten auf ihre Anbaueigenschaften zu vergleichen. Der Sortenversuch bietet auch die Möglichkeit neue Sorten unter Bio-Bedingungen zu prüfen.&#xD;
Die Streifenversuche sind an insgesamt fünf Standorten in Lieli, Frick, St. Erhard, Brunegg und Urdorf angelegt worden. Von den 14 angebauten Sorten sind 12 Sorten auf der Liste der empfohlenen Sorten für Mais. Die Populationssorte wurde nur auf dem Standort Lieli angebaut.&#xD;
Leider konnten in diesem Jahr nur zwei Standorte für die Versuchsauswertung berücksichtigt werden, da Krähen (St. Erhard), Wildschweine (Brunegg) und eine starke Verunkrautung (Urdorf) eine Auswertung nicht möglich machten.&#xD;
Das Sortiment umfasst alle in Bio-Qualität verfügbaren Sorten.&#xD;
Kriterien für die Sortenwahl sind die Eigenschaften der Sorten, der Verwendungszweck sowie die Ansprüche und Standortbedingungen des Betriebes.&#xD;
Die Witterungsverhältnisse verlangten einiges vom Mais. Der kalte und nasse Frühling verhinderte eine frühe Aussaat. Der niederschlagsarme Juli verknappte das benötigte Wasser während der Blütezeit. Der kalte und sonnenarme August bot nicht die optimalen Bedingungen für die Kornfüllungsphase.&#xD;
Die erzielten Erträge von durchschnittlich 157 dt TS/ha aller Sorten sind unter Berücksichtigung der Witterungsverhältnisse als gut zu beurteilen. Der Befall an Beulenbrand war sortenspezifisch unterschiedlich.</dc:description>
  <dc:date>2006</dc:date>
  <dc:type>Report</dc:type>
  <dc:type>NonPeerReviewed</dc:type>
  <dc:format>application/pdf</dc:format>
  <dc:identifier>http://orgprints.org/10366/1/boehler-dierauer-2006-Maissortenversuch.pdf</dc:identifier>
  <dc:identifier>Böhler, Daniel and Dierauer, Hansueli         (2006) Bio-Maissortenversuch 2006. Bericht zu den Resultaten des Versuchsjahres 2006 des Maissortenversuches.   FiBL-Bericht. Forschungsinstitut für biologischen Landbau (FiBL) CH-Frick.</dc:identifier>
  <dc:relation>http://orgprints.org/10366/</dc:relation>
</oai_dc:dc>