<oai_dc:dc xmlns:oai_dc="http://www.openarchives.org/OAI/2.0/oai_dc/" xmlns:dc="http://purl.org/dc/elements/1.1/" xmlns:xsi="http://www.w3.org/2001/XMLSchema-instance" xsi:schemaLocation="http://www.openarchives.org/OAI/2.0/oai_dc/ http://www.openarchives.org/OAI/2.0/oai_dc.xsd">
  <dc:title>Bio-Weizenqualität 2006. Bericht zu den Resultaten der Bio-Weizenqualität</dc:title>
  <dc:creator>Böhler, Daniel</dc:creator>
  <dc:creator>Messerli, Niklaus</dc:creator>
  <dc:subject>Cereals, pulses and oilseeds</dc:subject>
  <dc:description>Die Bio-Weizenqualität gibt immer wieder Anlass zur regen Diskussionen. Die Laborresultate aus den Streifenversuchen des Jahres 2005 waren zum Teil ungenügend. Erste Diskussionen zeigten, dass es unklar ist, was zur Verbesserungen der Bio-Weizenqualität getan werden muss.&#xD;
Am Arbeitstreffen im März 2006 waren sich alle beteiligten Fachleute (Beratung, Forschung und Müller) einig, dass die Hintergründe für die ungenügende Bio Weizenqualität genauer untersucht werden müssen. Ziel war es herauszufinden, welche Faktoren die Bio-Weizenqualität beeinflussen.</dc:description>
  <dc:date>2006</dc:date>
  <dc:type>Report</dc:type>
  <dc:type>NonPeerReviewed</dc:type>
  <dc:format>application/pdf</dc:format>
  <dc:identifier>http://orgprints.org/10368/1/boehler-messerli-2006-Weizenqualitaet.pdf</dc:identifier>
  <dc:identifier>Böhler, Daniel and Messerli, Niklaus         (2006) Bio-Weizenqualität 2006. Bericht zu den Resultaten der Bio-Weizenqualität.   FiBL-Bericht. Forschungsinstitut für biologischen Landbau (FiBL) CH-Frick.</dc:identifier>
  <dc:relation>http://orgprints.org/10368/</dc:relation>
</oai_dc:dc>