<oai_dc:dc xmlns:oai_dc="http://www.openarchives.org/OAI/2.0/oai_dc/" xmlns:dc="http://purl.org/dc/elements/1.1/" xmlns:xsi="http://www.w3.org/2001/XMLSchema-instance" xsi:schemaLocation="http://www.openarchives.org/OAI/2.0/oai_dc/ http://www.openarchives.org/OAI/2.0/oai_dc.xsd">
  <dc:title>Fettsäurenzusammensetzung (CLA, Omega-3-Fettsäuren) und Isotopensignatur (13C) der Milch ökologischer und konventioneller Betriebe und Molkereien</dc:title>
  <dc:creator>Ehrlich, Dipl Ing. Maria Elisabeth</dc:creator>
  <dc:subject>Food security, food quality and human health</dc:subject>
  <dc:subject>Dairy cattle</dc:subject>
  <dc:subject>Feeding and growth</dc:subject>
  <dc:description>In der vorliegenden Arbeit wurden 18 Konsummilchproben vom Februar 2006 von 15 Molkereien (6 ökologische und 9 konventionelle Milchproben) sowie 13 Tankmilchproben von 13 Milchviehbetrieben in drei definierten Regionen Deutschlands auf ihre Fettsäurezusammensetzung (u.a. CLA, Omega-3-Fettsäuren) und Kohlenstoffsignatur untersucht. Bei der Konsummilch wurde bevorzugt solche Milch ausgewählt, die mit besonderen Imagequalitäten beworben wird (z.B. „Alpenmilch“, „Bergbauernmilch“, „Landmilch“). Bei der Betriebsauswahl für die Tankmilchproben wurden pro Region jeweils zwei konventionelle und zwei ökologische Betriebe mit jeweils möglichst unterschiedlicher Bewirtschaftung ausgewählt (extensive versus intensive Bewirtschaftung). Die sofort nach Probenziehung tiefgefrorenen Proben wurden für die Fettsäurezusammensetzung extrahiert, mit TMSH verestert und gaschromatographisch (GC 6890, USA) bestimmt. Die Kohlenstoffisotope wurden mit einem Massenspektrometer(“continuous flow”- Gasisotopenverhältnis – Massenspektrometer, Delta Plus, Finnigan MAT, Bremen) gemessen. &#xD;
Ökologisch erzeugte Milch hatte in dieser Untersuchung im Schnitt höhere Omega-3-Gehalte als konventionell erzeugte Milch (Konsummilch: 10,47 versus 7,72 mg/g Fett; Tankmilch: 11,2 versus 7,9 mg/g Fett). Hinsichtlich der CLA-Gehalte streuten die Werte sowohl bei Milch aus konventioneller als auch aus ökologischer Erzeugung sehr stark. Tendenziell wies die Milch aus Süddeutschland, sowohl Konsummilch als auch Tankmilch aus Einzelbetrieben, höhere CLA-Gehalte auf (Konsummilch: &gt; 6 mg/g Fett, mit Ausnahme der Molkerei Allgäuer Alpenmilch; Tankmilch: &gt; 9,5 mg/g Fett) als die Milch der anderen beprobten Molkereien    (&lt; 6 mg/g Fett) und Einzelbetriebe (&lt; 5,5 mg/g Fett). Die Korrelation zwischen steigendem Maisanteil in der Ration und sinkenden Omega-3-Gehalten in der Milch war deutlich ersichtlich. Es wurde weiterhin festgestellt, dass beispielsweise die konventionelle „Alpenmilch“ der Molkerei Weihenstephan und die „Alpenfrische Vollmilch“ der Molkerei Allgäuer Alpenmilch zu einem erheblichen Anteil mit Hilfe von Mais und Maissilage erzeugt wurde (37 bzw. 43,5 %) und im Vergleich zu den anderen Milchproben mit die niedrigsten Gehalte an gesundheitlich wertvollen Fettsäuren aufwies (Omega-3-FS: 5,86 und 7,43 mg/g Fett; CLA: 6,7 und 5,08 mg/g Fett). &#xD;
Milch und Milchprodukte können den Tagesbedarf an Omega-3-Fettsäuren und CLA nicht decken, jedoch einen wesentlichen Beitrag zur Erhöhung der Omega-3 und CLA-Versorgung des Menschen leisten.</dc:description>
  <dc:date>2006-12</dc:date>
  <dc:type>Thesis</dc:type>
  <dc:type>NonPeerReviewed</dc:type>
  <dc:format>application/pdf</dc:format>
  <dc:identifier>http://orgprints.org/10446/1/Materarbeit_Maria_Ehrlich.pdf</dc:identifier>
  <dc:identifier>Ehrlich, Dipl Ing. Maria Elisabeth   (2006) Fettsäurenzusammensetzung (CLA, Omega-3-Fettsäuren) und Isotopensignatur (13C) der Milch ökologischer und konventioneller Betriebe und Molkereien.   Thesis, Universität Kassel/ Witzenhausen, Fachbereich Ökologische Agrarwissenschaften.  .   [Unpublished]</dc:identifier>
  <dc:relation>http://orgprints.org/10446/</dc:relation>
</oai_dc:dc>