<oai_dc:dc xmlns:oai_dc="http://www.openarchives.org/OAI/2.0/oai_dc/" xmlns:dc="http://purl.org/dc/elements/1.1/" xmlns:xsi="http://www.w3.org/2001/XMLSchema-instance" xsi:schemaLocation="http://www.openarchives.org/OAI/2.0/oai_dc/ http://www.openarchives.org/OAI/2.0/oai_dc.xsd">
  <dc:title>Zwischen Tradition und Globalisierung - Beiträge zur 9. Wissenschaftstagung Ökologischer Landbau - Band 1 und 2</dc:title>
  <dc:subject>Food systems</dc:subject>
  <dc:subject>Farming Systems</dc:subject>
  <dc:subject>Knowledge management</dc:subject>
  <dc:subject>Values, standards and certification</dc:subject>
  <dc:subject>Social aspects</dc:subject>
  <dc:subject>Crop husbandry</dc:subject>
  <dc:subject>Farm economics</dc:subject>
  <dc:subject>Environmental aspects</dc:subject>
  <dc:subject>Soil</dc:subject>
  <dc:subject>Buildings and machinery</dc:subject>
  <dc:subject>Animal husbandry</dc:subject>
  <dc:description>Der Tagungsband enthält die Beiträge zur Konferenz "Zwischen Tradition und Globslisierung -  9. Wissenschaftstagung Ökologischer Landbau 2007", die vom 20.-22. März 2007 an der Universität Hohenheim stattfand.</dc:description>
  <dc:publisher>Verlag Dr. Köster, Berlin</dc:publisher>
  <dc:contributor>Zikeli, S.</dc:contributor>
  <dc:contributor>Claupein, W.</dc:contributor>
  <dc:contributor>Dabbert, S.</dc:contributor>
  <dc:contributor>Kaufmann, B.</dc:contributor>
  <dc:contributor>Müller, T.</dc:contributor>
  <dc:contributor>Valle Zárate, A.</dc:contributor>
  <dc:date>2007</dc:date>
  <dc:type>Book</dc:type>
  <dc:type>NonPeerReviewed</dc:type>
  <dc:format>application/pdf</dc:format>
  <dc:identifier>http://orgprints.org/10742/1/Wita2007_inhaltsverz_mit_links_band1.pdf</dc:identifier>
  <dc:format>application/pdf</dc:format>
  <dc:identifier>http://orgprints.org/10742/2/Wita2007_inhaltsverz_mit_links_band2.pdf</dc:identifier>
  <dc:format>application/pdf</dc:format>
  <dc:identifier>http://orgprints.org/10742/3/WITA_Band_1_1_Boden.pdf</dc:identifier>
  <dc:format>application/pdf</dc:format>
  <dc:identifier>http://orgprints.org/10742/4/WITA_Band_1_2_Pflanzenbau.pdf</dc:identifier>
  <dc:format>application/pdf</dc:format>
  <dc:identifier>http://orgprints.org/10742/5/WITA_Band_1_3_Pflanzenzuechtung.pdf</dc:identifier>
  <dc:format>application/pdf</dc:format>
  <dc:identifier>http://orgprints.org/10742/6/WITA_Band_1_4_Pflanzengesundheit.pdf</dc:identifier>
  <dc:format>application/pdf</dc:format>
  <dc:identifier>http://orgprints.org/10742/7/WITA_Band_1_5_Bioenergie.pdf</dc:identifier>
  <dc:format>application/pdf</dc:format>
  <dc:identifier>http://orgprints.org/10742/8/WITA_Band_1_6_AktuelleThemen.pdf</dc:identifier>
  <dc:format>application/pdf</dc:format>
  <dc:identifier>http://orgprints.org/10742/9/WITA_Band_2_1_Tierhaltung.pdf</dc:identifier>
  <dc:format>application/pdf</dc:format>
  <dc:identifier>http://orgprints.org/10742/10/WITA_Band_2_2_Tierernaehrung.pdf</dc:identifier>
  <dc:format>application/pdf</dc:format>
  <dc:identifier>http://orgprints.org/10742/11/WITA_Band_2_3_Tiergesundheit.pdf</dc:identifier>
  <dc:format>application/pdf</dc:format>
  <dc:identifier>http://orgprints.org/10742/12/WITA_Band_2_4_Agrarpolitik_BWL.pdf</dc:identifier>
  <dc:format>application/pdf</dc:format>
  <dc:identifier>http://orgprints.org/10742/13/WITA_Band_2_5_Maerkte_und_Marketing.pdf</dc:identifier>
  <dc:format>application/pdf</dc:format>
  <dc:identifier>http://orgprints.org/10742/14/WITA_Band_2_6_Soziologie.pdf</dc:identifier>
  <dc:format>application/pdf</dc:format>
  <dc:identifier>http://orgprints.org/10742/15/WITA_Band_2_7_Umwelt_und_Naturschutz.pdf</dc:identifier>
  <dc:format>application/pdf</dc:format>
  <dc:identifier>http://orgprints.org/10742/16/WITA_Band_2_8_Organic_Farming_in_Developing_Countries.pdf</dc:identifier>
  <dc:format>application/pdf</dc:format>
  <dc:identifier>http://orgprints.org/10742/17/WITA_Band_2_9_Symposien.pdf</dc:identifier>
  <dc:identifier>Zikeli, S.; Claupein, W.; Dabbert, S.; Kaufmann, B.; Müller, T. and Valle Zárate, A. (Eds.)      (2007) Zwischen Tradition und Globalisierung - Beiträge zur 9. Wissenschaftstagung Ökologischer Landbau - Band 1 und 2.  [Between Tradition and Globalisation - 9th German Scientific Conference on Organic Agriculture.]    Verlag Dr. Köster, Berlin.</dc:identifier>
  <dc:relation>http://orgprints.org/10742/</dc:relation>
</oai_dc:dc>