<oai_dc:dc xmlns:oai_dc="http://www.openarchives.org/OAI/2.0/oai_dc/" xmlns:dc="http://purl.org/dc/elements/1.1/" xmlns:xsi="http://www.w3.org/2001/XMLSchema-instance" xsi:schemaLocation="http://www.openarchives.org/OAI/2.0/oai_dc/ http://www.openarchives.org/OAI/2.0/oai_dc.xsd">
  <dc:title>Using agro-ecological zones to promote European collaboration in organic arming research</dc:title>
  <dc:creator>Burgess, P J</dc:creator>
  <dc:creator>Sannier, C A D</dc:creator>
  <dc:subject>Research methodology and philosophy</dc:subject>
  <dc:subject>Policy environments and social economy</dc:subject>
  <dc:description>Agro-ecological and other spatial information can be used to improve our understanding of organic farming research issues, inform the application of research from one area to another, and support collaboration and prioritisation within regional research programmes. Of the 25 organic farming research priorities identifi ed by the IFOAM EU Group in 2004, 15 were related to regional differences in agro-ecological conditions. The other priorities were potentially affected by spatial differences in political, institutional and socio-economic conditions. In relation to agro-ecological data, the capacity to identify i) general agro-ecological areas and ii) areas with specifi c agro-ecological advantage or stress seems particularly useful. The use of a geographic information system (GIS) to integrate spatial data to identify and display such areas is illustrated with two examples.</dc:description>
  <dc:publisher>Association of Applied Biologists</dc:publisher>
  <dc:contributor>Atkinson, C</dc:contributor>
  <dc:contributor>Ball, B</dc:contributor>
  <dc:contributor>Davies, D H K</dc:contributor>
  <dc:contributor>Rees, R</dc:contributor>
  <dc:contributor>Russell, G</dc:contributor>
  <dc:contributor>Stockdale, E A</dc:contributor>
  <dc:contributor>Watson, C A</dc:contributor>
  <dc:contributor>Walker, R</dc:contributor>
  <dc:contributor>Younie, D</dc:contributor>
  <dc:date>2006</dc:date>
  <dc:type>Conference paper, poster, etc.</dc:type>
  <dc:type>NonPeerReviewed</dc:type>
  <dc:format>application/pdf</dc:format>
  <dc:identifier>http://orgprints.org/10189/1/Using_agro-ecological_zones_to_promote_European_collaboration_in_organic_farming_research.pdf</dc:identifier>
  <dc:identifier>Burgess, P J and Sannier, C A D    (2006) Using agro-ecological zones to promote European collaboration in organic arming research.   In: Atkinson, C; Ball, B; Davies, D H K; Rees, R; Russell, G; Stockdale, E A; Watson, C A; Walker, R and Younie, D (Eds.)  Aspects of Applied Biology 79, What will organic farming deliver? COR 2006, Association of Applied Biologists, pp. 83-87.</dc:identifier>
  <dc:relation>http://orgprints.org/10189/</dc:relation>
</oai_dc:dc>