<oai_dc:dc xmlns:oai_dc="http://www.openarchives.org/OAI/2.0/oai_dc/" xmlns:dc="http://purl.org/dc/elements/1.1/" xmlns:xsi="http://www.w3.org/2001/XMLSchema-instance" xsi:schemaLocation="http://www.openarchives.org/OAI/2.0/oai_dc/ http://www.openarchives.org/OAI/2.0/oai_dc.xsd">
  <dc:title>Organic ﬁeld-testing of compounds to control apple scab (Venturia inaequalis) in combination with alleyway cover crops</dc:title>
  <dc:creator>Lindhard Pedersen, Hanne</dc:creator>
  <dc:creator>Christensen, Lars P.</dc:creator>
  <dc:creator>Bengtsson, Marianne</dc:creator>
  <dc:creator>Paaske, Klaus</dc:creator>
  <dc:creator>Hockenhull, John</dc:creator>
  <dc:subject>Soil</dc:subject>
  <dc:description>To ﬁnd new potential fungicides acceptable to organic production preventing apple scab (Venturia inaequalis) infections on leaf and fruits during primary apple scab infection period.&#xD;
The trials were carried out in combination with different cover crop treatments in single-tree plots. The formerly resistant variety ‘Delorina’ on rootstock M9, planted 1995 at a planting distance of 3.3 m x 1.6 m, unfertilized and with mechanical weed cleaning in the tree row, were used. The experimental orchard is located at Research Centre Aarslev (100 27´ E, 550 18´N).</dc:description>
  <dc:date>2005</dc:date>
  <dc:type>Conference paper, poster, etc.</dc:type>
  <dc:type>NonPeerReviewed</dc:type>
  <dc:format>application/pdf</dc:format>
  <dc:identifier>http://orgprints.org/10128/1/10128.pdf</dc:identifier>
  <dc:identifier>Lindhard Pedersen, Hanne; Christensen, Lars P.; Bengtsson, Marianne; Paaske, Klaus and Hockenhull, John    (2005) Organic ﬁeld-testing of compounds to control apple scab (Venturia inaequalis) in combination with alleyway cover crops.       Poster at:   7th International IOBC/WPRS Workshop on Orchard Diseases, Italy, Aug.-Sept. 2005.</dc:identifier>
  <dc:relation>http://orgprints.org/10128/</dc:relation>
</oai_dc:dc>