<oai_dc:dc xmlns:oai_dc="http://www.openarchives.org/OAI/2.0/oai_dc/" xmlns:dc="http://purl.org/dc/elements/1.1/" xmlns:xsi="http://www.w3.org/2001/XMLSchema-instance" xsi:schemaLocation="http://www.openarchives.org/OAI/2.0/oai_dc/ http://www.openarchives.org/OAI/2.0/oai_dc.xsd">
  <dc:title>Sauwohl im Freiland</dc:title>
  <dc:creator>Sontheimer, A.</dc:creator>
  <dc:subject>Pigs</dc:subject>
  <dc:subject>Health and welfare</dc:subject>
  <dc:description>Mit ihren geringen Investitionskosten bietet sich die Freilandhaltung dazu an, einen Sauenbestand schnell und kostengünstig aufzubauen. &#xD;
Die Tiere leben ganzjährig unter freiem Himmel auf unbefestigtem Boden, Hütten bieten Schutz vor Regen und Kälte. Die Flächen werden in die Fruchtfolge des Betriebs einbezogen. Da externe Faktoren wie Klima und Witterung eine große Rolle spielen, erfordert diese Art der Haltung allerdings einiges an Können und Erfahrung und die Bereitschaft, ganzjährig im Freien mit den Tieren zu arbeiten.</dc:description>
  <dc:publisher>Bioland Verlag GmbH</dc:publisher>
  <dc:date>2001</dc:date>
  <dc:type>Journal paper</dc:type>
  <dc:type>NonPeerReviewed</dc:type>
  <dc:format>application/pdf</dc:format>
  <dc:identifier>http://orgprints.org/10520/1/sauwohl-biol.pdf</dc:identifier>
  <dc:identifier>Sontheimer, A.   (2001) Sauwohl im Freiland.   Bioland (3), pp. 18-19.</dc:identifier>
  <dc:relation>http://orgprints.org/10520/</dc:relation>
</oai_dc:dc>