<oai_dc:dc xmlns:oai_dc="http://www.openarchives.org/OAI/2.0/oai_dc/" xmlns:dc="http://purl.org/dc/elements/1.1/" xmlns:xsi="http://www.w3.org/2001/XMLSchema-instance" xsi:schemaLocation="http://www.openarchives.org/OAI/2.0/oai_dc/ http://www.openarchives.org/OAI/2.0/oai_dc.xsd">
  <dc:title>Winterzwiebeln: Anbau IP oder Bio</dc:title>
  <dc:creator>Theiler, R.</dc:creator>
  <dc:creator>Buser, Hp.</dc:creator>
  <dc:creator>Ingold, U.</dc:creator>
  <dc:creator>Schätti, P.</dc:creator>
  <dc:creator>Hurni, M.</dc:creator>
  <dc:creator>Koller, M.</dc:creator>
  <dc:subject>Vegetables</dc:subject>
  <dc:description>Bei der Sorte Radar führt das Stecken von «grossen» Steckzwiebeln zu einem höheren Ertrag in beiden Anbausystemen, IP und Bio. Auch wird der Anteil an grossen und Metzgerzwiebeln gesteigert, besonders ausgeprägt unter IP-Bedingungen. Dies ging einher mit einer leichten Zunahme (&lt;6%) der Schossneigung bei «grossen» Steckzwiebeln und frühem Stecktermin.</dc:description>
  <dc:date>2003</dc:date>
  <dc:type>Journal paper</dc:type>
  <dc:type>NonPeerReviewed</dc:type>
  <dc:format>application/pdf</dc:format>
  <dc:identifier>http://orgprints.org/10050/1/Theiler-Winterzwiebeln.pdf</dc:identifier>
  <dc:identifier>Theiler, R.; Buser, Hp.; Ingold, U.; Schätti, P.; Hurni, M. and Koller, M.   (2003) Winterzwiebeln: Anbau IP oder Bio.  [Oignons d'hiver: culture PI et bio.]  Der Gemüsebau/ Le Maraîcher (9/2003), pp. 12-15.</dc:identifier>
  <dc:relation>http://orgprints.org/10050/</dc:relation>
</oai_dc:dc>