<oai_dc:dc xmlns:oai_dc="http://www.openarchives.org/OAI/2.0/oai_dc/" xmlns:dc="http://purl.org/dc/elements/1.1/" xmlns:xsi="http://www.w3.org/2001/XMLSchema-instance" xsi:schemaLocation="http://www.openarchives.org/OAI/2.0/oai_dc/ http://www.openarchives.org/OAI/2.0/oai_dc.xsd">
  <dc:title>Studien zur biologisch-dynamischen Rindviehzucht</dc:title>
  <dc:creator>Spengler Neff, Anet</dc:creator>
  <dc:creator>Rist, Lukas</dc:creator>
  <dc:creator>Rist, Michael</dc:creator>
  <dc:subject>Health and welfare</dc:subject>
  <dc:subject>Breeding and genetics</dc:subject>
  <dc:description>In den ersten beiden Kapiteln werden Grundlagen für die Züchtungsarbeit besprochen: Es muss mit der Vererbung erworbener, in der Potenz der Art liegender Eigenschaften gerechnet werden. Welche Eigenschaften vom Tier erworben werden können, hängt von der Eigenaktivität der Tierart in der Auseinandersetzung mit den waltenden Lebensbedingungen ab. Die dargelegte alternative Genanschauung ist Voraussetzung für das Verständnis des Vererbungsgeschehens und den richtigen Umgang damit in der Züchtung.&#xD;
Die biologisch-dynamische Tierzucht soll möglichst artgemäß sein; d.h. es müssen zunächst Bedingungen im Haltungs-, Fütterung- und Betreuungsbereich geschaffen werden, die eine artgemäße Verkörperung der Tiere ermöglichen. Deshalb kann die biologisch-dynamische Zucht auch Bedingungszucht genannt werden. Diese Bedingungen werden im 3. Kapitel ausführlich besprochen mit Bezug auf den Landwirtschaftlichen Kurs von Rudolf Steiner. Zwei spezielle Abschnitte sind der Darstellung der Fütterung im Landwirtschaftlichen Kurs und der Bedeutung der Hörner beim Rindvieh gewidmet.&#xD;
Das Vorgehen in der Züchtungsarbeit und die in der "Austauschrunde" der Rindviehzüchter entwickelte Stallkarte für Kühe als Hilfsmittel werden im 4. Kapitel besprochen.&#xD;
Im letzten Kapitel werden die Reproduktionstechniken kritisch besprochen; daraus ergibt sich der Natursprung als einzige wesensgemäße Befruchtungsmethode für die biologisch-dynamische Rindviehzucht.</dc:description>
  <dc:contributor>Spengler Neff, Anet (FiBL, FG Tierzucht und Tierhaltung)</dc:contributor>
  <dc:date>1997</dc:date>
  <dc:type>Report</dc:type>
  <dc:type>NonPeerReviewed</dc:type>
  <dc:format>application/pdf</dc:format>
  <dc:identifier>http://orgprints.org/10459/1/spegler_neff-etal-1997-Studien_zur_biologisch-dynamischen_Rindviehzucht.pdf</dc:identifier>
  <dc:identifier>Spengler Neff, Anet; Rist, Lukas and Rist, Michael     (editor): Spengler Neff, Anet (FiBL, FG Tierzucht und Tierhaltung) (Ed.)    (1997) Studien zur biologisch-dynamischen Rindviehzucht.    Johannes Kreyenbühl Akademie und Arbeitsgruppe Forschung des Vereins für biologisch-dynamische Landwirtschaft, Schweiz; CH-Reinach.</dc:identifier>
  <dc:relation>http://orgprints.org/10459/</dc:relation>
</oai_dc:dc>