<oai_dc:dc xmlns:oai_dc="http://www.openarchives.org/OAI/2.0/oai_dc/" xmlns:dc="http://purl.org/dc/elements/1.1/" xmlns:xsi="http://www.w3.org/2001/XMLSchema-instance" xsi:schemaLocation="http://www.openarchives.org/OAI/2.0/oai_dc/ http://www.openarchives.org/OAI/2.0/oai_dc.xsd">
  <dc:title>Preceding crop has great influence on the density of Pratylenchus crenatus on strawberry</dc:title>
  <dc:creator>Tuovinen, Tuomo</dc:creator>
  <dc:creator>Kukkonen, Sanna</dc:creator>
  <dc:creator>Järvinen, Outi</dc:creator>
  <dc:subject>Crop health, quality, protection</dc:subject>
  <dc:description>The preceding crop plant has a great influence not only immediately after the cropping but also in long-term on the numbers of Pratylenchus crenatus in strawberry.</dc:description>
  <dc:publisher>Nordic Association of Agricultural Scientists</dc:publisher>
  <dc:date>2006</dc:date>
  <dc:type>Conference paper, poster, etc.</dc:type>
  <dc:type>NonPeerReviewed</dc:type>
  <dc:format>application/pdf</dc:format>
  <dc:identifier>http://orgprints.org/10642/1/Lepaa4.pdf</dc:identifier>
  <dc:identifier>Tuovinen, Tuomo; Kukkonen, Sanna and Järvinen, Outi    (2006) Preceding crop has great influence on the density of Pratylenchus crenatus on strawberry.   In:     NJF Report, Nordic Association of Agricultural Scientists, 2 (10), p. 22.</dc:identifier>
  <dc:relation>http://orgprints.org/10642/</dc:relation>
</oai_dc:dc>