<oai_dc:dc xmlns:oai_dc="http://www.openarchives.org/OAI/2.0/oai_dc/" xmlns:dc="http://purl.org/dc/elements/1.1/" xmlns:xsi="http://www.w3.org/2001/XMLSchema-instance" xsi:schemaLocation="http://www.openarchives.org/OAI/2.0/oai_dc/ http://www.openarchives.org/OAI/2.0/oai_dc.xsd">
  <dc:title>Verbrauchertrend Bio ungebremst</dc:title>
  <dc:creator>Bien, Barbara</dc:creator>
  <dc:subject>Markets and trade</dc:subject>
  <dc:description>Bio-Produkte liegen im Trend, und fast alle von der ZMP beobachteten Warengruppen haben hohe Zuwachsraten. Mittlerweile kümmern sich alle Handelsketten intensiv um ihr Bio-Sortiment. Besonders der Einstieg der großen Discounter treibt den deutschen Markt an und beschert hohe Zuwachsraten. Nach dem Erfolg von BioBio bei Plus ziehen auch die anderen großen Discounter seit vergangenem Jahr mit eigenen Handelsmarken nach. Trotz des zunehmenden Wettbewerbs wächst auch der Naturkosthandel (NKH), und es eröffnen immer mehr Bio-Supermärkte.</dc:description>
  <dc:publisher>ZMP GmbH</dc:publisher>
  <dc:date>2006-10</dc:date>
  <dc:type>Journal paper</dc:type>
  <dc:type>NonPeerReviewed</dc:type>
  <dc:format>application/pdf</dc:format>
  <dc:identifier>http://orgprints.org/10272/1/Verbrauchertrend_ungebremst.pdf</dc:identifier>
  <dc:identifier>Bien, Barbara   (2006) Verbrauchertrend Bio ungebremst.   MafoBriefe (10), p. 4.</dc:identifier>
  <dc:relation>http://orgprints.org/10272/</dc:relation>
</oai_dc:dc>