<oai_dc:dc xmlns:oai_dc="http://www.openarchives.org/OAI/2.0/oai_dc/" xmlns:dc="http://purl.org/dc/elements/1.1/" xmlns:xsi="http://www.w3.org/2001/XMLSchema-instance" xsi:schemaLocation="http://www.openarchives.org/OAI/2.0/oai_dc/ http://www.openarchives.org/OAI/2.0/oai_dc.xsd">
  <dc:title>Lav gødskning øgede udbyttet ved intensiv æbledyrkning</dc:title>
  <dc:creator>Lindhard Pedersen, Hanne</dc:creator>
  <dc:subject>Soil</dc:subject>
  <dc:description>Udbytte, frugtkvalitet og angreb af sygdomme i økologisk æbleproduktion bestemmes af et samspil mellem faktorer som tilgængelighed af vand og gødning, grundstammen, plantetætheden og bekæmpelse af sygdomme og skadedyr.&#xD;
&#xD;
Tidligere forsøg har vist, at den bedste frugtkvalitet og det laveste angreb af sygdomme i semi-tætplantede usprøjtede økologiske æbler (planteafstand på ca. 1,6 m) blev opnået ved relativ lav kvælstof tilgængelighed fra jordens egen mineralisering (se DARCOFenews). Men der ikke afklaret om det samme tilfældet i intensive tætplantede systemer (planteafstande på 0,6-1,2 m).</dc:description>
  <dc:publisher>FØJOenyt</dc:publisher>
  <dc:date>2005-08</dc:date>
  <dc:type>Journal paper</dc:type>
  <dc:type>NonPeerReviewed</dc:type>
  <dc:format>application/pdf</dc:format>
  <dc:identifier>http://orgprints.org/10123/1/10123.pdf</dc:identifier>
  <dc:identifier>Lindhard Pedersen, Hanne   (2005) Lav gødskning øgede udbyttet ved intensiv æbledyrkning.   FØJOenyt (4), pp. 1-2.</dc:identifier>
  <dc:relation>http://orgprints.org/10123/</dc:relation>
</oai_dc:dc>