<oai_dc:dc xmlns:oai_dc="http://www.openarchives.org/OAI/2.0/oai_dc/" xmlns:dc="http://purl.org/dc/elements/1.1/" xmlns:xsi="http://www.w3.org/2001/XMLSchema-instance" xsi:schemaLocation="http://www.openarchives.org/OAI/2.0/oai_dc/ http://www.openarchives.org/OAI/2.0/oai_dc.xsd">
  <dc:title>Bioregionen als Modell für nachhaltige Entwicklung</dc:title>
  <dc:subject>Farming Systems</dc:subject>
  <dc:description />
  <dc:type>Project description</dc:type>
  <dc:type>NonPeerReviewed</dc:type>
  <dc:identifier>{Project}    Bioregionen als Modell für nachhaltige Entwicklung.  [Eco-Regions as a Model for Sustainable Development.]   Runs 2005 - 2006.      Project Leader(s): Groier, Dr. Michael, Direktion Bergbauern.</dc:identifier>
  <dc:relation>http://orgprints.org/10539/</dc:relation>
</oai_dc:dc>