<oai_dc:dc xmlns:oai_dc="http://www.openarchives.org/OAI/2.0/oai_dc/" xmlns:dc="http://purl.org/dc/elements/1.1/" xmlns:xsi="http://www.w3.org/2001/XMLSchema-instance" xsi:schemaLocation="http://www.openarchives.org/OAI/2.0/oai_dc/ http://www.openarchives.org/OAI/2.0/oai_dc.xsd">
  <dc:title>Flåttbåren sykdom hos sau</dc:title>
  <dc:creator>Grøva, Lise</dc:creator>
  <dc:creator>Olesen, Ingrid</dc:creator>
  <dc:creator>Stuen, Snorre</dc:creator>
  <dc:creator>Steinshamn, Håvard</dc:creator>
  <dc:subject>Animal husbandry</dc:subject>
  <dc:subject>Breeding and genetics</dc:subject>
  <dc:description>Prosjektet "Improved welfare in sheep production – preventive measures, disease resistance and robustness related to tick-borne fever in sheep" er et 4-årig prosjekt som skal se på forebyggende tiltak mot flåttbåren sykdom og produksjonstap i norsk sauehold.</dc:description>
  <dc:date>2007</dc:date>
  <dc:type>Conference paper, poster, etc.</dc:type>
  <dc:type>NonPeerReviewed</dc:type>
  <dc:format>application/pdf</dc:format>
  <dc:identifier>http://orgprints.org/10767/1/poster_Bioforsk_Husdyfm%C3%B8te2007_SWATICK_endelig_12022007.ppt</dc:identifier>
  <dc:identifier>Grøva, Lise; Olesen, Ingrid; Stuen, Snorre and Steinshamn, Håvard    (2007) Flåttbåren sykdom hos sau.  [Tick-borne fever in sheep.]      Poster at:   Husdyrforsøksmøtet 2007, Thon Hotel Arena, Lillestrøm, Norway, 14.-15. February 2007.     [Unpublished]</dc:identifier>
  <dc:relation>http://orgprints.org/10767/</dc:relation>
</oai_dc:dc>