<oai_dc:dc xmlns:oai_dc="http://www.openarchives.org/OAI/2.0/oai_dc/" xmlns:dc="http://purl.org/dc/elements/1.1/" xmlns:xsi="http://www.w3.org/2001/XMLSchema-instance" xsi:schemaLocation="http://www.openarchives.org/OAI/2.0/oai_dc/ http://www.openarchives.org/OAI/2.0/oai_dc.xsd">
  <dc:title>Die Zukunft des Großhandels in der Bio-Wertschöpfungskette</dc:title>
  <dc:creator>Gerlach, Sabine</dc:creator>
  <dc:creator>Kennerknecht, Raphael</dc:creator>
  <dc:creator>Spiller, Achim</dc:creator>
  <dc:subject>Markets and trade</dc:subject>
  <dc:subject>Produce chain management</dc:subject>
  <dc:description>Das Forschungsprojekt „Von der Agrarwende zur Konsumwende?“ beschäftigt sich mit den Effekten der Agrarwende auf die Wertschöpfungskette. Im Mittelpunkt der Analyse steht die Frage, wie sich die „Agrarwende“ mit dem erklärten Ziel, bis zum Jahr 2010 den Anteil der ökologisch genutzten Landwirtschaftsfläche auf 20 % zu erhöhen (Künast 2001), auf die verschiedenen Wertschöpfungsstufen auswirkt. Die Maßnahmen im Rahmen der Agrarwendepolitik zielen darauf ab, nicht nur das Angebot, sondern auch die Nachfrage nach Bio-Produkten zu steigern. Eingesetzt werden klassische Instrumente der Subventionspolitik, aber auch weiche Politikinstrumente, wie die Einführung des Biosiegels, die Ausweitung der Forschung sowie die Bereitstellung von Beratungsangeboten. Mit solchen weichen Politikinstrumenten sollen vor allem die Akteure der Wertschöpfungskette unterstützt werden, die mit der traditionellen Subventionspolitik nicht erreicht werden können, also insbesondere Handels- und Verarbeitungsunternehmen von Bio-Produkten.&#xD;
&#xD;
In Deutschland ist der Markt für Bio-Produkte von 2000 bis 2004 um fast 70 % gestiegen, von 2,1 Mrd. € im Jahr 2000 auf 3,5 Mrd. € im Jahr 2004 (Hamm 2005, S. 65). Auch im Jahr 2005 zeichnet sich weiterhin eine dynamische Ausweitung ab. In welchem Ausmaß die politischen Maßnahmen zum starken Wachstum beigetragen haben, ist dabei unklar. Deutlich ist jedoch, dass sich hinter der durch das Gesamtwachstum ausgelösten positiven Marktstimmung eine Reihe latenter Konflikte abzeichnen, die zzt. durch die allgemein guten wirtschaftlichen Erwartungen überdeckt werden. &#xD;
&#xD;
In erster Linie ist dabei auf den Konflikt zwischen dem großbetrieblichen - konventionellen - Lebensmitteleinzelhandel (LEH) und den mittelständischen Strukturen des spezialisierten Bio-Fachhandels zu verweisen. Der LEH hat in den letzten Jahren an Marktanteilen gewonnen, wenngleich die Marketingkonzepte hier in den meisten Fällen immer noch wenig ambitioniert sind. Aber auch innerhalb des Bio-Fachhandels zeichnen sich Strukturbrüche und wirtschaftliche Interessengegensätze ab. So werden derzeit neue großflächigere Fachgeschäfte (Bio-Supermärkte) forciert, die nicht selten angestammte Fachhändler verdrängen (Gerlach et al. 2005, Ambros 2005, Völkner 2005, S. 4). &#xD;
&#xD;
Der Fokus der vorliegenden Arbeit richtet sich allerdings auf den Bio-Großhandel, der in der Supply Chain eine relativ große Relevanz hat und bisher in der Forschung kaum beachtet wurde. Die Entwicklungen im konventionellen Lebensmittelhandel haben in den letzten Jahrzehnten zu einem starken Bedeutungsverlust des dortigen Großhandels geführt. Dies deutet darauf hin, dass Marktwachstum und Konzentration nicht ohne Einfluss auf die Struktur des Großhandels bleiben und dieser ggf. durch Ausschaltungstendenzen bedroht ist. Die Direktbelieferung von Rapunzel an Naturkostläden unterstreicht exemplarisch diese These (o. V. 2003a). Aus diesem Grund stellt sich die Frage, welche Entwicklung die Bio-Branche nehmen wird und wie die heutige und die zukünftige Situation des Großhandels in der Biowertschöpfungskette zu beurteilen ist. Welche Funktionen hat der Bio-Großhandel und welche wird er durch die veränderten Marktgegebenheiten an andere Marktteilnehmer abgeben müssen? Um die Fragen erläutern zu können, werden in dieser Arbeit nicht nur der Großhandel und seine betriebswirtschaftlichen Funktionen diskutiert, sondern zunächst generell auf die Struktur des Biomarktes in Deutschland und auf die Distributionspolitik der Bio-Branche eingegangen. &#xD;
&#xD;
Da bislang nur wenige Veröffentlichungen zur Wertschöpfungskette der Bio-Branche (Bahrdt et al. 2003) vorliegen, wurde neben Praxiszeitschriften auch auf Einschätzun-gen von Branchenexperten zurückgegriffen. Aus diesem Grund wurden vier Groß-händler und zwei Vertreter von Bio-Supermärkten zu den Funktionen des Großhan-dels befragt. Die Experteninterviews wurden Anfang März 2005 in Stuttgart, Tübingen und München durchgeführt.</dc:description>
  <dc:date>2005-12</dc:date>
  <dc:type>Report</dc:type>
  <dc:type>NonPeerReviewed</dc:type>
  <dc:format>application/pdf</dc:format>
  <dc:identifier>http://orgprints.org/10199/1/Zukunft_des_Biogro%C3%9Fhandels_Diskussionspapier.pdf</dc:identifier>
  <dc:identifier>Gerlach, Sabine; Kennerknecht, Raphael and Spiller, Achim         (2005) Die Zukunft des Großhandels in der Bio-Wertschöpfungskette.   Diskussionsbeitrag, no. 11. Georg-August-Universität Göttingen, Institut für Agrarökonomie.</dc:identifier>
  <dc:relation>http://orgprints.org/10199/</dc:relation>
</oai_dc:dc>