<oai_dc:dc xmlns:oai_dc="http://www.openarchives.org/OAI/2.0/oai_dc/" xmlns:dc="http://purl.org/dc/elements/1.1/" xmlns:xsi="http://www.w3.org/2001/XMLSchema-instance" xsi:schemaLocation="http://www.openarchives.org/OAI/2.0/oai_dc/ http://www.openarchives.org/OAI/2.0/oai_dc.xsd">
  <dc:title>Control of seed borne diseases in organic cereals and legumes</dc:title>
  <dc:creator>Borgen, Anders</dc:creator>
  <dc:subject>Production systems</dc:subject>
  <dc:subject>Crop husbandry</dc:subject>
  <dc:subject>Cereals, pulses and oilseeds</dc:subject>
  <dc:description>In Denmark, most organic farmers uses organic propagated cereals and legumes for seeding, and all seed lots are  tested for infections of seed borne pathogens before sowing. About 50% of all see lots are discarded based on this assessment, but huge differences occur between year and crop, which makes planning of seed production impossible.  Some years up to 90% of the seed lots of a crop may be discarded e.g. peas in year 2000. The major cause of this are: Tilletia tritici in wheat, Dreschlera graminea, D. teres and Ustilago nuda in barley, Fusarium spp in triticale, and Ascochyta spp in peas. This situation calls for research focusing on this specific problem in the organic plant production. &#xD;
&#xD;
Research in organic seed production, handling and use started 10 years ago in Denmark, and the current research programme will continue until 2005. The strategy now in development of organic control measures will focus on preventive measures to minimize the infection in field during propagation. This includes investigation of the effect of harvest time, sowing time, crop density and crop mixtures. Varieties will be tested for specific resistance to the major systemic pathogens. However, also development of seed treatment are needed, and the current effort will investigate the effect of seed size separation, seed density separation to control D. graminea , D. teres, U. nuda and Fusarium spp. Brush cleaning will be developed to control T. tritici and Urocystis occulta. Water-free heat treatment will be developed to control a range of seed pathogens. In combination with development of more precise detection methods using PCR technology, and evaluation of the thresholds used for assessment of seed quality, it is the hope to minimize the number of seed lots discarded because of seed borne pathogens in organic agriculture.</dc:description>
  <dc:publisher>ISTA</dc:publisher>
  <dc:date>2002</dc:date>
  <dc:type>Conference paper, poster, etc.</dc:type>
  <dc:type>NonPeerReviewed</dc:type>
  <dc:format>text/html</dc:format>
  <dc:identifier>http://orgprints.org/1032/1/ISTA_conference.htm</dc:identifier>
  <dc:identifier>Borgen, Anders    (2002) Control of seed borne diseases in organic cereals and legumes.   In:     Proceedings of The 4th ISTA - PDC seed health symposium: Healthy seeds, the basis for sustainable farming, ISTA, p. 18.</dc:identifier>
  <dc:relation>http://orgprints.org/1032/</dc:relation>
</oai_dc:dc>