<oai_dc:dc xmlns:oai_dc="http://www.openarchives.org/OAI/2.0/oai_dc/" xmlns:dc="http://purl.org/dc/elements/1.1/" xmlns:xsi="http://www.w3.org/2001/XMLSchema-instance" xsi:schemaLocation="http://www.openarchives.org/OAI/2.0/oai_dc/ http://www.openarchives.org/OAI/2.0/oai_dc.xsd">
  <dc:title>Økologisk æbledyrkning</dc:title>
  <dc:creator>Lindhard Pedersen, Hanne</dc:creator>
  <dc:subject>Soil</dc:subject>
  <dc:description>Økologiske æbler sælges oftest til frisk konsum, hvilket betyder, at de skal leve op til høje kvalitetskrav. Frugterne skal opfylde størrelseskrav og være hele og sunde. Den værste skadevolder er æbleskurv. Skurv forårsager brune til sorte pletter på frugten og kan angribe så kraftigt, at æblerne bliver uegnede til spisning. Denne svampesygdom er årsag til meget stor nedgang i udbytte og kvalitet i økologisk produktion.&#xD;
&#xD;
Kobber er et effektivt middel mod svampesygdomme og bruges til økologisk æbleproduktion i de fleste europæiske lande. Det er dog ikke godkendt i Danmark, og der er udsigt til et totalt forbud i EU. For at forbedre kvaliteten og udbyttet i en økologiske æbleproduktion må man derfor finde den bedste kombination af kvælstofforbrug, grundstamme og planteafstand til at forebygge æbleskurvinfektioner og dermed forbedre frugtkvaliteten og produktiviteten.</dc:description>
  <dc:date>2006</dc:date>
  <dc:type>Report chapter</dc:type>
  <dc:type>NonPeerReviewed</dc:type>
  <dc:format>application/pdf</dc:format>
  <dc:identifier>http://orgprints.org/10278/1/10278.pdf</dc:identifier>
  <dc:identifier>Lindhard Pedersen, Hanne    (2006) Økologisk æbledyrkning.    In:     FØJO II - Forskning i økologisk jordbrug og fødevaresystemer 2000-2005.  , pp. 12-15.</dc:identifier>
  <dc:relation>http://orgprints.org/10278/</dc:relation>
</oai_dc:dc>