<oai_dc:dc xmlns:oai_dc="http://www.openarchives.org/OAI/2.0/oai_dc/" xmlns:dc="http://purl.org/dc/elements/1.1/" xmlns:xsi="http://www.w3.org/2001/XMLSchema-instance" xsi:schemaLocation="http://www.openarchives.org/OAI/2.0/oai_dc/ http://www.openarchives.org/OAI/2.0/oai_dc.xsd">
  <dc:title>Bio mit zweistelligem Wachstum</dc:title>
  <dc:creator>Michels, Dr. Paul</dc:creator>
  <dc:subject>Markets and trade</dc:subject>
  <dc:description>Das Jahr 2005 brachte für fast alle Produkte des ökologischen Landbaus deutliche Nachfrageimpulse. Die meisten der von der ZMP analysierten Märkte sind zweistellig gewachsen. Die größten Zuwächse im Handel verbuchten Discounter und Bio-Supermärkte. Der organisierte Handel verdrängte zunehmend die erzeugernahe Vermarktung über Hofläden und Wochenmärkte.</dc:description>
  <dc:publisher>ZMP GmbH</dc:publisher>
  <dc:date>2006-03</dc:date>
  <dc:type>Journal paper</dc:type>
  <dc:type>NonPeerReviewed</dc:type>
  <dc:format>application/pdf</dc:format>
  <dc:identifier>http://orgprints.org/10270/1/BioWachstum.pdf</dc:identifier>
  <dc:identifier>Michels, Dr. Paul   (2006) Bio mit zweistelligem Wachstum.   MafoBriefe (3), pp. 1-2.</dc:identifier>
  <dc:relation>http://orgprints.org/10270/</dc:relation>
</oai_dc:dc>