<oai_dc:dc xmlns:oai_dc="http://www.openarchives.org/OAI/2.0/oai_dc/" xmlns:dc="http://purl.org/dc/elements/1.1/" xmlns:xsi="http://www.w3.org/2001/XMLSchema-instance" xsi:schemaLocation="http://www.openarchives.org/OAI/2.0/oai_dc/ http://www.openarchives.org/OAI/2.0/oai_dc.xsd">
  <dc:title>Organic Trends 8</dc:title>
  <dc:creator>Sternfeld, Eva</dc:creator>
  <dc:subject>China</dc:subject>
  <dc:description>Newsletter on Organic agriculture and food development in China.</dc:description>
  <dc:publisher>electronic newsletter, CESDRRC, free subscription email to aiwastar@163bj.com</dc:publisher>
  <dc:contributor>Sternfeld, Eva</dc:contributor>
  <dc:date>2007-04</dc:date>
  <dc:type>Journal paper</dc:type>
  <dc:type>NonPeerReviewed</dc:type>
  <dc:format>application/pdf</dc:format>
  <dc:identifier>http://orgprints.org/10733/1/10733.pdf</dc:identifier>
  <dc:identifier>Sternfeld, Eva   (2007) Organic Trends 8.   Organic Trends, 8.   [Unpublished]</dc:identifier>
  <dc:relation>http://orgprints.org/10733/</dc:relation>
</oai_dc:dc>