<oai_dc:dc xmlns:oai_dc="http://www.openarchives.org/OAI/2.0/oai_dc/" xmlns:dc="http://purl.org/dc/elements/1.1/" xmlns:xsi="http://www.w3.org/2001/XMLSchema-instance" xsi:schemaLocation="http://www.openarchives.org/OAI/2.0/oai_dc/ http://www.openarchives.org/OAI/2.0/oai_dc.xsd">
  <dc:title>Lepidoptera 2004: A Baseline Study of Moths at Sheepdrove Organic Farm.</dc:title>
  <dc:creator>Ball, Jason</dc:creator>
  <dc:subject>Biodiversity and ecosystem services</dc:subject>
  <dc:description>The insect order of Lepidoptera was initially studied at Sheepdrove in the farm’s 2003 Butterfly Survey. Now this moth sampling complements those findings so as to gain a better picture of what members of this group are present at the farm.</dc:description>
  <dc:date>2004</dc:date>
  <dc:type>Report</dc:type>
  <dc:type>NonPeerReviewed</dc:type>
  <dc:format>application/pdf</dc:format>
  <dc:identifier>http://orgprints.org/10321/1/FINAL_report_SOF_022_%282004%29_Moths.pdf</dc:identifier>
  <dc:identifier>Ball, Jason         (2004) Lepidoptera 2004: A Baseline Study of Moths at Sheepdrove Organic Farm.    .</dc:identifier>
  <dc:relation>http://orgprints.org/10321/</dc:relation>
</oai_dc:dc>