<oai_dc:dc xmlns:oai_dc="http://www.openarchives.org/OAI/2.0/oai_dc/" xmlns:dc="http://purl.org/dc/elements/1.1/" xmlns:xsi="http://www.w3.org/2001/XMLSchema-instance" xsi:schemaLocation="http://www.openarchives.org/OAI/2.0/oai_dc/ http://www.openarchives.org/OAI/2.0/oai_dc.xsd">
  <dc:title>Einfluss der Zugabe von Rohphosphat in den Biogasfermenter auf die Düngewirkung fermentierter Rindergülle [Influence of adding phosphate to the biogas fermenter on the fertilization effect of fermented liquid cattle manure]</dc:title>
  <dc:creator>Möller, Kurt</dc:creator>
  <dc:subject>Composting and manuring</dc:subject>
  <dc:subject>Nutrient turnover</dc:subject>
  <dc:description>Durch die Vergärung von Gülle wird eine deutlich stärkere ertragssteigernde Direktwirkung von Gülle erzielt. Die Nachwirkung war nach zwei Schnitten vergleichbar hoch. Die Verfügbarkeit von N und P steigt mit der Vergärung proportional zueinander. Ein Aufschluss von Rohphosphaten durch die Fermentation konnte nicht erzielt werden. Die Zugabe von leicht abbaubarem organischem Material führte zu keiner höheren Verfügbarkeit von N und P aus dem Grundsubstrat Gülle bzw. aus den zugeführten Rohphosphaten.</dc:description>
  <dc:publisher>Universität für Bodenkultur Wien, Institut für organischen Landbau</dc:publisher>
  <dc:contributor>Freyer, Bernd</dc:contributor>
  <dc:date>2003</dc:date>
  <dc:type>Conference paper, poster, etc.</dc:type>
  <dc:type>NonPeerReviewed</dc:type>
  <dc:format>application/pdf</dc:format>
  <dc:identifier>http://orgprints.org/1002/1/moeller-2003-biogasguelle-rohphosphat.pdf</dc:identifier>
  <dc:identifier>Möller, Kurt    (2003) Einfluss der Zugabe von Rohphosphat in den Biogasfermenter auf die Düngewirkung fermentierter Rindergülle [Influence of adding phosphate to the biogas fermenter on the fertilization effect of fermented liquid cattle manure].   In: Freyer, Bernd (Ed.)  Ökologischer Landbau der Zukunft; Beiträge zur 7. Wissenschaftstagung zum Ökologischen Landbau, Universität für Bodenkultur Wien, Institut für organischen Landbau, pp. 519-520.</dc:identifier>
  <dc:relation>http://orgprints.org/1002/</dc:relation>
</oai_dc:dc>