<oai_dc:dc xmlns:oai_dc="http://www.openarchives.org/OAI/2.0/oai_dc/" xmlns:dc="http://purl.org/dc/elements/1.1/" xmlns:xsi="http://www.w3.org/2001/XMLSchema-instance" xsi:schemaLocation="http://www.openarchives.org/OAI/2.0/oai_dc/ http://www.openarchives.org/OAI/2.0/oai_dc.xsd">
  <dc:title>Tiergerechtheit auf ökologischen Milchviehbetrieben</dc:title>
  <dc:creator>Simantke, C.</dc:creator>
  <dc:creator>Aubel, E.</dc:creator>
  <dc:creator>Hörning, B.</dc:creator>
  <dc:subject>Dairy cattle</dc:subject>
  <dc:subject>Health and welfare</dc:subject>
  <dc:description>Ziel des vorliegenden Forschungsvorhabens war, nähere Daten über die Tiergerechtheit in der Ökologischen Milchviehhaltung zu gewinnen. Die hier vorgestellten Ergebnisse sind Teil eines Forschungsvorhabens mit dem Titel „Ökologische Milch- und Rindfleischproduktion“, welches im Rahmen des Bundesprogramms Ökologischer Landbau durchgeführt wurde, gefördert durch die Bundesanstalt für Landwirtschaft und Ernährung (BLE), Bonn (HÖRNING et al. 2004). Dabei wurde ein zweistufiges Verfahren gewählt.</dc:description>
  <dc:publisher>Bio Austria</dc:publisher>
  <dc:date>2004</dc:date>
  <dc:type>Conference paper, poster, etc.</dc:type>
  <dc:type>NonPeerReviewed</dc:type>
  <dc:format>application/pdf</dc:format>
  <dc:identifier>http://orgprints.org/10556/1/2004_11.FREILAND-17.IGN-Tagung_Simantke.pdf</dc:identifier>
  <dc:identifier>Simantke, C.; Aubel, E. and Hörning, B.    (2004) Tiergerechtheit auf ökologischen Milchviehbetrieben.   In:     Tagungsband 11. Freiland/ 17. IGN-Tagung: Auf dem Weg zu einer tiergerechteren Haltung, Bio Austria.</dc:identifier>
  <dc:relation>http://orgprints.org/10556/</dc:relation>
</oai_dc:dc>