<oai_dc:dc xmlns:oai_dc="http://www.openarchives.org/OAI/2.0/oai_dc/" xmlns:dc="http://purl.org/dc/elements/1.1/" xmlns:xsi="http://www.w3.org/2001/XMLSchema-instance" xsi:schemaLocation="http://www.openarchives.org/OAI/2.0/oai_dc/ http://www.openarchives.org/OAI/2.0/oai_dc.xsd">
  <dc:title>Egg og kyllingkjøtt på økologisk vis</dc:title>
  <dc:creator>Koesling, Matthias</dc:creator>
  <dc:creator>Grøva, Lise</dc:creator>
  <dc:creator>Serikstad, Grete Lene</dc:creator>
  <dc:subject>Food security, food quality and human health</dc:subject>
  <dc:subject>Poultry</dc:subject>
  <dc:description>Det er ikke mulig å se forskjell på økologiske og konvensjonelle egg. Likevel er det stor forskjell på hvordan hønene som har lagt eggene har hatt det. Økologisk fjørfe holdes ikke i bur og har tilgang på uteareal. De kan flakse med vingene, sandbade og vagle seg på sittepinner. Betegnelsen ”frittgående høner” brukes om høns som går fritt inne, men ikke kan gå ute.</dc:description>
  <dc:date>2007-03</dc:date>
  <dc:type>Report</dc:type>
  <dc:type>NonPeerReviewed</dc:type>
  <dc:format>application/pdf</dc:format>
  <dc:identifier>http://orgprints.org/10599/1/Tema_09_2007_Egg_og_kyllingkjoett.pdf</dc:identifier>
  <dc:identifier>Koesling, Matthias; Grøva, Lise and Serikstad, Grete Lene         (2007) Egg og kyllingkjøtt på økologisk vis.   Bioforsk TEMA, no. 9. Bioforsk, Bioforsk Økologisk.</dc:identifier>
  <dc:relation>http://orgprints.org/10599/</dc:relation>
</oai_dc:dc>