<oai_dc:dc xmlns:oai_dc="http://www.openarchives.org/OAI/2.0/oai_dc/" xmlns:dc="http://purl.org/dc/elements/1.1/" xmlns:xsi="http://www.w3.org/2001/XMLSchema-instance" xsi:schemaLocation="http://www.openarchives.org/OAI/2.0/oai_dc/ http://www.openarchives.org/OAI/2.0/oai_dc.xsd">
  <dc:title>Ulike utviklingstrinn på surfôr til økologisk melkeproduksjon i Nord-Norge</dc:title>
  <dc:creator>Adler, Steffen A.</dc:creator>
  <dc:creator>Randby, Åshild T.</dc:creator>
  <dc:subject>Dairy cattle</dc:subject>
  <dc:subject>Feeding and growth</dc:subject>
  <dc:description>Økologisk eng ble høstet (første slått) når timoteiaksene kunne kjennes i stengelen (S1) og når hele timoteiaks var synlig (S2) og ensilert i rundballer i Bodø i 2004. De to surfôrtypene ble sammenlignet i et kontinuerlig produksjonsforsøk med 32 melkekyr. Før kalving ble dyrene delt inn i 2 grupper med en årlig kraftfôrtildeling tilsvarende henholdsvis 40% (H) og 10% (L) i fôrrasjonen (regnet på energibasis). Første slått ved utviklingstrinn 1 ga lavere avlinger enn ved utviklingstrinn 2 (217 vs. 466 kg TS/daa). Ved bruk av S1 kunne kraftfôrmengden reduseres med over 3 kg TS per dag uten å redusere melkeytelsen nevneverdig sammenlikna med S2 og høy kraftfôrmengde, og samtidig økte proteininnholdet. I den grad reduserte engavlinger ikke er en begrensende faktor på gården anbefales høsting av økologisk gras-kløvereng ved første slått når timoteiaksene kan kjennes i stengelen.</dc:description>
  <dc:contributor>Dille, Liv Lønne</dc:contributor>
  <dc:date>2007</dc:date>
  <dc:type>Conference paper, poster, etc.</dc:type>
  <dc:type>NonPeerReviewed</dc:type>
  <dc:format>application/pdf</dc:format>
  <dc:identifier>http://orgprints.org/10567/1/Adler_Randby_utviklingstrinn_HFM07.pdf</dc:identifier>
  <dc:identifier>Adler, Steffen A. and Randby, Åshild T.    (2007) Ulike utviklingstrinn på surfôr til økologisk melkeproduksjon i Nord-Norge.  [The effect of grass maturity at harvest for silage on lactation of dairy cows in organic farming in northern Norway.]  In: Dille, Liv Lønne (Ed.)  Husdyrforsøksmøtet 2007, pp. 493-496.</dc:identifier>
  <dc:relation>http://orgprints.org/10567/</dc:relation>
</oai_dc:dc>