<oai_dc:dc xmlns:oai_dc="http://www.openarchives.org/OAI/2.0/oai_dc/" xmlns:dc="http://purl.org/dc/elements/1.1/" xmlns:xsi="http://www.w3.org/2001/XMLSchema-instance" xsi:schemaLocation="http://www.openarchives.org/OAI/2.0/oai_dc/ http://www.openarchives.org/OAI/2.0/oai_dc.xsd">
  <dc:title>Sortenmischungen bei Getreide: Eine Chance für die ökologische Qualitätsproduktion</dc:title>
  <dc:creator>Finckh, Maria R.</dc:creator>
  <dc:subject>Crop health, quality, protection</dc:subject>
  <dc:subject>Cereals, pulses and oilseeds</dc:subject>
  <dc:description>Um eine hohe Backqualität vor allem auch für Weißmehlprodukte zu erreichen, muss der Weizen optimal mit Nährstoffen versorgt werden. Dies bedeutet im ökologischen Landbau, dass das N-Angebot erhöht werden muss. Während dies einerseits Erträge und/oder Qualität steigern kann, erhöht es andererseits auch die Anfälligkeit des Bestandes vor allem gegenüber obligaten Pathogenen, wie Rost und Mehltau. Außerdem nimmt der Fusariumbefall bei erhöhtem N-Angebot deutlich zu. Fusariumbefall beeinflusst die Qualität durch die Produktion von Mykotoxinen sowie durch eine unmittelbare Verminderung der Backqualität.</dc:description>
  <dc:publisher>Stiftung Ökologie &amp; Landbau (SÖL), Bad Dürkheim</dc:publisher>
  <dc:date>2002</dc:date>
  <dc:type>Journal paper</dc:type>
  <dc:type>NonPeerReviewed</dc:type>
  <dc:format>application/pdf</dc:format>
  <dc:identifier>http://orgprints.org/1040/1/Finckh.pdf</dc:identifier>
  <dc:identifier>Finckh, Maria R.   (2002) Sortenmischungen bei Getreide: Eine Chance für die ökologische Qualitätsproduktion.   SÖL-Berater-Rundbrief (2), pp. 3-4.</dc:identifier>
  <dc:relation>http://orgprints.org/1040/</dc:relation>
</oai_dc:dc>