<oai_dc:dc xmlns:oai_dc="http://www.openarchives.org/OAI/2.0/oai_dc/" xmlns:dc="http://purl.org/dc/elements/1.1/" xmlns:xsi="http://www.w3.org/2001/XMLSchema-instance" xsi:schemaLocation="http://www.openarchives.org/OAI/2.0/oai_dc/ http://www.openarchives.org/OAI/2.0/oai_dc.xsd">
  <dc:title>Økologisk landbruk og matvaresikkerhet</dc:title>
  <dc:creator>Koesling, Matthias</dc:creator>
  <dc:creator>Holten, Jon Magne</dc:creator>
  <dc:creator>Serikstad, Grete Lene</dc:creator>
  <dc:subject>Food security, food quality and human health</dc:subject>
  <dc:subject>"Organics" in general</dc:subject>
  <dc:subject>Markets and trade</dc:subject>
  <dc:subject>Community development</dc:subject>
  <dc:description>Nesten en femdel av verdens befolkning er konstant underernærte. De viktigste begrensningene for matsikkerhet skyldes sosiale, politiske og økonomiske forhold. Økologisk landbruk kan øke matsikkerheten i utviklingsland gjennom større og mer stabile avlinger, reduserte kostnader og økte inntekter på grunn av økt jordfruktbarhet og større biologisk mangfold.</dc:description>
  <dc:date>2007-03</dc:date>
  <dc:type>Report</dc:type>
  <dc:type>NonPeerReviewed</dc:type>
  <dc:format>application/pdf</dc:format>
  <dc:identifier>http://orgprints.org/10604/1/Tema_14_2007_Oekologisk_landbruk_og_matvaresikkerhet.pdf</dc:identifier>
  <dc:identifier>Koesling, Matthias; Holten, Jon Magne and Serikstad, Grete Lene         (2007) Økologisk landbruk og matvaresikkerhet.   Bioforsk TEMA, no. 14. Bioforsk, Bioforsk Økologisk.</dc:identifier>
  <dc:relation>http://orgprints.org/10604/</dc:relation>
</oai_dc:dc>