<oai_dc:dc xmlns:oai_dc="http://www.openarchives.org/OAI/2.0/oai_dc/" xmlns:dc="http://purl.org/dc/elements/1.1/" xmlns:xsi="http://www.w3.org/2001/XMLSchema-instance" xsi:schemaLocation="http://www.openarchives.org/OAI/2.0/oai_dc/ http://www.openarchives.org/OAI/2.0/oai_dc.xsd">
  <dc:title>Energy crops and renewable energy: overall and process efficiency</dc:title>
  <dc:creator>Schäfer, Winfried</dc:creator>
  <dc:subject>Post harvest management and techniques</dc:subject>
  <dc:description>Here are compared efficiencies of energy crops with technical alternatives of renewable energy production. Production of rape as energy crop is presented.</dc:description>
  <dc:publisher>Sveriges lantbruksuniversitet</dc:publisher>
  <dc:date>2006</dc:date>
  <dc:type>Journal paper</dc:type>
  <dc:type>NonPeerReviewed</dc:type>
  <dc:format>application/pdf</dc:format>
  <dc:identifier>http://orgprints.org/10630/1/fnytt406_11-13.pdf</dc:identifier>
  <dc:identifier>Schäfer, Winfried   (2006) Energy crops and renewable energy: overall and process efficiency.   Forskningsnytt om økologisk landbruk i Norden (4), pp. 11-13.</dc:identifier>
  <dc:relation>http://orgprints.org/10630/</dc:relation>
</oai_dc:dc>