<oai_dc:dc xmlns:oai_dc="http://www.openarchives.org/OAI/2.0/oai_dc/" xmlns:dc="http://purl.org/dc/elements/1.1/" xmlns:xsi="http://www.w3.org/2001/XMLSchema-instance" xsi:schemaLocation="http://www.openarchives.org/OAI/2.0/oai_dc/ http://www.openarchives.org/OAI/2.0/oai_dc.xsd">
  <dc:title>Bekæmpelse af æbleskurv i økologisk frugtavl - kan plantekstrakter, biologisk bekæmpelse og induceret resistens anvendes?</dc:title>
  <dc:creator>Pedersen, Hanne Lindhard</dc:creator>
  <dc:creator>Hockenhull, John</dc:creator>
  <dc:creator>Bengtsson, Marianne</dc:creator>
  <dc:creator>Jørgensen, Hans J. Lyngs</dc:creator>
  <dc:creator>Nørbæk, Rikke</dc:creator>
  <dc:creator>Paaske, Klaus</dc:creator>
  <dc:subject>Soil</dc:subject>
  <dc:description>Der er stort behov for at finde alternative muligheder til at bekæmpe æbleskurv i økologisk æbledyrkning, da de fleste tilgængelige metoder, inklusive sprøjtning med svovl, kun har ringe effekt. I det danske samarbejdsprojekt "StopScab" mellem Den Kgl. Veterinær- &amp; Landbohøjskole og Danmarks JordbrugsForskning undersøges planteekstrakter, essentielle olier, biologiske bekæmpelsesorganismer og midler, der aktiverer plantens egne resistensmekanismer (induceret resistens) for deres effektivitet mod æbleskurv.</dc:description>
  <dc:publisher>Forskningsnytt</dc:publisher>
  <dc:date>2003</dc:date>
  <dc:type>Newspaper or magazine article</dc:type>
  <dc:type>NonPeerReviewed</dc:type>
  <dc:format>application/pdf</dc:format>
  <dc:identifier>http://orgprints.org/10097/1/10097.pdf</dc:identifier>
  <dc:identifier>Pedersen, Hanne Lindhard; Hockenhull, John; Bengtsson, Marianne; Jørgensen, Hans J. Lyngs; Nørbæk, Rikke and Paaske, Klaus    (2003) Bekæmpelse af æbleskurv i økologisk frugtavl - kan plantekstrakter, biologisk bekæmpelse og induceret resistens anvendes?   Forskningsnytt, 2003 (2), pp. 26-27.</dc:identifier>
  <dc:relation>http://orgprints.org/10097/</dc:relation>
</oai_dc:dc>