<oai_dc:dc xmlns:oai_dc="http://www.openarchives.org/OAI/2.0/oai_dc/" xmlns:dc="http://purl.org/dc/elements/1.1/" xmlns:xsi="http://www.w3.org/2001/XMLSchema-instance" xsi:schemaLocation="http://www.openarchives.org/OAI/2.0/oai_dc/ http://www.openarchives.org/OAI/2.0/oai_dc.xsd">
  <dc:title>Improving Sustainability in Organic and Low Input Food Production Systems. Proceedings of the 3rd International Congress of the European Integrated Project Quality Low Input Food (QLIF). University of Hohenheim, Germany, March 20 – 23, 2007</dc:title>
  <dc:subject>"Organics" in general</dc:subject>
  <dc:subject>Research communication and quality</dc:subject>
  <dc:description>These proceedings document the results of the congress 'Improving Sustainability in Organic and Low Input Food Production Systems' which took place on March 20–23, 2007, at the University of Hohenheim in Germany. This congress was the 3rd in a series organized as part of the EU funded Integrated Project 'Quality Low Input Food' QLIF . &#xD;
The congress was convened in parallel with the 9th Scientific Conference on Organic Agriculture in German-speaking countries, entitled 'Between tradition and globalization', hosted by the University of Hohenheim. &#xD;
&#xD;
The QLIF project aims to improve quality, ensure safety and reduce cost along the organic and low input food supply chains through research, dissemination and training activities. Its subprojects cover all aspects of organic and low input food and farming: Consumer studies, quality, crop &amp; livestock production, processing and supply chains, environmental and socioeconomic aspects.</dc:description>
  <dc:publisher>Research Institute of Organic Agriculture  FiBL, CH-Frick</dc:publisher>
  <dc:contributor>Niggli, Urs</dc:contributor>
  <dc:contributor>Leifert, Carlo</dc:contributor>
  <dc:contributor>Alföldi, Thomas</dc:contributor>
  <dc:contributor>Lück, Lorna</dc:contributor>
  <dc:contributor>Willer, Helga</dc:contributor>
  <dc:date>2007</dc:date>
  <dc:type>Book</dc:type>
  <dc:type>NonPeerReviewed</dc:type>
  <dc:format>application/pdf</dc:format>
  <dc:identifier>http://orgprints.org/10417/2/leifert-etal-proceedings-qlif.pdf</dc:identifier>
  <dc:identifier>Niggli, Urs; Leifert, Carlo; Alföldi, Thomas; Lück, Lorna and Willer, Helga (Eds.)      (2007) Improving Sustainability in Organic and Low Input Food Production Systems. Proceedings of the 3rd International Congress of the European Integrated Project Quality Low Input Food (QLIF). University of Hohenheim, Germany, March 20 – 23, 2007.     Research Institute of Organic Agriculture FiBL, CH-Frick.     [In Press]</dc:identifier>
  <dc:relation>http://orgprints.org/10417/</dc:relation>
</oai_dc:dc>