<oai_dc:dc xmlns:oai_dc="http://www.openarchives.org/OAI/2.0/oai_dc/" xmlns:dc="http://purl.org/dc/elements/1.1/" xmlns:xsi="http://www.w3.org/2001/XMLSchema-instance" xsi:schemaLocation="http://www.openarchives.org/OAI/2.0/oai_dc/ http://www.openarchives.org/OAI/2.0/oai_dc.xsd">
  <dc:title>Statistik der biologischen Landwirtschaftsbetriebe der Schweiz 1997</dc:title>
  <dc:creator>Hartnagel, Siegfried</dc:creator>
  <dc:subject>Switzerland</dc:subject>
  <dc:subject>Surveys and statistics</dc:subject>
  <dc:description>Diese Broschüre informiert mit ausführlichem Tabellenmaterial, Grafiken und Texten über den Stand des Biolandbaus in der Schweiz 1997.</dc:description>
  <dc:date>1998</dc:date>
  <dc:type>Report</dc:type>
  <dc:type>NonPeerReviewed</dc:type>
  <dc:format>application/pdf</dc:format>
  <dc:identifier>http://orgprints.org/10264/1/hartnagel-1998-statistik-schweiz-1997.pdf</dc:identifier>
  <dc:identifier>Hartnagel, Siegfried         (1998) Statistik der biologischen Landwirtschaftsbetriebe der Schweiz 1997.    Forschungsinstitut für biologischen Landbau FiBL, Frick, und Bio Suisse, Basel.</dc:identifier>
  <dc:relation>http://orgprints.org/10264/</dc:relation>
</oai_dc:dc>