<oai_dc:dc xmlns:oai_dc="http://www.openarchives.org/OAI/2.0/oai_dc/" xmlns:dc="http://purl.org/dc/elements/1.1/" xmlns:xsi="http://www.w3.org/2001/XMLSchema-instance" xsi:schemaLocation="http://www.openarchives.org/OAI/2.0/oai_dc/ http://www.openarchives.org/OAI/2.0/oai_dc.xsd">
  <dc:title>Farmers' approaches to ecological agriculture</dc:title>
  <dc:creator>Vartdal, Barbro</dc:creator>
  <dc:creator>Løes, Anne-Kristin</dc:creator>
  <dc:subject>Social aspects</dc:subject>
  <dc:description>Three categories of organic farmers are described; the ecosopher, the antroposopher and the reformist, the latter being locally oriented whereas the two first catergories were more globally oriented. Conversion to organic agriculture is described as a process of social adaptation.</dc:description>
  <dc:publisher>IFOAM</dc:publisher>
  <dc:date>1995</dc:date>
  <dc:type>Journal paper</dc:type>
  <dc:type>NonPeerReviewed</dc:type>
  <dc:format>application/pdf</dc:format>
  <dc:identifier>http://orgprints.org/10700/1/30_farm_project_Ecology_and_farming_1995.pdf</dc:identifier>
  <dc:identifier>Vartdal, Barbro and Løes, Anne-Kristin   (1995) Farmers' approaches to ecological agriculture.   Ecology and farming (9, May 1995), pp. 20-22.</dc:identifier>
  <dc:relation>http://orgprints.org/10700/</dc:relation>
</oai_dc:dc>