<oai_dc:dc xmlns:oai_dc="http://www.openarchives.org/OAI/2.0/oai_dc/" xmlns:dc="http://purl.org/dc/elements/1.1/" xmlns:xsi="http://www.w3.org/2001/XMLSchema-instance" xsi:schemaLocation="http://www.openarchives.org/OAI/2.0/oai_dc/ http://www.openarchives.org/OAI/2.0/oai_dc.xsd">
  <dc:title>Halbzeitergebnisse im Projekt Ökologische Bodenbewirtschaftung (PÖB) [Results of the project ecological soil management (POEB) after five years]</dc:title>
  <dc:creator>Hampl, Ulrich</dc:creator>
  <dc:subject>Soil quality</dc:subject>
  <dc:subject>Biodiversity and ecosystem services</dc:subject>
  <dc:subject>Soil tillage</dc:subject>
  <dc:subject>Soil biology</dc:subject>
  <dc:subject>Soil</dc:subject>
  <dc:description>Mit dem Ziel, ökologische Bodenbewirtschaftungsverfahren zu erforschen, zu demonstrieren und das erarbeitete Wissen an die Praxis und Beratung weiterzugeben, wurde 1994 in Wörrstadt/Rheinhessen das Projekt Ökologische Bodenbewirtschaftung (PÖB) gestartet. Das auf zehn Jahre angelegte Projekt wird hauptsächlich durch das Land Rheinland-Pfalz finanziert und gemeinsam von der Stiftung Ökologie &amp; Landbau und der Landesanstalt für Pflanzenbau und Pflanzenschutz, Mainz, durchgeführt.&#xD;
Bei dem Projekt werden regelmäßig erfasst:&#xD;
– Textur, Gefüge und Durchwurzelbarkeit des Bodens;&#xD;
– Luft- und Wasserhaushalt;&#xD;
– Stoff-Flüsse im Boden;&#xD;
– biologische Aktivität und biologische Vielfalt im Agrarökosystem.&#xD;
Dabei werden vergleichend die Einflüsse einer intensiven, reduzierten und konservierenden Grundbodenbearbeitung (Pflug – Zweischichtenpflug – Schichtengrubber) untersucht.&#xD;
Nach fünf Jahren lässt sich ein deutlicher Einfluss der variierten Grundbodenbearbeitung auf die Versuchsergebnisse feststellen.</dc:description>
  <dc:publisher>Stiftung Ökologie &amp; Landbau, Bad Dürkheim</dc:publisher>
  <dc:date>2000</dc:date>
  <dc:type>Journal paper</dc:type>
  <dc:type>NonPeerReviewed</dc:type>
  <dc:format>application/pdf</dc:format>
  <dc:identifier>http://orgprints.org/1054/1/1054-hampl-u-2000-poeb-halbzeit.pdf</dc:identifier>
  <dc:identifier>Hampl, Ulrich   (2000) Halbzeitergebnisse im Projekt Ökologische Bodenbewirtschaftung (PÖB) [Results of the project ecological soil management (POEB) after five years].   Ökologie &amp; Landbau, 115 (3/2000), pp. 36-37.</dc:identifier>
  <dc:relation>http://orgprints.org/1054/</dc:relation>
</oai_dc:dc>