<oai_dc:dc xmlns:oai_dc="http://www.openarchives.org/OAI/2.0/oai_dc/" xmlns:dc="http://purl.org/dc/elements/1.1/" xmlns:xsi="http://www.w3.org/2001/XMLSchema-instance" xsi:schemaLocation="http://www.openarchives.org/OAI/2.0/oai_dc/ http://www.openarchives.org/OAI/2.0/oai_dc.xsd">
  <dc:title>Can organic farming deliver natural heritage goals in the UK uplands?</dc:title>
  <dc:creator>Watson, C A</dc:creator>
  <dc:creator>Chamberlain, D E</dc:creator>
  <dc:creator>Norton, L R</dc:creator>
  <dc:creator>Fuller, R J</dc:creator>
  <dc:creator>Atkinson, C J</dc:creator>
  <dc:creator>Fowler, S M</dc:creator>
  <dc:creator>McCracken, D I</dc:creator>
  <dc:creator>Wolfe, M S</dc:creator>
  <dc:creator>Walker, R L</dc:creator>
  <dc:subject>Landscape and recreation</dc:subject>
  <dc:subject>Biodiversity and ecosystem services</dc:subject>
  <dc:description>Policy support for organic farming in the UK is based in part on the ability of organic farming systems to deliver natural heritage benefi ts. Most UK research on the natural heritage benefi ts of organic farming has addressed lowland arable systems. A reanalysis of a subset of data from a MAFF-funded study of biodiversity in England and Wales suggests that organic systems in predominantly pastoral landscapes may show similar biodiversity benefi ts to ones in predominantly arable landscapes. Future research needs to address organically managed pastoral, hill and upland systems across the UK.</dc:description>
  <dc:publisher>Association of Applied Biologists</dc:publisher>
  <dc:contributor>Atkinson, C</dc:contributor>
  <dc:contributor>Ball, B</dc:contributor>
  <dc:contributor>Davies, D H K</dc:contributor>
  <dc:contributor>Rees, R</dc:contributor>
  <dc:contributor>Russell, G</dc:contributor>
  <dc:contributor>Stockdale, E A</dc:contributor>
  <dc:contributor>Watson, C A</dc:contributor>
  <dc:contributor>Walker, R</dc:contributor>
  <dc:contributor>Younie, D</dc:contributor>
  <dc:date>2006</dc:date>
  <dc:type>Conference paper, poster, etc.</dc:type>
  <dc:type>NonPeerReviewed</dc:type>
  <dc:format>application/pdf</dc:format>
  <dc:identifier>http://orgprints.org/10154/1/Can_organic_farming_deliver_natural_heritage_goals_in_the_UK_uplands.pdf</dc:identifier>
  <dc:identifier>Watson, C A; Chamberlain, D E; Norton, L R; Fuller, R J; Atkinson, C J; Fowler, S M; McCracken, D I; Wolfe, M S and Walker, R L    (2006) Can organic farming deliver natural heritage goals in the UK uplands?   In: Atkinson, C; Ball, B; Davies, D H K; Rees, R; Russell, G; Stockdale, E A; Watson, C A; Walker, R and Younie, D (Eds.)  Aspects of Applied Biology 79, What will organic farming deliver? COR 2006, Association of Applied Biologists, pp. 5-8.</dc:identifier>
  <dc:relation>http://orgprints.org/10154/</dc:relation>
</oai_dc:dc>