<oai_dc:dc xmlns:oai_dc="http://www.openarchives.org/OAI/2.0/oai_dc/" xmlns:dc="http://purl.org/dc/elements/1.1/" xmlns:xsi="http://www.w3.org/2001/XMLSchema-instance" xsi:schemaLocation="http://www.openarchives.org/OAI/2.0/oai_dc/ http://www.openarchives.org/OAI/2.0/oai_dc.xsd">
  <dc:title>SUMMARY OF SHEEPDROVE ORGANIC FARM SILVO-POULTRY PRODUCTION SYSTEM</dc:title>
  <dc:creator>Pegg, Vanessa</dc:creator>
  <dc:creator>Pearce, Bruce</dc:creator>
  <dc:subject>Poultry</dc:subject>
  <dc:description>Sheepdrove Organic Farm (SOF) introduced a silvo-poultry enterprise in 2002. This report describes the system as observed by Vanessa Pegg and makes recommendations for improvements to the system. Specific ad hoc reports will also be produced on specific issues as Vanessa’s work progresses.</dc:description>
  <dc:date>2003-04</dc:date>
  <dc:type>Report</dc:type>
  <dc:type>NonPeerReviewed</dc:type>
  <dc:format>application/pdf</dc:format>
  <dc:identifier>http://orgprints.org/10319/1/chickens_and_treesFINAL.pdf</dc:identifier>
  <dc:identifier>Pegg, Vanessa and Pearce, Bruce         (2003) SUMMARY OF SHEEPDROVE ORGANIC FARM SILVO-POULTRY PRODUCTION SYSTEM.    The Organic Research Centre, Elm Farm.</dc:identifier>
  <dc:relation>http://orgprints.org/10319/</dc:relation>
</oai_dc:dc>