<oai_dc:dc xmlns:oai_dc="http://www.openarchives.org/OAI/2.0/oai_dc/" xmlns:dc="http://purl.org/dc/elements/1.1/" xmlns:xsi="http://www.w3.org/2001/XMLSchema-instance" xsi:schemaLocation="http://www.openarchives.org/OAI/2.0/oai_dc/ http://www.openarchives.org/OAI/2.0/oai_dc.xsd">
  <dc:title>Market potential for organic foods in Europe</dc:title>
  <dc:creator>Wier, Mette</dc:creator>
  <dc:creator>Calverley, Carmen</dc:creator>
  <dc:subject>Consumer issues</dc:subject>
  <dc:description>Examines the potential of organic foods in European markets, focusing on consumer demand for organic foods and the possibilities for market expansion.. Aims to assess potential sales, to identify the factors determining buying propensity, and to identify the main market barriers. Identifies the types of consumers who purchase organic foods, classifying them according to socio-economic and demographic characteristics. Elucidates the motives for purchasing and the willingness to pay. Identifies the main market barriers and bottlenecks,&#xD;
and examins the potential for future expansion.</dc:description>
  <dc:date>2002</dc:date>
  <dc:type>Journal paper</dc:type>
  <dc:type>NonPeerReviewed</dc:type>
  <dc:format>application/pdf</dc:format>
  <dc:identifier>http://orgprints.org/100/1/market_potentials.pdf</dc:identifier>
  <dc:identifier>Wier, Mette and Calverley, Carmen   (2002) Market potential for organic foods in Europe.   British Food Journal, 104 (1), pp. 45-62.</dc:identifier>
  <dc:relation>http://orgprints.org/100/</dc:relation>
</oai_dc:dc>