<oai_dc:dc xmlns:oai_dc="http://www.openarchives.org/OAI/2.0/oai_dc/" xmlns:dc="http://purl.org/dc/elements/1.1/" xmlns:xsi="http://www.w3.org/2001/XMLSchema-instance" xsi:schemaLocation="http://www.openarchives.org/OAI/2.0/oai_dc/ http://www.openarchives.org/OAI/2.0/oai_dc.xsd">
  <dc:title>Fachtagung Bioobstbau 2007</dc:title>
  <dc:subject>Crop health, quality, protection</dc:subject>
  <dc:subject>Fruit and berries</dc:subject>
  <dc:subject>Composting and manuring</dc:subject>
  <dc:publisher>Forschungsinstitut für biologischen Landbau (FiBL), CH-Frick</dc:publisher>
  <dc:contributor>Häseli, Andi</dc:contributor>
  <dc:date>2007</dc:date>
  <dc:type>Proceedings</dc:type>
  <dc:type>NonPeerReviewed</dc:type>
  <dc:format>application/pdf</dc:format>
  <dc:identifier>http://orgprints.org/10497/1/haeseli-2007-tb-1452-obstbautagung_07.pdf</dc:identifier>
  <dc:identifier>Häseli, Andi (Ed.)    (2007) Fachtagung Bioobstbau 2007.  [Proceedings of the FiBL Organic Fruit Seminar 2007.]  Forschungsinstitut für biologischen Landbau (FiBL), CH-Frick, FiBL-Tagungsband.</dc:identifier>
  <dc:relation>http://orgprints.org/10497/</dc:relation>
</oai_dc:dc>