<oai_dc:dc xmlns:oai_dc="http://www.openarchives.org/OAI/2.0/oai_dc/" xmlns:dc="http://purl.org/dc/elements/1.1/" xmlns:xsi="http://www.w3.org/2001/XMLSchema-instance" xsi:schemaLocation="http://www.openarchives.org/OAI/2.0/oai_dc/ http://www.openarchives.org/OAI/2.0/oai_dc.xsd">
  <dc:title>Presence of Salmonella and Campylobacter spp. in Wild Small Mammals on Organic Farms</dc:title>
  <dc:creator>Meerburg, B.G.</dc:creator>
  <dc:creator>Jacobs-Reitsma, W.F.</dc:creator>
  <dc:creator>Wagenaar, J.A.</dc:creator>
  <dc:creator>Kijlstra, A.</dc:creator>
  <dc:subject>Poultry</dc:subject>
  <dc:subject>Pigs</dc:subject>
  <dc:subject>Production systems</dc:subject>
  <dc:subject>Health and welfare</dc:subject>
  <dc:description>The presence of Salmonella and Campylobacter spp. in rodents and insectivores (n = 282) was investigated on organic farms. Infections were encountered in house mice (8 of 83 Campylobacter positive and 1 of 83 Salmonella sp. strain Livingstone positive) and brown rats (1 of 8 Campylobacter positive) but not in other species. No shared Campylobacter genotypes were found between rodent and pig manure isolates. Effective on-farm rodent management is recommended.</dc:description>
  <dc:publisher>American Society for Microbiology</dc:publisher>
  <dc:date>2006-01</dc:date>
  <dc:type>Journal paper</dc:type>
  <dc:type>NonPeerReviewed</dc:type>
  <dc:format>application/pdf</dc:format>
  <dc:identifier>http://orgprints.org/10062/1/960.pdf</dc:identifier>
  <dc:identifier>Meerburg, B.G.; Jacobs-Reitsma, W.F.; Wagenaar, J.A. and Kijlstra, A.   (2006) Presence of Salmonella and Campylobacter spp. in Wild Small Mammals on Organic Farms.   Applied &amp; Environmental Microbiology, 72 (1), pp. 960-962.</dc:identifier>
  <dc:relation>http://orgprints.org/10062/</dc:relation>
</oai_dc:dc>