<oai_dc:dc xmlns:oai_dc="http://www.openarchives.org/OAI/2.0/oai_dc/" xmlns:dc="http://purl.org/dc/elements/1.1/" xmlns:xsi="http://www.w3.org/2001/XMLSchema-instance" xsi:schemaLocation="http://www.openarchives.org/OAI/2.0/oai_dc/ http://www.openarchives.org/OAI/2.0/oai_dc.xsd">
  <dc:title>Permanent Agriculture: Precursor to Organic Farming</dc:title>
  <dc:creator>Paull, John</dc:creator>
  <dc:subject>United States</dc:subject>
  <dc:subject>"Organics" in general</dc:subject>
  <dc:subject>History of organics</dc:subject>
  <dc:subject>Soil</dc:subject>
  <dc:subject>Asia</dc:subject>
  <dc:description>The concept of Permanent Agriculture predates Organic Agriculture by thirty years. Following a clash with the USDA over the theory of soil fertility, American soil scientist Franklin King wrote "Farmers of Forty Centuries or Permanent Agriculture in China, Korea and Japan" (1911). Permanent Agriculture and Organic Agriculture share many ideas. The founder of Organic Agriculture described Franklin's work as a "classic" which "no student of farming or social science can afford to ignore".</dc:description>
  <dc:publisher>Bio-Dynamics Tasmania Inc</dc:publisher>
  <dc:contributor>Le Lievre, Rodney</dc:contributor>
  <dc:date>2006-12</dc:date>
  <dc:type>Journal paper</dc:type>
  <dc:type>NonPeerReviewed</dc:type>
  <dc:format>application/pdf</dc:format>
  <dc:identifier>http://orgprints.org/10237/1/10237.pdf</dc:identifier>
  <dc:identifier>Paull, John   (2006) Permanent Agriculture: Precursor to Organic Farming.   Elementals: Journal of Bio-Dynamics Tasmania (83), pp. 19-21.</dc:identifier>
  <dc:relation>http://orgprints.org/10237/</dc:relation>
</oai_dc:dc>