<oai_dc:dc xmlns:oai_dc="http://www.openarchives.org/OAI/2.0/oai_dc/" xmlns:dc="http://purl.org/dc/elements/1.1/" xmlns:xsi="http://www.w3.org/2001/XMLSchema-instance" xsi:schemaLocation="http://www.openarchives.org/OAI/2.0/oai_dc/ http://www.openarchives.org/OAI/2.0/oai_dc.xsd">
  <dc:title>Rækkedampning, effekter og økonomi</dc:title>
  <dc:creator>Kristensen, Erik Fløjgaard</dc:creator>
  <dc:creator>Kristensen, Jens Kristian</dc:creator>
  <dc:creator>Melander, Bo</dc:creator>
  <dc:subject>Weed management</dc:subject>
  <dc:description>Der er udviklet en maskine til dampbehandling af jorden inden såning med henblik på at ødelægge ukrudtsfrøs spireevne. Princippet i maskinen er, at processen sker i et lukket kammer, som trækkes hen over det bånd der ønskes behandlet. Dampen ledes ind i kammeret og penetrerer effektivt ind i jordpartiklerne. Resultater har vist, at der kan opnås en effektiv ukrudtskontrol ved en behandlingstemperatur på 80-90 grader.&#xD;
Energiforbruget har ligget på ca. 400 l olie per ha. Økonomiske overslagsberegninger viser at der for et 4-rækket system vil være økonomisk balance i økologisk dyrkede gulerødder og løg ved arealstørrelser på ca. 8 ha.</dc:description>
  <dc:date>2006</dc:date>
  <dc:type>Conference paper, poster, etc.</dc:type>
  <dc:type>NonPeerReviewed</dc:type>
  <dc:format>application/pdf</dc:format>
  <dc:identifier>http://orgprints.org/10004/1/10004.pdf</dc:identifier>
  <dc:identifier>Kristensen, Erik Fløjgaard; Kristensen, Jens Kristian and Melander, Bo    (2006) Rækkedampning, effekter og økonomi.  [Band steaming, effect and economy.]  In:     Økologi-kongres 2006 - Indblik og udsyn. Kongresbilag, pp. 74-75.</dc:identifier>
  <dc:relation>http://orgprints.org/10004/</dc:relation>
</oai_dc:dc>