<oai_dc:dc xmlns:oai_dc="http://www.openarchives.org/OAI/2.0/oai_dc/" xmlns:dc="http://purl.org/dc/elements/1.1/" xmlns:xsi="http://www.w3.org/2001/XMLSchema-instance" xsi:schemaLocation="http://www.openarchives.org/OAI/2.0/oai_dc/ http://www.openarchives.org/OAI/2.0/oai_dc.xsd">
  <dc:title>Untersuchungen zu Fütterung, Milchleistung und Tiergesundheit von Milchkühen im Ökologischen Landbau</dc:title>
  <dc:creator>Leisen, E.</dc:creator>
  <dc:creator>Pries, M.</dc:creator>
  <dc:creator>Heimberg, P.</dc:creator>
  <dc:subject>Animal husbandry</dc:subject>
  <dc:subject>Health and welfare</dc:subject>
  <dc:subject>Feeding and growth</dc:subject>
  <dc:description>The breeding scheme entails yield differences of more than 2 000 kg energy corrected milk (ECM) per cow and year. On average, farms feeding less concentrate yielded slightly lower milk yields per cow and year, however, because of the longer productive life the cows showed similar milk yields over their lifetime. The farms investigated so far appeared to have healthy cows, even if fed low levels of concentrates or in the case of extremely low or high urea contents in the milk. These values could indicate the cows’ ability to compensate for short-dated changes.</dc:description>
  <dc:date>2007</dc:date>
  <dc:type>Conference paper, poster, etc.</dc:type>
  <dc:type>NonPeerReviewed</dc:type>
  <dc:format>application/pdf</dc:format>
  <dc:identifier>http://orgprints.org/10326/1/10326_Leisen_Poster.pdf</dc:identifier>
  <dc:identifier>Leisen, E.; Pries, M. and Heimberg, P.    (2007) Untersuchungen zu Fütterung, Milchleistung und Tiergesundheit von Milchkühen im Ökologischen Landbau.  [Investigation of feeding, milk yield, and animal health of dairy cows in organic farming systems.]      Poster at:   Zwischen Tradition und Globalisierung – 9. Wissenschaftstagung Ökologischer Landbau, Universität Hohenheim, Stuttgart, Deutschland, 20.-23.03.2007.</dc:identifier>
  <dc:relation>http://orgprints.org/10326/</dc:relation>
</oai_dc:dc>