<oai_dc:dc xmlns:oai_dc="http://www.openarchives.org/OAI/2.0/oai_dc/" xmlns:dc="http://purl.org/dc/elements/1.1/" xmlns:xsi="http://www.w3.org/2001/XMLSchema-instance" xsi:schemaLocation="http://www.openarchives.org/OAI/2.0/oai_dc/ http://www.openarchives.org/OAI/2.0/oai_dc.xsd">
  <dc:title>Wachsender Biomarkt in Europa</dc:title>
  <dc:creator>Richter, Toralf</dc:creator>
  <dc:creator>Alföldi, Thomas</dc:creator>
  <dc:subject>Markets and trade</dc:subject>
  <dc:subject>Policy environments and social economy</dc:subject>
  <dc:description>Overview of the situation of the European Market for Organic Products in 2002.</dc:description>
  <dc:date>2003-02</dc:date>
  <dc:type>Newspaper or magazine article</dc:type>
  <dc:type>NonPeerReviewed</dc:type>
  <dc:format>application/pdf</dc:format>
  <dc:identifier>http://orgprints.org/1039/1/richter-alfoeldi-2002-biomarkt-europa1_eng.pdf</dc:identifier>
  <dc:format>application/pdf</dc:format>
  <dc:identifier>http://orgprints.org/1039/2/richter-alfoeldi-2003-europa.pdf</dc:identifier>
  <dc:identifier>Richter, Toralf and Alföldi, Thomas    (2003) Wachsender Biomarkt in Europa.  [The growing rganic market in Europe.]  Neue Zürcher Zeitung, February 2003, p. 23.</dc:identifier>
  <dc:relation>http://orgprints.org/1039/</dc:relation>
</oai_dc:dc>