<oai_dc:dc xmlns:oai_dc="http://www.openarchives.org/OAI/2.0/oai_dc/" xmlns:dc="http://purl.org/dc/elements/1.1/" xmlns:xsi="http://www.w3.org/2001/XMLSchema-instance" xsi:schemaLocation="http://www.openarchives.org/OAI/2.0/oai_dc/ http://www.openarchives.org/OAI/2.0/oai_dc.xsd">
  <dc:title>Kubas Biolandbau-Revolution: Auskommen mit den eigenen Ressourcen</dc:title>
  <dc:creator>Kilcher, Lukas</dc:creator>
  <dc:subject>Education, extension and communication</dc:subject>
  <dc:subject>Cuba</dc:subject>
  <dc:subject>Recycling, balancing and resource management</dc:subject>
  <dc:description>Kreislaufwirtschaft, Einsatz betriebseigener Produktionsmittel und regionale Vermarktung sind zentrale Elemente des Biolandbaus. Auf den ersten Blick stehen diese im Widerspruch zu den riesigen Monokulturen Kubas und zu einer exportorientierten Landwirtschaft. Doch die Rückbesinnung auf eigene Ressourcen ist für Kuba eine Notwendigkeit. Der Biolandbau eröffnet den kubanischen Landwirtschaftsbetrieben zusätzliche Marktchancen und neue Wege, eine eigenständige Landwirtschaft umzusetzen.</dc:description>
  <dc:publisher>Westermann-Verlag</dc:publisher>
  <dc:date>2006</dc:date>
  <dc:type>Journal paper</dc:type>
  <dc:type>NonPeerReviewed</dc:type>
  <dc:format>application/pdf</dc:format>
  <dc:identifier>http://orgprints.org/10315/1/Kilcher_2006_CubaArtikelWestermann.pdf</dc:identifier>
  <dc:identifier>Kilcher, Lukas   (2006) Kubas Biolandbau-Revolution: Auskommen mit den eigenen Ressourcen.   Geographische Rundschau, 58 (12), pp. 54-60.</dc:identifier>
  <dc:relation>http://orgprints.org/10315/</dc:relation>
</oai_dc:dc>