<oai_dc:dc xmlns:oai_dc="http://www.openarchives.org/OAI/2.0/oai_dc/" xmlns:dc="http://purl.org/dc/elements/1.1/" xmlns:xsi="http://www.w3.org/2001/XMLSchema-instance" xsi:schemaLocation="http://www.openarchives.org/OAI/2.0/oai_dc/ http://www.openarchives.org/OAI/2.0/oai_dc.xsd">
  <dc:title>Uhensigtsmæssig kornhåndtering kan give store ochratoksin forekomster - risikoen kan bl.a. forebygges ved tromletørring af kornet</dc:title>
  <dc:creator>Elmholt, Susanne</dc:creator>
  <dc:creator>Haase, Maiken S.</dc:creator>
  <dc:creator>Kristensen, Erik F.</dc:creator>
  <dc:subject>Post harvest management and techniques</dc:subject>
  <dc:subject>Production systems</dc:subject>
  <dc:subject>Crop health, quality, protection</dc:subject>
  <dc:subject>Cereals, pulses and oilseeds</dc:subject>
  <dc:description>Der er god grund til at håndtere og opbevare kornet korrekt. En af årsagerne er svampegiften ochratoksin A, som kan dannes i fugtige lommer i kornet. Forsøg har vist, at tromletørring er en meget effektiv metode til at nedsætte mængden af svampesporer i kornet, bl.a. de svampe, der danner ochratoksin.</dc:description>
  <dc:date>2003-08</dc:date>
  <dc:type>Web product</dc:type>
  <dc:type>NonPeerReviewed</dc:type>
  <dc:format>source</dc:format>
  <dc:identifier>http://orgprints.org/1068/1/foejo_enyt_august_2003.doc</dc:identifier>
  <dc:identifier>Elmholt, Susanne; Haase, Maiken S. and Kristensen, Erik F.    (2003) Uhensigtsmæssig kornhåndtering kan give store ochratoksin forekomster - risikoen kan bl.a. forebygges ved tromletørring af kornet.   .  Online at &lt;http://www.foejo.dk/enyt2/enyt/aug03/myco.html &lt;http://www.foejo.dk/enyt2/enyt/aug03/myco.html&gt;&gt;.</dc:identifier>
  <dc:relation>http://orgprints.org/1068/</dc:relation>
</oai_dc:dc>