<oai_dc:dc xmlns:oai_dc="http://www.openarchives.org/OAI/2.0/oai_dc/" xmlns:dc="http://purl.org/dc/elements/1.1/" xmlns:xsi="http://www.w3.org/2001/XMLSchema-instance" xsi:schemaLocation="http://www.openarchives.org/OAI/2.0/oai_dc/ http://www.openarchives.org/OAI/2.0/oai_dc.xsd">
  <dc:title>Municipal waste composts in organic agriculture, aiming to the future</dc:title>
  <dc:creator>Tontti, Tiina</dc:creator>
  <dc:subject>Composting and manuring</dc:subject>
  <dc:description>The Finnish study shows possibilities for using high quality municipal waste composts as fertilizers without any negative effects on soil heavy metals, hygienic quality or microbiological functions.</dc:description>
  <dc:publisher>Sveriges lantbruksuniversitet</dc:publisher>
  <dc:date>2006-10</dc:date>
  <dc:type>Journal paper</dc:type>
  <dc:type>NonPeerReviewed</dc:type>
  <dc:format>application/pdf</dc:format>
  <dc:identifier>http://orgprints.org/10632/1/fnytt3.pdf</dc:identifier>
  <dc:identifier>Tontti, Tiina   (2006) Municipal waste composts in organic agriculture, aiming to the future.   Forskningsnytt om økologisk landbruk i Norden (3), pp. 16-18.</dc:identifier>
  <dc:relation>http://orgprints.org/10632/</dc:relation>
</oai_dc:dc>