<oai_dc:dc xmlns:oai_dc="http://www.openarchives.org/OAI/2.0/oai_dc/" xmlns:dc="http://purl.org/dc/elements/1.1/" xmlns:xsi="http://www.w3.org/2001/XMLSchema-instance" xsi:schemaLocation="http://www.openarchives.org/OAI/2.0/oai_dc/ http://www.openarchives.org/OAI/2.0/oai_dc.xsd">
  <dc:title>La capacità repressiva di compost nei confronti della tracheofusariosi del basilico</dc:title>
  <dc:creator>Pugliese, Massimo</dc:creator>
  <dc:creator>Gilardi, Giovanna</dc:creator>
  <dc:creator>Gullino, Maria Lodovica</dc:creator>
  <dc:creator>Garibaldi, Angelo</dc:creator>
  <dc:subject>Crop health, quality, protection</dc:subject>
  <dc:subject>Composting and manuring</dc:subject>
  <dc:description>Alcuni compost, addizionati al suolo o impiegati come componenti di substrati per colture in vaso, possono svolgere un’attività repressiva nei confronti dei patogeni terricoli. Nel biennio 2005-2006 sono stati saggiati, a Grugliasco (TO), in serre in ferro/vetro, compost provenienti da aziende di compostaggio presenti sul territorio piemontese al fine di valutarne la loro capacità repressiva. Dai risultati è emerso l’efficace contenimento nei confronti di F. oxysporum f.sp. basilici, da parte di compost prodotto a partire da rifiuti solidi urbani e fanghi, con una diminuzione fino al 50% di piante morte e un incremento fino al 25% di biomassa prodotta a fine ciclo rispetto a quanto rilevato impiegando un ammendante torboso scelto come riferimento.</dc:description>
  <dc:publisher>Il Sole 24 ORE Editoria Specializzata S.r.l.</dc:publisher>
  <dc:contributor>Zamboni, Elia</dc:contributor>
  <dc:contributor>Mastrantonio, Alessandro</dc:contributor>
  <dc:date>2006-12</dc:date>
  <dc:type>Journal paper</dc:type>
  <dc:type>NonPeerReviewed</dc:type>
  <dc:format>application/pdf</dc:format>
  <dc:identifier>http://orgprints.org/10525/1/IF_06_12_P44-47_Pugliese.pdf</dc:identifier>
  <dc:identifier>Pugliese, Massimo; Gilardi, Giovanna; Gullino, Maria Lodovica and Garibaldi, Angelo   (2006) La capacità repressiva di compost nei confronti della tracheofusariosi del basilico.  [Compost suppressiveness towards Fusarium wilt of basil in Italy.]  Informatore Fitopatologico - La Difesa delle Piante, 56 (12), pp. 44-47.</dc:identifier>
  <dc:relation>http://orgprints.org/10525/</dc:relation>
</oai_dc:dc>