<oai_dc:dc xmlns:oai_dc="http://www.openarchives.org/OAI/2.0/oai_dc/" xmlns:dc="http://purl.org/dc/elements/1.1/" xmlns:xsi="http://www.w3.org/2001/XMLSchema-instance" xsi:schemaLocation="http://www.openarchives.org/OAI/2.0/oai_dc/ http://www.openarchives.org/OAI/2.0/oai_dc.xsd">
  <dc:title>Organic Agriculture Worldwide - Still on the Rise 2004</dc:title>
  <dc:creator>Yussefi, Minou</dc:creator>
  <dc:creator>Willer, Helga</dc:creator>
  <dc:creator>Geier, Bernward</dc:creator>
  <dc:subject>Country reports</dc:subject>
  <dc:description>Organic agriculture has developed rapidly worldwide during the last  few years and is now practised in almost all countries of the world. Its share of agricultural land and farms continues to grow. The sixth edition of an annual study that collects worldwide statistics has just been published.</dc:description>
  <dc:date>2004</dc:date>
  <dc:type>Journal paper</dc:type>
  <dc:type>NonPeerReviewed</dc:type>
  <dc:format>application/pdf</dc:format>
  <dc:identifier>http://orgprints.org/1007/1/yussefi-et-al-2004-worldwide.pdf</dc:identifier>
  <dc:identifier>Yussefi, Minou; Willer, Helga and Geier, Bernward   (2004) Organic Agriculture Worldwide - Still on the Rise 2004.   Ecology &amp; Farming.</dc:identifier>
  <dc:relation>http://orgprints.org/1007/</dc:relation>
</oai_dc:dc>