<oai_dc:dc xmlns:oai_dc="http://www.openarchives.org/OAI/2.0/oai_dc/" xmlns:dc="http://purl.org/dc/elements/1.1/" xmlns:xsi="http://www.w3.org/2001/XMLSchema-instance" xsi:schemaLocation="http://www.openarchives.org/OAI/2.0/oai_dc/ http://www.openarchives.org/OAI/2.0/oai_dc.xsd">
  <dc:title>Energy and environmental burdens of organic and non-organic agriculture and horticulture</dc:title>
  <dc:creator>Williams, A G</dc:creator>
  <dc:creator>Audsley, E</dc:creator>
  <dc:creator>Sandars, D L</dc:creator>
  <dc:subject>Farm nutrient management</dc:subject>
  <dc:subject>Biodiversity and ecosystem services</dc:subject>
  <dc:subject>Recycling, balancing and resource management</dc:subject>
  <dc:subject>Air and water emissions</dc:subject>
  <dc:description>Production of 10 major commodities in England and Wales was studied using Life Cycle Analysis (LCA). Organic and non-organic (contemporary conventional) systems were compared. Organic production was generally less energy consuming, except for poultry meat, eggs and tomatoes. Environmental burdens, such as global warming potential or eutrophication were often greater per unit of production from organic than non-organic systems.</dc:description>
  <dc:publisher>Association of Applied Biologists</dc:publisher>
  <dc:contributor>Atkinson, C</dc:contributor>
  <dc:contributor>Ball, B</dc:contributor>
  <dc:contributor>Davies, D H K</dc:contributor>
  <dc:contributor>Rees, R</dc:contributor>
  <dc:contributor>Russell, G</dc:contributor>
  <dc:contributor>Stockdale, E A</dc:contributor>
  <dc:contributor>Watson, C A</dc:contributor>
  <dc:contributor>Walker, R</dc:contributor>
  <dc:contributor>Younie, D</dc:contributor>
  <dc:date>2006</dc:date>
  <dc:type>Conference paper, poster, etc.</dc:type>
  <dc:type>NonPeerReviewed</dc:type>
  <dc:format>application/pdf</dc:format>
  <dc:identifier>http://orgprints.org/10160/1/Energy_and_environmental_burdens_of_organic_and_non-organic_agriculture_and_horticulture.pdf</dc:identifier>
  <dc:identifier>Williams, A G; Audsley, E and Sandars, D L    (2006) Energy and environmental burdens of organic and non-organic agriculture and horticulture.   In: Atkinson, C; Ball, B; Davies, D H K; Rees, R; Russell, G; Stockdale, E A; Watson, C A; Walker, R and Younie, D (Eds.)  Aspects of Applied Biology 79, What will organic farming deliver? COR 2006, Association of Applied Biologists, pp. 19-23.</dc:identifier>
  <dc:relation>http://orgprints.org/10160/</dc:relation>
</oai_dc:dc>