<oai_dc:dc xmlns:oai_dc="http://www.openarchives.org/OAI/2.0/oai_dc/" xmlns:dc="http://purl.org/dc/elements/1.1/" xmlns:xsi="http://www.w3.org/2001/XMLSchema-instance" xsi:schemaLocation="http://www.openarchives.org/OAI/2.0/oai_dc/ http://www.openarchives.org/OAI/2.0/oai_dc.xsd">
  <dc:title>FØJO II. Forskning i økologisk jordbrug og fødevaresystemer 2000-2005</dc:title>
  <dc:creator>Sørensen, Linda S.</dc:creator>
  <dc:creator>Andreasen, Claus Bo</dc:creator>
  <dc:subject>"Organics" in general</dc:subject>
  <dc:description>Formålet med denne bog er at give en samlet oversigt over de 41 forskningsprojekter, som i perioden 2000–2005 er gennemført i forskningsprogrammet FØJO II. For hvert projekt beskrives baggrund og formål: Hvilke problemstillinger har gjort, at projektet er blevet iværksat, og hvad har målet for projektet været. Dernæst følger en kort beskrivelse af de forsøg eller undersøgelser, som er gennemført i projektet. Afslutningsvis beskrives overordnede og praksisorienterede resultater, som projektet har givet. For hvert projekt er der en henvisning til en projekthjemmeside på www.foejo.dk. Via denne side kan man bl.a. få direkte adgang til "Organic Eprints", som indeholder alle projektets publikationer – både faglige og videnskabelige.</dc:description>
  <dc:publisher>Forskningscenter for Økologisk Jordbrug og Fødevaresystemer</dc:publisher>
  <dc:date>2006</dc:date>
  <dc:type>Book</dc:type>
  <dc:type>NonPeerReviewed</dc:type>
  <dc:format>application/pdf</dc:format>
  <dc:identifier>http://orgprints.org/10346/1/10346.pdf</dc:identifier>
  <dc:identifier>Sørensen, Linda S. and Andreasen, Claus Bo    (2006) FØJO II. Forskning i økologisk jordbrug og fødevaresystemer 2000-2005.     Forskningscenter for Økologisk Jordbrug og Fødevaresystemer.</dc:identifier>
  <dc:relation>http://orgprints.org/10346/</dc:relation>
</oai_dc:dc>