<oai_dc:dc xmlns:oai_dc="http://www.openarchives.org/OAI/2.0/oai_dc/" xmlns:dc="http://purl.org/dc/elements/1.1/" xmlns:xsi="http://www.w3.org/2001/XMLSchema-instance" xsi:schemaLocation="http://www.openarchives.org/OAI/2.0/oai_dc/ http://www.openarchives.org/OAI/2.0/oai_dc.xsd">
  <dc:title>The legacy of stockless organic conversion strategies</dc:title>
  <dc:creator>Sparkles, D L</dc:creator>
  <dc:creator>Rollett, A J</dc:creator>
  <dc:creator>Wilson, P</dc:creator>
  <dc:subject>Crop health, quality, protection</dc:subject>
  <dc:subject>Cereals, pulses and oilseeds</dc:subject>
  <dc:description>Huxham et al. (2005) reported the impacts of seven conversion strategies on the first organic crop (winter wheat). This paper investigates the effect of the conversion strategies on the second (winter beans) and third (winter oats) organic crops, thereby extending the analysis throughout the fi rst complete rotation. Conversion strategy had a significant impact on organic bean yield, which ranged from 2.84 to 3.62 t ha-1 and organic oat yield, which ranged from 3.24 to 4.17 t ha-1. In the organic bean crop, weed abundance prior to harvest, along with soil texture, accounted for 70% of yield variation. For the oats, soil mineral nitrogen in November together with weed abundance in April, accounted for 72% of the variation in yield. Annual average gross margins, calculated over the two year conversion period and the first three organic crops, ranged from £274 to £459 ha-1.</dc:description>
  <dc:publisher>Association of Applied Biologists</dc:publisher>
  <dc:contributor>Atkinson, C</dc:contributor>
  <dc:contributor>Ball, B</dc:contributor>
  <dc:contributor>Davies, D H K</dc:contributor>
  <dc:contributor>Rees, R</dc:contributor>
  <dc:contributor>Russell, G</dc:contributor>
  <dc:contributor>Stockdale, E A</dc:contributor>
  <dc:contributor>Watson, C A</dc:contributor>
  <dc:contributor>Walker, R</dc:contributor>
  <dc:contributor>Younie, D</dc:contributor>
  <dc:date>2006</dc:date>
  <dc:type>Conference paper, poster, etc.</dc:type>
  <dc:type>NonPeerReviewed</dc:type>
  <dc:format>application/pdf</dc:format>
  <dc:identifier>http://orgprints.org/10208/1/The_legacy_of_stockless_organic_conversion_strategies.pdf</dc:identifier>
  <dc:identifier>Sparkles, D L; Rollett, A J and Wilson, P    (2006) The legacy of stockless organic conversion strategies.   In: Atkinson, C; Ball, B; Davies, D H K; Rees, R; Russell, G; Stockdale, E A; Watson, C A; Walker, R and Younie, D (Eds.)  Aspects of Applied Biology 79, What will organic farming deliver? COR 2006, Association of Applied Biologists, pp. 139-143.</dc:identifier>
  <dc:relation>http://orgprints.org/10208/</dc:relation>
</oai_dc:dc>