<oai_dc:dc xmlns:oai_dc="http://www.openarchives.org/OAI/2.0/oai_dc/" xmlns:dc="http://purl.org/dc/elements/1.1/" xmlns:xsi="http://www.w3.org/2001/XMLSchema-instance" xsi:schemaLocation="http://www.openarchives.org/OAI/2.0/oai_dc/ http://www.openarchives.org/OAI/2.0/oai_dc.xsd">
  <dc:title>Naturschutz und Ökologischer Landbau – auch zukünftig ein win-win-Modell</dc:title>
  <dc:creator>Reiter, Karin</dc:creator>
  <dc:creator>Krug, Andreas</dc:creator>
  <dc:subject>Biodiversity and ecosystem services</dc:subject>
  <dc:description>Die Vorzüglichkeit des Ökologischen Landbaus gegenüber konventioneller Landwirtschaft in seinen Auswirkungen auf den Naturhaushalt ist anhand von Vergleichsuntersuchungen vielfach dokumentiert. Die positiven Aspekte für den Naturschutz drohen jedoch unter ökonomischen Zwängen geringer zu werden. In frühzeitigen Reaktionen gemeinsam mit der Landwirtschaft gilt es, integrative Lösungskonzepte aufzuzeigen, wie Naturschutzbelange in den Ökologischen Landbau integriert werden können bzw. wie neue Wege beschritten werden können, naturschutzfachliche Optimierungen zu erreichen. Die Bemühungen müssen ihren Niederschlag auch im länderübergreifenden Austausch finden.</dc:description>
  <dc:publisher>Universität für Bodenkultur Wien, Institut für Ökologischen Landbau</dc:publisher>
  <dc:contributor>Freyer, Bernhard</dc:contributor>
  <dc:date>2003</dc:date>
  <dc:type>Conference paper, poster, etc.</dc:type>
  <dc:type>NonPeerReviewed</dc:type>
  <dc:format>application/pdf</dc:format>
  <dc:identifier>http://orgprints.org/1019/1/reiter-k-2003-naturschutz-oekolandbau.pdf</dc:identifier>
  <dc:identifier>Reiter, Karin and Krug, Andreas    (2003) Naturschutz und Ökologischer Landbau – auch zukünftig ein win-win-Modell.  [Nature conservation and Organic Farming – towards a win-win-model.]  In: Freyer, Bernhard (Ed.)  Beiträge zur 7. Wissenschaftstagung zum Ökologischen Landbau, Universität für Bodenkultur Wien, Institut für Ökologischen Landbau, pp. 157-160.</dc:identifier>
  <dc:relation>http://orgprints.org/1019/</dc:relation>
</oai_dc:dc>