<oai_dc:dc xmlns:oai_dc="http://www.openarchives.org/OAI/2.0/oai_dc/" xmlns:dc="http://purl.org/dc/elements/1.1/" xmlns:xsi="http://www.w3.org/2001/XMLSchema-instance" xsi:schemaLocation="http://www.openarchives.org/OAI/2.0/oai_dc/ http://www.openarchives.org/OAI/2.0/oai_dc.xsd">
  <dc:title>Towards a food-secure world and sustainable common wellbeing</dc:title>
  <dc:creator>Shah, Mahendra</dc:creator>
  <dc:creator>Pallari, Maarit</dc:creator>
  <dc:subject>Policy environments and social economy</dc:subject>
  <dc:description>Food in the world, sustainable development, human wellbeing, ecology and economy.</dc:description>
  <dc:date>2006</dc:date>
  <dc:type>Conference paper, poster, etc.</dc:type>
  <dc:type>NonPeerReviewed</dc:type>
  <dc:format>multimedia</dc:format>
  <dc:identifier>http://orgprints.org/10740/1/Pallari.ppt</dc:identifier>
  <dc:identifier>Shah, Mahendra and Pallari, Maarit    (2006) Towards a food-secure world and sustainable common wellbeing.       Poster at:   World food day, Helsinki, Finland, 13.10.2006.     [Unpublished]</dc:identifier>
  <dc:relation>http://orgprints.org/10740/</dc:relation>
</oai_dc:dc>