<dcds:descriptionSet xmlns:dcds="http://purl.org/dc/xmlns/2008/09/01/dc-ds-xml/" xmlns:xsi="http://www.w3.org/2001/XMLSchema-instance" xsi:schemaLocation="http://purl.org/dc/xmlns/2008/09/01/dc-ds-xml/ http://dublincore.org/schemas/xmls/2008/09/01/dc-ds-xml/dcds.xsd">
  <dcds:description dcds:resourceURI="http://orgprints.org/id/eprint/1055">
    <dcds:statement dcds:valueURI="http://voa3r.eu/class/Resource" dcds:propertyURI="http://www.w3.org/1999/02/22-rdf-syntax-ns#type" />
    <dcds:statement dcds:propertyURI="http://purl.org/dc/terms/title">
      <dcds:literalValueString xml:lang="de">Planung Vernetzter Biotopsysteme in Rheinland-Pfalz aus der Sicht des Ökologischen Landbaus [Planning of connected habitat systems in Rhineland-Palatinate from the perspective of ecological agriculture]</dcds:literalValueString>
    </dcds:statement>
    <dcds:statement dcds:propertyURI="http://purl.org/dc/terms/language" dcds:vesURI="http://purl.org/dc/terms/RFC5646">
      <dcds:valueString>de</dcds:valueString>
    </dcds:statement>
    <dcds:statement dcds:propertyURI="http://purl.org/dc/terms/abstract">
      <dcds:literalValueString xml:lang="de">Im Zuge der Verbesserung des Verhältnisses zwischen Naturschutz und Landwirtschaft wurde von Naturschutzseite besonders der Ökologische Landbau als Partner mit gleichen Zielvorstellungen entdeckt. Bei selbstkritischer Analyse zeigt sich jedoch, dass hinsichtlich der Umsetzungen von Zielen aus dem Naturschutz vor allem im Bereich der Biotopdiversität, des Biotopschutzes und des Landschaftsschutzes noch Defizite im Ökologischen Landbau bestehen. Entsprechende Forderungen des Naturschutzes an den Ökologischen Landbau werden daher erhoben.&#xD;
Rheinland-Pfalz hat 2000 mit der Einführung von verpflichtenden Flächenausweisungen für Naturschutzzwecke im Rahmen des Förderprogramms Umweltschonende Landbewirtschaftung (FUL) u.a. als Bestandteil des Programmteils II - Ökologischer Landbau - eine Vorreiterrolle in Deutschland übernommen. &#xD;
Gleichwohl sind deutliche Akzeptanzprobleme für Naturschutzauflagen unter den Landwirten feststellbar, die sich im Wesentlichen aus einer zu geringen Förderhöhe, eines Wettbewerbsnachteils gegenüber anderen Bundesländern, einer fehlenden Planungssicherheit und einer in Einzelfällen nicht vorhandenen Nachvollziehbarkeit der Maßnahmen begründen.</dcds:literalValueString>
    </dcds:statement>
    <dcds:statement dcds:propertyURI="http://purl.org/dc/terms/bibliographicCitation" dcds:vesURI="http://www.openurl.info/registry/">
      <dcds:valueString dcds:sesURI="http://voa3r.eu/terms/EncodedSchema">BibTeX:@misc{orgprints1055,
           title = {Planung Vernetzter Biotopsysteme in Rheinland-Pfalz aus der Sicht des {\"O}kologischen Landbaus [Planning of connected habitat systems in Rhineland-Palatinate from the perspective of ecological agriculture]},
          author = {Hermann B{\"o}cker},
            year = {2001},
        keywords = {Naturschutz, F{\"o}rderpolitik, Umweltschutz, Artenschutz, Biotop, Biotopschutz, Ressourcenschutz, Landschaftsschutz},
             url = {http://orgprints.org/1055/},
        abstract = {Im Zuge der Verbesserung des Verh{\"a}ltnisses zwischen Naturschutz und Landwirtschaft wurde von Naturschutzseite besonders der {\"O}kologische Landbau als Partner mit gleichen Zielvorstellungen entdeckt. Bei selbstkritischer Analyse zeigt sich jedoch, dass hinsichtlich der Umsetzungen von Zielen aus dem Naturschutz vor allem im Bereich der Biotopdiversit{\"a}t, des Biotopschutzes und des Landschaftsschutzes noch Defizite im {\"O}kologischen Landbau bestehen. Entsprechende Forderungen des Naturschutzes an den {\"O}kologischen Landbau werden daher erhoben.&#xD;
Rheinland-Pfalz hat 2000 mit der Einf{\"u}hrung von verpflichtenden Fl{\"a}chenausweisungen f{\"u}r Naturschutzzwecke im Rahmen des F{\"o}rderprogramms Umweltschonende Landbewirtschaftung (FUL) u.a. als Bestandteil des Programmteils II - {\"O}kologischer Landbau - eine Vorreiterrolle in Deutschland {\"u}bernommen. &#xD;
Gleichwohl sind deutliche Akzeptanzprobleme f{\"u}r Naturschutzauflagen unter den Landwirten feststellbar, die sich im Wesentlichen aus einer zu geringen F{\"o}rderh{\"o}he, eines Wettbewerbsnachteils gegen{\"u}ber anderen Bundesl{\"a}ndern, einer fehlenden Planungssicherheit und einer in Einzelf{\"a}llen nicht vorhandenen Nachvollziehbarkeit der Ma{\ss}nahmen begr{\"u}nden.}
}</dcds:valueString>
    </dcds:statement>
    <dcds:statement dcds:propertyURI="http://purl.org/dc/terms/type" dcds:vesURI="http://voa3r.eu/terms/ResourceType">
      <dcds:valueString>Research Report</dcds:valueString>
    </dcds:statement>
    <dcds:statement dcds:propertyURI="http://voa3r.eu/terms/reviewStatus" dcds:vesURI="http://voa3r.eu/terms/ReviewStatus">
      <dcds:valueString>Peer Reviewed</dcds:valueString>
    </dcds:statement>
    <dcds:statement dcds:propertyURI="http://voa3r.eu/terms/publicationStatus" dcds:vesURI="http://voa3r.eu/terms/PublicationStatus">
      <dcds:valueString>Published</dcds:valueString>
    </dcds:statement>
    <dcds:statement dcds:propertyURI="http://purl.org/dc/terms/creator" dcds:valueRef="creator1" />
    <dcds:statement dcds:propertyURI="http://purl.org/dc/terms/subject">
      <dcds:valueString xml:lang="en">Landscape and recreation</dcds:valueString>
    </dcds:statement>
    <dcds:statement dcds:propertyURI="http://purl.org/dc/terms/subject">
      <dcds:valueString xml:lang="en">Biodiversity and ecosystem services</dcds:valueString>
    </dcds:statement>
    <dcds:statement dcds:valueURI="http://orgprints.org/1055/" dcds:propertyURI="http://www.europeana.eu/schemas/ese/isShownAt" />
    <dcds:statement dcds:valueURI="http://orgprints.org/1055/1/1055-boecker-h-2001-naturchutz.pdf" dcds:propertyURI="http://www.europeana.eu/schemas/ese/isShownBy" />
    <dcds:statement dcds:propertyURI="http://purl.org/dc/terms/rights">
      <dcds:literalValueString xml:lang="en">ICROFS rights: All of the entries, statements, results etc. contained in the Organic Eprints archive have been compiled by the authors according to their best knowledge and the metadata have been scrupulously checked by the International Centre for Research in Organic Food Systems (ICROFS) and the Research Institute of Organic Agriculture (FiBL). All depositors of eprints have agreed with the Deposit Agreement below. However, the possibility of mistakes can not be ruled out entirely. Therefore, the responsible partners behind Organic Eprints, the archive staff and the depositors are not subject to any obligation and make no guarantees whatsoever regarding any of the statements etc. on this website; neither do they accept responsibility or liability for any possible mistakes contained therein. The links to other websites on the Organic Eprints pages are for informational purposes only. ICROFS, FiBL and the depositors are not responsible for the availability or content of these sites. In addition, providing links to these sites should not be interpreted as endorsement or approval by ICROFS or FiBL.
Deposit Agreement
When depositing an eprint the depositors consents with the following agreement: "In depositing this eprint (a collection of files and associated metadata), I grant Organic Eprints the right to make it permanently available on-line, with open access to all or in accordance with any access restrictions that I have specified. I understand that Organic Eprints does not assume any responsibility if there is any breach of copyright in distributing these files or metadata. For work being deposited by its own first author: I declare that this eprint is my own intellectual property and that I have the right to make it available in Organic Eprints in the manner chosen. For work being deposited by someone other than its first author: I declare that I have gained the proper permissions from someone with the right to make this eprint available in Organic Eprints in the manner chosen - or that the material is in the public domain. Clicking on the deposit button indicates your agreement to these terms."</dcds:literalValueString>
    </dcds:statement>
    <dcds:statement dcds:valueURI="http://purl.org/eprint/accessRights/OpenAccess" dcds:propertyURI="http://purl.org/dc/terms/accessRights" />
    <dcds:statement dcds:propertyURI="http://purl.org/dc/terms/date">
      <dcds:literalValueString dcds:sesURI="http://purl.org/dc/terms/W3CDTF">2001</dcds:literalValueString>
    </dcds:statement>
    <dcds:statement dcds:propertyURI="http://voa3r.eu/terms/hasMetametadata" dcds:valueRef="metametadata" />
  </dcds:description>
  <dcds:description dcds:resourceId="creator1">
    <dcds:statement dcds:valueURI="http://xmlns.com/foaf/0.1/Agent" dcds:propertyURI="http://www.w3.org/1999/02/22-rdf-syntax-ns#type" />
    <dcds:statement dcds:valueURI="http://xmlns.com/foaf/0.1/Person" dcds:propertyURI="http://purl.org/dc/terms/type" />
    <dcds:statement dcds:propertyURI="http://xmlns.com/foaf/0.1/givenName">
      <dcds:literalValueString>Hermann</dcds:literalValueString>
    </dcds:statement>
    <dcds:statement dcds:propertyURI="http://xmlns.com/foaf/0.1/firstName">
      <dcds:literalValueString>Hermann</dcds:literalValueString>
    </dcds:statement>
    <dcds:statement dcds:propertyURI="http://xmlns.com/foaf/0.1/familyName">
      <dcds:literalValueString>Böcker</dcds:literalValueString>
    </dcds:statement>
    <dcds:statement dcds:propertyURI="http://xmlns.com/foaf/0.1/lastName">
      <dcds:literalValueString>Böcker</dcds:literalValueString>
    </dcds:statement>
  </dcds:description>
  <dcds:description dcds:resourceId="metametadata">
    <dcds:statement dcds:valueURI="http://voa3r.eu/class/MetaMetadata" dcds:propertyURI="http://www.w3.org/1999/02/22-rdf-syntax-ns#type" />
    <dcds:statement dcds:propertyURI="http://purl.org/dc/terms/identifier">
      <dcds:valueString>oai:orgprints.org:1055</dcds:valueString>
    </dcds:statement>
    <dcds:statement dcds:propertyURI="http://purl.org/dc/terms/type">
      <dcds:literalValueString>voa3r_dcds v1.0</dcds:literalValueString>
    </dcds:statement>
    <dcds:statement dcds:propertyURI="http://purl.org/dc/terms/date">
      <dcds:literalValueString dcds:sesURI="http://purl.org/dc/terms/W3CDTF">2015-09-08</dcds:literalValueString>
    </dcds:statement>
    <dcds:statement dcds:propertyURI="http://purl.org/dc/terms/contributor" dcds:valueRef="metacontributor" />
  </dcds:description>
  <dcds:description dcds:resourceId="metacontributor">
    <dcds:statement dcds:valueURI="http://xmlns.com/foaf/0.1/Agent" dcds:propertyURI="http://www.w3.org/1999/02/22-rdf-syntax-ns#type" />
    <dcds:statement dcds:valueURI="http://xmlns.com/foaf/0.1/Organization" dcds:propertyURI="http://purl.org/dc/terms/type" />
    <dcds:statement dcds:propertyURI="http://xmlns.com/foaf/0.1/name">
      <dcds:literalValueString xml:lang="en">Organic eprints</dcds:literalValueString>
    </dcds:statement>
    <dcds:statement dcds:valueURI="mailto:eprints@orgprints.org" dcds:propertyURI="http://xmlns.com/foaf/0.1/mbox" />
  </dcds:description>
</dcds:descriptionSet>