<dcds:descriptionSet xmlns:dcds="http://purl.org/dc/xmlns/2008/09/01/dc-ds-xml/" xmlns:xsi="http://www.w3.org/2001/XMLSchema-instance" xsi:schemaLocation="http://purl.org/dc/xmlns/2008/09/01/dc-ds-xml/ http://dublincore.org/schemas/xmls/2008/09/01/dc-ds-xml/dcds.xsd">
  <dcds:description dcds:resourceURI="http://orgprints.org/id/eprint/1076">
    <dcds:statement dcds:valueURI="http://voa3r.eu/class/Resource" dcds:propertyURI="http://www.w3.org/1999/02/22-rdf-syntax-ns#type" />
    <dcds:statement dcds:propertyURI="http://purl.org/dc/terms/title">
      <dcds:literalValueString xml:lang="de">Untersuchungen zur Wurzeldynamik in einer fünfgliedrigen Ackerfruchtfolge bei wendender und nichtwendender Bodenbearbeitung im ökologischen Landbau - Erste Ergebnisse [Investigations on root dynamics of an organic five-year crop rotation with and without plough - first results]</dcds:literalValueString>
    </dcds:statement>
    <dcds:statement dcds:propertyURI="http://purl.org/dc/terms/language" dcds:vesURI="http://purl.org/dc/terms/RFC5646">
      <dcds:valueString>de</dcds:valueString>
    </dcds:statement>
    <dcds:statement dcds:propertyURI="http://purl.org/dc/terms/abstract">
      <dcds:literalValueString xml:lang="de">Seit der Vegetationsperiode 1998/1999 werden Untersuchungen zur Durchwurzelung des Bodens mit gleichzeitiger Betrachtung des Bodengefüges auf den Versuchsflächen des „Projektes Ökologische Bodenbewirtschaftung“ in Rheinhessen/Deutschland durchgeführt. Dabei stehen eventuelle Unterschiede durch die drei Bearbeitungsvarianten Pflug, Schichtenpflug und Schichtengrubber im zentralen Interesse. Es stellt sich die Frage, inwieweit Grünbrache und Zwischenfrucht, die nach Ernte der Hauptkulturfrüchte folgen, durch ihre Wurzelleistung den Boden regenerieren und vermehrt mit Energie versorgen.&#xD;
Es werden im Laufe der Untersuchungen alle Parzellen der Versuchsfläche mit allen angebauten Früchten (Grünbrache, Zwischenfrucht, Winterroggen, Winterweizen und Braugerste) auf dem Eichenhof beprobt. Erbsen werden aufgrund hoher Verunkrautungsraten nicht herangezogen. Angewandte Methoden sind die Erweiterte Spatendiagnose nach HAMPL/KUSSEL und die Bohrkernbruchmethode nach HELLRIEGEL.&#xD;
In der Grünbrache zeigen erste Ergebnisse in der Pflug-Variante eine schnellere Wurzelentwicklung mit erhöhten Wurzelzahlen. Die Bearbeitungsvarianten Schichtenpflug und Schichtengrubber holen im Laufe der Monate diesen Vorsprung auf und zeigen im Fortschreiten der Vegetationsperiode höhere Wurzelzahlen, so daß sich eine Verbesserung der Wurzelleistungen insgesamt durch konservierende Bearbeitung (Schichtenpflug und Schichtengrubber) anzudeuten scheint.</dcds:literalValueString>
    </dcds:statement>
    <dcds:statement dcds:propertyURI="http://purl.org/dc/terms/bibliographicCitation" dcds:vesURI="http://www.openurl.info/registry/">
      <dcds:valueString dcds:sesURI="http://voa3r.eu/terms/EncodedSchema">BibTeX:@inproceedings{orgprints1076,
          editor = {Bernhard Freyer},
           title = {Untersuchungen zur Wurzeldynamik in einer f{\"u}nfgliedrigen Ackerfruchtfolge bei wendender und nichtwendender Bodenbearbeitung im {\"o}kologischen Landbau - Erste Ergebnisse [Investigations on root dynamics of an organic five-year crop rotation with and without plough - first results]},
          author = {Tanja Pl{\"u}mer},
       publisher = {Institut f{\"u}r {\"o}kologischen Landbau - Universit{\"a}t f{\"u}r Bodenkultur, Wien},
            year = {2003},
           pages = {457--458},
         journal = {Beitr{\"a}ge zur 7. Wissenschaftstagung zum {\"O}kologischen Landbau: {\"O}kologischer Landbau der Zukunft},
        keywords = {P{\"O}B, POEB, Projekt {\"O}kologische Bodenbearbeitung, Schichtenpflug, pfluglos, konservierende Bodenbearbeitung, Spatendiagnose, Durchwurzelung, Wurzelleistung, Stiftung {\"O}kologie \&amp; Landbau, S{\"O}L, SOEL. },
             url = {http://orgprints.org/1076/},
        abstract = {Seit der Vegetationsperiode 1998/1999 werden Untersuchungen zur Durchwurzelung des Bodens mit gleichzeitiger Betrachtung des Bodengef{\"u}ges auf den Versuchsfl{\"a}chen des ?Projektes {\"O}kologische Bodenbewirtschaftung? in Rheinhessen/Deutschland durchgef{\"u}hrt. Dabei stehen eventuelle Unterschiede durch die drei Bearbeitungsvarianten Pflug, Schichtenpflug und Schichtengrubber im zentralen Interesse. Es stellt sich die Frage, inwieweit Gr{\"u}nbrache und Zwischenfrucht, die nach Ernte der Hauptkulturfr{\"u}chte folgen, durch ihre Wurzelleistung den Boden regenerieren und vermehrt mit Energie versorgen.&#xD;
Es werden im Laufe der Untersuchungen alle Parzellen der Versuchsfl{\"a}che mit allen angebauten Fr{\"u}chten (Gr{\"u}nbrache, Zwischenfrucht, Winterroggen, Winterweizen und Braugerste) auf dem Eichenhof beprobt. Erbsen werden aufgrund hoher Verunkrautungsraten nicht herangezogen. Angewandte Methoden sind die Erweiterte Spatendiagnose nach HAMPL/KUSSEL und die Bohrkernbruchmethode nach HELLRIEGEL.&#xD;
In der Gr{\"u}nbrache zeigen erste Ergebnisse in der Pflug-Variante eine schnellere Wurzelentwicklung mit erh{\"o}hten Wurzelzahlen. Die Bearbeitungsvarianten Schichtenpflug und Schichtengrubber holen im Laufe der Monate diesen Vorsprung auf und zeigen im Fortschreiten der Vegetationsperiode h{\"o}here Wurzelzahlen, so da{\ss} sich eine Verbesserung der Wurzelleistungen insgesamt durch konservierende Bearbeitung (Schichtenpflug und Schichtengrubber) anzudeuten scheint. }
}</dcds:valueString>
    </dcds:statement>
    <dcds:statement dcds:propertyURI="http://purl.org/dc/terms/type" dcds:vesURI="http://voa3r.eu/terms/ResourceType">
      <dcds:valueString>Conference Contribution</dcds:valueString>
    </dcds:statement>
    <dcds:statement dcds:propertyURI="http://voa3r.eu/terms/reviewStatus" dcds:vesURI="http://voa3r.eu/terms/ReviewStatus">
      <dcds:valueString>Peer Reviewed</dcds:valueString>
    </dcds:statement>
    <dcds:statement dcds:propertyURI="http://voa3r.eu/terms/publicationStatus" dcds:vesURI="http://voa3r.eu/terms/PublicationStatus">
      <dcds:valueString>Published</dcds:valueString>
    </dcds:statement>
    <dcds:statement dcds:propertyURI="http://purl.org/dc/terms/creator" dcds:valueRef="creator1" />
    <dcds:statement dcds:propertyURI="http://id.loc.gov/vocabulary/relators/edt" dcds:valueRef="editor1" />
    <dcds:statement dcds:propertyURI="http://purl.org/dc/terms/publisher" dcds:valueRef="publisher" />
    <dcds:statement dcds:propertyURI="http://purl.org/dc/terms/subject">
      <dcds:valueString xml:lang="en">Soil quality</dcds:valueString>
    </dcds:statement>
    <dcds:statement dcds:propertyURI="http://purl.org/dc/terms/subject">
      <dcds:valueString xml:lang="en">Soil tillage</dcds:valueString>
    </dcds:statement>
    <dcds:statement dcds:valueURI="http://orgprints.org/1076/" dcds:propertyURI="http://www.europeana.eu/schemas/ese/isShownAt" />
    <dcds:statement dcds:valueURI="http://orgprints.org/1076/1/1076-pluemer-t-2003-wurzeldynamik.pdf" dcds:propertyURI="http://www.europeana.eu/schemas/ese/isShownBy" />
    <dcds:statement dcds:propertyURI="http://purl.org/dc/terms/rights">
      <dcds:literalValueString xml:lang="en">ICROFS rights: All of the entries, statements, results etc. contained in the Organic Eprints archive have been compiled by the authors according to their best knowledge and the metadata have been scrupulously checked by the International Centre for Research in Organic Food Systems (ICROFS) and the Research Institute of Organic Agriculture (FiBL). All depositors of eprints have agreed with the Deposit Agreement below. However, the possibility of mistakes can not be ruled out entirely. Therefore, the responsible partners behind Organic Eprints, the archive staff and the depositors are not subject to any obligation and make no guarantees whatsoever regarding any of the statements etc. on this website; neither do they accept responsibility or liability for any possible mistakes contained therein. The links to other websites on the Organic Eprints pages are for informational purposes only. ICROFS, FiBL and the depositors are not responsible for the availability or content of these sites. In addition, providing links to these sites should not be interpreted as endorsement or approval by ICROFS or FiBL.
Deposit Agreement
When depositing an eprint the depositors consents with the following agreement: "In depositing this eprint (a collection of files and associated metadata), I grant Organic Eprints the right to make it permanently available on-line, with open access to all or in accordance with any access restrictions that I have specified. I understand that Organic Eprints does not assume any responsibility if there is any breach of copyright in distributing these files or metadata. For work being deposited by its own first author: I declare that this eprint is my own intellectual property and that I have the right to make it available in Organic Eprints in the manner chosen. For work being deposited by someone other than its first author: I declare that I have gained the proper permissions from someone with the right to make this eprint available in Organic Eprints in the manner chosen - or that the material is in the public domain. Clicking on the deposit button indicates your agreement to these terms."</dcds:literalValueString>
    </dcds:statement>
    <dcds:statement dcds:valueURI="http://purl.org/eprint/accessRights/OpenAccess" dcds:propertyURI="http://purl.org/dc/terms/accessRights" />
    <dcds:statement dcds:propertyURI="http://purl.org/dc/terms/date">
      <dcds:literalValueString dcds:sesURI="http://purl.org/dc/terms/W3CDTF">2003</dcds:literalValueString>
    </dcds:statement>
    <dcds:statement dcds:propertyURI="http://voa3r.eu/terms/hasMetametadata" dcds:valueRef="metametadata" />
  </dcds:description>
  <dcds:description dcds:resourceId="creator1">
    <dcds:statement dcds:valueURI="http://xmlns.com/foaf/0.1/Agent" dcds:propertyURI="http://www.w3.org/1999/02/22-rdf-syntax-ns#type" />
    <dcds:statement dcds:valueURI="http://xmlns.com/foaf/0.1/Person" dcds:propertyURI="http://purl.org/dc/terms/type" />
    <dcds:statement dcds:propertyURI="http://xmlns.com/foaf/0.1/givenName">
      <dcds:literalValueString>Tanja</dcds:literalValueString>
    </dcds:statement>
    <dcds:statement dcds:propertyURI="http://xmlns.com/foaf/0.1/firstName">
      <dcds:literalValueString>Tanja</dcds:literalValueString>
    </dcds:statement>
    <dcds:statement dcds:propertyURI="http://xmlns.com/foaf/0.1/familyName">
      <dcds:literalValueString>Plümer</dcds:literalValueString>
    </dcds:statement>
    <dcds:statement dcds:propertyURI="http://xmlns.com/foaf/0.1/lastName">
      <dcds:literalValueString>Plümer</dcds:literalValueString>
    </dcds:statement>
  </dcds:description>
  <dcds:description dcds:resourceId="editor1">
    <dcds:statement dcds:valueURI="http://xmlns.com/foaf/0.1/Agent" dcds:propertyURI="http://www.w3.org/1999/02/22-rdf-syntax-ns#type" />
    <dcds:statement dcds:valueURI="http://xmlns.com/foaf/0.1/Person" dcds:propertyURI="http://purl.org/dc/terms/type" />
    <dcds:statement dcds:propertyURI="http://xmlns.com/foaf/0.1/givenName">
      <dcds:literalValueString>Bernhard</dcds:literalValueString>
    </dcds:statement>
    <dcds:statement dcds:propertyURI="http://xmlns.com/foaf/0.1/firstName">
      <dcds:literalValueString>Bernhard</dcds:literalValueString>
    </dcds:statement>
    <dcds:statement dcds:propertyURI="http://xmlns.com/foaf/0.1/familyName">
      <dcds:literalValueString>Freyer</dcds:literalValueString>
    </dcds:statement>
    <dcds:statement dcds:propertyURI="http://xmlns.com/foaf/0.1/lastName">
      <dcds:literalValueString>Freyer</dcds:literalValueString>
    </dcds:statement>
  </dcds:description>
  <dcds:description dcds:resourceId="publisher">
    <dcds:statement dcds:valueURI="http://xmlns.com/foaf/0.1/Agent" dcds:propertyURI="http://www.w3.org/1999/02/22-rdf-syntax-ns#type" />
    <dcds:statement dcds:valueURI="http://xmlns.com/foaf/0.1/Organization" dcds:propertyURI="http://purl.org/dc/terms/type" />
    <dcds:statement dcds:propertyURI="http://xmlns.com/foaf/0.1/name">
      <dcds:literalValueString>Institut für ökologischen Landbau - Universität für Bodenkultur, Wien</dcds:literalValueString>
    </dcds:statement>
  </dcds:description>
  <dcds:description dcds:resourceId="metametadata">
    <dcds:statement dcds:valueURI="http://voa3r.eu/class/MetaMetadata" dcds:propertyURI="http://www.w3.org/1999/02/22-rdf-syntax-ns#type" />
    <dcds:statement dcds:propertyURI="http://purl.org/dc/terms/identifier">
      <dcds:valueString>oai:orgprints.org:1076</dcds:valueString>
    </dcds:statement>
    <dcds:statement dcds:propertyURI="http://purl.org/dc/terms/type">
      <dcds:literalValueString>voa3r_dcds v1.0</dcds:literalValueString>
    </dcds:statement>
    <dcds:statement dcds:propertyURI="http://purl.org/dc/terms/date">
      <dcds:literalValueString dcds:sesURI="http://purl.org/dc/terms/W3CDTF">2015-09-08</dcds:literalValueString>
    </dcds:statement>
    <dcds:statement dcds:propertyURI="http://purl.org/dc/terms/contributor" dcds:valueRef="metacontributor" />
  </dcds:description>
  <dcds:description dcds:resourceId="metacontributor">
    <dcds:statement dcds:valueURI="http://xmlns.com/foaf/0.1/Agent" dcds:propertyURI="http://www.w3.org/1999/02/22-rdf-syntax-ns#type" />
    <dcds:statement dcds:valueURI="http://xmlns.com/foaf/0.1/Organization" dcds:propertyURI="http://purl.org/dc/terms/type" />
    <dcds:statement dcds:propertyURI="http://xmlns.com/foaf/0.1/name">
      <dcds:literalValueString xml:lang="en">Organic eprints</dcds:literalValueString>
    </dcds:statement>
    <dcds:statement dcds:valueURI="mailto:eprints@orgprints.org" dcds:propertyURI="http://xmlns.com/foaf/0.1/mbox" />
  </dcds:description>
</dcds:descriptionSet>