<dcds:descriptionSet xmlns:dcds="http://purl.org/dc/xmlns/2008/09/01/dc-ds-xml/" xmlns:xsi="http://www.w3.org/2001/XMLSchema-instance" xsi:schemaLocation="http://purl.org/dc/xmlns/2008/09/01/dc-ds-xml/ http://dublincore.org/schemas/xmls/2008/09/01/dc-ds-xml/dcds.xsd">
  <dcds:description dcds:resourceURI="http://orgprints.org/id/eprint/10390">
    <dcds:statement dcds:valueURI="http://voa3r.eu/class/Resource" dcds:propertyURI="http://www.w3.org/1999/02/22-rdf-syntax-ns#type" />
    <dcds:statement dcds:propertyURI="http://purl.org/dc/terms/title">
      <dcds:literalValueString xml:lang="en">In situ carbon and nitrogen dynamics in ryegrass-clover mixtures: Transfers, deposition and leaching</dcds:literalValueString>
    </dcds:statement>
    <dcds:statement dcds:propertyURI="http://purl.org/dc/terms/language" dcds:vesURI="http://purl.org/dc/terms/RFC5646">
      <dcds:valueString>en</dcds:valueString>
    </dcds:statement>
    <dcds:statement dcds:propertyURI="http://purl.org/dc/terms/abstract">
      <dcds:literalValueString xml:lang="en">Carbon (C) and nitrogen (N) dynamics in ryegrass-clover mixtures were investigated in field mezotrons installed to depths of 20, 40 and 60 cm and equipped with suction cups to collect percolating pore water. Ryegrass and clover leaves were cross-labelled with 14C- and 15N-enriched urea and the fate of the two tracers was studied for three months during summer. Transfer of 14C occurred mainly from ryegrass to clover, whereas the largest transfer of 15N was in the opposite direction. The average transfer of N from clover was 40% (±3.1, n=9) of N in ryegrass, whereas the fraction of N in clover donated by ryegrass was 5% (±1.2, n=9). The amount of 14C transferred from ryegrass to clover was 1.7% (±0.1, n=9) of the 14C-activity in the total aboveground biomass found in the unlabelled clover, and with a transfer from clover to ryegrass being 0.4% (± 0.1, n=9). 15N-enriched compounds were not detected in percolating pore water, which may be caused by either dilution from irrigation or low availability of leachable N compounds. 14C was found solely as 14CO2 in the pore water indicating that dissolved organic carbon (DOC) did not originate from fresh root deposits. Transfer of 14C between the two species in the mixed crop alongside with high transfer of 15N despite a large percolation of pore water indicates that part of the N transfer occurred either in the form of organic compounds or by direct transfer via mycorrhizal mycelium. The amount of N transferred between the two species was found to depend on the ratio between dry matter accumulated in the donating and receiving species, the 14C-allocation within the receiving species and the root turnover rate in the soil.</dcds:literalValueString>
    </dcds:statement>
    <dcds:statement dcds:propertyURI="http://purl.org/dc/terms/bibliographicCitation" dcds:vesURI="http://www.openurl.info/registry/">
      <dcds:valueString dcds:sesURI="http://voa3r.eu/terms/EncodedSchema">BibTeX:@misc{orgprints10390,
          volume = {39},
           title = {In situ carbon and nitrogen dynamics in ryegrass-clover mixtures: Transfers, deposition and leaching},
          author = {Jim Rasmussen and J{\o}rgen Eriksen and Erik Steen Jensen and Kim H. Esbensen and Henning H{\o}gh-Jensen},
            year = {2007},
           pages = {804--815},
         journal = {Soil Biology \&amp; Biochemistry},
        keywords = {carbon(14), nitrogen(15), suction cup, DOC, DIN, DON},
             url = {http://orgprints.org/10390/},
        abstract = {Carbon (C) and nitrogen (N) dynamics in ryegrass-clover mixtures were investigated in field mezotrons installed to depths of 20, 40 and 60 cm and equipped with suction cups to collect percolating pore water. Ryegrass and clover leaves were cross-labelled with 14C- and 15N-enriched urea and the fate of the two tracers was studied for three months during summer. Transfer of 14C occurred mainly from ryegrass to clover, whereas the largest transfer of 15N was in the opposite direction. The average transfer of N from clover was 40\% ({$\pm$}3.1, n=9) of N in ryegrass, whereas the fraction of N in clover donated by ryegrass was 5\% ({$\pm$}1.2, n=9). The amount of 14C transferred from ryegrass to clover was 1.7\% ({$\pm$}0.1, n=9) of the 14C-activity in the total aboveground biomass found in the unlabelled clover, and with a transfer from clover to ryegrass being 0.4\% ({$\pm$} 0.1, n=9). 15N-enriched compounds were not detected in percolating pore water, which may be caused by either dilution from irrigation or low availability of leachable N compounds. 14C was found solely as 14CO2 in the pore water indicating that dissolved organic carbon (DOC) did not originate from fresh root deposits. Transfer of 14C between the two species in the mixed crop alongside with high transfer of 15N despite a large percolation of pore water indicates that part of the N transfer occurred either in the form of organic compounds or by direct transfer via mycorrhizal mycelium. The amount of N transferred between the two species was found to depend on the ratio between dry matter accumulated in the donating and receiving species, the 14C-allocation within the receiving species and the root turnover rate in the soil.}
}</dcds:valueString>
    </dcds:statement>
    <dcds:statement dcds:propertyURI="http://purl.org/dc/terms/type" dcds:vesURI="http://voa3r.eu/terms/ResourceType">
      <dcds:valueString>Article</dcds:valueString>
    </dcds:statement>
    <dcds:statement dcds:propertyURI="http://voa3r.eu/terms/reviewStatus" dcds:vesURI="http://voa3r.eu/terms/ReviewStatus">
      <dcds:valueString>Peer Reviewed</dcds:valueString>
    </dcds:statement>
    <dcds:statement dcds:propertyURI="http://voa3r.eu/terms/publicationStatus" dcds:vesURI="http://voa3r.eu/terms/PublicationStatus">
      <dcds:valueString>Published</dcds:valueString>
    </dcds:statement>
    <dcds:statement dcds:propertyURI="http://purl.org/dc/terms/creator" dcds:valueRef="creator1" />
    <dcds:statement dcds:propertyURI="http://purl.org/dc/terms/creator" dcds:valueRef="creator2" />
    <dcds:statement dcds:propertyURI="http://purl.org/dc/terms/creator" dcds:valueRef="creator3" />
    <dcds:statement dcds:propertyURI="http://purl.org/dc/terms/creator" dcds:valueRef="creator4" />
    <dcds:statement dcds:propertyURI="http://purl.org/dc/terms/creator" dcds:valueRef="creator5" />
    <dcds:statement dcds:propertyURI="http://purl.org/dc/terms/subject">
      <dcds:valueString xml:lang="en">Nutrient turnover</dcds:valueString>
    </dcds:statement>
    <dcds:statement dcds:propertyURI="http://purl.org/dc/terms/subject">
      <dcds:valueString xml:lang="en">Air and water emissions</dcds:valueString>
    </dcds:statement>
    <dcds:statement dcds:valueURI="http://dx.doi.org/10.1016/S0038-0717(96)00244-1" dcds:propertyURI="http://purl.org/dc/terms/references">
      <dcds:valueString>Sparling, G.P.  (12.1996). "Microbial immobilization of 15N from legume residues in soils of differing textures: Measurement by persulphate oxidation and ammonia diffusion methods".  Soil biology &amp; biochemistry (0038-0717), 28 (12), p. 1707.</dcds:valueString>
    </dcds:statement>
    <dcds:statement dcds:valueURI="http://dx.doi.org/10.1016/S0038-0717(00)00183-8" dcds:propertyURI="http://purl.org/dc/terms/references">
      <dcds:valueString>Høgh-Jensen, H  (2001). "Rhizodeposition of nitrogen by red clover, white clover and ryegrass leys".  Soil biology &amp; biochemistry (0038-0717), 33 (4-5), p. 439.</dcds:valueString>
    </dcds:statement>
    <dcds:statement dcds:valueURI="http://dx.doi.org/10.1007/s00374-003-0699-x" dcds:propertyURI="http://purl.org/dc/terms/references">
      <dcds:valueString>de Neergaard, Andreas  (2004). "Carbon allocation to roots, rhizodeposits and soil after pulse labelling: a comparison of white clover ( Trifolium repens L.) and perennial ryegrass ( Lolium perenne L.)".  Biology and fertility of soils (0178-2762), 39 (4)</dcds:valueString>
    </dcds:statement>
    <dcds:statement dcds:valueURI="http://dx.doi.org/10.1016/j.scitotenv.2011.12.071 " dcds:propertyURI="http://purl.org/dc/terms/isReferencedBy">
      <dcds:valueString>Isaac, M E  (15.09.2012). "Nitrogen and phosphorus economy of a legume tree-cereal intercropping system under controlled conditions".  The Science of the total environment (0048-9697), 434, p. 71.</dcds:valueString>
    </dcds:statement>
    <dcds:statement dcds:valueURI="http://dx.doi.org/10.1007/s11104-011-0882-z" dcds:propertyURI="http://purl.org/dc/terms/isReferencedBy">
      <dcds:valueString>Pirhofer-Walzl, Karin  (2012). "Nitrogen transfer from forage legumes to nine neighbouring plants in a multi-species grassland".  Plant and soil (0032-079X), 350 (1-2), p. 71.</dcds:valueString>
    </dcds:statement>
    <dcds:statement dcds:valueURI="http://dx.doi.org/10.1016/j.eja.2010.04.006" dcds:propertyURI="http://purl.org/dc/terms/isReferencedBy">
      <dcds:valueString>Dahlin, A. Sigrun  (10.2010). "Transfer of N from red clover to perennial ryegrass in mixed stands under different cutting strategies".  European journal of agronomy (1161-0301), 33 (3), p. 149</dcds:valueString>
    </dcds:statement>
    <dcds:statement dcds:valueURI="http://orgprints.org/10390/" dcds:propertyURI="http://www.europeana.eu/schemas/ese/isShownAt" />
    <dcds:statement dcds:propertyURI="http://purl.org/dc/terms/rights">
      <dcds:literalValueString xml:lang="en">ICROFS rights: All of the entries, statements, results etc. contained in the Organic Eprints archive have been compiled by the authors according to their best knowledge and the metadata have been scrupulously checked by the International Centre for Research in Organic Food Systems (ICROFS) and the Research Institute of Organic Agriculture (FiBL). All depositors of eprints have agreed with the Deposit Agreement below. However, the possibility of mistakes can not be ruled out entirely. Therefore, the responsible partners behind Organic Eprints, the archive staff and the depositors are not subject to any obligation and make no guarantees whatsoever regarding any of the statements etc. on this website; neither do they accept responsibility or liability for any possible mistakes contained therein. The links to other websites on the Organic Eprints pages are for informational purposes only. ICROFS, FiBL and the depositors are not responsible for the availability or content of these sites. In addition, providing links to these sites should not be interpreted as endorsement or approval by ICROFS or FiBL.
Deposit Agreement
When depositing an eprint the depositors consents with the following agreement: "In depositing this eprint (a collection of files and associated metadata), I grant Organic Eprints the right to make it permanently available on-line, with open access to all or in accordance with any access restrictions that I have specified. I understand that Organic Eprints does not assume any responsibility if there is any breach of copyright in distributing these files or metadata. For work being deposited by its own first author: I declare that this eprint is my own intellectual property and that I have the right to make it available in Organic Eprints in the manner chosen. For work being deposited by someone other than its first author: I declare that I have gained the proper permissions from someone with the right to make this eprint available in Organic Eprints in the manner chosen - or that the material is in the public domain. Clicking on the deposit button indicates your agreement to these terms."</dcds:literalValueString>
    </dcds:statement>
    <dcds:statement dcds:valueURI="http://purl.org/eprint/accessRights/OpenAccess" dcds:propertyURI="http://purl.org/dc/terms/accessRights" />
    <dcds:statement dcds:propertyURI="http://purl.org/dc/terms/date">
      <dcds:literalValueString dcds:sesURI="http://purl.org/dc/terms/W3CDTF">2007</dcds:literalValueString>
    </dcds:statement>
    <dcds:statement dcds:propertyURI="http://voa3r.eu/terms/hasResearch" dcds:valueRef="research0" />
    <dcds:statement dcds:propertyURI="http://voa3r.eu/terms/hasMetametadata" dcds:valueRef="metametadata" />
  </dcds:description>
  <dcds:description dcds:resourceId="creator1">
    <dcds:statement dcds:valueURI="http://xmlns.com/foaf/0.1/Agent" dcds:propertyURI="http://www.w3.org/1999/02/22-rdf-syntax-ns#type" />
    <dcds:statement dcds:valueURI="http://xmlns.com/foaf/0.1/Person" dcds:propertyURI="http://purl.org/dc/terms/type" />
    <dcds:statement dcds:propertyURI="http://xmlns.com/foaf/0.1/givenName">
      <dcds:literalValueString>Jim</dcds:literalValueString>
    </dcds:statement>
    <dcds:statement dcds:propertyURI="http://xmlns.com/foaf/0.1/firstName">
      <dcds:literalValueString>Jim</dcds:literalValueString>
    </dcds:statement>
    <dcds:statement dcds:propertyURI="http://xmlns.com/foaf/0.1/familyName">
      <dcds:literalValueString>Rasmussen</dcds:literalValueString>
    </dcds:statement>
    <dcds:statement dcds:propertyURI="http://xmlns.com/foaf/0.1/lastName">
      <dcds:literalValueString>Rasmussen</dcds:literalValueString>
    </dcds:statement>
  </dcds:description>
  <dcds:description dcds:resourceId="creator2">
    <dcds:statement dcds:valueURI="http://xmlns.com/foaf/0.1/Agent" dcds:propertyURI="http://www.w3.org/1999/02/22-rdf-syntax-ns#type" />
    <dcds:statement dcds:valueURI="http://xmlns.com/foaf/0.1/Person" dcds:propertyURI="http://purl.org/dc/terms/type" />
    <dcds:statement dcds:propertyURI="http://xmlns.com/foaf/0.1/givenName">
      <dcds:literalValueString>Jørgen</dcds:literalValueString>
    </dcds:statement>
    <dcds:statement dcds:propertyURI="http://xmlns.com/foaf/0.1/firstName">
      <dcds:literalValueString>Jørgen</dcds:literalValueString>
    </dcds:statement>
    <dcds:statement dcds:propertyURI="http://xmlns.com/foaf/0.1/familyName">
      <dcds:literalValueString>Eriksen</dcds:literalValueString>
    </dcds:statement>
    <dcds:statement dcds:propertyURI="http://xmlns.com/foaf/0.1/lastName">
      <dcds:literalValueString>Eriksen</dcds:literalValueString>
    </dcds:statement>
  </dcds:description>
  <dcds:description dcds:resourceId="creator3">
    <dcds:statement dcds:valueURI="http://xmlns.com/foaf/0.1/Agent" dcds:propertyURI="http://www.w3.org/1999/02/22-rdf-syntax-ns#type" />
    <dcds:statement dcds:valueURI="http://xmlns.com/foaf/0.1/Person" dcds:propertyURI="http://purl.org/dc/terms/type" />
    <dcds:statement dcds:propertyURI="http://xmlns.com/foaf/0.1/givenName">
      <dcds:literalValueString>Erik Steen</dcds:literalValueString>
    </dcds:statement>
    <dcds:statement dcds:propertyURI="http://xmlns.com/foaf/0.1/firstName">
      <dcds:literalValueString>Erik Steen</dcds:literalValueString>
    </dcds:statement>
    <dcds:statement dcds:propertyURI="http://xmlns.com/foaf/0.1/familyName">
      <dcds:literalValueString>Jensen</dcds:literalValueString>
    </dcds:statement>
    <dcds:statement dcds:propertyURI="http://xmlns.com/foaf/0.1/lastName">
      <dcds:literalValueString>Jensen</dcds:literalValueString>
    </dcds:statement>
  </dcds:description>
  <dcds:description dcds:resourceId="creator4">
    <dcds:statement dcds:valueURI="http://xmlns.com/foaf/0.1/Agent" dcds:propertyURI="http://www.w3.org/1999/02/22-rdf-syntax-ns#type" />
    <dcds:statement dcds:valueURI="http://xmlns.com/foaf/0.1/Person" dcds:propertyURI="http://purl.org/dc/terms/type" />
    <dcds:statement dcds:propertyURI="http://xmlns.com/foaf/0.1/givenName">
      <dcds:literalValueString>Kim H.</dcds:literalValueString>
    </dcds:statement>
    <dcds:statement dcds:propertyURI="http://xmlns.com/foaf/0.1/firstName">
      <dcds:literalValueString>Kim H.</dcds:literalValueString>
    </dcds:statement>
    <dcds:statement dcds:propertyURI="http://xmlns.com/foaf/0.1/familyName">
      <dcds:literalValueString>Esbensen</dcds:literalValueString>
    </dcds:statement>
    <dcds:statement dcds:propertyURI="http://xmlns.com/foaf/0.1/lastName">
      <dcds:literalValueString>Esbensen</dcds:literalValueString>
    </dcds:statement>
  </dcds:description>
  <dcds:description dcds:resourceId="creator5">
    <dcds:statement dcds:valueURI="http://xmlns.com/foaf/0.1/Agent" dcds:propertyURI="http://www.w3.org/1999/02/22-rdf-syntax-ns#type" />
    <dcds:statement dcds:valueURI="http://xmlns.com/foaf/0.1/Person" dcds:propertyURI="http://purl.org/dc/terms/type" />
    <dcds:statement dcds:propertyURI="http://xmlns.com/foaf/0.1/givenName">
      <dcds:literalValueString>Henning</dcds:literalValueString>
    </dcds:statement>
    <dcds:statement dcds:propertyURI="http://xmlns.com/foaf/0.1/firstName">
      <dcds:literalValueString>Henning</dcds:literalValueString>
    </dcds:statement>
    <dcds:statement dcds:propertyURI="http://xmlns.com/foaf/0.1/familyName">
      <dcds:literalValueString>Høgh-Jensen</dcds:literalValueString>
    </dcds:statement>
    <dcds:statement dcds:propertyURI="http://xmlns.com/foaf/0.1/lastName">
      <dcds:literalValueString>Høgh-Jensen</dcds:literalValueString>
    </dcds:statement>
  </dcds:description>
  <dcds:description dcds:resourceId="research0">
    <dcds:statement dcds:valueURI="http://voa3r.eu/class/Research" dcds:propertyURI="http://www.w3.org/1999/02/22-rdf-syntax-ns#type" />
    <dcds:statement dcds:valueURI="http://aims.fao.org/aos/agrovoc/c_15911" dcds:propertyURI="http://voa3r.eu/terms/objectOfInterest">
      <dcds:valueString xml:lang="en">Organic agriculture</dcds:valueString>
    </dcds:statement>
    <dcds:statement dcds:valueURI="http://aims.fao.org/aos/agrovoc/c_15591" dcds:propertyURI="http://voa3r.eu/terms/objectOfInterest">
      <dcds:valueString xml:lang="en">Leaching</dcds:valueString>
    </dcds:statement>
    <dcds:statement dcds:propertyURI="http://voa3r.eu/terms/objectOfInterest">
      <dcds:valueString xml:lang="en">Ryegrass-clover mixture</dcds:valueString>
    </dcds:statement>
    <dcds:statement dcds:valueURI="http://aims.fao.org/aos/agrovoc/c_17299" dcds:propertyURI="http://voa3r.eu/terms/measuresVariable">
      <dcds:valueString xml:lang="en">Carbon cycle</dcds:valueString>
    </dcds:statement>
    <dcds:statement dcds:valueURI="http://aims.fao.org/aos/agrovoc/c_27938" dcds:propertyURI="http://voa3r.eu/terms/measuresVariable">
      <dcds:valueString xml:lang="en">Nitrogen cycle</dcds:valueString>
    </dcds:statement>
    <dcds:statement dcds:valueURI="http://aims.fao.org/aos/agrovoc/c_33990" dcds:propertyURI="http://voa3r.eu/terms/usesMethod">
      <dcds:valueString xml:lang="en">Field experimentation</dcds:valueString>
    </dcds:statement>
    <dcds:statement dcds:valueURI="http://aims.fao.org/aos/agrovoc/c_25271" dcds:propertyURI="http://voa3r.eu/terms/usesMethod">
      <dcds:valueString xml:lang="en">Soil sampling</dcds:valueString>
    </dcds:statement>
    <dcds:statement dcds:propertyURI="http://voa3r.eu/terms/usesInstrument">
      <dcds:valueString xml:lang="en">Suction cups</dcds:valueString>
    </dcds:statement>
    <dcds:statement dcds:valueURI="http://aims.fao.org/aos/agrovoc/c_330899" dcds:propertyURI="http://voa3r.eu/terms/usesTechnique">
      <dcds:valueString xml:lang="en">Labelling</dcds:valueString>
    </dcds:statement>
    <dcds:statement dcds:valueURI="http://aims.fao.org/aos/agrovoc/c_28921" dcds:propertyURI="http://voa3r.eu/terms/usesTechnique">
      <dcds:valueString xml:lang="en">Multivariate analysis</dcds:valueString>
    </dcds:statement>
    <dcds:statement dcds:propertyURI="http://voa3r.eu/terms/usesProtocol">
      <dcds:valueString xml:lang="en">Nitrogen analysis: Sparling et al. (1996)</dcds:valueString>
    </dcds:statement>
  </dcds:description>
  <dcds:description dcds:resourceId="metametadata">
    <dcds:statement dcds:valueURI="http://voa3r.eu/class/MetaMetadata" dcds:propertyURI="http://www.w3.org/1999/02/22-rdf-syntax-ns#type" />
    <dcds:statement dcds:propertyURI="http://purl.org/dc/terms/identifier">
      <dcds:valueString>oai:orgprints.org:10390</dcds:valueString>
    </dcds:statement>
    <dcds:statement dcds:propertyURI="http://purl.org/dc/terms/type">
      <dcds:literalValueString>voa3r_dcds v1.0</dcds:literalValueString>
    </dcds:statement>
    <dcds:statement dcds:propertyURI="http://purl.org/dc/terms/date">
      <dcds:literalValueString dcds:sesURI="http://purl.org/dc/terms/W3CDTF">2015-09-08</dcds:literalValueString>
    </dcds:statement>
    <dcds:statement dcds:propertyURI="http://purl.org/dc/terms/contributor" dcds:valueRef="metacontributor" />
  </dcds:description>
  <dcds:description dcds:resourceId="metacontributor">
    <dcds:statement dcds:valueURI="http://xmlns.com/foaf/0.1/Agent" dcds:propertyURI="http://www.w3.org/1999/02/22-rdf-syntax-ns#type" />
    <dcds:statement dcds:valueURI="http://xmlns.com/foaf/0.1/Organization" dcds:propertyURI="http://purl.org/dc/terms/type" />
    <dcds:statement dcds:propertyURI="http://xmlns.com/foaf/0.1/name">
      <dcds:literalValueString xml:lang="en">Organic eprints</dcds:literalValueString>
    </dcds:statement>
    <dcds:statement dcds:valueURI="mailto:eprints@orgprints.org" dcds:propertyURI="http://xmlns.com/foaf/0.1/mbox" />
  </dcds:description>
</dcds:descriptionSet>