<dcds:descriptionSet xmlns:dcds="http://purl.org/dc/xmlns/2008/09/01/dc-ds-xml/" xmlns:xsi="http://www.w3.org/2001/XMLSchema-instance" xsi:schemaLocation="http://purl.org/dc/xmlns/2008/09/01/dc-ds-xml/ http://dublincore.org/schemas/xmls/2008/09/01/dc-ds-xml/dcds.xsd">
  <dcds:description dcds:resourceURI="http://orgprints.org/id/eprint/10043">
    <dcds:statement dcds:valueURI="http://voa3r.eu/class/Resource" dcds:propertyURI="http://www.w3.org/1999/02/22-rdf-syntax-ns#type" />
    <dcds:statement dcds:propertyURI="http://purl.org/dc/terms/title">
      <dcds:literalValueString xml:lang="en">Effect of nose ringing and stocking rate of pregnant and lactating outdoor sows on exploratory behavior, grass cover and nutrient loss potential</dcds:literalValueString>
    </dcds:statement>
    <dcds:statement dcds:propertyURI="http://purl.org/dc/terms/language" dcds:vesURI="http://purl.org/dc/terms/RFC5646">
      <dcds:valueString>en</dcds:valueString>
    </dcds:statement>
    <dcds:statement dcds:propertyURI="http://purl.org/dc/terms/abstract">
      <dcds:literalValueString xml:lang="en">Nose ringing of outdoor sows is practiced to reduce grass sward damage for environmental reasons but conflicts with natural behaviour considerations. We investigated effects of ringing pregnant and lactating outdoor sows on foraging and explorative behaviour, grass cover and nutrient deposition. The experiment included both ringed and unringed sows. For unringed sows the paddocks were either used continuously throughout the experiment or divided into two and sows were moved half way through the experimental period leaving the first used paddock for regrowth. Ringing did not prevent the sow’s rooting, but rooting was less pronounced, when sows were ringed. On average, ringing increased grass cover from 14 to 38% and from 64 to 81% in paddocks with pregnant and lactating sows, respectively. In paddocks with unringed sows kept at a double density and followed by a resting period, the grass cover in autumn was restored to a high degree in paddocks with pregnant sows. In lactating sow paddocks the level of inorganic N was high but with no significant relation to extent of grass cover. In pregnant sow paddocks the soil inorganic N content was significantly reduced by increased grass cover and at 60% grass cover soil inorganic N content was at a low level. From the experiment it was evident that although ringing did have a positive environmental effect, it was not the main factor influencing potential losses. Management choices in terms of feeding, animal density and nutrient distribution are considered to be at least as important.</dcds:literalValueString>
    </dcds:statement>
    <dcds:statement dcds:propertyURI="http://purl.org/dc/terms/bibliographicCitation" dcds:vesURI="http://www.openurl.info/registry/">
      <dcds:valueString dcds:sesURI="http://voa3r.eu/terms/EncodedSchema">BibTeX:@misc{orgprints10043,
          volume = {104},
           title = {Effect of nose ringing and stocking rate of pregnant and lactating outdoor sows on exploratory behavior, grass cover and nutrient loss potential},
          author = {J. Eriksen and M. Studnitz and K. Strudsholm and A.G. Kongsted and J.E. Hermansen},
            year = {2006},
           pages = {91--102},
         journal = {Livestock Science},
             url = {http://orgprints.org/10043/},
        abstract = {Nose ringing of outdoor sows is practiced to reduce grass sward damage for environmental reasons but conflicts with natural behaviour considerations. We investigated effects of ringing pregnant and lactating outdoor sows on foraging and explorative behaviour, grass cover and nutrient deposition. The experiment included both ringed and unringed sows. For unringed sows the paddocks were either used continuously throughout the experiment or divided into two and sows were moved half way through the experimental period leaving the first used paddock for regrowth. Ringing did not prevent the sow?s rooting, but rooting was less pronounced, when sows were ringed. On average, ringing increased grass cover from 14 to 38\% and from 64 to 81\% in paddocks with pregnant and lactating sows, respectively. In paddocks with unringed sows kept at a double density and followed by a resting period, the grass cover in autumn was restored to a high degree in paddocks with pregnant sows. In lactating sow paddocks the level of inorganic N was high but with no significant relation to extent of grass cover. In pregnant sow paddocks the soil inorganic N content was significantly reduced by increased grass cover and at 60\% grass cover soil inorganic N content was at a low level. From the experiment it was evident that although ringing did have a positive environmental effect, it was not the main factor influencing potential losses. Management choices in terms of feeding, animal density and nutrient distribution are considered to be at least as important. }
}</dcds:valueString>
    </dcds:statement>
    <dcds:statement dcds:propertyURI="http://purl.org/dc/terms/type" dcds:vesURI="http://voa3r.eu/terms/ResourceType">
      <dcds:valueString>Article</dcds:valueString>
    </dcds:statement>
    <dcds:statement dcds:propertyURI="http://voa3r.eu/terms/reviewStatus" dcds:vesURI="http://voa3r.eu/terms/ReviewStatus">
      <dcds:valueString>Peer Reviewed</dcds:valueString>
    </dcds:statement>
    <dcds:statement dcds:propertyURI="http://voa3r.eu/terms/publicationStatus" dcds:vesURI="http://voa3r.eu/terms/PublicationStatus">
      <dcds:valueString>Published</dcds:valueString>
    </dcds:statement>
    <dcds:statement dcds:propertyURI="http://purl.org/dc/terms/creator" dcds:valueRef="creator1" />
    <dcds:statement dcds:propertyURI="http://purl.org/dc/terms/creator" dcds:valueRef="creator2" />
    <dcds:statement dcds:propertyURI="http://purl.org/dc/terms/creator" dcds:valueRef="creator3" />
    <dcds:statement dcds:propertyURI="http://purl.org/dc/terms/creator" dcds:valueRef="creator4" />
    <dcds:statement dcds:propertyURI="http://purl.org/dc/terms/creator" dcds:valueRef="creator5" />
    <dcds:statement dcds:propertyURI="http://purl.org/dc/terms/subject">
      <dcds:valueString xml:lang="en">Nutrient turnover</dcds:valueString>
    </dcds:statement>
    <dcds:statement dcds:propertyURI="http://purl.org/dc/terms/subject">
      <dcds:valueString xml:lang="en">Pigs</dcds:valueString>
    </dcds:statement>
    <dcds:statement dcds:propertyURI="http://purl.org/dc/terms/subject">
      <dcds:valueString xml:lang="en">Air and water emissions</dcds:valueString>
    </dcds:statement>
    <dcds:statement dcds:valueURI="http://dx.doi.org/10.1016/S0168-1591(03)00144-8 " dcds:propertyURI="http://purl.org/dc/terms/references">
      <dcds:valueString>Studnitz, Merete (11.2003). "The effect of nose rings on the exploratory behaviour of outdoor gilts exposed to different tests". Applied animal behaviour science(0168-1591), 84(1), p.41.</dcds:valueString>
    </dcds:statement>
    <dcds:statement dcds:valueURI="http://dx.doi.org/10.1111/j.1475-2743.2001.tb00004.x" dcds:propertyURI="http://purl.org/dc/terms/references">
      <dcds:valueString>Eriksen, J (2001). "Nutrient excretion by outdoor pigs: a case study of distribution, utilization and potential for environmental impact". Soil use and management(0266-0032), 17(1), p.21.</dcds:valueString>
    </dcds:statement>
    <dcds:statement dcds:valueURI="http://dx.doi.org/10.1016/j.livsci.2012.09.006" dcds:propertyURI="http://purl.org/dc/terms/isReferencedBy">
      <dcds:valueString>Horsted, K. (12.2012). "Combined production of free-range pigs and energy crops—animal behaviour and crop damages". Livestock science(1871-1413), 150(1-3), p.200.</dcds:valueString>
    </dcds:statement>
    <dcds:statement dcds:valueURI="http://orgprints.org/10043/" dcds:propertyURI="http://www.europeana.eu/schemas/ese/isShownAt" />
    <dcds:statement dcds:valueURI="http://orgprints.org/10043/1/10043.pdf" dcds:propertyURI="http://www.europeana.eu/schemas/ese/isShownBy" />
    <dcds:statement dcds:propertyURI="http://purl.org/dc/terms/rights">
      <dcds:literalValueString xml:lang="en">ICROFS rights: All of the entries, statements, results etc. contained in the Organic Eprints archive have been compiled by the authors according to their best knowledge and the metadata have been scrupulously checked by the International Centre for Research in Organic Food Systems (ICROFS) and the Research Institute of Organic Agriculture (FiBL). All depositors of eprints have agreed with the Deposit Agreement below. However, the possibility of mistakes can not be ruled out entirely. Therefore, the responsible partners behind Organic Eprints, the archive staff and the depositors are not subject to any obligation and make no guarantees whatsoever regarding any of the statements etc. on this website; neither do they accept responsibility or liability for any possible mistakes contained therein. The links to other websites on the Organic Eprints pages are for informational purposes only. ICROFS, FiBL and the depositors are not responsible for the availability or content of these sites. In addition, providing links to these sites should not be interpreted as endorsement or approval by ICROFS or FiBL.
Deposit Agreement
When depositing an eprint the depositors consents with the following agreement: "In depositing this eprint (a collection of files and associated metadata), I grant Organic Eprints the right to make it permanently available on-line, with open access to all or in accordance with any access restrictions that I have specified. I understand that Organic Eprints does not assume any responsibility if there is any breach of copyright in distributing these files or metadata. For work being deposited by its own first author: I declare that this eprint is my own intellectual property and that I have the right to make it available in Organic Eprints in the manner chosen. For work being deposited by someone other than its first author: I declare that I have gained the proper permissions from someone with the right to make this eprint available in Organic Eprints in the manner chosen - or that the material is in the public domain. Clicking on the deposit button indicates your agreement to these terms."</dcds:literalValueString>
    </dcds:statement>
    <dcds:statement dcds:valueURI="http://purl.org/eprint/accessRights/OpenAccess" dcds:propertyURI="http://purl.org/dc/terms/accessRights" />
    <dcds:statement dcds:propertyURI="http://purl.org/dc/terms/date">
      <dcds:literalValueString dcds:sesURI="http://purl.org/dc/terms/W3CDTF">2006</dcds:literalValueString>
    </dcds:statement>
    <dcds:statement dcds:propertyURI="http://voa3r.eu/terms/hasResearch" dcds:valueRef="research0" />
    <dcds:statement dcds:propertyURI="http://voa3r.eu/terms/hasMetametadata" dcds:valueRef="metametadata" />
  </dcds:description>
  <dcds:description dcds:resourceId="creator1">
    <dcds:statement dcds:valueURI="http://xmlns.com/foaf/0.1/Agent" dcds:propertyURI="http://www.w3.org/1999/02/22-rdf-syntax-ns#type" />
    <dcds:statement dcds:valueURI="http://xmlns.com/foaf/0.1/Person" dcds:propertyURI="http://purl.org/dc/terms/type" />
    <dcds:statement dcds:propertyURI="http://xmlns.com/foaf/0.1/givenName">
      <dcds:literalValueString>J.</dcds:literalValueString>
    </dcds:statement>
    <dcds:statement dcds:propertyURI="http://xmlns.com/foaf/0.1/firstName">
      <dcds:literalValueString>J.</dcds:literalValueString>
    </dcds:statement>
    <dcds:statement dcds:propertyURI="http://xmlns.com/foaf/0.1/familyName">
      <dcds:literalValueString>Eriksen</dcds:literalValueString>
    </dcds:statement>
    <dcds:statement dcds:propertyURI="http://xmlns.com/foaf/0.1/lastName">
      <dcds:literalValueString>Eriksen</dcds:literalValueString>
    </dcds:statement>
  </dcds:description>
  <dcds:description dcds:resourceId="creator2">
    <dcds:statement dcds:valueURI="http://xmlns.com/foaf/0.1/Agent" dcds:propertyURI="http://www.w3.org/1999/02/22-rdf-syntax-ns#type" />
    <dcds:statement dcds:valueURI="http://xmlns.com/foaf/0.1/Person" dcds:propertyURI="http://purl.org/dc/terms/type" />
    <dcds:statement dcds:propertyURI="http://xmlns.com/foaf/0.1/givenName">
      <dcds:literalValueString>M.</dcds:literalValueString>
    </dcds:statement>
    <dcds:statement dcds:propertyURI="http://xmlns.com/foaf/0.1/firstName">
      <dcds:literalValueString>M.</dcds:literalValueString>
    </dcds:statement>
    <dcds:statement dcds:propertyURI="http://xmlns.com/foaf/0.1/familyName">
      <dcds:literalValueString>Studnitz</dcds:literalValueString>
    </dcds:statement>
    <dcds:statement dcds:propertyURI="http://xmlns.com/foaf/0.1/lastName">
      <dcds:literalValueString>Studnitz</dcds:literalValueString>
    </dcds:statement>
  </dcds:description>
  <dcds:description dcds:resourceId="creator3">
    <dcds:statement dcds:valueURI="http://xmlns.com/foaf/0.1/Agent" dcds:propertyURI="http://www.w3.org/1999/02/22-rdf-syntax-ns#type" />
    <dcds:statement dcds:valueURI="http://xmlns.com/foaf/0.1/Person" dcds:propertyURI="http://purl.org/dc/terms/type" />
    <dcds:statement dcds:propertyURI="http://xmlns.com/foaf/0.1/givenName">
      <dcds:literalValueString>K.</dcds:literalValueString>
    </dcds:statement>
    <dcds:statement dcds:propertyURI="http://xmlns.com/foaf/0.1/firstName">
      <dcds:literalValueString>K.</dcds:literalValueString>
    </dcds:statement>
    <dcds:statement dcds:propertyURI="http://xmlns.com/foaf/0.1/familyName">
      <dcds:literalValueString>Strudsholm</dcds:literalValueString>
    </dcds:statement>
    <dcds:statement dcds:propertyURI="http://xmlns.com/foaf/0.1/lastName">
      <dcds:literalValueString>Strudsholm</dcds:literalValueString>
    </dcds:statement>
  </dcds:description>
  <dcds:description dcds:resourceId="creator4">
    <dcds:statement dcds:valueURI="http://xmlns.com/foaf/0.1/Agent" dcds:propertyURI="http://www.w3.org/1999/02/22-rdf-syntax-ns#type" />
    <dcds:statement dcds:valueURI="http://xmlns.com/foaf/0.1/Person" dcds:propertyURI="http://purl.org/dc/terms/type" />
    <dcds:statement dcds:propertyURI="http://xmlns.com/foaf/0.1/givenName">
      <dcds:literalValueString>A.G.</dcds:literalValueString>
    </dcds:statement>
    <dcds:statement dcds:propertyURI="http://xmlns.com/foaf/0.1/firstName">
      <dcds:literalValueString>A.G.</dcds:literalValueString>
    </dcds:statement>
    <dcds:statement dcds:propertyURI="http://xmlns.com/foaf/0.1/familyName">
      <dcds:literalValueString>Kongsted</dcds:literalValueString>
    </dcds:statement>
    <dcds:statement dcds:propertyURI="http://xmlns.com/foaf/0.1/lastName">
      <dcds:literalValueString>Kongsted</dcds:literalValueString>
    </dcds:statement>
  </dcds:description>
  <dcds:description dcds:resourceId="creator5">
    <dcds:statement dcds:valueURI="http://xmlns.com/foaf/0.1/Agent" dcds:propertyURI="http://www.w3.org/1999/02/22-rdf-syntax-ns#type" />
    <dcds:statement dcds:valueURI="http://xmlns.com/foaf/0.1/Person" dcds:propertyURI="http://purl.org/dc/terms/type" />
    <dcds:statement dcds:propertyURI="http://xmlns.com/foaf/0.1/givenName">
      <dcds:literalValueString>J.E.</dcds:literalValueString>
    </dcds:statement>
    <dcds:statement dcds:propertyURI="http://xmlns.com/foaf/0.1/firstName">
      <dcds:literalValueString>J.E.</dcds:literalValueString>
    </dcds:statement>
    <dcds:statement dcds:propertyURI="http://xmlns.com/foaf/0.1/familyName">
      <dcds:literalValueString>Hermansen</dcds:literalValueString>
    </dcds:statement>
    <dcds:statement dcds:propertyURI="http://xmlns.com/foaf/0.1/lastName">
      <dcds:literalValueString>Hermansen</dcds:literalValueString>
    </dcds:statement>
  </dcds:description>
  <dcds:description dcds:resourceId="research0">
    <dcds:statement dcds:valueURI="http://voa3r.eu/class/Research" dcds:propertyURI="http://www.w3.org/1999/02/22-rdf-syntax-ns#type" />
    <dcds:statement dcds:valueURI="http://aims.fao.org/aos/agrovoc/c_7271" dcds:propertyURI="http://voa3r.eu/terms/objectOfInterest">
      <dcds:valueString xml:lang="en">Sows</dcds:valueString>
    </dcds:statement>
    <dcds:statement dcds:valueURI="http://aims.fao.org/aos/agrovoc/c_5626" dcds:propertyURI="http://voa3r.eu/terms/objectOfInterest">
      <dcds:valueString xml:lang="en">Pastures</dcds:valueString>
    </dcds:statement>
    <dcds:statement dcds:valueURI="http://aims.fao.org/aos/agrovoc/c_8811" dcds:propertyURI="http://voa3r.eu/terms/objectOfInterest">
      <dcds:valueString xml:lang="en">Animal behaviour</dcds:valueString>
    </dcds:statement>
    <dcds:statement dcds:valueURI="http://aims.fao.org/aos/agrovoc/c_25409" dcds:propertyURI="http://voa3r.eu/terms/measuresVariable">
      <dcds:valueString xml:lang="en">Plant cover</dcds:valueString>
    </dcds:statement>
    <dcds:statement dcds:valueURI="http://aims.fao.org/aos/agrovoc/c_12868" dcds:propertyURI="http://voa3r.eu/terms/measuresVariable">
      <dcds:valueString xml:lang="en">Nutrient balance</dcds:valueString>
    </dcds:statement>
    <dcds:statement dcds:valueURI="http://aims.fao.org/aos/agrovoc/c_24410" dcds:propertyURI="http://voa3r.eu/terms/measuresVariable">
      <dcds:valueString xml:lang="en">Stocking density</dcds:valueString>
    </dcds:statement>
    <dcds:statement dcds:valueURI="http://aims.fao.org/aos/agrovoc/c_33990" dcds:propertyURI="http://voa3r.eu/terms/usesMethod">
      <dcds:valueString xml:lang="en">Field experimentation</dcds:valueString>
    </dcds:statement>
    <dcds:statement dcds:valueURI="http://aims.fao.org/aos/agrovoc/c_14497" dcds:propertyURI="http://voa3r.eu/terms/usesTechnique">
      <dcds:valueString xml:lang="en">Spectrophotometry</dcds:valueString>
    </dcds:statement>
    <dcds:statement dcds:valueURI="http://aims.fao.org/aos/agrovoc/c_7198" dcds:propertyURI="http://voa3r.eu/terms/usesTechnique">
      <dcds:valueString xml:lang="en">Soil analysis</dcds:valueString>
    </dcds:statement>
    <dcds:statement dcds:valueURI="http://aims.fao.org/aos/agrovoc/c_7377" dcds:propertyURI="http://voa3r.eu/terms/usesTechnique">
      <dcds:valueString xml:lang="en">Statistical methods</dcds:valueString>
    </dcds:statement>
    <dcds:statement dcds:valueURI="http://aims.fao.org/aos/agrovoc/c_28964" dcds:propertyURI="http://voa3r.eu/terms/usesProtocol">
      <dcds:valueString xml:lang="en">Spectral analysis: Petersen (1992)</dcds:valueString>
    </dcds:statement>
  </dcds:description>
  <dcds:description dcds:resourceId="metametadata">
    <dcds:statement dcds:valueURI="http://voa3r.eu/class/MetaMetadata" dcds:propertyURI="http://www.w3.org/1999/02/22-rdf-syntax-ns#type" />
    <dcds:statement dcds:propertyURI="http://purl.org/dc/terms/identifier">
      <dcds:valueString>oai:orgprints.org:10043</dcds:valueString>
    </dcds:statement>
    <dcds:statement dcds:propertyURI="http://purl.org/dc/terms/type">
      <dcds:literalValueString>voa3r_dcds v1.0</dcds:literalValueString>
    </dcds:statement>
    <dcds:statement dcds:propertyURI="http://purl.org/dc/terms/date">
      <dcds:literalValueString dcds:sesURI="http://purl.org/dc/terms/W3CDTF">2015-09-08</dcds:literalValueString>
    </dcds:statement>
    <dcds:statement dcds:propertyURI="http://purl.org/dc/terms/contributor" dcds:valueRef="metacontributor" />
  </dcds:description>
  <dcds:description dcds:resourceId="metacontributor">
    <dcds:statement dcds:valueURI="http://xmlns.com/foaf/0.1/Agent" dcds:propertyURI="http://www.w3.org/1999/02/22-rdf-syntax-ns#type" />
    <dcds:statement dcds:valueURI="http://xmlns.com/foaf/0.1/Organization" dcds:propertyURI="http://purl.org/dc/terms/type" />
    <dcds:statement dcds:propertyURI="http://xmlns.com/foaf/0.1/name">
      <dcds:literalValueString xml:lang="en">Organic eprints</dcds:literalValueString>
    </dcds:statement>
    <dcds:statement dcds:valueURI="mailto:eprints@orgprints.org" dcds:propertyURI="http://xmlns.com/foaf/0.1/mbox" />
  </dcds:description>
</dcds:descriptionSet>