<dcds:descriptionSet xmlns:dcds="http://purl.org/dc/xmlns/2008/09/01/dc-ds-xml/" xmlns:xsi="http://www.w3.org/2001/XMLSchema-instance" xsi:schemaLocation="http://purl.org/dc/xmlns/2008/09/01/dc-ds-xml/ http://dublincore.org/schemas/xmls/2008/09/01/dc-ds-xml/dcds.xsd">
  <dcds:description dcds:resourceURI="http://orgprints.org/id/eprint/10374">
    <dcds:statement dcds:valueURI="http://voa3r.eu/class/Resource" dcds:propertyURI="http://www.w3.org/1999/02/22-rdf-syntax-ns#type" />
    <dcds:statement dcds:propertyURI="http://purl.org/dc/terms/title">
      <dcds:literalValueString xml:lang="en">Composition and diversity of spring-active carabid beetle assemblages in relation to soil management in organic wheat fields in Denmark</dcds:literalValueString>
    </dcds:statement>
    <dcds:statement dcds:propertyURI="http://purl.org/dc/terms/language" dcds:vesURI="http://purl.org/dc/terms/RFC5646">
      <dcds:valueString>en</dcds:valueString>
    </dcds:statement>
    <dcds:statement dcds:propertyURI="http://purl.org/dc/terms/abstract">
      <dcds:literalValueString xml:lang="en">Patterns in spring-active carabid assemblages were described in relation to four organic soil management regimes (no soil nutrient addition, undersowing, animal manure, undersowing + manure) in two areas of Denmark. On the island of Zealand, the Flakkebjerg study area had 22 species, 3-10 species/trap, and the species rank of these was the same for all treatments. The dominant species were Pterostichus melanarius, Agonum dorsale, Harpalus rufipes and Calathus fuscipes. At Foulum, Jutland, there were 46 species, 12-15 species/ trap, dominated by P. versicolor, P. melanarius,  A. dorsale and Nebria brevicollis. Their rank, however, was not the same for all treatments. There were remarkable differences in the carabid assemblages of the two sites, and manure addition modified the assemblages, more pronouncedly so in the poorer-soil Flakkebjerg site. However, we did not detect clear effects of the studied treatments on carabid species richness, overall abundance or Pterostichus melanarius alone.</dcds:literalValueString>
    </dcds:statement>
    <dcds:statement dcds:propertyURI="http://purl.org/dc/terms/bibliographicCitation" dcds:vesURI="http://www.openurl.info/registry/">
      <dcds:valueString dcds:sesURI="http://voa3r.eu/terms/EncodedSchema">BibTeX:@misc{orgprints10374,
          volume = {114},
           month = {September},
          author = {G.L. L{\"o}vei and S. Toft and J.A. Axelsen},
          series = {DIAS Reports},
          editor = {G.L. L{\"o}vei and S. Toft},
           title = {Composition and diversity of spring-active carabid beetle assemblages in relation to soil management in organic wheat fields in Denmark},
       publisher = { Danish Institute of Agricultural Sciences},
            year = {2005},
         journal = {European Carabidology 2003. Proceedings of the 11th European Carabidologists' Meeting, {\rA}rhus, July 2003. DIAS Reports},
           pages = {173--182},
        keywords = {soil fertilisation, undersowing, manure, assemblage composition, carabids, diversity scaling},
             url = {http://orgprints.org/10374/},
        abstract = {Patterns in spring-active carabid assemblages were described in relation to four organic soil management regimes (no soil nutrient addition, undersowing, animal manure, undersowing + manure) in two areas of Denmark. On the island of Zealand, the Flakkebjerg study area had 22 species, 3-10 species/trap, and the species rank of these was the same for all treatments. The dominant species were Pterostichus melanarius, Agonum dorsale, Harpalus rufipes and Calathus fuscipes. At Foulum, Jutland, there were 46 species, 12-15 species/ trap, dominated by P. versicolor, P. melanarius,  A. dorsale and Nebria brevicollis. Their rank, however, was not the same for all treatments. There were remarkable differences in the carabid assemblages of the two sites, and manure addition modified the assemblages, more pronouncedly so in the poorer-soil Flakkebjerg site. However, we did not detect clear effects of the studied treatments on carabid species richness, overall abundance or Pterostichus melanarius alone. }
}</dcds:valueString>
    </dcds:statement>
    <dcds:statement dcds:propertyURI="http://purl.org/dc/terms/type" dcds:vesURI="http://voa3r.eu/terms/ResourceType">
      <dcds:valueString>Research Report</dcds:valueString>
    </dcds:statement>
    <dcds:statement dcds:propertyURI="http://voa3r.eu/terms/reviewStatus" dcds:vesURI="http://voa3r.eu/terms/ReviewStatus">
      <dcds:valueString>Peer Reviewed</dcds:valueString>
    </dcds:statement>
    <dcds:statement dcds:propertyURI="http://voa3r.eu/terms/publicationStatus" dcds:vesURI="http://voa3r.eu/terms/PublicationStatus">
      <dcds:valueString>Published</dcds:valueString>
    </dcds:statement>
    <dcds:statement dcds:propertyURI="http://purl.org/dc/terms/creator" dcds:valueRef="creator1" />
    <dcds:statement dcds:propertyURI="http://purl.org/dc/terms/creator" dcds:valueRef="creator2" />
    <dcds:statement dcds:propertyURI="http://purl.org/dc/terms/creator" dcds:valueRef="creator3" />
    <dcds:statement dcds:propertyURI="http://id.loc.gov/vocabulary/relators/edt" dcds:valueRef="editor1" />
    <dcds:statement dcds:propertyURI="http://id.loc.gov/vocabulary/relators/edt" dcds:valueRef="editor2" />
    <dcds:statement dcds:propertyURI="http://purl.org/dc/terms/publisher" dcds:valueRef="publisher" />
    <dcds:statement dcds:propertyURI="http://purl.org/dc/terms/subject">
      <dcds:valueString xml:lang="en">Biodiversity and ecosystem services</dcds:valueString>
    </dcds:statement>
    <dcds:statement dcds:valueURI="http://orgprints.org/10374/" dcds:propertyURI="http://www.europeana.eu/schemas/ese/isShownAt" />
    <dcds:statement dcds:valueURI="http://orgprints.org/10374/1/10374.pdf" dcds:propertyURI="http://www.europeana.eu/schemas/ese/isShownBy" />
    <dcds:statement dcds:propertyURI="http://purl.org/dc/terms/rights">
      <dcds:literalValueString xml:lang="en">ICROFS rights: All of the entries, statements, results etc. contained in the Organic Eprints archive have been compiled by the authors according to their best knowledge and the metadata have been scrupulously checked by the International Centre for Research in Organic Food Systems (ICROFS) and the Research Institute of Organic Agriculture (FiBL). All depositors of eprints have agreed with the Deposit Agreement below. However, the possibility of mistakes can not be ruled out entirely. Therefore, the responsible partners behind Organic Eprints, the archive staff and the depositors are not subject to any obligation and make no guarantees whatsoever regarding any of the statements etc. on this website; neither do they accept responsibility or liability for any possible mistakes contained therein. The links to other websites on the Organic Eprints pages are for informational purposes only. ICROFS, FiBL and the depositors are not responsible for the availability or content of these sites. In addition, providing links to these sites should not be interpreted as endorsement or approval by ICROFS or FiBL.
Deposit Agreement
When depositing an eprint the depositors consents with the following agreement: "In depositing this eprint (a collection of files and associated metadata), I grant Organic Eprints the right to make it permanently available on-line, with open access to all or in accordance with any access restrictions that I have specified. I understand that Organic Eprints does not assume any responsibility if there is any breach of copyright in distributing these files or metadata. For work being deposited by its own first author: I declare that this eprint is my own intellectual property and that I have the right to make it available in Organic Eprints in the manner chosen. For work being deposited by someone other than its first author: I declare that I have gained the proper permissions from someone with the right to make this eprint available in Organic Eprints in the manner chosen - or that the material is in the public domain. Clicking on the deposit button indicates your agreement to these terms."</dcds:literalValueString>
    </dcds:statement>
    <dcds:statement dcds:valueURI="http://purl.org/eprint/accessRights/OpenAccess" dcds:propertyURI="http://purl.org/dc/terms/accessRights" />
    <dcds:statement dcds:propertyURI="http://purl.org/dc/terms/date">
      <dcds:literalValueString dcds:sesURI="http://purl.org/dc/terms/W3CDTF">2005-09</dcds:literalValueString>
    </dcds:statement>
    <dcds:statement dcds:propertyURI="http://voa3r.eu/terms/hasMetametadata" dcds:valueRef="metametadata" />
  </dcds:description>
  <dcds:description dcds:resourceId="creator1">
    <dcds:statement dcds:valueURI="http://xmlns.com/foaf/0.1/Agent" dcds:propertyURI="http://www.w3.org/1999/02/22-rdf-syntax-ns#type" />
    <dcds:statement dcds:valueURI="http://xmlns.com/foaf/0.1/Person" dcds:propertyURI="http://purl.org/dc/terms/type" />
    <dcds:statement dcds:propertyURI="http://xmlns.com/foaf/0.1/givenName">
      <dcds:literalValueString>G.L.</dcds:literalValueString>
    </dcds:statement>
    <dcds:statement dcds:propertyURI="http://xmlns.com/foaf/0.1/firstName">
      <dcds:literalValueString>G.L.</dcds:literalValueString>
    </dcds:statement>
    <dcds:statement dcds:propertyURI="http://xmlns.com/foaf/0.1/familyName">
      <dcds:literalValueString>Lövei</dcds:literalValueString>
    </dcds:statement>
    <dcds:statement dcds:propertyURI="http://xmlns.com/foaf/0.1/lastName">
      <dcds:literalValueString>Lövei</dcds:literalValueString>
    </dcds:statement>
  </dcds:description>
  <dcds:description dcds:resourceId="creator2">
    <dcds:statement dcds:valueURI="http://xmlns.com/foaf/0.1/Agent" dcds:propertyURI="http://www.w3.org/1999/02/22-rdf-syntax-ns#type" />
    <dcds:statement dcds:valueURI="http://xmlns.com/foaf/0.1/Person" dcds:propertyURI="http://purl.org/dc/terms/type" />
    <dcds:statement dcds:propertyURI="http://xmlns.com/foaf/0.1/givenName">
      <dcds:literalValueString>S.</dcds:literalValueString>
    </dcds:statement>
    <dcds:statement dcds:propertyURI="http://xmlns.com/foaf/0.1/firstName">
      <dcds:literalValueString>S.</dcds:literalValueString>
    </dcds:statement>
    <dcds:statement dcds:propertyURI="http://xmlns.com/foaf/0.1/familyName">
      <dcds:literalValueString>Toft</dcds:literalValueString>
    </dcds:statement>
    <dcds:statement dcds:propertyURI="http://xmlns.com/foaf/0.1/lastName">
      <dcds:literalValueString>Toft</dcds:literalValueString>
    </dcds:statement>
  </dcds:description>
  <dcds:description dcds:resourceId="creator3">
    <dcds:statement dcds:valueURI="http://xmlns.com/foaf/0.1/Agent" dcds:propertyURI="http://www.w3.org/1999/02/22-rdf-syntax-ns#type" />
    <dcds:statement dcds:valueURI="http://xmlns.com/foaf/0.1/Person" dcds:propertyURI="http://purl.org/dc/terms/type" />
    <dcds:statement dcds:propertyURI="http://xmlns.com/foaf/0.1/givenName">
      <dcds:literalValueString>J.A.</dcds:literalValueString>
    </dcds:statement>
    <dcds:statement dcds:propertyURI="http://xmlns.com/foaf/0.1/firstName">
      <dcds:literalValueString>J.A.</dcds:literalValueString>
    </dcds:statement>
    <dcds:statement dcds:propertyURI="http://xmlns.com/foaf/0.1/familyName">
      <dcds:literalValueString>Axelsen</dcds:literalValueString>
    </dcds:statement>
    <dcds:statement dcds:propertyURI="http://xmlns.com/foaf/0.1/lastName">
      <dcds:literalValueString>Axelsen</dcds:literalValueString>
    </dcds:statement>
  </dcds:description>
  <dcds:description dcds:resourceId="editor1">
    <dcds:statement dcds:valueURI="http://xmlns.com/foaf/0.1/Agent" dcds:propertyURI="http://www.w3.org/1999/02/22-rdf-syntax-ns#type" />
    <dcds:statement dcds:valueURI="http://xmlns.com/foaf/0.1/Person" dcds:propertyURI="http://purl.org/dc/terms/type" />
    <dcds:statement dcds:propertyURI="http://xmlns.com/foaf/0.1/givenName">
      <dcds:literalValueString>G.L.</dcds:literalValueString>
    </dcds:statement>
    <dcds:statement dcds:propertyURI="http://xmlns.com/foaf/0.1/firstName">
      <dcds:literalValueString>G.L.</dcds:literalValueString>
    </dcds:statement>
    <dcds:statement dcds:propertyURI="http://xmlns.com/foaf/0.1/familyName">
      <dcds:literalValueString>Lövei</dcds:literalValueString>
    </dcds:statement>
    <dcds:statement dcds:propertyURI="http://xmlns.com/foaf/0.1/lastName">
      <dcds:literalValueString>Lövei</dcds:literalValueString>
    </dcds:statement>
  </dcds:description>
  <dcds:description dcds:resourceId="editor2">
    <dcds:statement dcds:valueURI="http://xmlns.com/foaf/0.1/Agent" dcds:propertyURI="http://www.w3.org/1999/02/22-rdf-syntax-ns#type" />
    <dcds:statement dcds:valueURI="http://xmlns.com/foaf/0.1/Person" dcds:propertyURI="http://purl.org/dc/terms/type" />
    <dcds:statement dcds:propertyURI="http://xmlns.com/foaf/0.1/givenName">
      <dcds:literalValueString>S.</dcds:literalValueString>
    </dcds:statement>
    <dcds:statement dcds:propertyURI="http://xmlns.com/foaf/0.1/firstName">
      <dcds:literalValueString>S.</dcds:literalValueString>
    </dcds:statement>
    <dcds:statement dcds:propertyURI="http://xmlns.com/foaf/0.1/familyName">
      <dcds:literalValueString>Toft</dcds:literalValueString>
    </dcds:statement>
    <dcds:statement dcds:propertyURI="http://xmlns.com/foaf/0.1/lastName">
      <dcds:literalValueString>Toft</dcds:literalValueString>
    </dcds:statement>
  </dcds:description>
  <dcds:description dcds:resourceId="publisher">
    <dcds:statement dcds:valueURI="http://xmlns.com/foaf/0.1/Agent" dcds:propertyURI="http://www.w3.org/1999/02/22-rdf-syntax-ns#type" />
    <dcds:statement dcds:valueURI="http://xmlns.com/foaf/0.1/Organization" dcds:propertyURI="http://purl.org/dc/terms/type" />
    <dcds:statement dcds:propertyURI="http://xmlns.com/foaf/0.1/name">
      <dcds:literalValueString>Danish Institute of Agricultural Sciences</dcds:literalValueString>
    </dcds:statement>
  </dcds:description>
  <dcds:description dcds:resourceId="metametadata">
    <dcds:statement dcds:valueURI="http://voa3r.eu/class/MetaMetadata" dcds:propertyURI="http://www.w3.org/1999/02/22-rdf-syntax-ns#type" />
    <dcds:statement dcds:propertyURI="http://purl.org/dc/terms/identifier">
      <dcds:valueString>oai:orgprints.org:10374</dcds:valueString>
    </dcds:statement>
    <dcds:statement dcds:propertyURI="http://purl.org/dc/terms/type">
      <dcds:literalValueString>voa3r_dcds v1.0</dcds:literalValueString>
    </dcds:statement>
    <dcds:statement dcds:propertyURI="http://purl.org/dc/terms/date">
      <dcds:literalValueString dcds:sesURI="http://purl.org/dc/terms/W3CDTF">2015-09-08</dcds:literalValueString>
    </dcds:statement>
    <dcds:statement dcds:propertyURI="http://purl.org/dc/terms/contributor" dcds:valueRef="metacontributor" />
  </dcds:description>
  <dcds:description dcds:resourceId="metacontributor">
    <dcds:statement dcds:valueURI="http://xmlns.com/foaf/0.1/Agent" dcds:propertyURI="http://www.w3.org/1999/02/22-rdf-syntax-ns#type" />
    <dcds:statement dcds:valueURI="http://xmlns.com/foaf/0.1/Organization" dcds:propertyURI="http://purl.org/dc/terms/type" />
    <dcds:statement dcds:propertyURI="http://xmlns.com/foaf/0.1/name">
      <dcds:literalValueString xml:lang="en">Organic eprints</dcds:literalValueString>
    </dcds:statement>
    <dcds:statement dcds:valueURI="mailto:eprints@orgprints.org" dcds:propertyURI="http://xmlns.com/foaf/0.1/mbox" />
  </dcds:description>
</dcds:descriptionSet>