<dcds:descriptionSet xmlns:dcds="http://purl.org/dc/xmlns/2008/09/01/dc-ds-xml/" xmlns:xsi="http://www.w3.org/2001/XMLSchema-instance" xsi:schemaLocation="http://purl.org/dc/xmlns/2008/09/01/dc-ds-xml/ http://dublincore.org/schemas/xmls/2008/09/01/dc-ds-xml/dcds.xsd">
  <dcds:description dcds:resourceURI="http://orgprints.org/id/eprint/10695">
    <dcds:statement dcds:valueURI="http://voa3r.eu/class/Resource" dcds:propertyURI="http://www.w3.org/1999/02/22-rdf-syntax-ns#type" />
    <dcds:statement dcds:propertyURI="http://purl.org/dc/terms/title">
      <dcds:literalValueString xml:lang="en">Tanzanian's interest in and access to organic food</dcds:literalValueString>
    </dcds:statement>
    <dcds:statement dcds:propertyURI="http://purl.org/dc/terms/language" dcds:vesURI="http://purl.org/dc/terms/RFC5646">
      <dcds:valueString>en</dcds:valueString>
    </dcds:statement>
    <dcds:statement dcds:propertyURI="http://purl.org/dc/terms/abstract">
      <dcds:literalValueString xml:lang="en">Organic agriculture not only brings a number of benefits to humans and the environment, but also is a good form of guarantee to consumers’ on food safety. Tanzanian consumers deserve access to safe and high quality food which the organic production system can offer, with no risk of pesticide residues and other harmful effects. They deserve a reliable way to identify such food, and to be guaranteed that “organic” products are really organic. Basing on the survey that involved 130 individuals (55% men and 45% women) from Dar es Salaam and Kilimanjaro regions, about one-third of the Tanzanian consumers interviewed were not able to define organic agriculture precisely in line with the IFOAM principles. Despite difficulties in defining and identifying organic products because of a lack of certification labels and inadequate knowledge on organic agriculture, more than half of the consumers reported that they consume organic food, and have done so for more than ten years. Consumers claimed to identify organic products by taste, freshness, naturalness and appearance. Without any certified organic products in&#xD;
the Tanzanian markets and many consumers still claiming they consume organic food, these results indicate that many people may not really be consuming organic food even though they believe they are. This is especially true for the people interviewed in Dar es Salaam, where consumers are stuck with a market situation in which food production that is organic “by default” is mixed up with other farming practices and is difficult to trace the origin of the products. To promote organic production and easy identification, an emphasis on increasing affordable organic certification is essential, and it is very fortunate that TanCert (the certification body) is already established to make the certification process more desirable and economically viable to small scale farmers. An increased emphasis on certification will increase the amount and quality of organic farming in Tanzania, and farmers will thereby become more skilled in understanding ecosystems and agronomy. They also will be able to get premium prices for their products, and consumers will have access to more healthful food.The potential for increased organic production is high, because people are concerned about their health and the environment. Although schools already teach environmentally friendly farming practices, more information about organic agriculture in schools and through extension services is&#xD;
essential, since the current curriculum is not close enough to the organic concept. Hence, we suggest that initiatives be taken for further development of certification of organic agriculture in both urban and rural areas, in particular to serve the local markets with certified organic products,but also for export fuelling the economic commerce locally.</dcds:literalValueString>
    </dcds:statement>
    <dcds:statement dcds:propertyURI="http://purl.org/dc/terms/bibliographicCitation" dcds:vesURI="http://www.openurl.info/registry/">
      <dcds:valueString dcds:sesURI="http://voa3r.eu/terms/EncodedSchema">BibTeX:@unpublished{orgprints10695,
           title = {Tanzanian's interest in and access to organic food},
          author = {{\O}ystein Sogn and Esther Mella},
            year = {2007},
        keywords = {Consumers, food safety, local markets, Tanzania, Africa},
             url = {http://orgprints.org/10695/},
        abstract = {Organic agriculture not only brings a number of benefits to humans and the environment, but also is a good form of guarantee to consumers? on food safety. Tanzanian consumers deserve access to safe and high quality food which the organic production system can offer, with no risk of pesticide residues and other harmful effects. They deserve a reliable way to identify such food, and to be guaranteed that ?organic? products are really organic. Basing on the survey that involved 130 individuals (55\% men and 45\% women) from Dar es Salaam and Kilimanjaro regions, about one-third of the Tanzanian consumers interviewed were not able to define organic agriculture precisely in line with the IFOAM principles. Despite difficulties in defining and identifying organic products because of a lack of certification labels and inadequate knowledge on organic agriculture, more than half of the consumers reported that they consume organic food, and have done so for more than ten years. Consumers claimed to identify organic products by taste, freshness, naturalness and appearance. Without any certified organic products in&#xD;
the Tanzanian markets and many consumers still claiming they consume organic food, these results indicate that many people may not really be consuming organic food even though they believe they are. This is especially true for the people interviewed in Dar es Salaam, where consumers are stuck with a market situation in which food production that is organic ?by default? is mixed up with other farming practices and is difficult to trace the origin of the products. To promote organic production and easy identification, an emphasis on increasing affordable organic certification is essential, and it is very fortunate that TanCert (the certification body) is already established to make the certification process more desirable and economically viable to small scale farmers. An increased emphasis on certification will increase the amount and quality of organic farming in Tanzania, and farmers will thereby become more skilled in understanding ecosystems and agronomy. They also will be able to get premium prices for their products, and consumers will have access to more healthful food.The potential for increased organic production is high, because people are concerned about their health and the environment. Although schools already teach environmentally friendly farming practices, more information about organic agriculture in schools and through extension services is&#xD;
essential, since the current curriculum is not close enough to the organic concept. Hence, we suggest that initiatives be taken for further development of certification of organic agriculture in both urban and rural areas, in particular to serve the local markets with certified organic products,but also for export fuelling the economic commerce locally.}
}</dcds:valueString>
    </dcds:statement>
    <dcds:statement dcds:propertyURI="http://purl.org/dc/terms/type" dcds:vesURI="http://voa3r.eu/terms/ResourceType">
      <dcds:valueString>Research Report</dcds:valueString>
    </dcds:statement>
    <dcds:statement dcds:propertyURI="http://voa3r.eu/terms/reviewStatus" dcds:vesURI="http://voa3r.eu/terms/ReviewStatus">
      <dcds:valueString>Peer Reviewed</dcds:valueString>
    </dcds:statement>
    <dcds:statement dcds:propertyURI="http://voa3r.eu/terms/publicationStatus" dcds:vesURI="http://voa3r.eu/terms/PublicationStatus">
      <dcds:valueString>WorkingDraft</dcds:valueString>
    </dcds:statement>
    <dcds:statement dcds:propertyURI="http://purl.org/dc/terms/creator" dcds:valueRef="creator1" />
    <dcds:statement dcds:propertyURI="http://purl.org/dc/terms/creator" dcds:valueRef="creator2" />
    <dcds:statement dcds:propertyURI="http://purl.org/dc/terms/subject">
      <dcds:valueString xml:lang="en">Consumer issues</dcds:valueString>
    </dcds:statement>
    <dcds:statement dcds:valueURI="http://orgprints.org/10695/" dcds:propertyURI="http://www.europeana.eu/schemas/ese/isShownAt" />
    <dcds:statement dcds:valueURI="http://orgprints.org/10695/1/Tanzanian_consumers_%28SOGNandMELLA%29_%280307%29_FINAL.pdf" dcds:propertyURI="http://www.europeana.eu/schemas/ese/isShownBy" />
    <dcds:statement dcds:propertyURI="http://purl.org/dc/terms/rights">
      <dcds:literalValueString xml:lang="en">ICROFS rights: All of the entries, statements, results etc. contained in the Organic Eprints archive have been compiled by the authors according to their best knowledge and the metadata have been scrupulously checked by the International Centre for Research in Organic Food Systems (ICROFS) and the Research Institute of Organic Agriculture (FiBL). All depositors of eprints have agreed with the Deposit Agreement below. However, the possibility of mistakes can not be ruled out entirely. Therefore, the responsible partners behind Organic Eprints, the archive staff and the depositors are not subject to any obligation and make no guarantees whatsoever regarding any of the statements etc. on this website; neither do they accept responsibility or liability for any possible mistakes contained therein. The links to other websites on the Organic Eprints pages are for informational purposes only. ICROFS, FiBL and the depositors are not responsible for the availability or content of these sites. In addition, providing links to these sites should not be interpreted as endorsement or approval by ICROFS or FiBL.
Deposit Agreement
When depositing an eprint the depositors consents with the following agreement: "In depositing this eprint (a collection of files and associated metadata), I grant Organic Eprints the right to make it permanently available on-line, with open access to all or in accordance with any access restrictions that I have specified. I understand that Organic Eprints does not assume any responsibility if there is any breach of copyright in distributing these files or metadata. For work being deposited by its own first author: I declare that this eprint is my own intellectual property and that I have the right to make it available in Organic Eprints in the manner chosen. For work being deposited by someone other than its first author: I declare that I have gained the proper permissions from someone with the right to make this eprint available in Organic Eprints in the manner chosen - or that the material is in the public domain. Clicking on the deposit button indicates your agreement to these terms."</dcds:literalValueString>
    </dcds:statement>
    <dcds:statement dcds:valueURI="http://purl.org/eprint/accessRights/OpenAccess" dcds:propertyURI="http://purl.org/dc/terms/accessRights" />
    <dcds:statement dcds:propertyURI="http://purl.org/dc/terms/date">
      <dcds:literalValueString dcds:sesURI="http://purl.org/dc/terms/W3CDTF">2007</dcds:literalValueString>
    </dcds:statement>
    <dcds:statement dcds:propertyURI="http://voa3r.eu/terms/hasMetametadata" dcds:valueRef="metametadata" />
  </dcds:description>
  <dcds:description dcds:resourceId="creator1">
    <dcds:statement dcds:valueURI="http://xmlns.com/foaf/0.1/Agent" dcds:propertyURI="http://www.w3.org/1999/02/22-rdf-syntax-ns#type" />
    <dcds:statement dcds:valueURI="http://xmlns.com/foaf/0.1/Person" dcds:propertyURI="http://purl.org/dc/terms/type" />
    <dcds:statement dcds:propertyURI="http://xmlns.com/foaf/0.1/givenName">
      <dcds:literalValueString>Øystein</dcds:literalValueString>
    </dcds:statement>
    <dcds:statement dcds:propertyURI="http://xmlns.com/foaf/0.1/firstName">
      <dcds:literalValueString>Øystein</dcds:literalValueString>
    </dcds:statement>
    <dcds:statement dcds:propertyURI="http://xmlns.com/foaf/0.1/familyName">
      <dcds:literalValueString>Sogn</dcds:literalValueString>
    </dcds:statement>
    <dcds:statement dcds:propertyURI="http://xmlns.com/foaf/0.1/lastName">
      <dcds:literalValueString>Sogn</dcds:literalValueString>
    </dcds:statement>
  </dcds:description>
  <dcds:description dcds:resourceId="creator2">
    <dcds:statement dcds:valueURI="http://xmlns.com/foaf/0.1/Agent" dcds:propertyURI="http://www.w3.org/1999/02/22-rdf-syntax-ns#type" />
    <dcds:statement dcds:valueURI="http://xmlns.com/foaf/0.1/Person" dcds:propertyURI="http://purl.org/dc/terms/type" />
    <dcds:statement dcds:propertyURI="http://xmlns.com/foaf/0.1/givenName">
      <dcds:literalValueString>Esther</dcds:literalValueString>
    </dcds:statement>
    <dcds:statement dcds:propertyURI="http://xmlns.com/foaf/0.1/firstName">
      <dcds:literalValueString>Esther</dcds:literalValueString>
    </dcds:statement>
    <dcds:statement dcds:propertyURI="http://xmlns.com/foaf/0.1/familyName">
      <dcds:literalValueString>Mella</dcds:literalValueString>
    </dcds:statement>
    <dcds:statement dcds:propertyURI="http://xmlns.com/foaf/0.1/lastName">
      <dcds:literalValueString>Mella</dcds:literalValueString>
    </dcds:statement>
  </dcds:description>
  <dcds:description dcds:resourceId="metametadata">
    <dcds:statement dcds:valueURI="http://voa3r.eu/class/MetaMetadata" dcds:propertyURI="http://www.w3.org/1999/02/22-rdf-syntax-ns#type" />
    <dcds:statement dcds:propertyURI="http://purl.org/dc/terms/identifier">
      <dcds:valueString>oai:orgprints.org:10695</dcds:valueString>
    </dcds:statement>
    <dcds:statement dcds:propertyURI="http://purl.org/dc/terms/type">
      <dcds:literalValueString>voa3r_dcds v1.0</dcds:literalValueString>
    </dcds:statement>
    <dcds:statement dcds:propertyURI="http://purl.org/dc/terms/date">
      <dcds:literalValueString dcds:sesURI="http://purl.org/dc/terms/W3CDTF">2015-09-08</dcds:literalValueString>
    </dcds:statement>
    <dcds:statement dcds:propertyURI="http://purl.org/dc/terms/contributor" dcds:valueRef="metacontributor" />
  </dcds:description>
  <dcds:description dcds:resourceId="metacontributor">
    <dcds:statement dcds:valueURI="http://xmlns.com/foaf/0.1/Agent" dcds:propertyURI="http://www.w3.org/1999/02/22-rdf-syntax-ns#type" />
    <dcds:statement dcds:valueURI="http://xmlns.com/foaf/0.1/Organization" dcds:propertyURI="http://purl.org/dc/terms/type" />
    <dcds:statement dcds:propertyURI="http://xmlns.com/foaf/0.1/name">
      <dcds:literalValueString xml:lang="en">Organic eprints</dcds:literalValueString>
    </dcds:statement>
    <dcds:statement dcds:valueURI="mailto:eprints@orgprints.org" dcds:propertyURI="http://xmlns.com/foaf/0.1/mbox" />
  </dcds:description>
</dcds:descriptionSet>