<dcds:descriptionSet xmlns:dcds="http://purl.org/dc/xmlns/2008/09/01/dc-ds-xml/" xmlns:xsi="http://www.w3.org/2001/XMLSchema-instance" xsi:schemaLocation="http://purl.org/dc/xmlns/2008/09/01/dc-ds-xml/ http://dublincore.org/schemas/xmls/2008/09/01/dc-ds-xml/dcds.xsd">
  <dcds:description dcds:resourceURI="http://orgprints.org/id/eprint/10129">
    <dcds:statement dcds:valueURI="http://voa3r.eu/class/Resource" dcds:propertyURI="http://www.w3.org/1999/02/22-rdf-syntax-ns#type" />
    <dcds:statement dcds:propertyURI="http://purl.org/dc/terms/title">
      <dcds:literalValueString xml:lang="en">Soil treatments and rootstocks for organic apple production</dcds:literalValueString>
    </dcds:statement>
    <dcds:statement dcds:propertyURI="http://purl.org/dc/terms/language" dcds:vesURI="http://purl.org/dc/terms/RFC5646">
      <dcds:valueString>en</dcds:valueString>
    </dcds:statement>
    <dcds:statement dcds:propertyURI="http://purl.org/dc/terms/abstract">
      <dcds:literalValueString xml:lang="en">6 different soil treatments: Mechanical weeding to the middle of the alleyway, mechanical weeding using 3 different equipments Clemens, Humus and a dish harrow, Soil covering with wheat straw and natural vegetation were combined with 3 rootstocks: M9, J9 and M26 to find the best combination for the apple variety 'Retina'. The trees were planted in the winter 1997/1998, only sprayed at primary RIMpro warnings and drip irrigated. The tree growth, nutrient content of the leaves in august, yield and fruit quality were determined.&#xD;
The rootstock J9 had the highest yield and the biggest amount marketable fruit. Mechanical cleaning to the middle of the alleyways, tree row weed control using Humus or soil covering with straw gave the highest yield and marketable fruit. A one meter weeded strip in the tree row did not remove the competition of the clover grass alleyway. Natural vegetation (weed) in the tree row reduced the yield with more than 50 percent. There was a break down of the Vf resistance of 'Retina'.</dcds:literalValueString>
    </dcds:statement>
    <dcds:statement dcds:propertyURI="http://purl.org/dc/terms/bibliographicCitation" dcds:vesURI="http://www.openurl.info/registry/">
      <dcds:valueString dcds:sesURI="http://voa3r.eu/terms/EncodedSchema">BibTeX:@inproceedings{orgprints10129,
           title = {Soil treatments and rootstocks for organic apple production},
          author = {Hanne Lindhard Pedersen and Birgitte Pedersen},
       publisher = {F{\"o}rdergemeinschaft {\"O}kologicher Obstbau e. V. Weinsberg},
            year = {2004},
           pages = {137--143},
         journal = {Eco-fruit},
        keywords = {Apple, organic, soil treatment, weeding, rootstocks, growth, leaf analysis, yield, fruit quality, Vf resistance},
             url = {http://orgprints.org/10129/},
        abstract = {6 different soil treatments: Mechanical weeding to the middle of the alleyway, mechanical weeding using 3 different equipments Clemens, Humus and a dish harrow, Soil covering with wheat straw and natural vegetation were combined with 3 rootstocks: M9, J9 and M26 to find the best combination for the apple variety 'Retina'. The trees were planted in the winter 1997/1998, only sprayed at primary RIMpro warnings and drip irrigated. The tree growth, nutrient content of the leaves in august, yield and fruit quality were determined.&#xD;
The rootstock J9 had the highest yield and the biggest amount marketable fruit. Mechanical cleaning to the middle of the alleyways, tree row weed control using Humus or soil covering with straw gave the highest yield and marketable fruit. A one meter weeded strip in the tree row did not remove the competition of the clover grass alleyway. Natural vegetation (weed) in the tree row reduced the yield with more than 50 percent. There was a break down of the Vf resistance of 'Retina'.}
}</dcds:valueString>
    </dcds:statement>
    <dcds:statement dcds:propertyURI="http://purl.org/dc/terms/type" dcds:vesURI="http://voa3r.eu/terms/ResourceType">
      <dcds:valueString>Conference Contribution</dcds:valueString>
    </dcds:statement>
    <dcds:statement dcds:propertyURI="http://voa3r.eu/terms/reviewStatus" dcds:vesURI="http://voa3r.eu/terms/ReviewStatus">
      <dcds:valueString>Peer Reviewed</dcds:valueString>
    </dcds:statement>
    <dcds:statement dcds:propertyURI="http://voa3r.eu/terms/publicationStatus" dcds:vesURI="http://voa3r.eu/terms/PublicationStatus">
      <dcds:valueString>Published</dcds:valueString>
    </dcds:statement>
    <dcds:statement dcds:propertyURI="http://purl.org/dc/terms/creator" dcds:valueRef="creator1" />
    <dcds:statement dcds:propertyURI="http://purl.org/dc/terms/creator" dcds:valueRef="creator2" />
    <dcds:statement dcds:propertyURI="http://purl.org/dc/terms/publisher" dcds:valueRef="publisher" />
    <dcds:statement dcds:propertyURI="http://purl.org/dc/terms/subject">
      <dcds:valueString xml:lang="en">Soil</dcds:valueString>
    </dcds:statement>
    <dcds:statement dcds:valueURI="http://orgprints.org/10129/" dcds:propertyURI="http://www.europeana.eu/schemas/ese/isShownAt" />
    <dcds:statement dcds:valueURI="http://orgprints.org/10129/1/10129.pdf" dcds:propertyURI="http://www.europeana.eu/schemas/ese/isShownBy" />
    <dcds:statement dcds:propertyURI="http://purl.org/dc/terms/rights">
      <dcds:literalValueString xml:lang="en">ICROFS rights: All of the entries, statements, results etc. contained in the Organic Eprints archive have been compiled by the authors according to their best knowledge and the metadata have been scrupulously checked by the International Centre for Research in Organic Food Systems (ICROFS) and the Research Institute of Organic Agriculture (FiBL). All depositors of eprints have agreed with the Deposit Agreement below. However, the possibility of mistakes can not be ruled out entirely. Therefore, the responsible partners behind Organic Eprints, the archive staff and the depositors are not subject to any obligation and make no guarantees whatsoever regarding any of the statements etc. on this website; neither do they accept responsibility or liability for any possible mistakes contained therein. The links to other websites on the Organic Eprints pages are for informational purposes only. ICROFS, FiBL and the depositors are not responsible for the availability or content of these sites. In addition, providing links to these sites should not be interpreted as endorsement or approval by ICROFS or FiBL.
Deposit Agreement
When depositing an eprint the depositors consents with the following agreement: "In depositing this eprint (a collection of files and associated metadata), I grant Organic Eprints the right to make it permanently available on-line, with open access to all or in accordance with any access restrictions that I have specified. I understand that Organic Eprints does not assume any responsibility if there is any breach of copyright in distributing these files or metadata. For work being deposited by its own first author: I declare that this eprint is my own intellectual property and that I have the right to make it available in Organic Eprints in the manner chosen. For work being deposited by someone other than its first author: I declare that I have gained the proper permissions from someone with the right to make this eprint available in Organic Eprints in the manner chosen - or that the material is in the public domain. Clicking on the deposit button indicates your agreement to these terms."</dcds:literalValueString>
    </dcds:statement>
    <dcds:statement dcds:valueURI="http://purl.org/eprint/accessRights/OpenAccess" dcds:propertyURI="http://purl.org/dc/terms/accessRights" />
    <dcds:statement dcds:propertyURI="http://purl.org/dc/terms/date">
      <dcds:literalValueString dcds:sesURI="http://purl.org/dc/terms/W3CDTF">2004</dcds:literalValueString>
    </dcds:statement>
    <dcds:statement dcds:propertyURI="http://voa3r.eu/terms/hasMetametadata" dcds:valueRef="metametadata" />
  </dcds:description>
  <dcds:description dcds:resourceId="creator1">
    <dcds:statement dcds:valueURI="http://xmlns.com/foaf/0.1/Agent" dcds:propertyURI="http://www.w3.org/1999/02/22-rdf-syntax-ns#type" />
    <dcds:statement dcds:valueURI="http://xmlns.com/foaf/0.1/Person" dcds:propertyURI="http://purl.org/dc/terms/type" />
    <dcds:statement dcds:propertyURI="http://xmlns.com/foaf/0.1/givenName">
      <dcds:literalValueString>Hanne</dcds:literalValueString>
    </dcds:statement>
    <dcds:statement dcds:propertyURI="http://xmlns.com/foaf/0.1/firstName">
      <dcds:literalValueString>Hanne</dcds:literalValueString>
    </dcds:statement>
    <dcds:statement dcds:propertyURI="http://xmlns.com/foaf/0.1/familyName">
      <dcds:literalValueString>Lindhard Pedersen</dcds:literalValueString>
    </dcds:statement>
    <dcds:statement dcds:propertyURI="http://xmlns.com/foaf/0.1/lastName">
      <dcds:literalValueString>Lindhard Pedersen</dcds:literalValueString>
    </dcds:statement>
  </dcds:description>
  <dcds:description dcds:resourceId="creator2">
    <dcds:statement dcds:valueURI="http://xmlns.com/foaf/0.1/Agent" dcds:propertyURI="http://www.w3.org/1999/02/22-rdf-syntax-ns#type" />
    <dcds:statement dcds:valueURI="http://xmlns.com/foaf/0.1/Person" dcds:propertyURI="http://purl.org/dc/terms/type" />
    <dcds:statement dcds:propertyURI="http://xmlns.com/foaf/0.1/givenName">
      <dcds:literalValueString>Birgitte</dcds:literalValueString>
    </dcds:statement>
    <dcds:statement dcds:propertyURI="http://xmlns.com/foaf/0.1/firstName">
      <dcds:literalValueString>Birgitte</dcds:literalValueString>
    </dcds:statement>
    <dcds:statement dcds:propertyURI="http://xmlns.com/foaf/0.1/familyName">
      <dcds:literalValueString>Pedersen</dcds:literalValueString>
    </dcds:statement>
    <dcds:statement dcds:propertyURI="http://xmlns.com/foaf/0.1/lastName">
      <dcds:literalValueString>Pedersen</dcds:literalValueString>
    </dcds:statement>
  </dcds:description>
  <dcds:description dcds:resourceId="publisher">
    <dcds:statement dcds:valueURI="http://xmlns.com/foaf/0.1/Agent" dcds:propertyURI="http://www.w3.org/1999/02/22-rdf-syntax-ns#type" />
    <dcds:statement dcds:valueURI="http://xmlns.com/foaf/0.1/Organization" dcds:propertyURI="http://purl.org/dc/terms/type" />
    <dcds:statement dcds:propertyURI="http://xmlns.com/foaf/0.1/name">
      <dcds:literalValueString>Fördergemeinschaft Ökologicher Obstbau e. V. Weinsberg</dcds:literalValueString>
    </dcds:statement>
  </dcds:description>
  <dcds:description dcds:resourceId="metametadata">
    <dcds:statement dcds:valueURI="http://voa3r.eu/class/MetaMetadata" dcds:propertyURI="http://www.w3.org/1999/02/22-rdf-syntax-ns#type" />
    <dcds:statement dcds:propertyURI="http://purl.org/dc/terms/identifier">
      <dcds:valueString>oai:orgprints.org:10129</dcds:valueString>
    </dcds:statement>
    <dcds:statement dcds:propertyURI="http://purl.org/dc/terms/type">
      <dcds:literalValueString>voa3r_dcds v1.0</dcds:literalValueString>
    </dcds:statement>
    <dcds:statement dcds:propertyURI="http://purl.org/dc/terms/date">
      <dcds:literalValueString dcds:sesURI="http://purl.org/dc/terms/W3CDTF">2015-09-08</dcds:literalValueString>
    </dcds:statement>
    <dcds:statement dcds:propertyURI="http://purl.org/dc/terms/contributor" dcds:valueRef="metacontributor" />
  </dcds:description>
  <dcds:description dcds:resourceId="metacontributor">
    <dcds:statement dcds:valueURI="http://xmlns.com/foaf/0.1/Agent" dcds:propertyURI="http://www.w3.org/1999/02/22-rdf-syntax-ns#type" />
    <dcds:statement dcds:valueURI="http://xmlns.com/foaf/0.1/Organization" dcds:propertyURI="http://purl.org/dc/terms/type" />
    <dcds:statement dcds:propertyURI="http://xmlns.com/foaf/0.1/name">
      <dcds:literalValueString xml:lang="en">Organic eprints</dcds:literalValueString>
    </dcds:statement>
    <dcds:statement dcds:valueURI="mailto:eprints@orgprints.org" dcds:propertyURI="http://xmlns.com/foaf/0.1/mbox" />
  </dcds:description>
</dcds:descriptionSet>