<dcds:descriptionSet xmlns:dcds="http://purl.org/dc/xmlns/2008/09/01/dc-ds-xml/" xmlns:xsi="http://www.w3.org/2001/XMLSchema-instance" xsi:schemaLocation="http://purl.org/dc/xmlns/2008/09/01/dc-ds-xml/ http://dublincore.org/schemas/xmls/2008/09/01/dc-ds-xml/dcds.xsd">
  <dcds:description dcds:resourceURI="http://orgprints.org/id/eprint/10139">
    <dcds:statement dcds:valueURI="http://voa3r.eu/class/Resource" dcds:propertyURI="http://www.w3.org/1999/02/22-rdf-syntax-ns#type" />
    <dcds:statement dcds:propertyURI="http://purl.org/dc/terms/title">
      <dcds:literalValueString xml:lang="sv">Pilotprojekt, Deltagardriven forskning på försöksgårdar</dcds:literalValueString>
    </dcds:statement>
    <dcds:statement dcds:propertyURI="http://purl.org/dc/terms/language" dcds:vesURI="http://purl.org/dc/terms/RFC5646">
      <dcds:valueString>sv</dcds:valueString>
    </dcds:statement>
    <dcds:statement dcds:propertyURI="http://purl.org/dc/terms/abstract">
      <dcds:literalValueString xml:lang="sv">Visionen med projektet var att med de ekologiska försökgårdarna som lokala resurscentrum skapa förutsättningar för mötesplatser mellan lantbrukare och andra aktörer som berörs av ekologisk produktion. I ömsesidig dialog mellan olika aktörer i deltagardrivna nätverk kan ny kunskap tas till vara samtidigt som resurserna på försöksgårdarna utnyttjas effektivare. Hypotesen var att de personer som berörs av verksamheten kan ta fram varaktiga lösningar för det regionala arbetet med ekologisk produktion och uthållig livsmedelsproduktion.Utifrån sex workshops, en på varje försöksgård,och en gemensam fältdag med diskussioner och fältvandring, tog man fram de frågeställningar och problemområden som var viktigast. Utifrån uppföljande samtal med deltagare från gårdarna om hur en möjlig stategisk plan skulle kunna se ut för arbetet kom projektet bl.a. fram till att man kan föra in något helt nytt i den ordinarie verksamheten om man tillåter flera personer att vara med under hela försökprocessen. Samtidigt finns problem med finansiering och tidsbrist som försvårar ett annat upplägg av genomförande och analyser. Ett konkret resultat av projektet är att flera gårdar börjat forma referensgrupper runt sig där lantbrukare, rådgivare och forskare ingår. Dessa grupper ska kunna påverka t.ex. försöksupplägg när man ansöker om medel till praktikernära försök. Deltagarna var i stort nöjda med projektet och positiva till en fortsättning av arbetssättet.</dcds:literalValueString>
    </dcds:statement>
    <dcds:statement dcds:propertyURI="http://purl.org/dc/terms/bibliographicCitation" dcds:vesURI="http://www.openurl.info/registry/">
      <dcds:valueString dcds:sesURI="http://voa3r.eu/terms/EncodedSchema">BibTeX:@unpublished{orgprints10139,
           title = {Pilotprojekt, Deltagardriven forskning p{\ra} f{\"o}rs{\"o}ksg{\ra}rdar},
          author = {{\rA}sa R{\"o}lin and Karin Svan{\"a}ng},
            year = {2008},
        keywords = {deltagardriven, ekologisk produktion, f{\"o}rs{\"o}ksg{\ra}rdar},
             url = {http://orgprints.org/10139/},
        abstract = {Visionen med projektet var att med de ekologiska f{\"o}rs{\"o}kg{\ra}rdarna som lokala resurscentrum skapa f{\"o}ruts{\"a}ttningar f{\"o}r m{\"o}tesplatser mellan lantbrukare och andra akt{\"o}rer som ber{\"o}rs av ekologisk produktion. I {\"o}msesidig dialog mellan olika akt{\"o}rer i deltagardrivna n{\"a}tverk kan ny kunskap tas till vara samtidigt som resurserna p{\ra} f{\"o}rs{\"o}ksg{\ra}rdarna utnyttjas effektivare. Hypotesen var att de personer som ber{\"o}rs av verksamheten kan ta fram varaktiga l{\"o}sningar f{\"o}r det regionala arbetet med ekologisk produktion och uth{\ra}llig livsmedelsproduktion.Utifr{\ra}n sex workshops, en p{\ra} varje f{\"o}rs{\"o}ksg{\ra}rd,och en gemensam f{\"a}ltdag med diskussioner och f{\"a}ltvandring, tog man fram de fr{\ra}gest{\"a}llningar och problemomr{\ra}den som var viktigast. Utifr{\ra}n uppf{\"o}ljande samtal med deltagare fr{\ra}n g{\ra}rdarna om hur en m{\"o}jlig stategisk plan skulle kunna se ut f{\"o}r arbetet kom projektet bl.a. fram till att man kan f{\"o}ra in n{\ra}got helt nytt i den ordinarie verksamheten om man till{\ra}ter flera personer att vara med under hela f{\"o}rs{\"o}kprocessen. Samtidigt finns problem med finansiering och tidsbrist som f{\"o}rsv{\ra}rar ett annat uppl{\"a}gg av genomf{\"o}rande och analyser. Ett konkret resultat av projektet {\"a}r att flera g{\ra}rdar b{\"o}rjat forma referensgrupper runt sig d{\"a}r lantbrukare, r{\ra}dgivare och forskare ing{\ra}r. Dessa grupper ska kunna p{\ra}verka t.ex. f{\"o}rs{\"o}ksuppl{\"a}gg n{\"a}r man ans{\"o}ker om medel till praktikern{\"a}ra f{\"o}rs{\"o}k. Deltagarna var i stort n{\"o}jda med projektet och positiva till en forts{\"a}ttning av arbetss{\"a}ttet.}
}</dcds:valueString>
    </dcds:statement>
    <dcds:statement dcds:propertyURI="http://purl.org/dc/terms/type" dcds:vesURI="http://voa3r.eu/terms/ResourceType">
      <dcds:valueString>Research Report</dcds:valueString>
    </dcds:statement>
    <dcds:statement dcds:propertyURI="http://voa3r.eu/terms/reviewStatus" dcds:vesURI="http://voa3r.eu/terms/ReviewStatus">
      <dcds:valueString>Peer Reviewed</dcds:valueString>
    </dcds:statement>
    <dcds:statement dcds:propertyURI="http://voa3r.eu/terms/publicationStatus" dcds:vesURI="http://voa3r.eu/terms/PublicationStatus">
      <dcds:valueString>WorkingDraft</dcds:valueString>
    </dcds:statement>
    <dcds:statement dcds:propertyURI="http://purl.org/dc/terms/creator" dcds:valueRef="creator1" />
    <dcds:statement dcds:propertyURI="http://purl.org/dc/terms/creator" dcds:valueRef="creator2" />
    <dcds:statement dcds:propertyURI="http://purl.org/dc/terms/subject">
      <dcds:valueString xml:lang="en">Systems research and participatory research</dcds:valueString>
    </dcds:statement>
    <dcds:statement dcds:valueURI="http://orgprints.org/10139/" dcds:propertyURI="http://www.europeana.eu/schemas/ese/isShownAt" />
    <dcds:statement dcds:valueURI="http://orgprints.org/10139/1/F%C3%B6rs%C3%B6ksg%C3%A5rdar_rapport.pdf" dcds:propertyURI="http://www.europeana.eu/schemas/ese/isShownBy" />
    <dcds:statement dcds:propertyURI="http://purl.org/dc/terms/rights">
      <dcds:literalValueString xml:lang="en">ICROFS rights: All of the entries, statements, results etc. contained in the Organic Eprints archive have been compiled by the authors according to their best knowledge and the metadata have been scrupulously checked by the International Centre for Research in Organic Food Systems (ICROFS) and the Research Institute of Organic Agriculture (FiBL). All depositors of eprints have agreed with the Deposit Agreement below. However, the possibility of mistakes can not be ruled out entirely. Therefore, the responsible partners behind Organic Eprints, the archive staff and the depositors are not subject to any obligation and make no guarantees whatsoever regarding any of the statements etc. on this website; neither do they accept responsibility or liability for any possible mistakes contained therein. The links to other websites on the Organic Eprints pages are for informational purposes only. ICROFS, FiBL and the depositors are not responsible for the availability or content of these sites. In addition, providing links to these sites should not be interpreted as endorsement or approval by ICROFS or FiBL.
Deposit Agreement
When depositing an eprint the depositors consents with the following agreement: "In depositing this eprint (a collection of files and associated metadata), I grant Organic Eprints the right to make it permanently available on-line, with open access to all or in accordance with any access restrictions that I have specified. I understand that Organic Eprints does not assume any responsibility if there is any breach of copyright in distributing these files or metadata. For work being deposited by its own first author: I declare that this eprint is my own intellectual property and that I have the right to make it available in Organic Eprints in the manner chosen. For work being deposited by someone other than its first author: I declare that I have gained the proper permissions from someone with the right to make this eprint available in Organic Eprints in the manner chosen - or that the material is in the public domain. Clicking on the deposit button indicates your agreement to these terms."</dcds:literalValueString>
    </dcds:statement>
    <dcds:statement dcds:valueURI="http://purl.org/eprint/accessRights/OpenAccess" dcds:propertyURI="http://purl.org/dc/terms/accessRights" />
    <dcds:statement dcds:propertyURI="http://purl.org/dc/terms/date">
      <dcds:literalValueString dcds:sesURI="http://purl.org/dc/terms/W3CDTF">2008</dcds:literalValueString>
    </dcds:statement>
    <dcds:statement dcds:propertyURI="http://voa3r.eu/terms/hasMetametadata" dcds:valueRef="metametadata" />
  </dcds:description>
  <dcds:description dcds:resourceId="creator1">
    <dcds:statement dcds:valueURI="http://xmlns.com/foaf/0.1/Agent" dcds:propertyURI="http://www.w3.org/1999/02/22-rdf-syntax-ns#type" />
    <dcds:statement dcds:valueURI="http://xmlns.com/foaf/0.1/Person" dcds:propertyURI="http://purl.org/dc/terms/type" />
    <dcds:statement dcds:propertyURI="http://xmlns.com/foaf/0.1/givenName">
      <dcds:literalValueString>Åsa</dcds:literalValueString>
    </dcds:statement>
    <dcds:statement dcds:propertyURI="http://xmlns.com/foaf/0.1/firstName">
      <dcds:literalValueString>Åsa</dcds:literalValueString>
    </dcds:statement>
    <dcds:statement dcds:propertyURI="http://xmlns.com/foaf/0.1/familyName">
      <dcds:literalValueString>Rölin</dcds:literalValueString>
    </dcds:statement>
    <dcds:statement dcds:propertyURI="http://xmlns.com/foaf/0.1/lastName">
      <dcds:literalValueString>Rölin</dcds:literalValueString>
    </dcds:statement>
  </dcds:description>
  <dcds:description dcds:resourceId="creator2">
    <dcds:statement dcds:valueURI="http://xmlns.com/foaf/0.1/Agent" dcds:propertyURI="http://www.w3.org/1999/02/22-rdf-syntax-ns#type" />
    <dcds:statement dcds:valueURI="http://xmlns.com/foaf/0.1/Person" dcds:propertyURI="http://purl.org/dc/terms/type" />
    <dcds:statement dcds:propertyURI="http://xmlns.com/foaf/0.1/givenName">
      <dcds:literalValueString>Karin</dcds:literalValueString>
    </dcds:statement>
    <dcds:statement dcds:propertyURI="http://xmlns.com/foaf/0.1/firstName">
      <dcds:literalValueString>Karin</dcds:literalValueString>
    </dcds:statement>
    <dcds:statement dcds:propertyURI="http://xmlns.com/foaf/0.1/familyName">
      <dcds:literalValueString>Svanäng</dcds:literalValueString>
    </dcds:statement>
    <dcds:statement dcds:propertyURI="http://xmlns.com/foaf/0.1/lastName">
      <dcds:literalValueString>Svanäng</dcds:literalValueString>
    </dcds:statement>
  </dcds:description>
  <dcds:description dcds:resourceId="metametadata">
    <dcds:statement dcds:valueURI="http://voa3r.eu/class/MetaMetadata" dcds:propertyURI="http://www.w3.org/1999/02/22-rdf-syntax-ns#type" />
    <dcds:statement dcds:propertyURI="http://purl.org/dc/terms/identifier">
      <dcds:valueString>oai:orgprints.org:10139</dcds:valueString>
    </dcds:statement>
    <dcds:statement dcds:propertyURI="http://purl.org/dc/terms/type">
      <dcds:literalValueString>voa3r_dcds v1.0</dcds:literalValueString>
    </dcds:statement>
    <dcds:statement dcds:propertyURI="http://purl.org/dc/terms/date">
      <dcds:literalValueString dcds:sesURI="http://purl.org/dc/terms/W3CDTF">2015-09-08</dcds:literalValueString>
    </dcds:statement>
    <dcds:statement dcds:propertyURI="http://purl.org/dc/terms/contributor" dcds:valueRef="metacontributor" />
  </dcds:description>
  <dcds:description dcds:resourceId="metacontributor">
    <dcds:statement dcds:valueURI="http://xmlns.com/foaf/0.1/Agent" dcds:propertyURI="http://www.w3.org/1999/02/22-rdf-syntax-ns#type" />
    <dcds:statement dcds:valueURI="http://xmlns.com/foaf/0.1/Organization" dcds:propertyURI="http://purl.org/dc/terms/type" />
    <dcds:statement dcds:propertyURI="http://xmlns.com/foaf/0.1/name">
      <dcds:literalValueString xml:lang="en">Organic eprints</dcds:literalValueString>
    </dcds:statement>
    <dcds:statement dcds:valueURI="mailto:eprints@orgprints.org" dcds:propertyURI="http://xmlns.com/foaf/0.1/mbox" />
  </dcds:description>
</dcds:descriptionSet>