<dcds:descriptionSet xmlns:dcds="http://purl.org/dc/xmlns/2008/09/01/dc-ds-xml/" xmlns:xsi="http://www.w3.org/2001/XMLSchema-instance" xsi:schemaLocation="http://purl.org/dc/xmlns/2008/09/01/dc-ds-xml/ http://dublincore.org/schemas/xmls/2008/09/01/dc-ds-xml/dcds.xsd">
  <dcds:description dcds:resourceURI="http://orgprints.org/id/eprint/10769">
    <dcds:statement dcds:valueURI="http://voa3r.eu/class/Resource" dcds:propertyURI="http://www.w3.org/1999/02/22-rdf-syntax-ns#type" />
    <dcds:statement dcds:propertyURI="http://purl.org/dc/terms/title">
      <dcds:literalValueString xml:lang="de">Entwicklung und Bewertung von direkten Bekmpfungsstrategien gegen das Auftreten der Mhrenschwrze (Alternaria dauci) beim Anbau von Mhren fr die industrielle Verarbeitung</dcds:literalValueString>
    </dcds:statement>
    <dcds:statement dcds:propertyURI="http://purl.org/dc/terms/language" dcds:vesURI="http://purl.org/dc/terms/RFC5646">
      <dcds:valueString>de</dcds:valueString>
    </dcds:statement>
    <dcds:statement dcds:propertyURI="http://purl.org/dc/terms/abstract">
      <dcds:literalValueString xml:lang="de">Im Rahmen des BLE-Forschungsprojektes Entwicklung und Bewertung von direkten Bekmpfungsstrategien gegen das Auftreten der Mhrenschwrze (Alternaria dauci) beim Anbau von Mhren fr die industrielle Verarbeitung (03OE488) wurde in den Jahren 2004-2006 Feldversuche zur Optimierung des kologischen Mhrenanbaus unter norddeutschen Bedingungen durchgefhrt. &#xD;&#xD;Sortenvergleichsanbau &#xD;In den drei Jahren wurden auf den zwei Versuchsstandorten jeweils 10 bis 12 Mhrensorten auf ihre Eignung fr den kologischen Anbau geprft. Wesentliche Kriterien waren hierbei die Widerstandsfhigkeit gegenber Alternaria, wertgebende Inhaltstoffe und die Ertragshhe. &#xD;Es konnten deutliche Unterschiede in der Alternariaanflligkeit der geprften Sorten beobachtet werden. Dabei zeigte sich, dass diese Sortenunterschiede sowohl an beiden Versuchsstandorten als auch ber die geprften Jahre auftraten. &#xD;Das Ergebnis der Sortenprfung belegte, dass die bisher berwiegend im kologischen Anbau eingesetzten Sorten sich als deutlich weniger geeignet erwiesen, als andere geprfte Sorten. Die hohe Alternariaanflligkeit der bisher verwendeten Standardsorten fhrte bei entsprechenden Infektionsbedingungen zu einer starken Laubschdigung mit deutlichem Einfluss auf den Nitratgehalt und die Vermarktungsfhigkeit des Ernteproduktes. &#xD;Anbauversuch zur Wirksamkeit der Heiwasserbehandlung (HWB) des Saatgutes auf den Laubbefall mit Alternaria &#xD;In diesem Teilversuch wurde anhand von alternariaanflligen Mhrensorten berprft, ob ein Besatz des Mhrensaatgutes mit dem pilzlichen Erreger Alternaria dauci einen Einfluss auf den Zeitpunkt und die Strke eines Alternariabefalles im Mhrenbestand hat. &#xD;Dazu wurde unbehandeltes gering belastetes Saatgut, sowie stark belastetes Saatgut mit  heiwasserbehandeltem Saatgut verglichen. &#xD;Im Versuchsjahr 2004 trat an keiner Versuchsvariante ein Alternaria Befall auf. Dagegen konnte in den Versuchsjahren 2005 und 2006 nachgewiesen werden, dass ein stark erhhter Ausgangsbesatz des Saatgutes mit Alternaria dauci bei entsprechenden Infektionsbedingungen auch zu einem strkeren Auftreten der Laubkrankheit im Bestand fhrte. &#xD;Die Frage des tolerierbaren Grenzwertes fr den Besatz des Saatgutes mit Alternaria dauci konnte in diesem Forschungsvorhaben nicht geklrt werden. Besonders bei Alternaria anflligen Sorten sollte aber auf eine mglichst geringe Ausgangsbelastung des Saatgutes geachtet werden. Aber auch die Nachteile einer verringerte Keimfhigkeit sowie einer verminderten Haltbarkeit des Saatgutes durch eine HWB mssen beim Saatguteinkauf bercksichtigt werden. &#xD;&#xD;Feststellen der Wirksamkeit verschiedener Pflanzenschutz und strkungsmittel gegen Laubkrankheiten (speziell Alternaria)&#xD;In diesem Teilversuch wurde die direkte Wirkung von Pflanzenschutzmitteln und Pflanzenstrkungsmitteln auf den Befall mit Alternaria dauci berprft. Ergnzend wurde der Einsatz von Haftmitteln und Spurenelementdngern geprft.&#xD;In allen drei Versuchsjahren konnte durch den Einsatz von Kupferprparaten ein deutlicher Effekt auf den Alternariabefall der Blattflche nachgewiesen werden. Dies betrifft sowohl die Cuprozin-Varianten auf Basis von Kupferhydroxid als auch die Cueva-Variante auf Basis von Kupferoktanoat. Es ist zu beachten, dass der Wirkstoff Kupferoktanoat bisher nicht im Anhang der EU-ko-Verordnung als erlaubtes Pflanzenschutzmittel aufgefhrt ist.</dcds:literalValueString>
    </dcds:statement>
    <dcds:statement dcds:propertyURI="http://purl.org/dc/terms/bibliographicCitation" dcds:vesURI="http://www.openurl.info/registry/">
      <dcds:valueString dcds:sesURI="http://voa3r.eu/terms/EncodedSchema">BibTeX:@unpublished{orgprints10769,           title = {Entwicklung und Bewertung von direkten Bek{\"a}mpfungsstrategien gegen das Auftreten der M{\"o}hrenschw{\"a}rze (Alternaria dauci) beim Anbau von M{\"o}hren f{\"u}r die industrielle Verarbeitung },          author = {Florian Rau and Ulrike Weier and Christoph Wonneberger and Thomas Brand and Marga Jahn},            year = {2006},        keywords = {B{\"O}L, BOEL, FKZ 03OE488, Hei{\ss}wasserbehandlung, M{\"o}hren, Industriem{\"o}hren, Verarbeitungsm{\"o}hren, M{\"o}hrensorten, Hei{\ss}wasserbehandlung, M{\"o}hrenschw{\"a}rze, Alternaria dauci, Alternariaanf{\"a}lligkeit, Laubkrankheit },             url = {http://orgprints.org/10769/},        abstract = {Im Rahmen des BLE-Forschungsprojektes ?Entwicklung und Bewertung von direkten Bek{\"a}mpfungsstrategien gegen das Auftreten der M{\"o}hrenschw{\"a}rze (Alternaria dauci) beim Anbau von M{\"o}hren f{\"u}r die industrielle Verarbeitung? (03OE488) wurde in den Jahren 2004-2006 Feldversuche zur Optimierung des {\"o}kologischen M{\"o}hrenanbaus unter norddeutschen Bedingungen durchgef{\"u}hrt. &#xD;&#xD;Sortenvergleichsanbau &#xD;In den drei Jahren wurden auf den zwei Versuchsstandorten jeweils 10 bis 12 M{\"o}hrensorten auf ihre Eignung f{\"u}r den {\"o}kologischen Anbau gepr{\"u}ft. Wesentliche Kriterien waren hierbei die Widerstandsf{\"a}higkeit gegen{\"u}ber Alternaria, wertgebende Inhaltstoffe und die Ertragsh{\"o}he. &#xD;Es konnten deutliche Unterschiede in der Alternariaanf{\"a}lligkeit der gepr{\"u}ften Sorten beobachtet werden. Dabei zeigte sich, dass diese Sortenunterschiede sowohl an beiden Versuchsstandorten als auch {\"u}ber die gepr{\"u}ften Jahre auftraten. &#xD;Das Ergebnis der Sortenpr{\"u}fung belegte, dass die bisher {\"u}berwiegend im {\"o}kologischen Anbau eingesetzten Sorten sich als deutlich weniger geeignet erwiesen, als andere gepr{\"u}fte Sorten. Die hohe Alternariaanf{\"a}lligkeit der bisher verwendeten Standardsorten f{\"u}hrte bei entsprechenden Infektionsbedingungen zu einer starken Laubsch{\"a}digung mit deutlichem Einfluss auf den Nitratgehalt und die Vermarktungsf{\"a}higkeit des Ernteproduktes. &#xD;Anbauversuch zur Wirksamkeit der Hei{\ss}wasserbehandlung (HWB) des Saatgutes auf den Laubbefall mit Alternaria &#xD;In diesem Teilversuch wurde anhand von alternariaanf{\"a}lligen M{\"o}hrensorten {\"u}berpr{\"u}ft, ob ein Besatz des M{\"o}hrensaatgutes mit dem pilzlichen Erreger Alternaria dauci einen Einfluss auf den Zeitpunkt und die St{\"a}rke eines Alternariabefalles im M{\"o}hrenbestand hat. &#xD;Dazu wurde unbehandeltes gering belastetes Saatgut, sowie stark belastetes Saatgut mit  hei{\ss}wasserbehandeltem Saatgut verglichen. &#xD;Im Versuchsjahr 2004 trat an keiner Versuchsvariante ein Alternaria Befall auf. Dagegen konnte in den Versuchsjahren 2005 und 2006 nachgewiesen werden, dass ein stark erh{\"o}hter Ausgangsbesatz des Saatgutes mit Alternaria dauci bei entsprechenden Infektionsbedingungen auch zu einem st{\"a}rkeren Auftreten der Laubkrankheit im Bestand f{\"u}hrte. &#xD;Die Frage des tolerierbaren Grenzwertes f{\"u}r den Besatz des Saatgutes mit Alternaria dauci konnte in diesem Forschungsvorhaben nicht gekl{\"a}rt werden. Besonders bei Alternaria anf{\"a}lligen Sorten sollte aber auf eine m{\"o}glichst geringe Ausgangsbelastung des Saatgutes geachtet werden. Aber auch die Nachteile einer verringerte Keimf{\"a}higkeit sowie einer verminderten Haltbarkeit des Saatgutes durch eine HWB m{\"u}ssen beim Saatguteinkauf ber{\"u}cksichtigt werden. &#xD;&#xD;Feststellen der Wirksamkeit verschiedener Pflanzenschutz und ?st{\"a}rkungsmittel gegen Laubkrankheiten (speziell Alternaria)&#xD;In diesem Teilversuch wurde die direkte Wirkung von Pflanzenschutzmitteln und Pflanzenst{\"a}rkungsmitteln auf den Befall mit Alternaria dauci {\"u}berpr{\"u}ft. Erg{\"a}nzend wurde der Einsatz von Haftmitteln und Spurenelementd{\"u}ngern gepr{\"u}ft.&#xD;In allen drei Versuchsjahren konnte durch den Einsatz von Kupferpr{\"a}paraten ein deutlicher Effekt auf den Alternariabefall der Blattfl{\"a}che nachgewiesen werden. Dies betrifft sowohl die Cuprozin-Varianten auf Basis von Kupferhydroxid als auch die Cueva-Variante auf Basis von Kupferoktanoat. Es ist zu beachten, dass der Wirkstoff Kupferoktanoat bisher nicht im Anhang der EU-{\"O}ko-Verordnung als erlaubtes Pflanzenschutzmittel aufgef{\"u}hrt ist. }}</dcds:valueString>
    </dcds:statement>
    <dcds:statement dcds:propertyURI="http://purl.org/dc/terms/type" dcds:vesURI="http://voa3r.eu/terms/ResourceType">
      <dcds:valueString>Research Report</dcds:valueString>
    </dcds:statement>
    <dcds:statement dcds:propertyURI="http://voa3r.eu/terms/reviewStatus" dcds:vesURI="http://voa3r.eu/terms/ReviewStatus">
      <dcds:valueString>Peer Reviewed</dcds:valueString>
    </dcds:statement>
    <dcds:statement dcds:propertyURI="http://voa3r.eu/terms/publicationStatus" dcds:vesURI="http://voa3r.eu/terms/PublicationStatus">
      <dcds:valueString>WorkingDraft</dcds:valueString>
    </dcds:statement>
    <dcds:statement dcds:propertyURI="http://purl.org/dc/terms/creator" dcds:valueRef="creator1" />
    <dcds:statement dcds:propertyURI="http://purl.org/dc/terms/creator" dcds:valueRef="creator2" />
    <dcds:statement dcds:propertyURI="http://purl.org/dc/terms/creator" dcds:valueRef="creator3" />
    <dcds:statement dcds:propertyURI="http://purl.org/dc/terms/creator" dcds:valueRef="creator4" />
    <dcds:statement dcds:propertyURI="http://purl.org/dc/terms/creator" dcds:valueRef="creator5" />
    <dcds:statement dcds:propertyURI="http://purl.org/dc/terms/subject">
      <dcds:valueString xml:lang="en">Crop health, quality, protection</dcds:valueString>
    </dcds:statement>
    <dcds:statement dcds:propertyURI="http://purl.org/dc/terms/subject">
      <dcds:valueString xml:lang="en">Breeding, genetics and propagation</dcds:valueString>
    </dcds:statement>
    <dcds:statement dcds:propertyURI="http://purl.org/dc/terms/subject">
      <dcds:valueString xml:lang="en">Vegetables</dcds:valueString>
    </dcds:statement>
    <dcds:statement dcds:valueURI="http://orgprints.org/10769/" dcds:propertyURI="http://www.europeana.eu/schemas/ese/isShownAt" />
    <dcds:statement dcds:valueURI="http://orgprints.org/10769/1/10769-03OE488-koen-rau-2006-moehrenschwaerze.pdf" dcds:propertyURI="http://www.europeana.eu/schemas/ese/isShownBy" />
    <dcds:statement dcds:propertyURI="http://purl.org/dc/terms/rights">
      <dcds:literalValueString xml:lang="en">ICROFS rights: All of the entries, statements, results etc. contained in the Organic Eprints archive have been compiled by the authors according to their best knowledge and the metadata have been scrupulously checked by the International Centre for Research in Organic Food Systems (ICROFS) and the Research Institute of Organic Agriculture (FiBL). All depositors of eprints have agreed with the Deposit Agreement below. However, the possibility of mistakes can not be ruled out entirely. Therefore, the responsible partners behind Organic Eprints, the archive staff and the depositors are not subject to any obligation and make no guarantees whatsoever regarding any of the statements etc. on this website; neither do they accept responsibility or liability for any possible mistakes contained therein. The links to other websites on the Organic Eprints pages are for informational purposes only. ICROFS, FiBL and the depositors are not responsible for the availability or content of these sites. In addition, providing links to these sites should not be interpreted as endorsement or approval by ICROFS or FiBL.Deposit AgreementWhen depositing an eprint the depositors consents with the following agreement: "In depositing this eprint (a collection of files and associated metadata), I grant Organic Eprints the right to make it permanently available on-line, with open access to all or in accordance with any access restrictions that I have specified. I understand that Organic Eprints does not assume any responsibility if there is any breach of copyright in distributing these files or metadata. For work being deposited by its own first author: I declare that this eprint is my own intellectual property and that I have the right to make it available in Organic Eprints in the manner chosen. For work being deposited by someone other than its first author: I declare that I have gained the proper permissions from someone with the right to make this eprint available in Organic Eprints in the manner chosen - or that the material is in the public domain. Clicking on the deposit button indicates your agreement to these terms."</dcds:literalValueString>
    </dcds:statement>
    <dcds:statement dcds:valueURI="http://purl.org/eprint/accessRights/OpenAccess" dcds:propertyURI="http://purl.org/dc/terms/accessRights" />
    <dcds:statement dcds:propertyURI="http://purl.org/dc/terms/date">
      <dcds:literalValueString dcds:sesURI="http://purl.org/dc/terms/W3CDTF">2006</dcds:literalValueString>
    </dcds:statement>
    <dcds:statement dcds:propertyURI="http://voa3r.eu/terms/hasMetametadata" dcds:valueRef="metametadata" />
  </dcds:description>
  <dcds:description dcds:resourceId="creator1">
    <dcds:statement dcds:valueURI="http://xmlns.com/foaf/0.1/Agent" dcds:propertyURI="http://www.w3.org/1999/02/22-rdf-syntax-ns#type" />
    <dcds:statement dcds:valueURI="http://xmlns.com/foaf/0.1/Person" dcds:propertyURI="http://purl.org/dc/terms/type" />
    <dcds:statement dcds:propertyURI="http://xmlns.com/foaf/0.1/givenName">
      <dcds:literalValueString>Florian</dcds:literalValueString>
    </dcds:statement>
    <dcds:statement dcds:propertyURI="http://xmlns.com/foaf/0.1/firstName">
      <dcds:literalValueString>Florian</dcds:literalValueString>
    </dcds:statement>
    <dcds:statement dcds:propertyURI="http://xmlns.com/foaf/0.1/familyName">
      <dcds:literalValueString>Rau</dcds:literalValueString>
    </dcds:statement>
    <dcds:statement dcds:propertyURI="http://xmlns.com/foaf/0.1/lastName">
      <dcds:literalValueString>Rau</dcds:literalValueString>
    </dcds:statement>
  </dcds:description>
  <dcds:description dcds:resourceId="creator2">
    <dcds:statement dcds:valueURI="http://xmlns.com/foaf/0.1/Agent" dcds:propertyURI="http://www.w3.org/1999/02/22-rdf-syntax-ns#type" />
    <dcds:statement dcds:valueURI="http://xmlns.com/foaf/0.1/Person" dcds:propertyURI="http://purl.org/dc/terms/type" />
    <dcds:statement dcds:propertyURI="http://xmlns.com/foaf/0.1/givenName">
      <dcds:literalValueString>Ulrike</dcds:literalValueString>
    </dcds:statement>
    <dcds:statement dcds:propertyURI="http://xmlns.com/foaf/0.1/firstName">
      <dcds:literalValueString>Ulrike</dcds:literalValueString>
    </dcds:statement>
    <dcds:statement dcds:propertyURI="http://xmlns.com/foaf/0.1/familyName">
      <dcds:literalValueString>Weier</dcds:literalValueString>
    </dcds:statement>
    <dcds:statement dcds:propertyURI="http://xmlns.com/foaf/0.1/lastName">
      <dcds:literalValueString>Weier</dcds:literalValueString>
    </dcds:statement>
  </dcds:description>
  <dcds:description dcds:resourceId="creator3">
    <dcds:statement dcds:valueURI="http://xmlns.com/foaf/0.1/Agent" dcds:propertyURI="http://www.w3.org/1999/02/22-rdf-syntax-ns#type" />
    <dcds:statement dcds:valueURI="http://xmlns.com/foaf/0.1/Person" dcds:propertyURI="http://purl.org/dc/terms/type" />
    <dcds:statement dcds:propertyURI="http://xmlns.com/foaf/0.1/givenName">
      <dcds:literalValueString>Christoph</dcds:literalValueString>
    </dcds:statement>
    <dcds:statement dcds:propertyURI="http://xmlns.com/foaf/0.1/firstName">
      <dcds:literalValueString>Christoph</dcds:literalValueString>
    </dcds:statement>
    <dcds:statement dcds:propertyURI="http://xmlns.com/foaf/0.1/familyName">
      <dcds:literalValueString>Wonneberger</dcds:literalValueString>
    </dcds:statement>
    <dcds:statement dcds:propertyURI="http://xmlns.com/foaf/0.1/lastName">
      <dcds:literalValueString>Wonneberger</dcds:literalValueString>
    </dcds:statement>
  </dcds:description>
  <dcds:description dcds:resourceId="creator4">
    <dcds:statement dcds:valueURI="http://xmlns.com/foaf/0.1/Agent" dcds:propertyURI="http://www.w3.org/1999/02/22-rdf-syntax-ns#type" />
    <dcds:statement dcds:valueURI="http://xmlns.com/foaf/0.1/Person" dcds:propertyURI="http://purl.org/dc/terms/type" />
    <dcds:statement dcds:propertyURI="http://xmlns.com/foaf/0.1/givenName">
      <dcds:literalValueString>Thomas</dcds:literalValueString>
    </dcds:statement>
    <dcds:statement dcds:propertyURI="http://xmlns.com/foaf/0.1/firstName">
      <dcds:literalValueString>Thomas</dcds:literalValueString>
    </dcds:statement>
    <dcds:statement dcds:propertyURI="http://xmlns.com/foaf/0.1/familyName">
      <dcds:literalValueString>Brand</dcds:literalValueString>
    </dcds:statement>
    <dcds:statement dcds:propertyURI="http://xmlns.com/foaf/0.1/lastName">
      <dcds:literalValueString>Brand</dcds:literalValueString>
    </dcds:statement>
  </dcds:description>
  <dcds:description dcds:resourceId="creator5">
    <dcds:statement dcds:valueURI="http://xmlns.com/foaf/0.1/Agent" dcds:propertyURI="http://www.w3.org/1999/02/22-rdf-syntax-ns#type" />
    <dcds:statement dcds:valueURI="http://xmlns.com/foaf/0.1/Person" dcds:propertyURI="http://purl.org/dc/terms/type" />
    <dcds:statement dcds:propertyURI="http://xmlns.com/foaf/0.1/givenName">
      <dcds:literalValueString>Marga</dcds:literalValueString>
    </dcds:statement>
    <dcds:statement dcds:propertyURI="http://xmlns.com/foaf/0.1/firstName">
      <dcds:literalValueString>Marga</dcds:literalValueString>
    </dcds:statement>
    <dcds:statement dcds:propertyURI="http://xmlns.com/foaf/0.1/familyName">
      <dcds:literalValueString>Jahn</dcds:literalValueString>
    </dcds:statement>
    <dcds:statement dcds:propertyURI="http://xmlns.com/foaf/0.1/lastName">
      <dcds:literalValueString>Jahn</dcds:literalValueString>
    </dcds:statement>
  </dcds:description>
  <dcds:description dcds:resourceId="metametadata">
    <dcds:statement dcds:valueURI="http://voa3r.eu/class/MetaMetadata" dcds:propertyURI="http://www.w3.org/1999/02/22-rdf-syntax-ns#type" />
    <dcds:statement dcds:propertyURI="http://purl.org/dc/terms/identifier">
      <dcds:valueString>oai:orgprints.org:10769</dcds:valueString>
    </dcds:statement>
    <dcds:statement dcds:propertyURI="http://purl.org/dc/terms/type">
      <dcds:literalValueString>voa3r_dcds v1.0</dcds:literalValueString>
    </dcds:statement>
    <dcds:statement dcds:propertyURI="http://purl.org/dc/terms/date">
      <dcds:literalValueString dcds:sesURI="http://purl.org/dc/terms/W3CDTF">2015-09-08</dcds:literalValueString>
    </dcds:statement>
    <dcds:statement dcds:propertyURI="http://purl.org/dc/terms/contributor" dcds:valueRef="metacontributor" />
  </dcds:description>
  <dcds:description dcds:resourceId="metacontributor">
    <dcds:statement dcds:valueURI="http://xmlns.com/foaf/0.1/Agent" dcds:propertyURI="http://www.w3.org/1999/02/22-rdf-syntax-ns#type" />
    <dcds:statement dcds:valueURI="http://xmlns.com/foaf/0.1/Organization" dcds:propertyURI="http://purl.org/dc/terms/type" />
    <dcds:statement dcds:propertyURI="http://xmlns.com/foaf/0.1/name">
      <dcds:literalValueString xml:lang="en">Organic eprints</dcds:literalValueString>
    </dcds:statement>
    <dcds:statement dcds:valueURI="mailto:eprints@orgprints.org" dcds:propertyURI="http://xmlns.com/foaf/0.1/mbox" />
  </dcds:description>
</dcds:descriptionSet>