<dcds:descriptionSet xmlns:dcds="http://purl.org/dc/xmlns/2008/09/01/dc-ds-xml/" xmlns:xsi="http://www.w3.org/2001/XMLSchema-instance" xsi:schemaLocation="http://purl.org/dc/xmlns/2008/09/01/dc-ds-xml/ http://dublincore.org/schemas/xmls/2008/09/01/dc-ds-xml/dcds.xsd">
  <dcds:description dcds:resourceURI="http://orgprints.org/id/eprint/10369">
    <dcds:statement dcds:valueURI="http://voa3r.eu/class/Resource" dcds:propertyURI="http://www.w3.org/1999/02/22-rdf-syntax-ns#type" />
    <dcds:statement dcds:propertyURI="http://purl.org/dc/terms/title">
      <dcds:literalValueString xml:lang="en">Performance and diarrhoea in piglets following weaning at seven weeks of age: Challenge with E. coli O 149 and effect of dietary factors</dcds:literalValueString>
    </dcds:statement>
    <dcds:statement dcds:propertyURI="http://purl.org/dc/terms/language" dcds:vesURI="http://purl.org/dc/terms/RFC5646">
      <dcds:valueString>en</dcds:valueString>
    </dcds:statement>
    <dcds:statement dcds:propertyURI="http://purl.org/dc/terms/abstract">
      <dcds:literalValueString xml:lang="en">Four dietary factors (ad libitum versus feed restriction, control versus protein restriction at ad libitum feeding, control versus inclusion of lupine as a protein source at ad libitum feeding, and control versus extra vitamin E at ad libitum feeding) were tested in four separate experiments for the effect on diarrhoea. To introduce a diarrhoea-like condition, half of the piglets were challenged with an inoculation of an E. coli O 149 dose of 1 x 108 colony forming units on day two and three after weaning (day of weaning = day one). All piglets were susceptible since the dams were tested mono-zygotic susceptible to the attachment site of E. coli O 149 in the intestines. Each of the four experiments included 32 piglets from 4 sows. The design was 2 x 2 factorial with dietary factor and E. coli O 149 challenge as the two factors, each at two levels. The piglets were housed individually during the experiment which lasted for 10 days from weaning at 7 weeks of age. The daily recordings included feed intake, weight and faeces score (from 1 = firm and solid to 6 = yellow and watery). Faeces from days 2 to 5 were tested for E. coli strains. In addition, blood was sampled and serum was analysed for E. coli antibodies, IgG and IgM. Generally the E. coli challenge had no effect on growth and feed intake whereas faeces score and number of faeces haemolytic bacteria increased and faeces dry matter decreased. Feed restriction decreased the weight gain while faeces characteristics were unaffected. An analysis including all four experiments revealed that a feed intake of less than 200 g day one after weaning seems to be associated with a relatively high incidence of a post-weaning diarrhoea-like condition. Protein restriction decreased faeces score and increased faeces dry matter while weight gain tended to decrease. Inclusion of lupine affected neither weight gain nor faeces characteristics. Extra vitamin E did not affect weight gain while faeces dry matter decreased, and faeces score and number of faecal haemolytic bacteria increased. The dietary treatments had no effect on the immunological responses. In conclusion, the studied dietary factors could not alleviate a diarrhoea-like condition and at the same time maintain the growth rate. Furthermore, the results indicate that performance can be improved if piglets achieve a daily feed intake of at least 200 g from day one after weaning.</dcds:literalValueString>
    </dcds:statement>
    <dcds:statement dcds:propertyURI="http://purl.org/dc/terms/bibliographicCitation" dcds:vesURI="http://www.openurl.info/registry/">
      <dcds:valueString dcds:sesURI="http://voa3r.eu/terms/EncodedSchema">BibTeX:@misc{orgprints10369,
          volume = {123},
           title = {Performance and diarrhoea in piglets following weaning at seven weeks of age: Challenge with E. coli O 149 and effect of dietary factors},
          author = {Martin T. S{\o}rensen and Ellen-Margrethe Vestergaard and S{\o}ren K. Jensen and Charlotte Lauridsen and S{\o}ren H{\o}jsgaard},
            year = {2009},
           pages = {314--321},
         journal = {Livestock Science},
        keywords = {Piglets, weaning, feeding, diarrhoea, E. coli inoculation},
             url = {http://orgprints.org/10369/},
        abstract = {Four dietary factors (ad libitum versus feed restriction, control versus protein restriction at ad libitum feeding, control versus inclusion of lupine as a protein source at ad libitum feeding, and control versus extra vitamin E at ad libitum feeding) were tested in four separate experiments for the effect on diarrhoea. To introduce a diarrhoea-like condition, half of the piglets were challenged with an inoculation of an E. coli O 149 dose of 1 x 108 colony forming units on day two and three after weaning (day of weaning = day one). All piglets were susceptible since the dams were tested mono-zygotic susceptible to the attachment site of E. coli O 149 in the intestines. Each of the four experiments included 32 piglets from 4 sows. The design was 2 x 2 factorial with dietary factor and E. coli O 149 challenge as the two factors, each at two levels. The piglets were housed individually during the experiment which lasted for 10 days from weaning at 7 weeks of age. The daily recordings included feed intake, weight and faeces score (from 1 = firm and solid to 6 = yellow and watery). Faeces from days 2 to 5 were tested for E. coli strains. In addition, blood was sampled and serum was analysed for E. coli antibodies, IgG and IgM. Generally the E. coli challenge had no effect on growth and feed intake whereas faeces score and number of faeces haemolytic bacteria increased and faeces dry matter decreased. Feed restriction decreased the weight gain while faeces characteristics were unaffected. An analysis including all four experiments revealed that a feed intake of less than 200 g day one after weaning seems to be associated with a relatively high incidence of a post-weaning diarrhoea-like condition. Protein restriction decreased faeces score and increased faeces dry matter while weight gain tended to decrease. Inclusion of lupine affected neither weight gain nor faeces characteristics. Extra vitamin E did not affect weight gain while faeces dry matter decreased, and faeces score and number of faecal haemolytic bacteria increased. The dietary treatments had no effect on the immunological responses. In conclusion, the studied dietary factors could not alleviate a diarrhoea-like condition and at the same time maintain the growth rate. Furthermore, the results indicate that performance can be improved if piglets achieve a daily feed intake of at least 200 g from day one after weaning.}
}</dcds:valueString>
    </dcds:statement>
    <dcds:statement dcds:propertyURI="http://purl.org/dc/terms/type" dcds:vesURI="http://voa3r.eu/terms/ResourceType">
      <dcds:valueString>Article</dcds:valueString>
    </dcds:statement>
    <dcds:statement dcds:propertyURI="http://voa3r.eu/terms/reviewStatus" dcds:vesURI="http://voa3r.eu/terms/ReviewStatus">
      <dcds:valueString>Peer Reviewed</dcds:valueString>
    </dcds:statement>
    <dcds:statement dcds:propertyURI="http://voa3r.eu/terms/publicationStatus" dcds:vesURI="http://voa3r.eu/terms/PublicationStatus">
      <dcds:valueString>Published</dcds:valueString>
    </dcds:statement>
    <dcds:statement dcds:propertyURI="http://purl.org/dc/terms/creator" dcds:valueRef="creator1" />
    <dcds:statement dcds:propertyURI="http://purl.org/dc/terms/creator" dcds:valueRef="creator2" />
    <dcds:statement dcds:propertyURI="http://purl.org/dc/terms/creator" dcds:valueRef="creator3" />
    <dcds:statement dcds:propertyURI="http://purl.org/dc/terms/creator" dcds:valueRef="creator4" />
    <dcds:statement dcds:propertyURI="http://purl.org/dc/terms/creator" dcds:valueRef="creator5" />
    <dcds:statement dcds:propertyURI="http://purl.org/dc/terms/subject">
      <dcds:valueString xml:lang="en">Health and welfare</dcds:valueString>
    </dcds:statement>
    <dcds:statement dcds:propertyURI="http://purl.org/dc/terms/subject">
      <dcds:valueString xml:lang="en">Feeding and growth</dcds:valueString>
    </dcds:statement>
    <dcds:statement dcds:valueURI="http://dx.doi.org/10.1016/j.vetmic.2005.07.011 " dcds:propertyURI="http://purl.org/dc/terms/references">
      <dcds:valueString>Carstensen, Lone (30.09.2005). "Escherichia coli post-weaning diarrhoea occurrence in piglets with monitored exposure to creep feed". Veterinary microbiology(0378-1135), 110(1-2), p.113</dcds:valueString>
    </dcds:statement>
    <dcds:statement dcds:valueURI="http://dx.doi.org/10.1016/S0378-1135(01)00504-1" dcds:propertyURI="http://purl.org/dc/terms/references">
      <dcds:valueString>Frydendahl, Kai (01.03.2002). "Prevalence of serogroups and virulence genes in Escherichia coli associated with postweaning diarrhoea and edema disease in pigs and a comparison of diagnostic approaches". Veterinary microbiology(0378-1135), 85(2), p.169</dcds:valueString>
    </dcds:statement>
    <dcds:statement dcds:valueURI="http://dx.doi.org/10.1016/S0167-5877(97)00057-3" dcds:propertyURI="http://purl.org/dc/terms/references">
      <dcds:valueString>Madec, F (16.04.1998). "Measurement of digestive disorders in the piglet at weaning and related risk factors". Preventive veterinary medicine(0167-5877), 35(1), p.53</dcds:valueString>
    </dcds:statement>
    <dcds:statement dcds:valueURI="http://dx.doi.org/10.1016/j.livsci.2010.10.015" dcds:propertyURI="http://purl.org/dc/terms/isReferencedBy">
      <dcds:valueString>Lauridsen, Charlotte (2011). "Inoculation of weaned pigs with E. coli reduces depots of vitamin E". Livestock science(1871-1413), 137(1-3), p.161</dcds:valueString>
    </dcds:statement>
    <dcds:statement dcds:valueURI="http://dx.doi.org/10.1017/S1751731110001011 " dcds:propertyURI="http://purl.org/dc/terms/isReferencedBy">
      <dcds:valueString>van der Meulen, J (10.2010). "Increasing weaning age of piglets from 4 to 7 weeks reduces stress, increases post-weaning feed intake but does not improve intestinal functionality". Animal (Cambridge, England)(1751-7311), 4(10), p.1653</dcds:valueString>
    </dcds:statement>
    <dcds:statement dcds:valueURI="http://orgprints.org/10369/" dcds:propertyURI="http://www.europeana.eu/schemas/ese/isShownAt" />
    <dcds:statement dcds:valueURI="http://orgprints.org/10369/2/10369.pdf" dcds:propertyURI="http://www.europeana.eu/schemas/ese/isShownBy" />
    <dcds:statement dcds:propertyURI="http://purl.org/dc/terms/rights">
      <dcds:literalValueString xml:lang="en">ICROFS rights: All of the entries, statements, results etc. contained in the Organic Eprints archive have been compiled by the authors according to their best knowledge and the metadata have been scrupulously checked by the International Centre for Research in Organic Food Systems (ICROFS) and the Research Institute of Organic Agriculture (FiBL). All depositors of eprints have agreed with the Deposit Agreement below. However, the possibility of mistakes can not be ruled out entirely. Therefore, the responsible partners behind Organic Eprints, the archive staff and the depositors are not subject to any obligation and make no guarantees whatsoever regarding any of the statements etc. on this website; neither do they accept responsibility or liability for any possible mistakes contained therein. The links to other websites on the Organic Eprints pages are for informational purposes only. ICROFS, FiBL and the depositors are not responsible for the availability or content of these sites. In addition, providing links to these sites should not be interpreted as endorsement or approval by ICROFS or FiBL.
Deposit Agreement
When depositing an eprint the depositors consents with the following agreement: "In depositing this eprint (a collection of files and associated metadata), I grant Organic Eprints the right to make it permanently available on-line, with open access to all or in accordance with any access restrictions that I have specified. I understand that Organic Eprints does not assume any responsibility if there is any breach of copyright in distributing these files or metadata. For work being deposited by its own first author: I declare that this eprint is my own intellectual property and that I have the right to make it available in Organic Eprints in the manner chosen. For work being deposited by someone other than its first author: I declare that I have gained the proper permissions from someone with the right to make this eprint available in Organic Eprints in the manner chosen - or that the material is in the public domain. Clicking on the deposit button indicates your agreement to these terms."</dcds:literalValueString>
    </dcds:statement>
    <dcds:statement dcds:valueURI="http://purl.org/eprint/accessRights/OpenAccess" dcds:propertyURI="http://purl.org/dc/terms/accessRights" />
    <dcds:statement dcds:propertyURI="http://purl.org/dc/terms/date">
      <dcds:literalValueString dcds:sesURI="http://purl.org/dc/terms/W3CDTF">2009</dcds:literalValueString>
    </dcds:statement>
    <dcds:statement dcds:propertyURI="http://voa3r.eu/terms/hasResearch" dcds:valueRef="research0" />
    <dcds:statement dcds:propertyURI="http://voa3r.eu/terms/hasMetametadata" dcds:valueRef="metametadata" />
  </dcds:description>
  <dcds:description dcds:resourceId="creator1">
    <dcds:statement dcds:valueURI="http://xmlns.com/foaf/0.1/Agent" dcds:propertyURI="http://www.w3.org/1999/02/22-rdf-syntax-ns#type" />
    <dcds:statement dcds:valueURI="http://xmlns.com/foaf/0.1/Person" dcds:propertyURI="http://purl.org/dc/terms/type" />
    <dcds:statement dcds:propertyURI="http://xmlns.com/foaf/0.1/givenName">
      <dcds:literalValueString>Martin T.</dcds:literalValueString>
    </dcds:statement>
    <dcds:statement dcds:propertyURI="http://xmlns.com/foaf/0.1/firstName">
      <dcds:literalValueString>Martin T.</dcds:literalValueString>
    </dcds:statement>
    <dcds:statement dcds:propertyURI="http://xmlns.com/foaf/0.1/familyName">
      <dcds:literalValueString>Sørensen</dcds:literalValueString>
    </dcds:statement>
    <dcds:statement dcds:propertyURI="http://xmlns.com/foaf/0.1/lastName">
      <dcds:literalValueString>Sørensen</dcds:literalValueString>
    </dcds:statement>
  </dcds:description>
  <dcds:description dcds:resourceId="creator2">
    <dcds:statement dcds:valueURI="http://xmlns.com/foaf/0.1/Agent" dcds:propertyURI="http://www.w3.org/1999/02/22-rdf-syntax-ns#type" />
    <dcds:statement dcds:valueURI="http://xmlns.com/foaf/0.1/Person" dcds:propertyURI="http://purl.org/dc/terms/type" />
    <dcds:statement dcds:propertyURI="http://xmlns.com/foaf/0.1/givenName">
      <dcds:literalValueString>Ellen-Margrethe</dcds:literalValueString>
    </dcds:statement>
    <dcds:statement dcds:propertyURI="http://xmlns.com/foaf/0.1/firstName">
      <dcds:literalValueString>Ellen-Margrethe</dcds:literalValueString>
    </dcds:statement>
    <dcds:statement dcds:propertyURI="http://xmlns.com/foaf/0.1/familyName">
      <dcds:literalValueString>Vestergaard</dcds:literalValueString>
    </dcds:statement>
    <dcds:statement dcds:propertyURI="http://xmlns.com/foaf/0.1/lastName">
      <dcds:literalValueString>Vestergaard</dcds:literalValueString>
    </dcds:statement>
  </dcds:description>
  <dcds:description dcds:resourceId="creator3">
    <dcds:statement dcds:valueURI="http://xmlns.com/foaf/0.1/Agent" dcds:propertyURI="http://www.w3.org/1999/02/22-rdf-syntax-ns#type" />
    <dcds:statement dcds:valueURI="http://xmlns.com/foaf/0.1/Person" dcds:propertyURI="http://purl.org/dc/terms/type" />
    <dcds:statement dcds:propertyURI="http://xmlns.com/foaf/0.1/givenName">
      <dcds:literalValueString>Søren K.</dcds:literalValueString>
    </dcds:statement>
    <dcds:statement dcds:propertyURI="http://xmlns.com/foaf/0.1/firstName">
      <dcds:literalValueString>Søren K.</dcds:literalValueString>
    </dcds:statement>
    <dcds:statement dcds:propertyURI="http://xmlns.com/foaf/0.1/familyName">
      <dcds:literalValueString>Jensen</dcds:literalValueString>
    </dcds:statement>
    <dcds:statement dcds:propertyURI="http://xmlns.com/foaf/0.1/lastName">
      <dcds:literalValueString>Jensen</dcds:literalValueString>
    </dcds:statement>
  </dcds:description>
  <dcds:description dcds:resourceId="creator4">
    <dcds:statement dcds:valueURI="http://xmlns.com/foaf/0.1/Agent" dcds:propertyURI="http://www.w3.org/1999/02/22-rdf-syntax-ns#type" />
    <dcds:statement dcds:valueURI="http://xmlns.com/foaf/0.1/Person" dcds:propertyURI="http://purl.org/dc/terms/type" />
    <dcds:statement dcds:propertyURI="http://xmlns.com/foaf/0.1/givenName">
      <dcds:literalValueString>Charlotte</dcds:literalValueString>
    </dcds:statement>
    <dcds:statement dcds:propertyURI="http://xmlns.com/foaf/0.1/firstName">
      <dcds:literalValueString>Charlotte</dcds:literalValueString>
    </dcds:statement>
    <dcds:statement dcds:propertyURI="http://xmlns.com/foaf/0.1/familyName">
      <dcds:literalValueString>Lauridsen</dcds:literalValueString>
    </dcds:statement>
    <dcds:statement dcds:propertyURI="http://xmlns.com/foaf/0.1/lastName">
      <dcds:literalValueString>Lauridsen</dcds:literalValueString>
    </dcds:statement>
  </dcds:description>
  <dcds:description dcds:resourceId="creator5">
    <dcds:statement dcds:valueURI="http://xmlns.com/foaf/0.1/Agent" dcds:propertyURI="http://www.w3.org/1999/02/22-rdf-syntax-ns#type" />
    <dcds:statement dcds:valueURI="http://xmlns.com/foaf/0.1/Person" dcds:propertyURI="http://purl.org/dc/terms/type" />
    <dcds:statement dcds:propertyURI="http://xmlns.com/foaf/0.1/givenName">
      <dcds:literalValueString>Søren</dcds:literalValueString>
    </dcds:statement>
    <dcds:statement dcds:propertyURI="http://xmlns.com/foaf/0.1/firstName">
      <dcds:literalValueString>Søren</dcds:literalValueString>
    </dcds:statement>
    <dcds:statement dcds:propertyURI="http://xmlns.com/foaf/0.1/familyName">
      <dcds:literalValueString>Højsgaard</dcds:literalValueString>
    </dcds:statement>
    <dcds:statement dcds:propertyURI="http://xmlns.com/foaf/0.1/lastName">
      <dcds:literalValueString>Højsgaard</dcds:literalValueString>
    </dcds:statement>
  </dcds:description>
  <dcds:description dcds:resourceId="research0">
    <dcds:statement dcds:valueURI="http://voa3r.eu/class/Research" dcds:propertyURI="http://www.w3.org/1999/02/22-rdf-syntax-ns#type" />
    <dcds:statement dcds:valueURI="http://aims.fao.org/aos/agrovoc/c_5872" dcds:propertyURI="http://voa3r.eu/terms/objectOfInterest">
      <dcds:valueString xml:lang="en">Piglets</dcds:valueString>
    </dcds:statement>
    <dcds:statement dcds:valueURI="http://aims.fao.org/aos/agrovoc/c_10363" dcds:propertyURI="http://voa3r.eu/terms/objectOfInterest">
      <dcds:valueString xml:lang="en">Diarrhoea</dcds:valueString>
    </dcds:statement>
    <dcds:statement dcds:valueURI="http://aims.fao.org/aos/agrovoc/c_36847" dcds:propertyURI="http://voa3r.eu/terms/objectOfInterest">
      <dcds:valueString xml:lang="en">Postweaning period</dcds:valueString>
    </dcds:statement>
    <dcds:statement dcds:valueURI="http://aims.fao.org/aos/agrovoc/c_2261" dcds:propertyURI="http://voa3r.eu/terms/measuresVariable">
      <dcds:valueString xml:lang="en">Diet</dcds:valueString>
    </dcds:statement>
    <dcds:statement dcds:valueURI="http://aims.fao.org/aos/agrovoc/c_33700" dcds:propertyURI="http://voa3r.eu/terms/measuresVariable">
      <dcds:valueString xml:lang="en">Escherichia coli</dcds:valueString>
    </dcds:statement>
    <dcds:statement dcds:valueURI="http://aims.fao.org/aos/agrovoc/c_16126" dcds:propertyURI="http://voa3r.eu/terms/measuresVariable">
      <dcds:valueString xml:lang="en">Feed intake</dcds:valueString>
    </dcds:statement>
    <dcds:statement dcds:valueURI="http://aims.fao.org/aos/agrovoc/c_8349" dcds:propertyURI="http://voa3r.eu/terms/measuresVariable">
      <dcds:valueString xml:lang="en">Weight</dcds:valueString>
    </dcds:statement>
    <dcds:statement dcds:valueURI="http://aims.fao.org/aos/agrovoc/c_2772" dcds:propertyURI="http://voa3r.eu/terms/measuresVariable">
      <dcds:valueString xml:lang="en">Faeces</dcds:valueString>
    </dcds:statement>
    <dcds:statement dcds:valueURI="http://aims.fao.org/aos/agrovoc/c_2758" dcds:propertyURI="http://voa3r.eu/terms/usesMethod">
      <dcds:valueString xml:lang="en">Experimentation</dcds:valueString>
    </dcds:statement>
    <dcds:statement dcds:propertyURI="http://voa3r.eu/terms/usesTechnique">
      <dcds:valueString xml:lang="en">Faecal sampling</dcds:valueString>
    </dcds:statement>
    <dcds:statement dcds:valueURI="http://aims.fao.org/aos/agrovoc/c_26873" dcds:propertyURI="http://voa3r.eu/terms/usesTechnique">
      <dcds:valueString xml:lang="en">Blood sampling</dcds:valueString>
    </dcds:statement>
    <dcds:statement dcds:valueURI="http://aims.fao.org/aos/agrovoc/c_29633" dcds:propertyURI="http://voa3r.eu/terms/usesTechnique">
      <dcds:valueString xml:lang="en">Indirect ELISA</dcds:valueString>
    </dcds:statement>
    <dcds:statement dcds:valueURI="http://aims.fao.org/aos/agrovoc/c_7377" dcds:propertyURI="http://voa3r.eu/terms/usesTechnique">
      <dcds:valueString xml:lang="en">Statistical methods</dcds:valueString>
    </dcds:statement>
  </dcds:description>
  <dcds:description dcds:resourceId="metametadata">
    <dcds:statement dcds:valueURI="http://voa3r.eu/class/MetaMetadata" dcds:propertyURI="http://www.w3.org/1999/02/22-rdf-syntax-ns#type" />
    <dcds:statement dcds:propertyURI="http://purl.org/dc/terms/identifier">
      <dcds:valueString>oai:orgprints.org:10369</dcds:valueString>
    </dcds:statement>
    <dcds:statement dcds:propertyURI="http://purl.org/dc/terms/type">
      <dcds:literalValueString>voa3r_dcds v1.0</dcds:literalValueString>
    </dcds:statement>
    <dcds:statement dcds:propertyURI="http://purl.org/dc/terms/date">
      <dcds:literalValueString dcds:sesURI="http://purl.org/dc/terms/W3CDTF">2015-09-08</dcds:literalValueString>
    </dcds:statement>
    <dcds:statement dcds:propertyURI="http://purl.org/dc/terms/contributor" dcds:valueRef="metacontributor" />
  </dcds:description>
  <dcds:description dcds:resourceId="metacontributor">
    <dcds:statement dcds:valueURI="http://xmlns.com/foaf/0.1/Agent" dcds:propertyURI="http://www.w3.org/1999/02/22-rdf-syntax-ns#type" />
    <dcds:statement dcds:valueURI="http://xmlns.com/foaf/0.1/Organization" dcds:propertyURI="http://purl.org/dc/terms/type" />
    <dcds:statement dcds:propertyURI="http://xmlns.com/foaf/0.1/name">
      <dcds:literalValueString xml:lang="en">Organic eprints</dcds:literalValueString>
    </dcds:statement>
    <dcds:statement dcds:valueURI="mailto:eprints@orgprints.org" dcds:propertyURI="http://xmlns.com/foaf/0.1/mbox" />
  </dcds:description>
</dcds:descriptionSet>