<dcds:descriptionSet xmlns:dcds="http://purl.org/dc/xmlns/2008/09/01/dc-ds-xml/" xmlns:xsi="http://www.w3.org/2001/XMLSchema-instance" xsi:schemaLocation="http://purl.org/dc/xmlns/2008/09/01/dc-ds-xml/ http://dublincore.org/schemas/xmls/2008/09/01/dc-ds-xml/dcds.xsd">
  <dcds:description dcds:resourceURI="http://orgprints.org/id/eprint/10773">
    <dcds:statement dcds:valueURI="http://voa3r.eu/class/Resource" dcds:propertyURI="http://www.w3.org/1999/02/22-rdf-syntax-ns#type" />
    <dcds:statement dcds:propertyURI="http://purl.org/dc/terms/title">
      <dcds:literalValueString>Neue Wege in der Regulation von Drahtwrmern unter besonderer Bercksichtigung des biologischen Landbaus</dcds:literalValueString>
    </dcds:statement>
    <dcds:statement dcds:propertyURI="http://purl.org/dc/terms/language" dcds:vesURI="http://purl.org/dc/terms/RFC5646">
      <dcds:valueString />
    </dcds:statement>
    <dcds:statement dcds:propertyURI="http://purl.org/dc/terms/abstract">
      <dcds:literalValueString>Projektziele:&#xD;1. Erfassung der Artenzusammensetzung und geographischen Verbreitung von schdlichen Drahtwurmarten im biologischen und konventionellen Ackerbau zur Identifizierung von Problemgebieten und betroffenen Kulturpflanzen in sterreich. &#xD;2. Entwicklung einer molekularen Bestimmungsmethode fr die morphologisch schwer bzw. nicht identifizierbaren Larven innerhalb der Hauptschadgattung Agriotes.&#xD;3. Entwicklung und Austestung eines einfachen Prognoseverfahrens zur Risikoabschtzung des Drahtwurmbefalls.&#xD;4. Bestimmung des Einflusses relevanter Umweltparameter (inkl. Bewirtschaftungsmanahmen) auf Drahtwurmdichten und Schadensausma zur Identifizierung von Risikofaktoren und Problemstandorten.&#xD;5. Entwicklung und Erprobung von pflanzenbaulichen Manahmen (Fangstreifen und Bodenbearbeitung) zur Abwehr von Drahtwrmern. &#xD;6. Verbreitung der Ergebnisse in Form von Seminaren, Kongressbeitrgen und Publikationen.</dcds:literalValueString>
    </dcds:statement>
    <dcds:statement dcds:propertyURI="http://purl.org/dc/terms/bibliographicCitation" dcds:vesURI="http://www.openurl.info/registry/">
      <dcds:valueString dcds:sesURI="http://voa3r.eu/terms/EncodedSchema">BibTeX:@misc{orgprints10773,           title = {Neue Wege in der Regulation von Drahtw{\"u}rmern unter besonderer Ber{\"u}cksichtigung des biologischen Landbaus},        keywords = {Drahtw{\"u}rmer, Agriotes, Pflanzenschutz, molekulare Bestimmungsmethoden, Larven, Prognoseverfahren, Risikofaktoren},             url = {http://orgprints.org/10773/},        abstract = {Projektziele:&#xD;1. Erfassung der Artenzusammensetzung und geographischen Verbreitung von sch{\"a}dlichen Drahtwurmarten im biologischen und konventionellen Ackerbau zur Identifizierung von Problemgebieten und betroffenen Kulturpflanzen in {\"O}sterreich. &#xD;2. Entwicklung einer molekularen Bestimmungsmethode f{\"u}r die morphologisch schwer bzw. nicht identifizierbaren Larven innerhalb der Hauptschadgattung Agriotes.&#xD;3. Entwicklung und Austestung eines einfachen Prognoseverfahrens zur Risikoabsch{\"a}tzung des Drahtwurmbefalls.&#xD;4. Bestimmung des Einflusses relevanter Umweltparameter (inkl. Bewirtschaftungsma{\ss}nahmen) auf Drahtwurmdichten und Schadensausma{\ss} zur Identifizierung von Risikofaktoren und Problemstandorten.&#xD;5. Entwicklung und Erprobung von pflanzenbaulichen Ma{\ss}nahmen (Fangstreifen und Bodenbearbeitung) zur Abwehr von Drahtw{\"u}rmern. &#xD;6. Verbreitung der Ergebnisse in Form von Seminaren, Kongressbeitr{\"a}gen und Publikationen.&#xD;}}</dcds:valueString>
    </dcds:statement>
    <dcds:statement dcds:propertyURI="http://purl.org/dc/terms/type" dcds:vesURI="http://voa3r.eu/terms/ResourceType">
      <dcds:valueString>Project</dcds:valueString>
    </dcds:statement>
    <dcds:statement dcds:propertyURI="http://voa3r.eu/terms/reviewStatus" dcds:vesURI="http://voa3r.eu/terms/ReviewStatus">
      <dcds:valueString>NonReviewed</dcds:valueString>
    </dcds:statement>
    <dcds:statement dcds:propertyURI="http://voa3r.eu/terms/publicationStatus" dcds:vesURI="http://voa3r.eu/terms/PublicationStatus">
      <dcds:valueString />
    </dcds:statement>
    <dcds:statement dcds:propertyURI="http://purl.org/dc/terms/subject">
      <dcds:valueString xml:lang="en">Crop health, quality, protection</dcds:valueString>
    </dcds:statement>
    <dcds:statement dcds:valueURI="http://orgprints.org/10773/" dcds:propertyURI="http://www.europeana.eu/schemas/ese/isShownAt" />
    <dcds:statement dcds:propertyURI="http://purl.org/dc/terms/rights">
      <dcds:literalValueString xml:lang="en">ICROFS rights: All of the entries, statements, results etc. contained in the Organic Eprints archive have been compiled by the authors according to their best knowledge and the metadata have been scrupulously checked by the International Centre for Research in Organic Food Systems (ICROFS) and the Research Institute of Organic Agriculture (FiBL). All depositors of eprints have agreed with the Deposit Agreement below. However, the possibility of mistakes can not be ruled out entirely. Therefore, the responsible partners behind Organic Eprints, the archive staff and the depositors are not subject to any obligation and make no guarantees whatsoever regarding any of the statements etc. on this website; neither do they accept responsibility or liability for any possible mistakes contained therein. The links to other websites on the Organic Eprints pages are for informational purposes only. ICROFS, FiBL and the depositors are not responsible for the availability or content of these sites. In addition, providing links to these sites should not be interpreted as endorsement or approval by ICROFS or FiBL.Deposit AgreementWhen depositing an eprint the depositors consents with the following agreement: "In depositing this eprint (a collection of files and associated metadata), I grant Organic Eprints the right to make it permanently available on-line, with open access to all or in accordance with any access restrictions that I have specified. I understand that Organic Eprints does not assume any responsibility if there is any breach of copyright in distributing these files or metadata. For work being deposited by its own first author: I declare that this eprint is my own intellectual property and that I have the right to make it available in Organic Eprints in the manner chosen. For work being deposited by someone other than its first author: I declare that I have gained the proper permissions from someone with the right to make this eprint available in Organic Eprints in the manner chosen - or that the material is in the public domain. Clicking on the deposit button indicates your agreement to these terms."</dcds:literalValueString>
    </dcds:statement>
    <dcds:statement dcds:valueURI="http://purl.org/eprint/accessRights/OpenAccess" dcds:propertyURI="http://purl.org/dc/terms/accessRights" />
    <dcds:statement dcds:propertyURI="http://purl.org/dc/terms/date">
      <dcds:literalValueString dcds:sesURI="http://purl.org/dc/terms/W3CDTF" />
    </dcds:statement>
    <dcds:statement dcds:propertyURI="http://voa3r.eu/terms/hasMetametadata" dcds:valueRef="metametadata" />
  </dcds:description>
  <dcds:description dcds:resourceId="metametadata">
    <dcds:statement dcds:valueURI="http://voa3r.eu/class/MetaMetadata" dcds:propertyURI="http://www.w3.org/1999/02/22-rdf-syntax-ns#type" />
    <dcds:statement dcds:propertyURI="http://purl.org/dc/terms/identifier">
      <dcds:valueString>oai:orgprints.org:10773</dcds:valueString>
    </dcds:statement>
    <dcds:statement dcds:propertyURI="http://purl.org/dc/terms/type">
      <dcds:literalValueString>voa3r_dcds v1.0</dcds:literalValueString>
    </dcds:statement>
    <dcds:statement dcds:propertyURI="http://purl.org/dc/terms/date">
      <dcds:literalValueString dcds:sesURI="http://purl.org/dc/terms/W3CDTF">2015-09-08</dcds:literalValueString>
    </dcds:statement>
    <dcds:statement dcds:propertyURI="http://purl.org/dc/terms/contributor" dcds:valueRef="metacontributor" />
  </dcds:description>
  <dcds:description dcds:resourceId="metacontributor">
    <dcds:statement dcds:valueURI="http://xmlns.com/foaf/0.1/Agent" dcds:propertyURI="http://www.w3.org/1999/02/22-rdf-syntax-ns#type" />
    <dcds:statement dcds:valueURI="http://xmlns.com/foaf/0.1/Organization" dcds:propertyURI="http://purl.org/dc/terms/type" />
    <dcds:statement dcds:propertyURI="http://xmlns.com/foaf/0.1/name">
      <dcds:literalValueString xml:lang="en">Organic eprints</dcds:literalValueString>
    </dcds:statement>
    <dcds:statement dcds:valueURI="mailto:eprints@orgprints.org" dcds:propertyURI="http://xmlns.com/foaf/0.1/mbox" />
  </dcds:description>
</dcds:descriptionSet>