<dcds:descriptionSet xmlns:dcds="http://purl.org/dc/xmlns/2008/09/01/dc-ds-xml/" xmlns:xsi="http://www.w3.org/2001/XMLSchema-instance" xsi:schemaLocation="http://purl.org/dc/xmlns/2008/09/01/dc-ds-xml/ http://dublincore.org/schemas/xmls/2008/09/01/dc-ds-xml/dcds.xsd">
  <dcds:description dcds:resourceURI="http://orgprints.org/id/eprint/10541">
    <dcds:statement dcds:valueURI="http://voa3r.eu/class/Resource" dcds:propertyURI="http://www.w3.org/1999/02/22-rdf-syntax-ns#type" />
    <dcds:statement dcds:propertyURI="http://purl.org/dc/terms/title">
      <dcds:literalValueString>Monitoring der Auswirkungen einer Umstellung auf den biologischen Landbau</dcds:literalValueString>
    </dcds:statement>
    <dcds:statement dcds:propertyURI="http://purl.org/dc/terms/language" dcds:vesURI="http://purl.org/dc/terms/RFC5646">
      <dcds:valueString />
    </dcds:statement>
    <dcds:statement dcds:propertyURI="http://purl.org/dc/terms/abstract">
      <dcds:literalValueString>Auf dem landwirtschaftlichen Betrieb Rutzendorf im Marchfeld, einem Teilbetrieb der Landwirtschaftlichen Bundesversuchswirtschaften GmbH, wurde ein umfassendes Langzeitmonitoring zur Dokumentation und Entwicklung des biologischen Landbaus eingerichtet. Dazu wurde ein Monitoringkonzept erstellt, Dngungsvarianten angelegt, ein Biotopmanagement entwickelt und Biotope neu angelegt. Mit der Datenerhebung wurde im April 2003 begonnen. Siehe dazu: Monitoring der Umstellung auf den biologischen Landbau  MUBIL.&#xD;In MUBIL II soll die Datenerhebung fortgesetzt, Methoden der Datenerfassung und Verarbeitung optimiert und in Teilbereichen mit ergnzenden Untersuchungen begonnen werden. Die bergeordneten Ziele des Projektes sind wie bei MUBIL I:&#xD;- das Ausma und die Geschwindigkeit von Vernderungen von Bodeneigenschaften und der pflanzenbaulichen Entwicklung mit der Umstellung auf den kologischen Landbau zu untersuchen,&#xD;- die Nachhaltigkeit des kologischen Landbaus durch Anlage verschiedener Nhrstoff- und Humuskreislufe (Dngungsvarianten) vergleichend zu prfen und zu entwickeln und &#xD;- Organismen und Biotopstrukturen im Landschaftsausschnitt, den der Betrieb umfasst, zu analysieren, sowie eine punktuelle Neuanlage bzw. Pflege von Biotopen vorzunehmen.&#xD;Die Ziele beinhalten ein Monitoring nach produktionstechnischen, konomischen und natur- wie landschaftshaushaltlichen Kriterien. ber einen interdisziplinren Forschungsverbund werden die wichtigsten Systemkomponenten in einem Agrarkosystem erfasst, untersucht und bewertet.</dcds:literalValueString>
    </dcds:statement>
    <dcds:statement dcds:propertyURI="http://purl.org/dc/terms/bibliographicCitation" dcds:vesURI="http://www.openurl.info/registry/">
      <dcds:valueString dcds:sesURI="http://voa3r.eu/terms/EncodedSchema">BibTeX:@misc{orgprints10541,           title = {Monitoring der Auswirkungen einer Umstellung auf den biologischen Landbau},        keywords = {Langzeit-Monitoring, Umstellung, D{\"u}ngung, Biotopmanagement, Bodeneingenschaften, N{\"a}hrstoffkreislauf, Humus, D{\"u}ngung, Biotope},             url = {http://orgprints.org/10541/},        abstract = {Auf dem landwirtschaftlichen Betrieb Rutzendorf im Marchfeld, einem Teilbetrieb der Landwirtschaftlichen Bundesversuchswirtschaften GmbH, wurde ein umfassendes Langzeitmonitoring zur Dokumentation und Entwicklung des biologischen Landbaus eingerichtet. Dazu wurde ein Monitoringkonzept erstellt, D{\"u}ngungsvarianten angelegt, ein Biotopmanagement entwickelt und Biotope neu angelegt. Mit der Datenerhebung wurde im April 2003 begonnen. Siehe dazu: ?Monitoring der Umstellung auf den biologischen Landbau ? MUBIL?.&#xD;In MUBIL II soll die Datenerhebung fortgesetzt, Methoden der Datenerfassung und Verarbeitung optimiert und in Teilbereichen mit erg{\"a}nzenden Untersuchungen begonnen werden. Die {\"u}bergeordneten Ziele des Projektes sind wie bei MUBIL I:&#xD;- das Ausma{\ss} und die Geschwindigkeit von Ver{\"a}nderungen von Bodeneigenschaften und der pflanzenbaulichen Entwicklung mit der Umstellung auf den {\"O}kologischen Landbau zu untersuchen,&#xD;- die Nachhaltigkeit des {\"O}kologischen Landbaus durch Anlage verschiedener N{\"a}hrstoff- und Humuskreisl{\"a}ufe (D{\"u}ngungsvarianten) vergleichend zu pr{\"u}fen und zu entwickeln und &#xD;- Organismen und Biotopstrukturen im Landschaftsausschnitt, den der Betrieb umfasst, zu analysieren, sowie eine punktuelle Neuanlage bzw. Pflege von Biotopen vorzunehmen.&#xD;Die Ziele beinhalten ein Monitoring nach produktionstechnischen, {\"o}konomischen und natur- wie landschaftshaushaltlichen Kriterien. {\"U}ber einen interdisziplin{\"a}ren Forschungsverbund werden die wichtigsten Systemkomponenten in einem Agrar{\"o}kosystem erfasst, untersucht und bewertet.}}</dcds:valueString>
    </dcds:statement>
    <dcds:statement dcds:propertyURI="http://purl.org/dc/terms/type" dcds:vesURI="http://voa3r.eu/terms/ResourceType">
      <dcds:valueString>Project</dcds:valueString>
    </dcds:statement>
    <dcds:statement dcds:propertyURI="http://voa3r.eu/terms/reviewStatus" dcds:vesURI="http://voa3r.eu/terms/ReviewStatus">
      <dcds:valueString>NonReviewed</dcds:valueString>
    </dcds:statement>
    <dcds:statement dcds:propertyURI="http://voa3r.eu/terms/publicationStatus" dcds:vesURI="http://voa3r.eu/terms/PublicationStatus">
      <dcds:valueString />
    </dcds:statement>
    <dcds:statement dcds:propertyURI="http://purl.org/dc/terms/subject">
      <dcds:valueString xml:lang="en">Crop combinations and interactions</dcds:valueString>
    </dcds:statement>
    <dcds:statement dcds:propertyURI="http://purl.org/dc/terms/subject">
      <dcds:valueString xml:lang="en">Soil</dcds:valueString>
    </dcds:statement>
    <dcds:statement dcds:propertyURI="http://purl.org/dc/terms/subject">
      <dcds:valueString xml:lang="en">Composting and manuring</dcds:valueString>
    </dcds:statement>
    <dcds:statement dcds:valueURI="http://orgprints.org/10541/" dcds:propertyURI="http://www.europeana.eu/schemas/ese/isShownAt" />
    <dcds:statement dcds:propertyURI="http://purl.org/dc/terms/rights">
      <dcds:literalValueString xml:lang="en">ICROFS rights: All of the entries, statements, results etc. contained in the Organic Eprints archive have been compiled by the authors according to their best knowledge and the metadata have been scrupulously checked by the International Centre for Research in Organic Food Systems (ICROFS) and the Research Institute of Organic Agriculture (FiBL). All depositors of eprints have agreed with the Deposit Agreement below. However, the possibility of mistakes can not be ruled out entirely. Therefore, the responsible partners behind Organic Eprints, the archive staff and the depositors are not subject to any obligation and make no guarantees whatsoever regarding any of the statements etc. on this website; neither do they accept responsibility or liability for any possible mistakes contained therein. The links to other websites on the Organic Eprints pages are for informational purposes only. ICROFS, FiBL and the depositors are not responsible for the availability or content of these sites. In addition, providing links to these sites should not be interpreted as endorsement or approval by ICROFS or FiBL.Deposit AgreementWhen depositing an eprint the depositors consents with the following agreement: "In depositing this eprint (a collection of files and associated metadata), I grant Organic Eprints the right to make it permanently available on-line, with open access to all or in accordance with any access restrictions that I have specified. I understand that Organic Eprints does not assume any responsibility if there is any breach of copyright in distributing these files or metadata. For work being deposited by its own first author: I declare that this eprint is my own intellectual property and that I have the right to make it available in Organic Eprints in the manner chosen. For work being deposited by someone other than its first author: I declare that I have gained the proper permissions from someone with the right to make this eprint available in Organic Eprints in the manner chosen - or that the material is in the public domain. Clicking on the deposit button indicates your agreement to these terms."</dcds:literalValueString>
    </dcds:statement>
    <dcds:statement dcds:valueURI="http://purl.org/eprint/accessRights/OpenAccess" dcds:propertyURI="http://purl.org/dc/terms/accessRights" />
    <dcds:statement dcds:propertyURI="http://purl.org/dc/terms/date">
      <dcds:literalValueString dcds:sesURI="http://purl.org/dc/terms/W3CDTF" />
    </dcds:statement>
    <dcds:statement dcds:propertyURI="http://voa3r.eu/terms/hasMetametadata" dcds:valueRef="metametadata" />
  </dcds:description>
  <dcds:description dcds:resourceId="metametadata">
    <dcds:statement dcds:valueURI="http://voa3r.eu/class/MetaMetadata" dcds:propertyURI="http://www.w3.org/1999/02/22-rdf-syntax-ns#type" />
    <dcds:statement dcds:propertyURI="http://purl.org/dc/terms/identifier">
      <dcds:valueString>oai:orgprints.org:10541</dcds:valueString>
    </dcds:statement>
    <dcds:statement dcds:propertyURI="http://purl.org/dc/terms/type">
      <dcds:literalValueString>voa3r_dcds v1.0</dcds:literalValueString>
    </dcds:statement>
    <dcds:statement dcds:propertyURI="http://purl.org/dc/terms/date">
      <dcds:literalValueString dcds:sesURI="http://purl.org/dc/terms/W3CDTF">2015-09-08</dcds:literalValueString>
    </dcds:statement>
    <dcds:statement dcds:propertyURI="http://purl.org/dc/terms/contributor" dcds:valueRef="metacontributor" />
  </dcds:description>
  <dcds:description dcds:resourceId="metacontributor">
    <dcds:statement dcds:valueURI="http://xmlns.com/foaf/0.1/Agent" dcds:propertyURI="http://www.w3.org/1999/02/22-rdf-syntax-ns#type" />
    <dcds:statement dcds:valueURI="http://xmlns.com/foaf/0.1/Organization" dcds:propertyURI="http://purl.org/dc/terms/type" />
    <dcds:statement dcds:propertyURI="http://xmlns.com/foaf/0.1/name">
      <dcds:literalValueString xml:lang="en">Organic eprints</dcds:literalValueString>
    </dcds:statement>
    <dcds:statement dcds:valueURI="mailto:eprints@orgprints.org" dcds:propertyURI="http://xmlns.com/foaf/0.1/mbox" />
  </dcds:description>
</dcds:descriptionSet>