<dcds:descriptionSet xmlns:dcds="http://purl.org/dc/xmlns/2008/09/01/dc-ds-xml/" xmlns:xsi="http://www.w3.org/2001/XMLSchema-instance" xsi:schemaLocation="http://purl.org/dc/xmlns/2008/09/01/dc-ds-xml/ http://dublincore.org/schemas/xmls/2008/09/01/dc-ds-xml/dcds.xsd">
  <dcds:description dcds:resourceURI="http://orgprints.org/id/eprint/10113">
    <dcds:statement dcds:valueURI="http://voa3r.eu/class/Resource" dcds:propertyURI="http://www.w3.org/1999/02/22-rdf-syntax-ns#type" />
    <dcds:statement dcds:propertyURI="http://purl.org/dc/terms/title">
      <dcds:literalValueString>Cost-efective inter-row hoeing and  band spraying systems for weed control in integrates and organic cereal production</dcds:literalValueString>
    </dcds:statement>
    <dcds:statement dcds:propertyURI="http://purl.org/dc/terms/language" dcds:vesURI="http://purl.org/dc/terms/RFC5646">
      <dcds:valueString />
    </dcds:statement>
    <dcds:statement dcds:propertyURI="http://purl.org/dc/terms/abstract">
      <dcds:literalValueString>Background&#xD;
Early in a season the crop covers only part of total field area. Treating that area uniformly can therefore be wasteful. An ability to differentiate between crop rows and inter-row spaces would provide opportunities for increased treatment efficacy, reduced environmental impact and reduced input costs. Banded treatments on, or between crop rows, requires a level of precision that is difficult to achieve in practice.&#xD;
So, despite the potential advantages inter-row cultivation and band spraying are limited to use in high value crops. Recent advances pioneered by some of the consortium partners now offer automatic guidance systems for inter-row cultivation. These are currently used in intensive vegetable production and by those growing cereals organically. They offer enhanced accuracy, higher forward speeds and reduced driver fatigue compared to manual systems. Whilst helpful, the science behind these developments has limitations with respect to work rate. In particular the need for inter-row hoes to match drill bout width makes such systems uneconomic for conventional cereal producers. &#xD;
Aims and Objectives&#xD;
Develop of a system based on vision guidance technology that will reduce herbicide&#xD;
input by 60% for conventional cereal producers and treble work rate for those already&#xD;
hoeing organic cereals.&#xD;
In particular we will:&#xD;
• Tackle generic scientific problems associated with precision vision guidance spanning multiple drill/planter bouts&#xD;
• Develop systems and strategies that minimise driver workload through, ergonomic display of information, high reliability and automatic error recovery&#xD;
• Demonstrate inter-row cultivation in organic cereals grown at a 25cm row spacing with a hoe spanning three 4m drill bouts&#xD;
• Demonstrate combined inter-row cultivation and band spraying in conventional cereals grown at a 25cm row spacing&#xD;
Key Messages:&#xD;
• The experimental hoe and guidance system have now been commissioned and undergone preliminary trials &#xD;
• Preliminary work indicates that the objectives are achievable and that the&#xD;
resulting system could operate as a practical farm tool &#xD;
• Analysis of accuracy indicates a standard deviation of lateral error of between&#xD;
8 and 12mm has already been achieved&#xD;
• The technology has potential use in the banded application of inputs other than&#xD;
herbicide and could form the basis of a weed/crop mapping system</dcds:literalValueString>
    </dcds:statement>
    <dcds:statement dcds:propertyURI="http://purl.org/dc/terms/bibliographicCitation" dcds:vesURI="http://www.openurl.info/registry/">
      <dcds:valueString dcds:sesURI="http://voa3r.eu/terms/EncodedSchema">BibTeX:@misc{orgprints10113,
           title = {Cost-efective inter-row hoeing and  band spraying systems for weed control in integrates and organic cereal production},
        keywords = {crop rows, inter-row, banded treatment, herbicide, weed control, hoeing, cereals, mapping system},
             url = {http://orgprints.org/10113/},
        abstract = {Background&#xD;
Early in a season the crop covers only part of total field area. Treating that area uniformly can therefore be wasteful. An ability to differentiate between crop rows and inter-row spaces would provide opportunities for increased treatment efficacy, reduced environmental impact and reduced input costs. Banded treatments on, or between crop rows, requires a level of precision that is difficult to achieve in practice.&#xD;
So, despite the potential advantages inter-row cultivation and band spraying are limited to use in high value crops. Recent advances pioneered by some of the consortium partners now offer automatic guidance systems for inter-row cultivation. These are currently used in intensive vegetable production and by those growing cereals organically. They offer enhanced accuracy, higher forward speeds and reduced driver fatigue compared to manual systems. Whilst helpful, the science behind these developments has limitations with respect to work rate. In particular the need for inter-row hoes to match drill bout width makes such systems uneconomic for conventional cereal producers. &#xD;
Aims and Objectives&#xD;
Develop of a system based on vision guidance technology that will reduce herbicide&#xD;
input by 60\% for conventional cereal producers and treble work rate for those already&#xD;
hoeing organic cereals.&#xD;
In particular we will:&#xD;
? Tackle generic scientific problems associated with precision vision guidance spanning multiple drill/planter bouts&#xD;
? Develop systems and strategies that minimise driver workload through, ergonomic display of information, high reliability and automatic error recovery&#xD;
? Demonstrate inter-row cultivation in organic cereals grown at a 25cm row spacing with a hoe spanning three 4m drill bouts&#xD;
? Demonstrate combined inter-row cultivation and band spraying in conventional cereals grown at a 25cm row spacing&#xD;
Key Messages:&#xD;
? The experimental hoe and guidance system have now been commissioned and undergone preliminary trials &#xD;
? Preliminary work indicates that the objectives are achievable and that the&#xD;
resulting system could operate as a practical farm tool &#xD;
? Analysis of accuracy indicates a standard deviation of lateral error of between&#xD;
8 and 12mm has already been achieved&#xD;
? The technology has potential use in the banded application of inputs other than&#xD;
herbicide and could form the basis of a weed/crop mapping system }
}</dcds:valueString>
    </dcds:statement>
    <dcds:statement dcds:propertyURI="http://purl.org/dc/terms/type" dcds:vesURI="http://voa3r.eu/terms/ResourceType">
      <dcds:valueString>Project</dcds:valueString>
    </dcds:statement>
    <dcds:statement dcds:propertyURI="http://voa3r.eu/terms/reviewStatus" dcds:vesURI="http://voa3r.eu/terms/ReviewStatus">
      <dcds:valueString>NonReviewed</dcds:valueString>
    </dcds:statement>
    <dcds:statement dcds:propertyURI="http://voa3r.eu/terms/publicationStatus" dcds:vesURI="http://voa3r.eu/terms/PublicationStatus">
      <dcds:valueString />
    </dcds:statement>
    <dcds:statement dcds:propertyURI="http://purl.org/dc/terms/subject">
      <dcds:valueString xml:lang="en">Cereals, pulses and oilseeds</dcds:valueString>
    </dcds:statement>
    <dcds:statement dcds:propertyURI="http://purl.org/dc/terms/subject">
      <dcds:valueString xml:lang="en">Weed management</dcds:valueString>
    </dcds:statement>
    <dcds:statement dcds:valueURI="http://orgprints.org/10113/" dcds:propertyURI="http://www.europeana.eu/schemas/ese/isShownAt" />
    <dcds:statement dcds:propertyURI="http://purl.org/dc/terms/rights">
      <dcds:literalValueString xml:lang="en">ICROFS rights: All of the entries, statements, results etc. contained in the Organic Eprints archive have been compiled by the authors according to their best knowledge and the metadata have been scrupulously checked by the International Centre for Research in Organic Food Systems (ICROFS) and the Research Institute of Organic Agriculture (FiBL). All depositors of eprints have agreed with the Deposit Agreement below. However, the possibility of mistakes can not be ruled out entirely. Therefore, the responsible partners behind Organic Eprints, the archive staff and the depositors are not subject to any obligation and make no guarantees whatsoever regarding any of the statements etc. on this website; neither do they accept responsibility or liability for any possible mistakes contained therein. The links to other websites on the Organic Eprints pages are for informational purposes only. ICROFS, FiBL and the depositors are not responsible for the availability or content of these sites. In addition, providing links to these sites should not be interpreted as endorsement or approval by ICROFS or FiBL.
Deposit Agreement
When depositing an eprint the depositors consents with the following agreement: "In depositing this eprint (a collection of files and associated metadata), I grant Organic Eprints the right to make it permanently available on-line, with open access to all or in accordance with any access restrictions that I have specified. I understand that Organic Eprints does not assume any responsibility if there is any breach of copyright in distributing these files or metadata. For work being deposited by its own first author: I declare that this eprint is my own intellectual property and that I have the right to make it available in Organic Eprints in the manner chosen. For work being deposited by someone other than its first author: I declare that I have gained the proper permissions from someone with the right to make this eprint available in Organic Eprints in the manner chosen - or that the material is in the public domain. Clicking on the deposit button indicates your agreement to these terms."</dcds:literalValueString>
    </dcds:statement>
    <dcds:statement dcds:valueURI="http://purl.org/eprint/accessRights/OpenAccess" dcds:propertyURI="http://purl.org/dc/terms/accessRights" />
    <dcds:statement dcds:propertyURI="http://purl.org/dc/terms/date">
      <dcds:literalValueString dcds:sesURI="http://purl.org/dc/terms/W3CDTF" />
    </dcds:statement>
    <dcds:statement dcds:propertyURI="http://voa3r.eu/terms/hasMetametadata" dcds:valueRef="metametadata" />
  </dcds:description>
  <dcds:description dcds:resourceId="metametadata">
    <dcds:statement dcds:valueURI="http://voa3r.eu/class/MetaMetadata" dcds:propertyURI="http://www.w3.org/1999/02/22-rdf-syntax-ns#type" />
    <dcds:statement dcds:propertyURI="http://purl.org/dc/terms/identifier">
      <dcds:valueString>oai:orgprints.org:10113</dcds:valueString>
    </dcds:statement>
    <dcds:statement dcds:propertyURI="http://purl.org/dc/terms/type">
      <dcds:literalValueString>voa3r_dcds v1.0</dcds:literalValueString>
    </dcds:statement>
    <dcds:statement dcds:propertyURI="http://purl.org/dc/terms/date">
      <dcds:literalValueString dcds:sesURI="http://purl.org/dc/terms/W3CDTF">2015-09-08</dcds:literalValueString>
    </dcds:statement>
    <dcds:statement dcds:propertyURI="http://purl.org/dc/terms/contributor" dcds:valueRef="metacontributor" />
  </dcds:description>
  <dcds:description dcds:resourceId="metacontributor">
    <dcds:statement dcds:valueURI="http://xmlns.com/foaf/0.1/Agent" dcds:propertyURI="http://www.w3.org/1999/02/22-rdf-syntax-ns#type" />
    <dcds:statement dcds:valueURI="http://xmlns.com/foaf/0.1/Organization" dcds:propertyURI="http://purl.org/dc/terms/type" />
    <dcds:statement dcds:propertyURI="http://xmlns.com/foaf/0.1/name">
      <dcds:literalValueString xml:lang="en">Organic eprints</dcds:literalValueString>
    </dcds:statement>
    <dcds:statement dcds:valueURI="mailto:eprints@orgprints.org" dcds:propertyURI="http://xmlns.com/foaf/0.1/mbox" />
  </dcds:description>
</dcds:descriptionSet>