<dcds:descriptionSet xmlns:dcds="http://purl.org/dc/xmlns/2008/09/01/dc-ds-xml/" xmlns:xsi="http://www.w3.org/2001/XMLSchema-instance" xsi:schemaLocation="http://purl.org/dc/xmlns/2008/09/01/dc-ds-xml/ http://dublincore.org/schemas/xmls/2008/09/01/dc-ds-xml/dcds.xsd">
  <dcds:description dcds:resourceURI="http://orgprints.org/id/eprint/1070">
    <dcds:statement dcds:valueURI="http://voa3r.eu/class/Resource" dcds:propertyURI="http://www.w3.org/1999/02/22-rdf-syntax-ns#type" />
    <dcds:statement dcds:propertyURI="http://purl.org/dc/terms/title">
      <dcds:literalValueString xml:lang="de">Versuchsbericht 2002 der Sächsischen Landesanstalt für Landwirtschaft [Report on trials in 2002 carried out at the Agricultural Research Center of Saxonia]</dcds:literalValueString>
    </dcds:statement>
    <dcds:statement dcds:propertyURI="http://purl.org/dc/terms/language" dcds:vesURI="http://purl.org/dc/terms/RFC5646">
      <dcds:valueString>de</dcds:valueString>
    </dcds:statement>
    <dcds:statement dcds:propertyURI="http://purl.org/dc/terms/abstract">
      <dcds:literalValueString xml:lang="de">Im vorliegenden Bericht gibt die Sächsische Landesanstalt für Landwirtschaft eine Übersicht über ihre Versuchstätigkeit des Jahres 2002 aus den Bereichen Pflanzenproduktion, Gartenbau, Landespflege und Tierproduktion.&#xD;
In übersichtlicher Form werden die wichtigsten Angaben zur Versuchsdurchführung und zum Versuchsergebnis dargestellt. In den Kurzberichten werden sowohl Schlussfolgerungen gezogen als auch zukünftiger Handlungsbedarf abgeleitet.&#xD;
&#xD;
Beiträge zum Thema Öko-Landbau:&#xD;
&#xD;
Entwicklung von ökologischen Anbauverfahren unter sächsischen Bedingungen:&#xD;
- Komplexe Prüfung ökolog. Anbau- und Düngungsverfahren&#xD;
- Grundbodenbearbeitung und Beikrautregulierung im ökolog. Landbau &#xD;
- Prüfung von Luzerne Futter- und Saatgutnutzung im ökolog. Landbau&#xD;
- Prüfung von Rotklee Futter- und Saatgutnutzung im ökolog. Landbau&#xD;
- Prüfung von Silomaissorten im ökologischen Anbau&#xD;
- Grunddüngung im ökologischen Landbau&#xD;
- Prüfung der Anbaueignung von Winterweizensorten im ökolog. Landbau&#xD;
- Prüfung von Kartoffelsorten im ökologischen Landbau&#xD;
- Einfluss Gemengeanbau von Erbsen und Getreide &#xD;
- Prüfung der Anbaueignung von Wintertriticalesorten im ökolog. Landbau&#xD;
- Prüfung der Anbaueignung von Winterroggensorten im ökolog. Landbau&#xD;
- Prüfung der Anbaueignung von Sommergerstesorten im ökolog. Landbau&#xD;
- Prüfung der Anbaueignung von Hafersorten im ökolog. Landbau &#xD;
- Vergleich von Leguminosen und Ölpflanzen im Ökolandbau&#xD;
- Zwischenfrucht-Vorfruchtwirkungen für Kartoffeln im ökologischen Anbau&#xD;
- Nachwirkungsvermögen organischer Düngemittel durch Zwischenfruchtanbau im Ökolandbau&#xD;
&#xD;
Gartenbau und Landespflege:&#xD;
- Apfelschorfbekämpfung mit Hilfe eines Schorfsimulationsprogramms&#xD;
- Bekämpfung der Apfel- und Pflaumensägewespe mit Quassiaextrakt und Neem Azal T/S+&#xD;
- Kräftige Gründüngung sicherte N-Bedarf von Kopfsalat ab&#xD;
- Einarbeitungstiefe des organischen Handelsdüngers hatte praktisch keinen Einfluss auf den Ertrag von Kopfsalat&#xD;
- Wickroggen lieferte deutlich weniger N als erwartet&#xD;
- N-Nachlieferung des Bodens und N-Freisetzung aus Gründüngung und Haarmehl</dcds:literalValueString>
    </dcds:statement>
    <dcds:statement dcds:propertyURI="http://purl.org/dc/terms/bibliographicCitation" dcds:vesURI="http://www.openurl.info/registry/">
      <dcds:valueString dcds:sesURI="http://voa3r.eu/terms/EncodedSchema">BibTeX:@misc{orgprints1070,
           title = {Versuchsbericht 2002 der S{\"a}chsischen Landesanstalt f{\"u}r Landwirtschaft [Report on trials in 2002 carried out at the Agricultural Research Center of Saxonia]},
          author = { S{\"a}chsische Landesanstalt f{\"u}r Landwirtschaft},
            year = {2003},
        keywords = {D{\"u}ngung, Bodenbearbeitung, Beikrautregulierung, Sortenversuch, Sortenversuche, Luzerne, Rotklee, Silomais, Grundd{\"u}ngung, Weizen, Kartoffel, Gemenge, Erbsen, Triticale, Roggen, Gerste, Hafer, {\"O}lpflanzen, Zwischenfrucht, Apfelschorf, S{\"a}gewespe, Kopfsalat, Handelsd{\"u}nger, Wickroggen},
             url = {http://orgprints.org/1070/},
        abstract = {Im vorliegenden Bericht gibt die S{\"a}chsische Landesanstalt f{\"u}r Landwirtschaft eine {\"U}bersicht {\"u}ber ihre Versuchst{\"a}tigkeit des Jahres 2002 aus den Bereichen Pflanzenproduktion, Gartenbau, Landespflege und Tierproduktion.&#xD;
In {\"u}bersichtlicher Form werden die wichtigsten Angaben zur Versuchsdurchf{\"u}hrung und zum Versuchsergebnis dargestellt. In den Kurzberichten werden sowohl Schlussfolgerungen gezogen als auch zuk{\"u}nftiger Handlungsbedarf abgeleitet.&#xD;
&#xD;
Beitr{\"a}ge zum Thema {\"O}ko-Landbau:&#xD;
&#xD;
Entwicklung von {\"o}kologischen Anbauverfahren unter s{\"a}chsischen Bedingungen:&#xD;
- Komplexe Pr{\"u}fung {\"o}kolog. Anbau- und D{\"u}ngungsverfahren&#xD;
- Grundbodenbearbeitung und Beikrautregulierung im {\"o}kolog. Landbau &#xD;
- Pr{\"u}fung von Luzerne Futter- und Saatgutnutzung im {\"o}kolog. Landbau&#xD;
- Pr{\"u}fung von Rotklee Futter- und Saatgutnutzung im {\"o}kolog. Landbau&#xD;
- Pr{\"u}fung von Silomaissorten im {\"o}kologischen Anbau&#xD;
- Grundd{\"u}ngung im {\"o}kologischen Landbau&#xD;
- Pr{\"u}fung der Anbaueignung von Winterweizensorten im {\"o}kolog. Landbau&#xD;
- Pr{\"u}fung von Kartoffelsorten im {\"o}kologischen Landbau&#xD;
- Einfluss Gemengeanbau von Erbsen und Getreide &#xD;
- Pr{\"u}fung der Anbaueignung von Wintertriticalesorten im {\"o}kolog. Landbau&#xD;
- Pr{\"u}fung der Anbaueignung von Winterroggensorten im {\"o}kolog. Landbau&#xD;
- Pr{\"u}fung der Anbaueignung von Sommergerstesorten im {\"o}kolog. Landbau&#xD;
- Pr{\"u}fung der Anbaueignung von Hafersorten im {\"o}kolog. Landbau &#xD;
- Vergleich von Leguminosen und {\"O}lpflanzen im {\"O}kolandbau&#xD;
- Zwischenfrucht-Vorfruchtwirkungen f{\"u}r Kartoffeln im {\"o}kologischen Anbau&#xD;
- Nachwirkungsverm{\"o}gen organischer D{\"u}ngemittel durch Zwischenfruchtanbau im {\"O}kolandbau&#xD;
&#xD;
Gartenbau und Landespflege:&#xD;
- Apfelschorfbek{\"a}mpfung mit Hilfe eines Schorfsimulationsprogramms&#xD;
- Bek{\"a}mpfung der Apfel- und Pflaumens{\"a}gewespe mit Quassiaextrakt und Neem Azal T/S+&#xD;
- Kr{\"a}ftige Gr{\"u}nd{\"u}ngung sicherte N-Bedarf von Kopfsalat ab&#xD;
- Einarbeitungstiefe des organischen Handelsd{\"u}ngers hatte praktisch keinen Einfluss auf den Ertrag von Kopfsalat&#xD;
- Wickroggen lieferte deutlich weniger N als erwartet&#xD;
- N-Nachlieferung des Bodens und N-Freisetzung aus Gr{\"u}nd{\"u}ngung und Haarmehl&#xD;
&#xD;
}
}</dcds:valueString>
    </dcds:statement>
    <dcds:statement dcds:propertyURI="http://purl.org/dc/terms/type" dcds:vesURI="http://voa3r.eu/terms/ResourceType">
      <dcds:valueString>Research Report</dcds:valueString>
    </dcds:statement>
    <dcds:statement dcds:propertyURI="http://voa3r.eu/terms/reviewStatus" dcds:vesURI="http://voa3r.eu/terms/ReviewStatus">
      <dcds:valueString>Peer Reviewed</dcds:valueString>
    </dcds:statement>
    <dcds:statement dcds:propertyURI="http://voa3r.eu/terms/publicationStatus" dcds:vesURI="http://voa3r.eu/terms/PublicationStatus">
      <dcds:valueString>Published</dcds:valueString>
    </dcds:statement>
    <dcds:statement dcds:propertyURI="http://purl.org/dc/terms/creator" dcds:valueRef="creator1" />
    <dcds:statement dcds:propertyURI="http://purl.org/dc/terms/subject">
      <dcds:valueString xml:lang="en">Composting and manuring</dcds:valueString>
    </dcds:statement>
    <dcds:statement dcds:propertyURI="http://purl.org/dc/terms/subject">
      <dcds:valueString xml:lang="en">Fruit and berries</dcds:valueString>
    </dcds:statement>
    <dcds:statement dcds:propertyURI="http://purl.org/dc/terms/subject">
      <dcds:valueString xml:lang="en">Weed management</dcds:valueString>
    </dcds:statement>
    <dcds:statement dcds:propertyURI="http://purl.org/dc/terms/subject">
      <dcds:valueString xml:lang="en">Soil tillage</dcds:valueString>
    </dcds:statement>
    <dcds:statement dcds:propertyURI="http://purl.org/dc/terms/subject">
      <dcds:valueString xml:lang="en">Crop health, quality, protection</dcds:valueString>
    </dcds:statement>
    <dcds:statement dcds:propertyURI="http://purl.org/dc/terms/subject">
      <dcds:valueString xml:lang="en">Breeding, genetics and propagation</dcds:valueString>
    </dcds:statement>
    <dcds:statement dcds:propertyURI="http://purl.org/dc/terms/subject">
      <dcds:valueString xml:lang="en">Pasture and forage crops</dcds:valueString>
    </dcds:statement>
    <dcds:statement dcds:propertyURI="http://purl.org/dc/terms/subject">
      <dcds:valueString xml:lang="en">Cereals, pulses and oilseeds</dcds:valueString>
    </dcds:statement>
    <dcds:statement dcds:valueURI="http://orgprints.org/1070/" dcds:propertyURI="http://www.europeana.eu/schemas/ese/isShownAt" />
    <dcds:statement dcds:valueURI="http://orgprints.org/1070/1/kein-dokument.pdf" dcds:propertyURI="http://www.europeana.eu/schemas/ese/isShownBy" />
    <dcds:statement dcds:propertyURI="http://purl.org/dc/terms/rights">
      <dcds:literalValueString xml:lang="en">ICROFS rights: All of the entries, statements, results etc. contained in the Organic Eprints archive have been compiled by the authors according to their best knowledge and the metadata have been scrupulously checked by the International Centre for Research in Organic Food Systems (ICROFS) and the Research Institute of Organic Agriculture (FiBL). All depositors of eprints have agreed with the Deposit Agreement below. However, the possibility of mistakes can not be ruled out entirely. Therefore, the responsible partners behind Organic Eprints, the archive staff and the depositors are not subject to any obligation and make no guarantees whatsoever regarding any of the statements etc. on this website; neither do they accept responsibility or liability for any possible mistakes contained therein. The links to other websites on the Organic Eprints pages are for informational purposes only. ICROFS, FiBL and the depositors are not responsible for the availability or content of these sites. In addition, providing links to these sites should not be interpreted as endorsement or approval by ICROFS or FiBL.
Deposit Agreement
When depositing an eprint the depositors consents with the following agreement: "In depositing this eprint (a collection of files and associated metadata), I grant Organic Eprints the right to make it permanently available on-line, with open access to all or in accordance with any access restrictions that I have specified. I understand that Organic Eprints does not assume any responsibility if there is any breach of copyright in distributing these files or metadata. For work being deposited by its own first author: I declare that this eprint is my own intellectual property and that I have the right to make it available in Organic Eprints in the manner chosen. For work being deposited by someone other than its first author: I declare that I have gained the proper permissions from someone with the right to make this eprint available in Organic Eprints in the manner chosen - or that the material is in the public domain. Clicking on the deposit button indicates your agreement to these terms."</dcds:literalValueString>
    </dcds:statement>
    <dcds:statement dcds:valueURI="http://purl.org/eprint/accessRights/OpenAccess" dcds:propertyURI="http://purl.org/dc/terms/accessRights" />
    <dcds:statement dcds:propertyURI="http://purl.org/dc/terms/date">
      <dcds:literalValueString dcds:sesURI="http://purl.org/dc/terms/W3CDTF">2003</dcds:literalValueString>
    </dcds:statement>
    <dcds:statement dcds:propertyURI="http://voa3r.eu/terms/hasMetametadata" dcds:valueRef="metametadata" />
  </dcds:description>
  <dcds:description dcds:resourceId="creator1">
    <dcds:statement dcds:valueURI="http://xmlns.com/foaf/0.1/Agent" dcds:propertyURI="http://www.w3.org/1999/02/22-rdf-syntax-ns#type" />
    <dcds:statement dcds:valueURI="http://xmlns.com/foaf/0.1/Person" dcds:propertyURI="http://purl.org/dc/terms/type" />
    <dcds:statement dcds:propertyURI="http://xmlns.com/foaf/0.1/givenName">
      <dcds:literalValueString />
    </dcds:statement>
    <dcds:statement dcds:propertyURI="http://xmlns.com/foaf/0.1/firstName">
      <dcds:literalValueString />
    </dcds:statement>
    <dcds:statement dcds:propertyURI="http://xmlns.com/foaf/0.1/familyName">
      <dcds:literalValueString>Sächsische Landesanstalt für Landwirtschaft</dcds:literalValueString>
    </dcds:statement>
    <dcds:statement dcds:propertyURI="http://xmlns.com/foaf/0.1/lastName">
      <dcds:literalValueString>Sächsische Landesanstalt für Landwirtschaft</dcds:literalValueString>
    </dcds:statement>
  </dcds:description>
  <dcds:description dcds:resourceId="metametadata">
    <dcds:statement dcds:valueURI="http://voa3r.eu/class/MetaMetadata" dcds:propertyURI="http://www.w3.org/1999/02/22-rdf-syntax-ns#type" />
    <dcds:statement dcds:propertyURI="http://purl.org/dc/terms/identifier">
      <dcds:valueString>oai:orgprints.org:1070</dcds:valueString>
    </dcds:statement>
    <dcds:statement dcds:propertyURI="http://purl.org/dc/terms/type">
      <dcds:literalValueString>voa3r_dcds v1.0</dcds:literalValueString>
    </dcds:statement>
    <dcds:statement dcds:propertyURI="http://purl.org/dc/terms/date">
      <dcds:literalValueString dcds:sesURI="http://purl.org/dc/terms/W3CDTF">2015-09-08</dcds:literalValueString>
    </dcds:statement>
    <dcds:statement dcds:propertyURI="http://purl.org/dc/terms/contributor" dcds:valueRef="metacontributor" />
  </dcds:description>
  <dcds:description dcds:resourceId="metacontributor">
    <dcds:statement dcds:valueURI="http://xmlns.com/foaf/0.1/Agent" dcds:propertyURI="http://www.w3.org/1999/02/22-rdf-syntax-ns#type" />
    <dcds:statement dcds:valueURI="http://xmlns.com/foaf/0.1/Organization" dcds:propertyURI="http://purl.org/dc/terms/type" />
    <dcds:statement dcds:propertyURI="http://xmlns.com/foaf/0.1/name">
      <dcds:literalValueString xml:lang="en">Organic eprints</dcds:literalValueString>
    </dcds:statement>
    <dcds:statement dcds:valueURI="mailto:eprints@orgprints.org" dcds:propertyURI="http://xmlns.com/foaf/0.1/mbox" />
  </dcds:description>
</dcds:descriptionSet>