<dcds:descriptionSet xmlns:dcds="http://purl.org/dc/xmlns/2008/09/01/dc-ds-xml/" xmlns:xsi="http://www.w3.org/2001/XMLSchema-instance" xsi:schemaLocation="http://purl.org/dc/xmlns/2008/09/01/dc-ds-xml/ http://dublincore.org/schemas/xmls/2008/09/01/dc-ds-xml/dcds.xsd">
  <dcds:description dcds:resourceURI="http://orgprints.org/id/eprint/1073">
    <dcds:statement dcds:valueURI="http://voa3r.eu/class/Resource" dcds:propertyURI="http://www.w3.org/1999/02/22-rdf-syntax-ns#type" />
    <dcds:statement dcds:propertyURI="http://purl.org/dc/terms/title">
      <dcds:literalValueString xml:lang="de">Projekt Ökologische Bodenbewirtschaftung (PÖB) - Ergebnisse nach sieben Jahren [Project Ecological Soil Management - results after seven years]</dcds:literalValueString>
    </dcds:statement>
    <dcds:statement dcds:propertyURI="http://purl.org/dc/terms/language" dcds:vesURI="http://purl.org/dc/terms/RFC5646">
      <dcds:valueString>de</dcds:valueString>
    </dcds:statement>
    <dcds:statement dcds:propertyURI="http://purl.org/dc/terms/abstract">
      <dcds:literalValueString xml:lang="de">Ziel des Projektes ist es, Daten über die bodenökologische Entwicklung bei ökologischem Ackerbau mit differenzierter Grundbodenbearbeitung zu gewinnen.&#xD;
Mit Unterstützung durch das Land Rheinland-Pfalz konnte 1994 in Rheinhessen ein Langzeitversuch angelegt werden, wo in Form eines Demonstrationsversuches zwei Wiederholungen einer fünffeldrigen Ackerbaufruchtfolge installiert wurden. Die drei Gundbodenbearbeitungsvarianten Pflug, Zweischichtenpflug und Schichtengrubber wurden in ein Fruchtfolgesystem eingebaut, das durch Kombination von Grundbodenbearbeitung mit gezielten Gründüngungsverfahren (Grünbrache und Zwischenfruchtbau) Bodenverbesserung und Krumenstabilisierung bewirken soll. In Zusammenarbeit mit verschiedenen Hochschulen, Institutionen und Persönlichkeiten wird eine Reihe verschiedener Untersuchungen durchgeführt. Dazu gehören neben der Ertragsermittlung die Nährstoffentwicklung, bodenphysikalische Werte (Erweiterte Spatendiagnose), Beikrautentwicklung sowie umfangreiche bodenbiologische Erhebungen (Regenwürmer, Mesofauna, Mikroflora).&#xD;
Die konsequent nichtwendende Grundbodenbearbeitung mit dem Schichtengrubber zeigt insbesondere in den Sommerkulturen eine Tendenz zu niedrigeren Erträgen im Vergleich zu Schichtenpflug und Pflug. Es wird die Erhöhung der Artenvielfalt der Beikrautflora durch eine Steigerung von 35 Arten bei Projektbeginn auf 80 Arten im&#xD;
Jahre 2000 dokumentiert. Die bodenchemische Parameter zeigen wie erwartet im bisherigen Versuchszeitraum keine großen Veränderungen. Mit Ausnahme des zunehmenden Kohlenstoffgehalts verändern sich die pflanzenverfügbaren Phosphor- und Kaligehalte kaum. Deutlich wirkt sich jedoch die Variation der Grundbodenbearbeitung auf bodenbiologische Parameter aus: Bezogen auf die gesamte Krume werden nach sechs Versuchsjahren zwischen 7 und 10% höhere Gehalte an mikrobieller Biomasse sowie um 6-8% erhöhte Aktivitäten der Bodenmikroorganismen. Die Abundanzen der Regenwürmer wie auch die Individuenanzahl und Fraßaktivität der Mesofauna nehmen deutlich zu, je weniger der Boden gewendet wird. Die bodenphysikalischen Werte, die sich in der Erweiterten Spatendiagnose zu einem abgerundeten Bild des Bodenzustands formen, zeigen ebenfalls die bodenschonende Wirkung von flach- bzw. nichtwendenden Bodenbearbeitungsverfahren: Die Schichtengrubbervarianten ergeben eine deutlich höhere Stabilität der Bodenaggregate (Krümelstabilität) im Schlämmtest mit Wasser, was vermutlich auf die Lebendverbauung durch Mikroorganismen zurückzuführen ist. Laufende Untersuchungen zur Sproß- und Wurzelentwicklung der Kultur- und Gründüngungspflanzen zeigen höhere Wurzeldichten bei reduzierter Bodenbearbeitung.</dcds:literalValueString>
    </dcds:statement>
    <dcds:statement dcds:propertyURI="http://purl.org/dc/terms/bibliographicCitation" dcds:vesURI="http://www.openurl.info/registry/">
      <dcds:valueString dcds:sesURI="http://voa3r.eu/terms/EncodedSchema">BibTeX:@inproceedings{orgprints1073,
          editor = {Bernhard Freyer},
           title = {Projekt {\"O}kologische Bodenbewirtschaftung (P{\"O}B) - Ergebnisse nach sieben Jahren [Project Ecological Soil Management - results after seven years]},
          author = {Ulrich Hampl},
       publisher = {Universit{\"a}t f{\"u}r Bodenkultur - Institut f{\"u}r {\"o}kologischen Landbau, Wien},
            year = {2003},
           pages = {455--456},
         journal = {Beitr{\"a}ge zur 7. Wissenschaftstagung zum {\"O}kologischen Landbau: {\"O}kologischer Landbau der Zukunft},
        keywords = {POEB, P{\"O}B, Grundbodenbearbeiten, Zweischichtpflug, konservierende Bodenbearbeitung, Bodenbiologie, Bodenphysik, Spatendiagnose, Spatenprobe, Bodengesundheit, Stiftung {\"O}kologie \&amp; Landbau, S{\"O}L, SOEL.},
             url = {http://orgprints.org/1073/},
        abstract = {Ziel des Projektes ist es, Daten {\"u}ber die boden{\"o}kologische Entwicklung bei {\"o}kologischem Ackerbau mit differenzierter Grundbodenbearbeitung zu gewinnen.&#xD;
Mit Unterst{\"u}tzung durch das Land Rheinland-Pfalz konnte 1994 in Rheinhessen ein Langzeitversuch angelegt werden, wo in Form eines Demonstrationsversuches zwei Wiederholungen einer f{\"u}nffeldrigen Ackerbaufruchtfolge installiert wurden. Die drei Gundbodenbearbeitungsvarianten Pflug, Zweischichtenpflug und Schichtengrubber wurden in ein Fruchtfolgesystem eingebaut, das durch Kombination von Grundbodenbearbeitung mit gezielten Gr{\"u}nd{\"u}ngungsverfahren (Gr{\"u}nbrache und Zwischenfruchtbau) Bodenverbesserung und Krumenstabilisierung bewirken soll. In Zusammenarbeit mit verschiedenen Hochschulen, Institutionen und Pers{\"o}nlichkeiten wird eine Reihe verschiedener Untersuchungen durchgef{\"u}hrt. Dazu geh{\"o}ren neben der Ertragsermittlung die N{\"a}hrstoffentwicklung, bodenphysikalische Werte (Erweiterte Spatendiagnose), Beikrautentwicklung sowie umfangreiche bodenbiologische Erhebungen (Regenw{\"u}rmer, Mesofauna, Mikroflora).&#xD;
Die konsequent nichtwendende Grundbodenbearbeitung mit dem Schichtengrubber zeigt insbesondere in den Sommerkulturen eine Tendenz zu niedrigeren Ertr{\"a}gen im Vergleich zu Schichtenpflug und Pflug. Es wird die Erh{\"o}hung der Artenvielfalt der Beikrautflora durch eine Steigerung von 35 Arten bei Projektbeginn auf 80 Arten im&#xD;
Jahre 2000 dokumentiert. Die bodenchemische Parameter zeigen wie erwartet im bisherigen Versuchszeitraum keine gro{\ss}en Ver{\"a}nderungen. Mit Ausnahme des zunehmenden Kohlenstoffgehalts ver{\"a}ndern sich die pflanzenverf{\"u}gbaren Phosphor- und Kaligehalte kaum. Deutlich wirkt sich jedoch die Variation der Grundbodenbearbeitung auf bodenbiologische Parameter aus: Bezogen auf die gesamte Krume werden nach sechs Versuchsjahren zwischen 7 und 10\% h{\"o}here Gehalte an mikrobieller Biomasse sowie um 6-8\% erh{\"o}hte Aktivit{\"a}ten der Bodenmikroorganismen. Die Abundanzen der Regenw{\"u}rmer wie auch die Individuenanzahl und Fra{\ss}aktivit{\"a}t der Mesofauna nehmen deutlich zu, je weniger der Boden gewendet wird. Die bodenphysikalischen Werte, die sich in der Erweiterten Spatendiagnose zu einem abgerundeten Bild des Bodenzustands formen, zeigen ebenfalls die bodenschonende Wirkung von flach- bzw. nichtwendenden Bodenbearbeitungsverfahren: Die Schichtengrubbervarianten ergeben eine deutlich h{\"o}here Stabilit{\"a}t der Bodenaggregate (Kr{\"u}melstabilit{\"a}t) im Schl{\"a}mmtest mit Wasser, was vermutlich auf die Lebendverbauung durch Mikroorganismen zur{\"u}ckzuf{\"u}hren ist. Laufende Untersuchungen zur Spro{\ss}- und Wurzelentwicklung der Kultur- und Gr{\"u}nd{\"u}ngungspflanzen zeigen h{\"o}here Wurzeldichten bei reduzierter Bodenbearbeitung.}
}</dcds:valueString>
    </dcds:statement>
    <dcds:statement dcds:propertyURI="http://purl.org/dc/terms/type" dcds:vesURI="http://voa3r.eu/terms/ResourceType">
      <dcds:valueString>Conference Contribution</dcds:valueString>
    </dcds:statement>
    <dcds:statement dcds:propertyURI="http://voa3r.eu/terms/reviewStatus" dcds:vesURI="http://voa3r.eu/terms/ReviewStatus">
      <dcds:valueString>Peer Reviewed</dcds:valueString>
    </dcds:statement>
    <dcds:statement dcds:propertyURI="http://voa3r.eu/terms/publicationStatus" dcds:vesURI="http://voa3r.eu/terms/PublicationStatus">
      <dcds:valueString>Published</dcds:valueString>
    </dcds:statement>
    <dcds:statement dcds:propertyURI="http://purl.org/dc/terms/creator" dcds:valueRef="creator1" />
    <dcds:statement dcds:propertyURI="http://id.loc.gov/vocabulary/relators/edt" dcds:valueRef="editor1" />
    <dcds:statement dcds:propertyURI="http://purl.org/dc/terms/publisher" dcds:valueRef="publisher" />
    <dcds:statement dcds:propertyURI="http://purl.org/dc/terms/subject">
      <dcds:valueString xml:lang="en">Nutrient turnover</dcds:valueString>
    </dcds:statement>
    <dcds:statement dcds:propertyURI="http://purl.org/dc/terms/subject">
      <dcds:valueString xml:lang="en">Soil quality</dcds:valueString>
    </dcds:statement>
    <dcds:statement dcds:propertyURI="http://purl.org/dc/terms/subject">
      <dcds:valueString xml:lang="en">Soil tillage</dcds:valueString>
    </dcds:statement>
    <dcds:statement dcds:propertyURI="http://purl.org/dc/terms/subject">
      <dcds:valueString xml:lang="en">Biodiversity and ecosystem services</dcds:valueString>
    </dcds:statement>
    <dcds:statement dcds:propertyURI="http://purl.org/dc/terms/subject">
      <dcds:valueString xml:lang="en">Soil biology</dcds:valueString>
    </dcds:statement>
    <dcds:statement dcds:valueURI="http://orgprints.org/1073/" dcds:propertyURI="http://www.europeana.eu/schemas/ese/isShownAt" />
    <dcds:statement dcds:valueURI="http://orgprints.org/1073/1/1073-hampl-u-2003-poeb-wien.pdf" dcds:propertyURI="http://www.europeana.eu/schemas/ese/isShownBy" />
    <dcds:statement dcds:propertyURI="http://purl.org/dc/terms/rights">
      <dcds:literalValueString xml:lang="en">ICROFS rights: All of the entries, statements, results etc. contained in the Organic Eprints archive have been compiled by the authors according to their best knowledge and the metadata have been scrupulously checked by the International Centre for Research in Organic Food Systems (ICROFS) and the Research Institute of Organic Agriculture (FiBL). All depositors of eprints have agreed with the Deposit Agreement below. However, the possibility of mistakes can not be ruled out entirely. Therefore, the responsible partners behind Organic Eprints, the archive staff and the depositors are not subject to any obligation and make no guarantees whatsoever regarding any of the statements etc. on this website; neither do they accept responsibility or liability for any possible mistakes contained therein. The links to other websites on the Organic Eprints pages are for informational purposes only. ICROFS, FiBL and the depositors are not responsible for the availability or content of these sites. In addition, providing links to these sites should not be interpreted as endorsement or approval by ICROFS or FiBL.
Deposit Agreement
When depositing an eprint the depositors consents with the following agreement: "In depositing this eprint (a collection of files and associated metadata), I grant Organic Eprints the right to make it permanently available on-line, with open access to all or in accordance with any access restrictions that I have specified. I understand that Organic Eprints does not assume any responsibility if there is any breach of copyright in distributing these files or metadata. For work being deposited by its own first author: I declare that this eprint is my own intellectual property and that I have the right to make it available in Organic Eprints in the manner chosen. For work being deposited by someone other than its first author: I declare that I have gained the proper permissions from someone with the right to make this eprint available in Organic Eprints in the manner chosen - or that the material is in the public domain. Clicking on the deposit button indicates your agreement to these terms."</dcds:literalValueString>
    </dcds:statement>
    <dcds:statement dcds:valueURI="http://purl.org/eprint/accessRights/OpenAccess" dcds:propertyURI="http://purl.org/dc/terms/accessRights" />
    <dcds:statement dcds:propertyURI="http://purl.org/dc/terms/date">
      <dcds:literalValueString dcds:sesURI="http://purl.org/dc/terms/W3CDTF">2003</dcds:literalValueString>
    </dcds:statement>
    <dcds:statement dcds:propertyURI="http://voa3r.eu/terms/hasMetametadata" dcds:valueRef="metametadata" />
  </dcds:description>
  <dcds:description dcds:resourceId="creator1">
    <dcds:statement dcds:valueURI="http://xmlns.com/foaf/0.1/Agent" dcds:propertyURI="http://www.w3.org/1999/02/22-rdf-syntax-ns#type" />
    <dcds:statement dcds:valueURI="http://xmlns.com/foaf/0.1/Person" dcds:propertyURI="http://purl.org/dc/terms/type" />
    <dcds:statement dcds:propertyURI="http://xmlns.com/foaf/0.1/givenName">
      <dcds:literalValueString>Ulrich</dcds:literalValueString>
    </dcds:statement>
    <dcds:statement dcds:propertyURI="http://xmlns.com/foaf/0.1/firstName">
      <dcds:literalValueString>Ulrich</dcds:literalValueString>
    </dcds:statement>
    <dcds:statement dcds:propertyURI="http://xmlns.com/foaf/0.1/familyName">
      <dcds:literalValueString>Hampl</dcds:literalValueString>
    </dcds:statement>
    <dcds:statement dcds:propertyURI="http://xmlns.com/foaf/0.1/lastName">
      <dcds:literalValueString>Hampl</dcds:literalValueString>
    </dcds:statement>
  </dcds:description>
  <dcds:description dcds:resourceId="editor1">
    <dcds:statement dcds:valueURI="http://xmlns.com/foaf/0.1/Agent" dcds:propertyURI="http://www.w3.org/1999/02/22-rdf-syntax-ns#type" />
    <dcds:statement dcds:valueURI="http://xmlns.com/foaf/0.1/Person" dcds:propertyURI="http://purl.org/dc/terms/type" />
    <dcds:statement dcds:propertyURI="http://xmlns.com/foaf/0.1/givenName">
      <dcds:literalValueString>Bernhard</dcds:literalValueString>
    </dcds:statement>
    <dcds:statement dcds:propertyURI="http://xmlns.com/foaf/0.1/firstName">
      <dcds:literalValueString>Bernhard</dcds:literalValueString>
    </dcds:statement>
    <dcds:statement dcds:propertyURI="http://xmlns.com/foaf/0.1/familyName">
      <dcds:literalValueString>Freyer</dcds:literalValueString>
    </dcds:statement>
    <dcds:statement dcds:propertyURI="http://xmlns.com/foaf/0.1/lastName">
      <dcds:literalValueString>Freyer</dcds:literalValueString>
    </dcds:statement>
  </dcds:description>
  <dcds:description dcds:resourceId="publisher">
    <dcds:statement dcds:valueURI="http://xmlns.com/foaf/0.1/Agent" dcds:propertyURI="http://www.w3.org/1999/02/22-rdf-syntax-ns#type" />
    <dcds:statement dcds:valueURI="http://xmlns.com/foaf/0.1/Organization" dcds:propertyURI="http://purl.org/dc/terms/type" />
    <dcds:statement dcds:propertyURI="http://xmlns.com/foaf/0.1/name">
      <dcds:literalValueString>Universität für Bodenkultur - Institut für ökologischen Landbau, Wien</dcds:literalValueString>
    </dcds:statement>
  </dcds:description>
  <dcds:description dcds:resourceId="metametadata">
    <dcds:statement dcds:valueURI="http://voa3r.eu/class/MetaMetadata" dcds:propertyURI="http://www.w3.org/1999/02/22-rdf-syntax-ns#type" />
    <dcds:statement dcds:propertyURI="http://purl.org/dc/terms/identifier">
      <dcds:valueString>oai:orgprints.org:1073</dcds:valueString>
    </dcds:statement>
    <dcds:statement dcds:propertyURI="http://purl.org/dc/terms/type">
      <dcds:literalValueString>voa3r_dcds v1.0</dcds:literalValueString>
    </dcds:statement>
    <dcds:statement dcds:propertyURI="http://purl.org/dc/terms/date">
      <dcds:literalValueString dcds:sesURI="http://purl.org/dc/terms/W3CDTF">2015-09-08</dcds:literalValueString>
    </dcds:statement>
    <dcds:statement dcds:propertyURI="http://purl.org/dc/terms/contributor" dcds:valueRef="metacontributor" />
  </dcds:description>
  <dcds:description dcds:resourceId="metacontributor">
    <dcds:statement dcds:valueURI="http://xmlns.com/foaf/0.1/Agent" dcds:propertyURI="http://www.w3.org/1999/02/22-rdf-syntax-ns#type" />
    <dcds:statement dcds:valueURI="http://xmlns.com/foaf/0.1/Organization" dcds:propertyURI="http://purl.org/dc/terms/type" />
    <dcds:statement dcds:propertyURI="http://xmlns.com/foaf/0.1/name">
      <dcds:literalValueString xml:lang="en">Organic eprints</dcds:literalValueString>
    </dcds:statement>
    <dcds:statement dcds:valueURI="mailto:eprints@orgprints.org" dcds:propertyURI="http://xmlns.com/foaf/0.1/mbox" />
  </dcds:description>
</dcds:descriptionSet>