<dcds:descriptionSet xmlns:dcds="http://purl.org/dc/xmlns/2008/09/01/dc-ds-xml/" xmlns:xsi="http://www.w3.org/2001/XMLSchema-instance" xsi:schemaLocation="http://purl.org/dc/xmlns/2008/09/01/dc-ds-xml/ http://dublincore.org/schemas/xmls/2008/09/01/dc-ds-xml/dcds.xsd">
  <dcds:description dcds:resourceURI="http://orgprints.org/id/eprint/1062">
    <dcds:statement dcds:valueURI="http://voa3r.eu/class/Resource" dcds:propertyURI="http://www.w3.org/1999/02/22-rdf-syntax-ns#type" />
    <dcds:statement dcds:propertyURI="http://purl.org/dc/terms/title">
      <dcds:literalValueString xml:lang="de">Übersicht über Homepages und Dokumentdatenbanken der "Arbeitsgruppe Versuchsansteller im Ökologischen Landbau" im "Verband der Landwirtschaftskammern e.V." (VLK) und ihrer Mitglieder</dcds:literalValueString>
    </dcds:statement>
    <dcds:statement dcds:propertyURI="http://purl.org/dc/terms/language" dcds:vesURI="http://purl.org/dc/terms/RFC5646">
      <dcds:valueString>de</dcds:valueString>
    </dcds:statement>
    <dcds:statement dcds:propertyURI="http://purl.org/dc/terms/abstract">
      <dcds:literalValueString xml:lang="de">Die „Arbeitsgruppe Versuchsansteller im Ökologischen Landbau" im „Verband der Landwirtschaftskammern e.V.“ erstellt bundesweite Auswertungen der Öko-Landessortenversuche sowie Übersichten über die Forschungsaktivitäten ihrer Mitglieder zu bestimmten Themenbereichen. Eine Tabelle informiert über die Bearbeiter der verschiedenen Auswertungen.&#xD;
&#xD;
In der tabellarischen Übersicht sind die Mitglieder der "Arbeitsgruppe Versuchsansteller im Ökologischen Landbau" im "Verband der Landwirtschaftskammern e.V. (VLK)" mit den Homepages der beteiligten Institutionen aufgelistet. Außerdem werden Links zu den Datensammlungen und Datenbanken aufgeführt, in denen die Einrichtungen ihre eigenen Versuchsergebnisse und Versuchsberichte online veröffentlichen.</dcds:literalValueString>
    </dcds:statement>
    <dcds:statement dcds:propertyURI="http://purl.org/dc/terms/bibliographicCitation" dcds:vesURI="http://www.openurl.info/registry/">
      <dcds:valueString dcds:sesURI="http://voa3r.eu/terms/EncodedSchema">BibTeX:@unpublished{orgprints1062,
           month = {December},
           title = {{\"U}bersicht {\"u}ber Homepages und Dokumentdatenbanken der "Arbeitsgruppe Versuchsansteller im {\"O}kologischen Landbau" im "Verband der Landwirtschaftskammern e.V." (VLK) und ihrer Mitglieder},
          author = {Florian Gerlach},
            year = {2003},
        keywords = {Versuchsberichte, Versuchsbericht, Sortenversuche, Sortenversuch, Landessortenversuch, Landessortenversuche, {\"U}bersicht, {\"U}bersichten, Pflanzenbau, Ackerbau, Landesanstalt, Landwirtschaftskammer, Sorte, Sorten, Versuchsansteller, Nachtkerze, Fruchtfolge, Kieselgur, G{\"u}lle, Backqualit{\"a}t, Winterweizen, WW, Sommerweizen, SW, Hafer, Triticale, Wintertriticale, WT, Sommergerste, SG, Wintergerste, WG, Dinkel, Dinkelweizen, Kartoffeln, Kartoffel, Leguminose, Leguminosen, Erbsen, Futtererbsen, K{\"o}rnerfuttererbsen, Erbse, Futtererbse, K{\"o}rnerfuttererbse, Lupine, Lupinen, Bohne, Bohnen, Ackerbohne, Ackerbohnen, Kraut- und Knollenf{\"a}ule, Rassen, H{\"u}hnerassen, Puten, Enten, Fleischqualit{\"a}t, Schweine, {\"O}kologischer Gesamtzuchtwert, {\"O}ZW, Eiwei{\ss}futtermittel, L{\"a}mmermast, Futtermittel, Milchviehst{\"a}lle, Varroa, Nitrat-Stickstoff-Gehalte, Wirtschaftlichkeit, Marktfrucht, Ertragspr{\"u}fung, Qualit{\"a}tspr{\"u}fung, Reifepr{\"u}fung, Futterqualit{\"a}t, Futterbau, GPS, Kleegras, Untersaat, Blanksaat, Grundfutter},
             url = {http://orgprints.org/1062/},
        abstract = {Die ?Arbeitsgruppe Versuchsansteller im {\"O}kologischen Landbau" im ?Verband der Landwirtschaftskammern e.V.? erstellt bundesweite Auswertungen der {\"O}ko-Landessortenversuche sowie {\"U}bersichten {\"u}ber die Forschungsaktivit{\"a}ten ihrer Mitglieder zu bestimmten Themenbereichen. Eine Tabelle informiert {\"u}ber die Bearbeiter der verschiedenen Auswertungen.&#xD;
&#xD;
In der tabellarischen {\"U}bersicht sind die Mitglieder der "Arbeitsgruppe Versuchsansteller im {\"O}kologischen Landbau" im "Verband der Landwirtschaftskammern e.V. (VLK)" mit den Homepages der beteiligten Institutionen aufgelistet. Au{\ss}erdem werden Links zu den Datensammlungen und Datenbanken aufgef{\"u}hrt, in denen die Einrichtungen ihre eigenen Versuchsergebnisse und Versuchsberichte online ver{\"o}ffentlichen. &#xD;
&#xD;
}
}</dcds:valueString>
    </dcds:statement>
    <dcds:statement dcds:propertyURI="http://purl.org/dc/terms/type" dcds:vesURI="http://voa3r.eu/terms/ResourceType">
      <dcds:valueString>Research Report</dcds:valueString>
    </dcds:statement>
    <dcds:statement dcds:propertyURI="http://voa3r.eu/terms/reviewStatus" dcds:vesURI="http://voa3r.eu/terms/ReviewStatus">
      <dcds:valueString>Peer Reviewed</dcds:valueString>
    </dcds:statement>
    <dcds:statement dcds:propertyURI="http://voa3r.eu/terms/publicationStatus" dcds:vesURI="http://voa3r.eu/terms/PublicationStatus">
      <dcds:valueString>WorkingDraft</dcds:valueString>
    </dcds:statement>
    <dcds:statement dcds:propertyURI="http://purl.org/dc/terms/creator" dcds:valueRef="creator1" />
    <dcds:statement dcds:propertyURI="http://purl.org/dc/terms/subject">
      <dcds:valueString xml:lang="en">Weed management</dcds:valueString>
    </dcds:statement>
    <dcds:statement dcds:propertyURI="http://purl.org/dc/terms/subject">
      <dcds:valueString xml:lang="en">Health and welfare</dcds:valueString>
    </dcds:statement>
    <dcds:statement dcds:propertyURI="http://purl.org/dc/terms/subject">
      <dcds:valueString xml:lang="en">Dairy cattle</dcds:valueString>
    </dcds:statement>
    <dcds:statement dcds:propertyURI="http://purl.org/dc/terms/subject">
      <dcds:valueString xml:lang="en">Composting and manuring</dcds:valueString>
    </dcds:statement>
    <dcds:statement dcds:propertyURI="http://purl.org/dc/terms/subject">
      <dcds:valueString xml:lang="en">Nutrient turnover</dcds:valueString>
    </dcds:statement>
    <dcds:statement dcds:propertyURI="http://purl.org/dc/terms/subject">
      <dcds:valueString xml:lang="en">Farm economics</dcds:valueString>
    </dcds:statement>
    <dcds:statement dcds:propertyURI="http://purl.org/dc/terms/subject">
      <dcds:valueString xml:lang="en">Pasture and forage crops</dcds:valueString>
    </dcds:statement>
    <dcds:statement dcds:propertyURI="http://purl.org/dc/terms/subject">
      <dcds:valueString xml:lang="en">Breeding and genetics</dcds:valueString>
    </dcds:statement>
    <dcds:statement dcds:propertyURI="http://purl.org/dc/terms/subject">
      <dcds:valueString xml:lang="en">Root crops</dcds:valueString>
    </dcds:statement>
    <dcds:statement dcds:propertyURI="http://purl.org/dc/terms/subject">
      <dcds:valueString xml:lang="en">Sheep and goats</dcds:valueString>
    </dcds:statement>
    <dcds:statement dcds:propertyURI="http://purl.org/dc/terms/subject">
      <dcds:valueString xml:lang="en">Crop health, quality, protection</dcds:valueString>
    </dcds:statement>
    <dcds:statement dcds:propertyURI="http://purl.org/dc/terms/subject">
      <dcds:valueString xml:lang="en">Soil tillage</dcds:valueString>
    </dcds:statement>
    <dcds:statement dcds:propertyURI="http://purl.org/dc/terms/subject">
      <dcds:valueString xml:lang="en">Breeding, genetics and propagation</dcds:valueString>
    </dcds:statement>
    <dcds:statement dcds:propertyURI="http://purl.org/dc/terms/subject">
      <dcds:valueString xml:lang="en">Crop husbandry</dcds:valueString>
    </dcds:statement>
    <dcds:statement dcds:propertyURI="http://purl.org/dc/terms/subject">
      <dcds:valueString xml:lang="en">Poultry</dcds:valueString>
    </dcds:statement>
    <dcds:statement dcds:propertyURI="http://purl.org/dc/terms/subject">
      <dcds:valueString xml:lang="en">Pigs</dcds:valueString>
    </dcds:statement>
    <dcds:statement dcds:propertyURI="http://purl.org/dc/terms/subject">
      <dcds:valueString xml:lang="en">Cereals, pulses and oilseeds</dcds:valueString>
    </dcds:statement>
    <dcds:statement dcds:propertyURI="http://purl.org/dc/terms/subject">
      <dcds:valueString xml:lang="en">Animal husbandry</dcds:valueString>
    </dcds:statement>
    <dcds:statement dcds:propertyURI="http://purl.org/dc/terms/subject">
      <dcds:valueString xml:lang="en">Feeding and growth</dcds:valueString>
    </dcds:statement>
    <dcds:statement dcds:valueURI="http://orgprints.org/1062/" dcds:propertyURI="http://www.europeana.eu/schemas/ese/isShownAt" />
    <dcds:statement dcds:valueURI="http://orgprints.org/1062/1/1062-gerlach-f-2003-datenbanken-ag.pdf" dcds:propertyURI="http://purl.org/dc/terms/hasPart">
      <dcds:valueString>/ 1062-gerlach-f-2003-datenbanken-ag.pdf</dcds:valueString>
    </dcds:statement>
    <dcds:statement dcds:valueURI="http://orgprints.org/1062/2/1062-gerlach-f-2003-datenbanken-ag.rtf" dcds:propertyURI="http://purl.org/dc/terms/hasPart">
      <dcds:valueString>/ 1062-gerlach-f-2003-datenbanken-ag.rtf</dcds:valueString>
    </dcds:statement>
    <dcds:statement dcds:propertyURI="http://purl.org/dc/terms/rights">
      <dcds:literalValueString xml:lang="en">ICROFS rights: All of the entries, statements, results etc. contained in the Organic Eprints archive have been compiled by the authors according to their best knowledge and the metadata have been scrupulously checked by the International Centre for Research in Organic Food Systems (ICROFS) and the Research Institute of Organic Agriculture (FiBL). All depositors of eprints have agreed with the Deposit Agreement below. However, the possibility of mistakes can not be ruled out entirely. Therefore, the responsible partners behind Organic Eprints, the archive staff and the depositors are not subject to any obligation and make no guarantees whatsoever regarding any of the statements etc. on this website; neither do they accept responsibility or liability for any possible mistakes contained therein. The links to other websites on the Organic Eprints pages are for informational purposes only. ICROFS, FiBL and the depositors are not responsible for the availability or content of these sites. In addition, providing links to these sites should not be interpreted as endorsement or approval by ICROFS or FiBL.
Deposit Agreement
When depositing an eprint the depositors consents with the following agreement: "In depositing this eprint (a collection of files and associated metadata), I grant Organic Eprints the right to make it permanently available on-line, with open access to all or in accordance with any access restrictions that I have specified. I understand that Organic Eprints does not assume any responsibility if there is any breach of copyright in distributing these files or metadata. For work being deposited by its own first author: I declare that this eprint is my own intellectual property and that I have the right to make it available in Organic Eprints in the manner chosen. For work being deposited by someone other than its first author: I declare that I have gained the proper permissions from someone with the right to make this eprint available in Organic Eprints in the manner chosen - or that the material is in the public domain. Clicking on the deposit button indicates your agreement to these terms."</dcds:literalValueString>
    </dcds:statement>
    <dcds:statement dcds:valueURI="http://purl.org/eprint/accessRights/OpenAccess" dcds:propertyURI="http://purl.org/dc/terms/accessRights" />
    <dcds:statement dcds:propertyURI="http://purl.org/dc/terms/date">
      <dcds:literalValueString dcds:sesURI="http://purl.org/dc/terms/W3CDTF">2003-12</dcds:literalValueString>
    </dcds:statement>
    <dcds:statement dcds:propertyURI="http://voa3r.eu/terms/hasMetametadata" dcds:valueRef="metametadata" />
  </dcds:description>
  <dcds:description dcds:resourceId="creator1">
    <dcds:statement dcds:valueURI="http://xmlns.com/foaf/0.1/Agent" dcds:propertyURI="http://www.w3.org/1999/02/22-rdf-syntax-ns#type" />
    <dcds:statement dcds:valueURI="http://xmlns.com/foaf/0.1/Person" dcds:propertyURI="http://purl.org/dc/terms/type" />
    <dcds:statement dcds:propertyURI="http://xmlns.com/foaf/0.1/givenName">
      <dcds:literalValueString>Florian</dcds:literalValueString>
    </dcds:statement>
    <dcds:statement dcds:propertyURI="http://xmlns.com/foaf/0.1/firstName">
      <dcds:literalValueString>Florian</dcds:literalValueString>
    </dcds:statement>
    <dcds:statement dcds:propertyURI="http://xmlns.com/foaf/0.1/familyName">
      <dcds:literalValueString>Gerlach</dcds:literalValueString>
    </dcds:statement>
    <dcds:statement dcds:propertyURI="http://xmlns.com/foaf/0.1/lastName">
      <dcds:literalValueString>Gerlach</dcds:literalValueString>
    </dcds:statement>
  </dcds:description>
  <dcds:description dcds:resourceId="metametadata">
    <dcds:statement dcds:valueURI="http://voa3r.eu/class/MetaMetadata" dcds:propertyURI="http://www.w3.org/1999/02/22-rdf-syntax-ns#type" />
    <dcds:statement dcds:propertyURI="http://purl.org/dc/terms/identifier">
      <dcds:valueString>oai:orgprints.org:1062</dcds:valueString>
    </dcds:statement>
    <dcds:statement dcds:propertyURI="http://purl.org/dc/terms/type">
      <dcds:literalValueString>voa3r_dcds v1.0</dcds:literalValueString>
    </dcds:statement>
    <dcds:statement dcds:propertyURI="http://purl.org/dc/terms/date">
      <dcds:literalValueString dcds:sesURI="http://purl.org/dc/terms/W3CDTF">2015-09-08</dcds:literalValueString>
    </dcds:statement>
    <dcds:statement dcds:propertyURI="http://purl.org/dc/terms/contributor" dcds:valueRef="metacontributor" />
  </dcds:description>
  <dcds:description dcds:resourceId="metacontributor">
    <dcds:statement dcds:valueURI="http://xmlns.com/foaf/0.1/Agent" dcds:propertyURI="http://www.w3.org/1999/02/22-rdf-syntax-ns#type" />
    <dcds:statement dcds:valueURI="http://xmlns.com/foaf/0.1/Organization" dcds:propertyURI="http://purl.org/dc/terms/type" />
    <dcds:statement dcds:propertyURI="http://xmlns.com/foaf/0.1/name">
      <dcds:literalValueString xml:lang="en">Organic eprints</dcds:literalValueString>
    </dcds:statement>
    <dcds:statement dcds:valueURI="mailto:eprints@orgprints.org" dcds:propertyURI="http://xmlns.com/foaf/0.1/mbox" />
  </dcds:description>
</dcds:descriptionSet>