<dcds:descriptionSet xmlns:dcds="http://purl.org/dc/xmlns/2008/09/01/dc-ds-xml/" xmlns:xsi="http://www.w3.org/2001/XMLSchema-instance" xsi:schemaLocation="http://purl.org/dc/xmlns/2008/09/01/dc-ds-xml/ http://dublincore.org/schemas/xmls/2008/09/01/dc-ds-xml/dcds.xsd">
  <dcds:description dcds:resourceURI="http://orgprints.org/id/eprint/10743">
    <dcds:statement dcds:valueURI="http://voa3r.eu/class/Resource" dcds:propertyURI="http://www.w3.org/1999/02/22-rdf-syntax-ns#type" />
    <dcds:statement dcds:propertyURI="http://purl.org/dc/terms/title">
      <dcds:literalValueString xml:lang="de">Internationale Wettbewerbsfähigkeit der ökologischen Milchproduktion und Verarbeitung in Deutschland</dcds:literalValueString>
    </dcds:statement>
    <dcds:statement dcds:propertyURI="http://purl.org/dc/terms/language" dcds:vesURI="http://purl.org/dc/terms/RFC5646">
      <dcds:valueString>de</dcds:valueString>
    </dcds:statement>
    <dcds:statement dcds:propertyURI="http://purl.org/dc/terms/abstract">
      <dcds:literalValueString xml:lang="de">Zur Einschätzung der Wettbewerbsfähigkeit der deutschen Öko-Milchproduktion und –verarbeitung wurde ein internationaler Vergleich mit vier (potentiellen) Konkurrenzländern angestellt. Einbezogen wurden Dänemark und Österreich, zwei EU-Ländern mit einem hohen Anteil an ökologischer Milchproduktion, Ungarn, das stellvertretend für die östlichen Beitrittsländer der EU steht und Argentinien, das stellvertretend für die flächenreichen Exportstandorte in der südlichen Hemisphäre steht. Die wichtigsten Ergebnisse:&#xD;
In Deutschland lag der Anteil der Biomilcherzeugung an der gesamten Milcherzeugung im Jahr 2002 bei etwas über 2 %. Dänemark und Österreich produzieren etwa 10 % ihrer Milch ökologisch. Die absolute Menge ist jedoch in allen drei Ländern etwa gleich. In Ungarn und Argentinien spielt die Erzeugung von Biomilch bislang eine untergeordnete Rolle.&#xD;
In Deutschland werden die ökospezifischen Mehrkosten auf ca. 22 % geschätzt (im unter-suchten 38-Kuh-Betrieb). Diese werden durch die höheren Erlöse ausgeglichen. Größere deutsche Bio-Betriebe haben gegenüber dem 38-Kuh-Betrieb Produktionskostenvorteile von bis 35 %. Im Vergleich zu dem 38-Kuh-Betrieb kann Biomilch in den übrigen Län-dern günstiger produziert werden: in Österreich -5 %, in Dänemark -26 %, in Ungarn -39 % und in Argentinien -78 %. Die größeren deutschen Biomilcherzeuger können dagegen mit den europäischen Konkurrenten durchaus mithalten.&#xD;
Nur ca. 15 % der Molkereien in Deutschland verarbeiten Biomilch. In Dänemark liegt dieser Anteil bei 30 % und in Österreich bei 40 %. Das Verbraucherpreisniveau für Milch im Allgemeinen ist in Deutschland verglichen zu anderen Ländern relativ niedrig. Der Öko-Zuschlag auf die Verbraucherpreise ist demgegenüber in Deutschland mit ca. 50 % vergleichsweise hoch (in Dänemark ca. 15 %, in Österreich ca. 35 %). &#xD;
Es ist zu erwarten, dass der Exportdruck von Biomilchprodukten aus Ungarn und Argentinien steigen, in Dänemark etwa konstant bleiben und in Österreich sinken wird. &#xD;
Die Schwächen der deutschen Biomilchproduktion liegen in den vergleichsweise hohen Produktionskosten vor allem bedingt durch die kleine Betriebsstruktur und im Vergleich zu Österreich in den geringen Direktzahlungen. Im Vergleich zu Ungarn und Argentinien weisen die deutschen Produzenten wesentlich höhere Faktorpreise auf. &#xD;
Ansatzstellen für Politik und Wirtschaft sollte die Nachfragestärkung durch Verbraucheraufklärung und gezielte Maßnahmen im Großverbraucherbereich sein. Darüber hinaus sollten auch Märkte in anderen Ländern identifiziert und Exportchancen ausgelotet werden. Ein weiteres Ziel sollte sein, den Rohstoff Biomilch durch Senkung der Produktionskosten wettbewerbsfähiger zu machen. Zudem gilt es, bei politischen Maßnahmen die Planungssicherheit für Produzenten zu berücksichtigen.</dcds:literalValueString>
    </dcds:statement>
    <dcds:statement dcds:propertyURI="http://purl.org/dc/terms/bibliographicCitation" dcds:vesURI="http://www.openurl.info/registry/">
      <dcds:valueString dcds:sesURI="http://voa3r.eu/terms/EncodedSchema">BibTeX:@unpublished{orgprints10743,
           title = {Internationale Wettbewerbsf{\"a}higkeit der {\"o}kologischen Milchproduktion und Verarbeitung in Deutschland},
          author = {Torsten Hemme and Eva Deeken and Werner Fa{\ss}bender},
            year = {2003},
        keywords = {B{\"O}L, BOEL, FKZ 02OE059, {\"o}kologische Milchproduktion, Wettbewerb, Biomilcherzeugung, Biomilchprodukte, Produktionskosten, Verbraucherpreise },
             url = {http://orgprints.org/10743/},
        abstract = {Zur Einsch{\"a}tzung der Wettbewerbsf{\"a}higkeit der deutschen {\"O}ko-Milchproduktion und ?verarbeitung wurde ein internationaler Vergleich mit vier (potentiellen) Konkurrenzl{\"a}ndern angestellt. Einbezogen wurden D{\"a}nemark und {\"O}sterreich, zwei EU-L{\"a}ndern mit einem hohen Anteil an {\"o}kologischer Milchproduktion, Ungarn, das stellvertretend f{\"u}r die {\"o}stlichen Beitrittsl{\"a}nder der EU steht und Argentinien, das stellvertretend f{\"u}r die fl{\"a}chenreichen Exportstandorte in der s{\"u}dlichen Hemisph{\"a}re steht. Die wichtigsten Ergebnisse:&#xD;
In Deutschland lag der Anteil der Biomilcherzeugung an der gesamten Milcherzeugung im Jahr 2002 bei etwas {\"u}ber 2 \%. D{\"a}nemark und {\"O}sterreich produzieren etwa 10 \% ihrer Milch {\"o}kologisch. Die absolute Menge ist jedoch in allen drei L{\"a}ndern etwa gleich. In Ungarn und Argentinien spielt die Erzeugung von Biomilch bislang eine untergeordnete Rolle.&#xD;
In Deutschland werden die {\"o}kospezifischen Mehrkosten auf ca. 22 \% gesch{\"a}tzt (im unter-suchten 38-Kuh-Betrieb). Diese werden durch die h{\"o}heren Erl{\"o}se ausgeglichen. Gr{\"o}{\ss}ere deutsche Bio-Betriebe haben gegen{\"u}ber dem 38-Kuh-Betrieb Produktionskostenvorteile von bis 35 \%. Im Vergleich zu dem 38-Kuh-Betrieb kann Biomilch in den {\"u}brigen L{\"a}n-dern g{\"u}nstiger produziert werden: in {\"O}sterreich -5 \%, in D{\"a}nemark -26 \%, in Ungarn -39 \% und in Argentinien -78 \%. Die gr{\"o}{\ss}eren deutschen Biomilcherzeuger k{\"o}nnen dagegen mit den europ{\"a}ischen Konkurrenten durchaus mithalten.&#xD;
Nur ca. 15 \% der Molkereien in Deutschland verarbeiten Biomilch. In D{\"a}nemark liegt dieser Anteil bei 30 \% und in {\"O}sterreich bei 40 \%. Das Verbraucherpreisniveau f{\"u}r Milch im Allgemeinen ist in Deutschland verglichen zu anderen L{\"a}ndern relativ niedrig. Der {\"O}ko-Zuschlag auf die Verbraucherpreise ist demgegen{\"u}ber in Deutschland mit ca. 50 \% vergleichsweise hoch (in D{\"a}nemark ca. 15 \%, in {\"O}sterreich ca. 35 \%). &#xD;
Es ist zu erwarten, dass der Exportdruck von Biomilchprodukten aus Ungarn und Argentinien steigen, in D{\"a}nemark etwa konstant bleiben und in {\"O}sterreich sinken wird. &#xD;
Die Schw{\"a}chen der deutschen Biomilchproduktion liegen in den vergleichsweise hohen Produktionskosten vor allem bedingt durch die kleine Betriebsstruktur und im Vergleich zu {\"O}sterreich in den geringen Direktzahlungen. Im Vergleich zu Ungarn und Argentinien weisen die deutschen Produzenten wesentlich h{\"o}here Faktorpreise auf. &#xD;
Ansatzstellen f{\"u}r Politik und Wirtschaft sollte die Nachfragest{\"a}rkung durch Verbraucheraufkl{\"a}rung und gezielte Ma{\ss}nahmen im Gro{\ss}verbraucherbereich sein. Dar{\"u}ber hinaus sollten auch M{\"a}rkte in anderen L{\"a}ndern identifiziert und Exportchancen ausgelotet werden. Ein weiteres Ziel sollte sein, den Rohstoff Biomilch durch Senkung der Produktionskosten wettbewerbsf{\"a}higer zu machen. Zudem gilt es, bei politischen Ma{\ss}nahmen die Planungssicherheit f{\"u}r Produzenten zu ber{\"u}cksichtigen.}
}</dcds:valueString>
    </dcds:statement>
    <dcds:statement dcds:propertyURI="http://purl.org/dc/terms/type" dcds:vesURI="http://voa3r.eu/terms/ResourceType">
      <dcds:valueString>Research Report</dcds:valueString>
    </dcds:statement>
    <dcds:statement dcds:propertyURI="http://voa3r.eu/terms/reviewStatus" dcds:vesURI="http://voa3r.eu/terms/ReviewStatus">
      <dcds:valueString>Peer Reviewed</dcds:valueString>
    </dcds:statement>
    <dcds:statement dcds:propertyURI="http://voa3r.eu/terms/publicationStatus" dcds:vesURI="http://voa3r.eu/terms/PublicationStatus">
      <dcds:valueString>WorkingDraft</dcds:valueString>
    </dcds:statement>
    <dcds:statement dcds:propertyURI="http://purl.org/dc/terms/creator" dcds:valueRef="creator1" />
    <dcds:statement dcds:propertyURI="http://purl.org/dc/terms/creator" dcds:valueRef="creator2" />
    <dcds:statement dcds:propertyURI="http://purl.org/dc/terms/creator" dcds:valueRef="creator3" />
    <dcds:statement dcds:propertyURI="http://purl.org/dc/terms/subject">
      <dcds:valueString xml:lang="en">Markets and trade</dcds:valueString>
    </dcds:statement>
    <dcds:statement dcds:propertyURI="http://purl.org/dc/terms/subject">
      <dcds:valueString xml:lang="en">Processing, packaging and transportation</dcds:valueString>
    </dcds:statement>
    <dcds:statement dcds:valueURI="http://orgprints.org/10743/" dcds:propertyURI="http://www.europeana.eu/schemas/ese/isShownAt" />
    <dcds:statement dcds:valueURI="http://orgprints.org/10743/1/10743-02OE059-ble-fal-2003-oekomilchproduktion.pdf" dcds:propertyURI="http://www.europeana.eu/schemas/ese/isShownBy" />
    <dcds:statement dcds:propertyURI="http://purl.org/dc/terms/rights">
      <dcds:literalValueString xml:lang="en">ICROFS rights: All of the entries, statements, results etc. contained in the Organic Eprints archive have been compiled by the authors according to their best knowledge and the metadata have been scrupulously checked by the International Centre for Research in Organic Food Systems (ICROFS) and the Research Institute of Organic Agriculture (FiBL). All depositors of eprints have agreed with the Deposit Agreement below. However, the possibility of mistakes can not be ruled out entirely. Therefore, the responsible partners behind Organic Eprints, the archive staff and the depositors are not subject to any obligation and make no guarantees whatsoever regarding any of the statements etc. on this website; neither do they accept responsibility or liability for any possible mistakes contained therein. The links to other websites on the Organic Eprints pages are for informational purposes only. ICROFS, FiBL and the depositors are not responsible for the availability or content of these sites. In addition, providing links to these sites should not be interpreted as endorsement or approval by ICROFS or FiBL.
Deposit Agreement
When depositing an eprint the depositors consents with the following agreement: "In depositing this eprint (a collection of files and associated metadata), I grant Organic Eprints the right to make it permanently available on-line, with open access to all or in accordance with any access restrictions that I have specified. I understand that Organic Eprints does not assume any responsibility if there is any breach of copyright in distributing these files or metadata. For work being deposited by its own first author: I declare that this eprint is my own intellectual property and that I have the right to make it available in Organic Eprints in the manner chosen. For work being deposited by someone other than its first author: I declare that I have gained the proper permissions from someone with the right to make this eprint available in Organic Eprints in the manner chosen - or that the material is in the public domain. Clicking on the deposit button indicates your agreement to these terms."</dcds:literalValueString>
    </dcds:statement>
    <dcds:statement dcds:valueURI="http://purl.org/eprint/accessRights/OpenAccess" dcds:propertyURI="http://purl.org/dc/terms/accessRights" />
    <dcds:statement dcds:propertyURI="http://purl.org/dc/terms/date">
      <dcds:literalValueString dcds:sesURI="http://purl.org/dc/terms/W3CDTF">2003</dcds:literalValueString>
    </dcds:statement>
    <dcds:statement dcds:propertyURI="http://voa3r.eu/terms/hasMetametadata" dcds:valueRef="metametadata" />
  </dcds:description>
  <dcds:description dcds:resourceId="creator1">
    <dcds:statement dcds:valueURI="http://xmlns.com/foaf/0.1/Agent" dcds:propertyURI="http://www.w3.org/1999/02/22-rdf-syntax-ns#type" />
    <dcds:statement dcds:valueURI="http://xmlns.com/foaf/0.1/Person" dcds:propertyURI="http://purl.org/dc/terms/type" />
    <dcds:statement dcds:propertyURI="http://xmlns.com/foaf/0.1/givenName">
      <dcds:literalValueString>Torsten</dcds:literalValueString>
    </dcds:statement>
    <dcds:statement dcds:propertyURI="http://xmlns.com/foaf/0.1/firstName">
      <dcds:literalValueString>Torsten</dcds:literalValueString>
    </dcds:statement>
    <dcds:statement dcds:propertyURI="http://xmlns.com/foaf/0.1/familyName">
      <dcds:literalValueString>Hemme</dcds:literalValueString>
    </dcds:statement>
    <dcds:statement dcds:propertyURI="http://xmlns.com/foaf/0.1/lastName">
      <dcds:literalValueString>Hemme</dcds:literalValueString>
    </dcds:statement>
  </dcds:description>
  <dcds:description dcds:resourceId="creator2">
    <dcds:statement dcds:valueURI="http://xmlns.com/foaf/0.1/Agent" dcds:propertyURI="http://www.w3.org/1999/02/22-rdf-syntax-ns#type" />
    <dcds:statement dcds:valueURI="http://xmlns.com/foaf/0.1/Person" dcds:propertyURI="http://purl.org/dc/terms/type" />
    <dcds:statement dcds:propertyURI="http://xmlns.com/foaf/0.1/givenName">
      <dcds:literalValueString>Eva</dcds:literalValueString>
    </dcds:statement>
    <dcds:statement dcds:propertyURI="http://xmlns.com/foaf/0.1/firstName">
      <dcds:literalValueString>Eva</dcds:literalValueString>
    </dcds:statement>
    <dcds:statement dcds:propertyURI="http://xmlns.com/foaf/0.1/familyName">
      <dcds:literalValueString>Deeken</dcds:literalValueString>
    </dcds:statement>
    <dcds:statement dcds:propertyURI="http://xmlns.com/foaf/0.1/lastName">
      <dcds:literalValueString>Deeken</dcds:literalValueString>
    </dcds:statement>
  </dcds:description>
  <dcds:description dcds:resourceId="creator3">
    <dcds:statement dcds:valueURI="http://xmlns.com/foaf/0.1/Agent" dcds:propertyURI="http://www.w3.org/1999/02/22-rdf-syntax-ns#type" />
    <dcds:statement dcds:valueURI="http://xmlns.com/foaf/0.1/Person" dcds:propertyURI="http://purl.org/dc/terms/type" />
    <dcds:statement dcds:propertyURI="http://xmlns.com/foaf/0.1/givenName">
      <dcds:literalValueString>Werner</dcds:literalValueString>
    </dcds:statement>
    <dcds:statement dcds:propertyURI="http://xmlns.com/foaf/0.1/firstName">
      <dcds:literalValueString>Werner</dcds:literalValueString>
    </dcds:statement>
    <dcds:statement dcds:propertyURI="http://xmlns.com/foaf/0.1/familyName">
      <dcds:literalValueString>Faßbender</dcds:literalValueString>
    </dcds:statement>
    <dcds:statement dcds:propertyURI="http://xmlns.com/foaf/0.1/lastName">
      <dcds:literalValueString>Faßbender</dcds:literalValueString>
    </dcds:statement>
  </dcds:description>
  <dcds:description dcds:resourceId="metametadata">
    <dcds:statement dcds:valueURI="http://voa3r.eu/class/MetaMetadata" dcds:propertyURI="http://www.w3.org/1999/02/22-rdf-syntax-ns#type" />
    <dcds:statement dcds:propertyURI="http://purl.org/dc/terms/identifier">
      <dcds:valueString>oai:orgprints.org:10743</dcds:valueString>
    </dcds:statement>
    <dcds:statement dcds:propertyURI="http://purl.org/dc/terms/type">
      <dcds:literalValueString>voa3r_dcds v1.0</dcds:literalValueString>
    </dcds:statement>
    <dcds:statement dcds:propertyURI="http://purl.org/dc/terms/date">
      <dcds:literalValueString dcds:sesURI="http://purl.org/dc/terms/W3CDTF">2015-09-08</dcds:literalValueString>
    </dcds:statement>
    <dcds:statement dcds:propertyURI="http://purl.org/dc/terms/contributor" dcds:valueRef="metacontributor" />
  </dcds:description>
  <dcds:description dcds:resourceId="metacontributor">
    <dcds:statement dcds:valueURI="http://xmlns.com/foaf/0.1/Agent" dcds:propertyURI="http://www.w3.org/1999/02/22-rdf-syntax-ns#type" />
    <dcds:statement dcds:valueURI="http://xmlns.com/foaf/0.1/Organization" dcds:propertyURI="http://purl.org/dc/terms/type" />
    <dcds:statement dcds:propertyURI="http://xmlns.com/foaf/0.1/name">
      <dcds:literalValueString xml:lang="en">Organic eprints</dcds:literalValueString>
    </dcds:statement>
    <dcds:statement dcds:valueURI="mailto:eprints@orgprints.org" dcds:propertyURI="http://xmlns.com/foaf/0.1/mbox" />
  </dcds:description>
</dcds:descriptionSet>