<dcds:descriptionSet xmlns:dcds="http://purl.org/dc/xmlns/2008/09/01/dc-ds-xml/" xmlns:xsi="http://www.w3.org/2001/XMLSchema-instance" xsi:schemaLocation="http://purl.org/dc/xmlns/2008/09/01/dc-ds-xml/ http://dublincore.org/schemas/xmls/2008/09/01/dc-ds-xml/dcds.xsd">
  <dcds:description dcds:resourceURI="http://orgprints.org/id/eprint/104">
    <dcds:statement dcds:valueURI="http://voa3r.eu/class/Resource" dcds:propertyURI="http://www.w3.org/1999/02/22-rdf-syntax-ns#type" />
    <dcds:statement dcds:propertyURI="http://purl.org/dc/terms/title">
      <dcds:literalValueString xml:lang="da">Økologisk mælkeproduktion. Strategier og foderforsyning ved 100 procent økologisk fodring</dcds:literalValueString>
    </dcds:statement>
    <dcds:statement dcds:propertyURI="http://purl.org/dc/terms/language" dcds:vesURI="http://purl.org/dc/terms/RFC5646">
      <dcds:valueString>da</dcds:valueString>
    </dcds:statement>
    <dcds:statement dcds:propertyURI="http://purl.org/dc/terms/abstract">
      <dcds:literalValueString xml:lang="da">Ifølge EU's regelsæt vil der i 2005 blive stillet krav om 100% økologisk fodring. Nogle danske mejerier har imidlertid allerede fra medio 2001 stillet krav om 100% økologisk fodring af malkekøerne. En af de langsigtede konsekvenser af overgangen til 100% økologisk fodring forventes at være stigende selvforsyning med økologisk foder enten på den enkelte bedrift eller i bedriftsfællesskaber og lignende. &#xD;
&#xD;
Rapportens formål er på den baggrund at bidrage med viden om konsekvenser af og løsning på problemer ved 100% økologisk fodring og øget selvforsyning. Hovedvægten er lagt på - via en gennemgang af aktuelle, praksisrelevante forskningsresultater - at diskutere mulighederne for at gennemføre en fodring baseret på den økologiske bedrifts egne afgrøder evt. suppleret med dansk produceret foder.&#xD;
&#xD;
Indledningsvist (kapitel 1) skitseres den økologiske mælkeproduktion i Danmark samt de gældende og kommende rammer herfor. Desuden diskuteres perspektiverne i en økologisk mælkeproduktion baseret på 100% økologisk foder. Mælkeproduktionens omfang er gennem en kraftig vækst nået op på ca. 10% af den indvejede mælk i 2000. Markedet ser på kort sigt ud til at nærme sig en mætning, hvilket afspejler sig i en faldende merpris til producenten. Der identificeres to overordnede muligheder i udviklingen af produktionen inden for rammerne af 100% økologisk fodring: Den ene med en fastholdelse af de nuværende mål omkring produktionsniveau mv. per dyr, opnået ved en tilpasning af grovfoderkvalitet og økologisk dyrket tilskudsfoder. Den anden mulighed er en udvikling, hvor økologisk mælkeproduktion virker som en dynamo for den samlede økologiske produktion.  &#xD;
&#xD;
I rapportens kapitel to afrapporteres en undersøgelse fra 1999, hvor seks økologiske mælkeproducenters interviewes om, hvilke muligheder og barrierer de på dette tidspunkt så for overgang til 100 % økologisk fodring og øget selvforsyning med økologisk foder. På de seks bedrifter, der indgik i interviewet, varierede selvforsyningen med foder (FE) fra at udgøre alt det økologiske grov- og kraftfoder til kun at udgøre en del af grovfoderet. Forskellene var hovedsageligt baseret på forholdet mellem arealets størrelse og antallet af dyr samt på indstillingen til og omfanget af salgsafgrøder. Der var bred enighed om det økologiske ideal vedrørende 100% økologisk fodring, og der var opbakning til at indføre fælles EU regler, der betyder 100% økologisk fodring i 2005. Landmændenes mening om, hvor let det vil være at gennemføre 100% økologisk fodring, var delte. De mest bekymrede landmænd troede ikke, at der vil være økologisk foder nok, og de forventede, at flere landmænd vil vælge den konventionelle produktion igen, hvis ikke 100% økologisk fodring samtidig betyder prisstigning for mælken. De øvrige landmænd forventede, at foderproduktionen vil tilpasse sig, men havde dog ingen forventning om, at mælkepriserne vil stige. De landmænd, der var eller snart forventede at blive selvforsynende med foder, forudså, at køerne, når de skulle fodres 100% økologisk, udelukkende skulle have hjemmeavlede afgrøder. I modsætning hertil forventede de landmænd, der indkøbte kraftfoder, også at gøre det fremover.&#xD;
&#xD;
Kapitel 3 omhandler tilskudsfoder til en vintergrundration, som primært består af kløvergræsensilage. Resultaterne er baseret på en række forsøg på Studielandbrug og Den Økologiske Forsøgsstation Rugballegård. Korn indgår i alle delforsøgene som den ene behandling i sammenligning med tilskudsfodermidler, som bidrager med en større mængde protein, fedtsyrer eller cellevægge. I nogle forsøg er tilskudsfodermidlerne substitueret på grundlag af fylde, og i andre på grundlag af udbyttet på et givet areal. Proteinrige tilskudsfodermidler gav ved en grundration med højt stivelsesindhold og lav proteinværdi samme eller højere energikorrigerede mælkeydelse end byg. Ved kvotebegrænsning var mælkeindtægten stort set uafhængig af, hvilket tilskudsfoder der blev tildelt. Arealbehovet til foderforsyningen blev øget ved anvendelse af rapskage, mens det faldt ved anvendelse af grønpiller og roer sammenlignet med byg. Ved anvendelse af rapsfrø var der samme arealbehov som ved anvendelse af byg. &#xD;
&#xD;
I rapportens fjerde kapitel beskrives tre produktionssystemer, som har kørt på Den Økologiske Forsøgsstation Rugballegård gennem tre år: 1) Mælkeproduktion, 2) Svineproduktion samt 3) Kombineret produktion af svin og kvæg, hvor køerne tildeles et reduceret niveau af tilskudsfoder. Kvægbesætningen blev således delt i to hold: N på normalt foderniveau, som afspejlede det rene mælkeproduktionssystem; og L på lavt foderniveau, som afspejlede kombinationssystemet, hvor det energirige foder blev brugt til svineproduktionen. Systemerne er beskrevet gennem modelberegninger og gennem resultater fra Rugballegård. Modelberegningerne viser den højeste gennemsnitlige afgrødeproduktion på 5650 kg ts per ha i kvægsædskiftet (tilhørende malkekvæg på normalt foderniveau) mod 3250 kg ts per ha i svinesædskiftet  (tilhørende produktionen af søer og slagtesvin) og 5150 kg ts per ha i det kombinerede kvæg-svinesædskifte (Malkekvæg lavt foderniveau, søer og slagtesvin). Modelberegningen viser, at forskellene primært er knyttet til sammensætningen af sædskiftet og niveauet af plantetilgængeligt kvælstof, samt at kombinationssystemet (kvæg/svin integreret) indebærer synergieffekter omkring især sædskiftet og næringsstofudnyttelsen. Den observerede produktion i systemerne afveg ikke betydende fra det forventede. Når malkekøerne blev fodret med grovfoder alene, blev intervallet mellem 1. og 2. kælvning øget og der var indikation af at mælkens kvalitet  blev forringet, mens der ikke var indikationer af sygdomsproblemer forbundet med det reducerede foderniveau.&#xD;
&#xD;
I kapitel 5 præsenteres modelberegninger for syv økologiske studielandbrug med mælkeproduktion. Hver bedrift har en belægningsgrad, der muliggør en høj grad af selvforsyning. For hver enkelt bedrift er der, med udgangspunkt i den aktuelle fodring og afgrødeproduktion i 2000, gennemregnet fire forskellige scenarier for at opnå 100% økologisk fodring. I scenario 1 er fodring og sædskifte uændret, men alt indkøb er omregnet til øko-priser. I scenario 2 beregnes, hvor stor en besætning den aktuelle afgrødeproduktion levner plads til, hvis bedrifterne skal være 100% selvforsynende. I scenario 3 og 4 er den oprindelige besætningsstørrelse opretholdt, og der er set på mulighederne i at øge andelen af kløvergræs i sædskiftet samt at dyrke henholdsvis majs eller majs og raps. Forudsætningerne på den enkelte bedrift er afgørende for, hvordan disse tilpasninger vil påvirke økonomien. På nogle bedrifter påvirkes økonomien kun lidt, selvom selvforsyningen øges. Disse bedrifter er kendetegnet ved, at foderrationen i forvejen indeholder en stor andel kløvergræs, og at indkøbet af tilskudsfodermidler både mængdemæssigt og økonomisk er begrænset, samt at udbytteniveauet i specielt kløvergræs er højt. På andre bedrifter vil en højere grad af selvforsyning ved 100% økologisk fodring derimod kunne forbedre økonomien. Det gælder især bedrifter, hvor andelen af kløvergræs i foderrationen er relativt lille, og andelen af indkøbt foder i form af kraftfoder er høj.</dcds:literalValueString>
    </dcds:statement>
    <dcds:statement dcds:propertyURI="http://purl.org/dc/terms/bibliographicCitation" dcds:vesURI="http://www.openurl.info/registry/">
      <dcds:valueString dcds:sesURI="http://voa3r.eu/terms/EncodedSchema">BibTeX:@misc{orgprints104,
          editor = {Jakob Sehested and Troels Kristensen},
           month = {February},
           title = {{\O}kologisk m{\ae}lkeproduktion. Strategier og foderforsyning ved 100 procent {\o}kologisk fodring},
            year = {2002},
          series = {F{\O}JO-rapport},
        keywords = {m{\ae}lk foderforsyning fodring tilskudsfoder produktionsstrategi},
             url = {http://orgprints.org/104/},
        abstract = {If{\o}lge EU's regels{\ae}t vil der i 2005 blive stillet krav om 100\% {\o}kologisk fodring. Nogle danske mejerier har imidlertid allerede fra medio 2001 stillet krav om 100\% {\o}kologisk fodring af malkek{\o}erne. En af de langsigtede konsekvenser af overgangen til 100\% {\o}kologisk fodring forventes at v{\ae}re stigende selvforsyning med {\o}kologisk foder enten p{\ra} den enkelte bedrift eller i bedriftsf{\ae}llesskaber og lignende. &#xD;
&#xD;
Rapportens form{\ra}l er p{\ra} den baggrund at bidrage med viden om konsekvenser af og l{\o}sning p{\ra} problemer ved 100\% {\o}kologisk fodring og {\o}get selvforsyning. Hovedv{\ae}gten er lagt p{\ra} - via en gennemgang af aktuelle, praksisrelevante forskningsresultater - at diskutere mulighederne for at gennemf{\o}re en fodring baseret p{\ra} den {\o}kologiske bedrifts egne afgr{\o}der evt. suppleret med dansk produceret foder.&#xD;
&#xD;
Indledningsvist (kapitel 1) skitseres den {\o}kologiske m{\ae}lkeproduktion i Danmark samt de g{\ae}ldende og kommende rammer herfor. Desuden diskuteres perspektiverne i en {\o}kologisk m{\ae}lkeproduktion baseret p{\ra} 100\% {\o}kologisk foder. M{\ae}lkeproduktionens omfang er gennem en kraftig v{\ae}kst n{\ra}et op p{\ra} ca. 10\% af den indvejede m{\ae}lk i 2000. Markedet ser p{\ra} kort sigt ud til at n{\ae}rme sig en m{\ae}tning, hvilket afspejler sig i en faldende merpris til producenten. Der identificeres to overordnede muligheder i udviklingen af produktionen inden for rammerne af 100\% {\o}kologisk fodring: Den ene med en fastholdelse af de nuv{\ae}rende m{\ra}l omkring produktionsniveau mv. per dyr, opn{\ra}et ved en tilpasning af grovfoderkvalitet og {\o}kologisk dyrket tilskudsfoder. Den anden mulighed er en udvikling, hvor {\o}kologisk m{\ae}lkeproduktion virker som en dynamo for den samlede {\o}kologiske produktion.  &#xD;
&#xD;
I rapportens kapitel to afrapporteres en unders{\o}gelse fra 1999, hvor seks {\o}kologiske m{\ae}lkeproducenters interviewes om, hvilke muligheder og barrierer de p{\ra} dette tidspunkt s{\ra} for overgang til 100 \% {\o}kologisk fodring og {\o}get selvforsyning med {\o}kologisk foder. P{\ra} de seks bedrifter, der indgik i interviewet, varierede selvforsyningen med foder (FE) fra at udg{\o}re alt det {\o}kologiske grov- og kraftfoder til kun at udg{\o}re en del af grovfoderet. Forskellene var hovedsageligt baseret p{\ra} forholdet mellem arealets st{\o}rrelse og antallet af dyr samt p{\ra} indstillingen til og omfanget af salgsafgr{\o}der. Der var bred enighed om det {\o}kologiske ideal vedr{\o}rende 100\% {\o}kologisk fodring, og der var opbakning til at indf{\o}re f{\ae}lles EU regler, der betyder 100\% {\o}kologisk fodring i 2005. Landm{\ae}ndenes mening om, hvor let det vil v{\ae}re at gennemf{\o}re 100\% {\o}kologisk fodring, var delte. De mest bekymrede landm{\ae}nd troede ikke, at der vil v{\ae}re {\o}kologisk foder nok, og de forventede, at flere landm{\ae}nd vil v{\ae}lge den konventionelle produktion igen, hvis ikke 100\% {\o}kologisk fodring samtidig betyder prisstigning for m{\ae}lken. De {\o}vrige landm{\ae}nd forventede, at foderproduktionen vil tilpasse sig, men havde dog ingen forventning om, at m{\ae}lkepriserne vil stige. De landm{\ae}nd, der var eller snart forventede at blive selvforsynende med foder, foruds{\ra}, at k{\o}erne, n{\ra}r de skulle fodres 100\% {\o}kologisk, udelukkende skulle have hjemmeavlede afgr{\o}der. I mods{\ae}tning hertil forventede de landm{\ae}nd, der indk{\o}bte kraftfoder, ogs{\ra} at g{\o}re det fremover.&#xD;
&#xD;
Kapitel 3 omhandler tilskudsfoder til en vintergrundration, som prim{\ae}rt best{\ra}r af kl{\o}vergr{\ae}sensilage. Resultaterne er baseret p{\ra} en r{\ae}kke fors{\o}g p{\ra} Studielandbrug og Den {\O}kologiske Fors{\o}gsstation Rugballeg{\ra}rd. Korn indg{\ra}r i alle delfors{\o}gene som den ene behandling i sammenligning med tilskudsfodermidler, som bidrager med en st{\o}rre m{\ae}ngde protein, fedtsyrer eller cellev{\ae}gge. I nogle fors{\o}g er tilskudsfodermidlerne substitueret p{\ra} grundlag af fylde, og i andre p{\ra} grundlag af udbyttet p{\ra} et givet areal. Proteinrige tilskudsfodermidler gav ved en grundration med h{\o}jt stivelsesindhold og lav proteinv{\ae}rdi samme eller h{\o}jere energikorrigerede m{\ae}lkeydelse end byg. Ved kvotebegr{\ae}nsning var m{\ae}lkeindt{\ae}gten stort set uafh{\ae}ngig af, hvilket tilskudsfoder der blev tildelt. Arealbehovet til foderforsyningen blev {\o}get ved anvendelse af rapskage, mens det faldt ved anvendelse af gr{\o}npiller og roer sammenlignet med byg. Ved anvendelse af rapsfr{\o} var der samme arealbehov som ved anvendelse af byg. &#xD;
&#xD;
I rapportens fjerde kapitel beskrives tre produktionssystemer, som har k{\o}rt p{\ra} Den {\O}kologiske Fors{\o}gsstation Rugballeg{\ra}rd gennem tre {\ra}r: 1) M{\ae}lkeproduktion, 2) Svineproduktion samt 3) Kombineret produktion af svin og kv{\ae}g, hvor k{\o}erne tildeles et reduceret niveau af tilskudsfoder. Kv{\ae}gbes{\ae}tningen blev s{\ra}ledes delt i to hold: N p{\ra} normalt foderniveau, som afspejlede det rene m{\ae}lkeproduktionssystem; og L p{\ra} lavt foderniveau, som afspejlede kombinationssystemet, hvor det energirige foder blev brugt til svineproduktionen. Systemerne er beskrevet gennem modelberegninger og gennem resultater fra Rugballeg{\ra}rd. Modelberegningerne viser den h{\o}jeste gennemsnitlige afgr{\o}deproduktion p{\ra} 5650 kg ts per ha i kv{\ae}gs{\ae}dskiftet (tilh{\o}rende malkekv{\ae}g p{\ra} normalt foderniveau) mod 3250 kg ts per ha i svines{\ae}dskiftet  (tilh{\o}rende produktionen af s{\o}er og slagtesvin) og 5150 kg ts per ha i det kombinerede kv{\ae}g-svines{\ae}dskifte (Malkekv{\ae}g lavt foderniveau, s{\o}er og slagtesvin). Modelberegningen viser, at forskellene prim{\ae}rt er knyttet til sammens{\ae}tningen af s{\ae}dskiftet og niveauet af plantetilg{\ae}ngeligt kv{\ae}lstof, samt at kombinationssystemet (kv{\ae}g/svin integreret) indeb{\ae}rer synergieffekter omkring is{\ae}r s{\ae}dskiftet og n{\ae}ringsstofudnyttelsen. Den observerede produktion i systemerne afveg ikke betydende fra det forventede. N{\ra}r malkek{\o}erne blev fodret med grovfoder alene, blev intervallet mellem 1. og 2. k{\ae}lvning {\o}get og der var indikation af at m{\ae}lkens kvalitet  blev forringet, mens der ikke var indikationer af sygdomsproblemer forbundet med det reducerede foderniveau.&#xD;
&#xD;
I kapitel 5 pr{\ae}senteres modelberegninger for syv {\o}kologiske studielandbrug med m{\ae}lkeproduktion. Hver bedrift har en bel{\ae}gningsgrad, der muligg{\o}r en h{\o}j grad af selvforsyning. For hver enkelt bedrift er der, med udgangspunkt i den aktuelle fodring og afgr{\o}deproduktion i 2000, gennemregnet fire forskellige scenarier for at opn{\ra} 100\% {\o}kologisk fodring. I scenario 1 er fodring og s{\ae}dskifte u{\ae}ndret, men alt indk{\o}b er omregnet til {\o}ko-priser. I scenario 2 beregnes, hvor stor en bes{\ae}tning den aktuelle afgr{\o}deproduktion levner plads til, hvis bedrifterne skal v{\ae}re 100\% selvforsynende. I scenario 3 og 4 er den oprindelige bes{\ae}tningsst{\o}rrelse opretholdt, og der er set p{\ra} mulighederne i at {\o}ge andelen af kl{\o}vergr{\ae}s i s{\ae}dskiftet samt at dyrke henholdsvis majs eller majs og raps. Foruds{\ae}tningerne p{\ra} den enkelte bedrift er afg{\o}rende for, hvordan disse tilpasninger vil p{\ra}virke {\o}konomien. P{\ra} nogle bedrifter p{\ra}virkes {\o}konomien kun lidt, selvom selvforsyningen {\o}ges. Disse bedrifter er kendetegnet ved, at foderrationen i forvejen indeholder en stor andel kl{\o}vergr{\ae}s, og at indk{\o}bet af tilskudsfodermidler b{\ra}de m{\ae}ngdem{\ae}ssigt og {\o}konomisk er begr{\ae}nset, samt at udbytteniveauet i specielt kl{\o}vergr{\ae}s er h{\o}jt. P{\ra} andre bedrifter vil en h{\o}jere grad af selvforsyning ved 100\% {\o}kologisk fodring derimod kunne forbedre {\o}konomien. Det g{\ae}lder is{\ae}r bedrifter, hvor andelen af kl{\o}vergr{\ae}s i foderrationen er relativt lille, og andelen af indk{\o}bt foder i form af kraftfoder er h{\o}j.}
}</dcds:valueString>
    </dcds:statement>
    <dcds:statement dcds:propertyURI="http://purl.org/dc/terms/type" dcds:vesURI="http://voa3r.eu/terms/ResourceType">
      <dcds:valueString>Research Report</dcds:valueString>
    </dcds:statement>
    <dcds:statement dcds:propertyURI="http://voa3r.eu/terms/reviewStatus" dcds:vesURI="http://voa3r.eu/terms/ReviewStatus">
      <dcds:valueString>Peer Reviewed</dcds:valueString>
    </dcds:statement>
    <dcds:statement dcds:propertyURI="http://voa3r.eu/terms/publicationStatus" dcds:vesURI="http://voa3r.eu/terms/PublicationStatus">
      <dcds:valueString>Published</dcds:valueString>
    </dcds:statement>
    <dcds:statement dcds:propertyURI="http://id.loc.gov/vocabulary/relators/edt" dcds:valueRef="editor1" />
    <dcds:statement dcds:propertyURI="http://id.loc.gov/vocabulary/relators/edt" dcds:valueRef="editor2" />
    <dcds:statement dcds:propertyURI="http://purl.org/dc/terms/subject">
      <dcds:valueString xml:lang="en">Dairy cattle</dcds:valueString>
    </dcds:statement>
    <dcds:statement dcds:propertyURI="http://purl.org/dc/terms/subject">
      <dcds:valueString xml:lang="en">Animal husbandry</dcds:valueString>
    </dcds:statement>
    <dcds:statement dcds:valueURI="http://orgprints.org/104/" dcds:propertyURI="http://www.europeana.eu/schemas/ese/isShownAt" />
    <dcds:statement dcds:valueURI="http://orgprints.org/104/1/FOJO_RAP_17.pdf" dcds:propertyURI="http://www.europeana.eu/schemas/ese/isShownBy" />
    <dcds:statement dcds:propertyURI="http://purl.org/dc/terms/rights">
      <dcds:literalValueString xml:lang="en">ICROFS rights: All of the entries, statements, results etc. contained in the Organic Eprints archive have been compiled by the authors according to their best knowledge and the metadata have been scrupulously checked by the International Centre for Research in Organic Food Systems (ICROFS) and the Research Institute of Organic Agriculture (FiBL). All depositors of eprints have agreed with the Deposit Agreement below. However, the possibility of mistakes can not be ruled out entirely. Therefore, the responsible partners behind Organic Eprints, the archive staff and the depositors are not subject to any obligation and make no guarantees whatsoever regarding any of the statements etc. on this website; neither do they accept responsibility or liability for any possible mistakes contained therein. The links to other websites on the Organic Eprints pages are for informational purposes only. ICROFS, FiBL and the depositors are not responsible for the availability or content of these sites. In addition, providing links to these sites should not be interpreted as endorsement or approval by ICROFS or FiBL.
Deposit Agreement
When depositing an eprint the depositors consents with the following agreement: "In depositing this eprint (a collection of files and associated metadata), I grant Organic Eprints the right to make it permanently available on-line, with open access to all or in accordance with any access restrictions that I have specified. I understand that Organic Eprints does not assume any responsibility if there is any breach of copyright in distributing these files or metadata. For work being deposited by its own first author: I declare that this eprint is my own intellectual property and that I have the right to make it available in Organic Eprints in the manner chosen. For work being deposited by someone other than its first author: I declare that I have gained the proper permissions from someone with the right to make this eprint available in Organic Eprints in the manner chosen - or that the material is in the public domain. Clicking on the deposit button indicates your agreement to these terms."</dcds:literalValueString>
    </dcds:statement>
    <dcds:statement dcds:valueURI="http://purl.org/eprint/accessRights/OpenAccess" dcds:propertyURI="http://purl.org/dc/terms/accessRights" />
    <dcds:statement dcds:propertyURI="http://purl.org/dc/terms/date">
      <dcds:literalValueString dcds:sesURI="http://purl.org/dc/terms/W3CDTF">2002-02</dcds:literalValueString>
    </dcds:statement>
    <dcds:statement dcds:propertyURI="http://voa3r.eu/terms/hasMetametadata" dcds:valueRef="metametadata" />
  </dcds:description>
  <dcds:description dcds:resourceId="editor1">
    <dcds:statement dcds:valueURI="http://xmlns.com/foaf/0.1/Agent" dcds:propertyURI="http://www.w3.org/1999/02/22-rdf-syntax-ns#type" />
    <dcds:statement dcds:valueURI="http://xmlns.com/foaf/0.1/Person" dcds:propertyURI="http://purl.org/dc/terms/type" />
    <dcds:statement dcds:propertyURI="http://xmlns.com/foaf/0.1/givenName">
      <dcds:literalValueString>Jakob</dcds:literalValueString>
    </dcds:statement>
    <dcds:statement dcds:propertyURI="http://xmlns.com/foaf/0.1/firstName">
      <dcds:literalValueString>Jakob</dcds:literalValueString>
    </dcds:statement>
    <dcds:statement dcds:propertyURI="http://xmlns.com/foaf/0.1/familyName">
      <dcds:literalValueString>Sehested</dcds:literalValueString>
    </dcds:statement>
    <dcds:statement dcds:propertyURI="http://xmlns.com/foaf/0.1/lastName">
      <dcds:literalValueString>Sehested</dcds:literalValueString>
    </dcds:statement>
  </dcds:description>
  <dcds:description dcds:resourceId="editor2">
    <dcds:statement dcds:valueURI="http://xmlns.com/foaf/0.1/Agent" dcds:propertyURI="http://www.w3.org/1999/02/22-rdf-syntax-ns#type" />
    <dcds:statement dcds:valueURI="http://xmlns.com/foaf/0.1/Person" dcds:propertyURI="http://purl.org/dc/terms/type" />
    <dcds:statement dcds:propertyURI="http://xmlns.com/foaf/0.1/givenName">
      <dcds:literalValueString>Troels</dcds:literalValueString>
    </dcds:statement>
    <dcds:statement dcds:propertyURI="http://xmlns.com/foaf/0.1/firstName">
      <dcds:literalValueString>Troels</dcds:literalValueString>
    </dcds:statement>
    <dcds:statement dcds:propertyURI="http://xmlns.com/foaf/0.1/familyName">
      <dcds:literalValueString>Kristensen</dcds:literalValueString>
    </dcds:statement>
    <dcds:statement dcds:propertyURI="http://xmlns.com/foaf/0.1/lastName">
      <dcds:literalValueString>Kristensen</dcds:literalValueString>
    </dcds:statement>
  </dcds:description>
  <dcds:description dcds:resourceId="metametadata">
    <dcds:statement dcds:valueURI="http://voa3r.eu/class/MetaMetadata" dcds:propertyURI="http://www.w3.org/1999/02/22-rdf-syntax-ns#type" />
    <dcds:statement dcds:propertyURI="http://purl.org/dc/terms/identifier">
      <dcds:valueString>oai:orgprints.org:104</dcds:valueString>
    </dcds:statement>
    <dcds:statement dcds:propertyURI="http://purl.org/dc/terms/type">
      <dcds:literalValueString>voa3r_dcds v1.0</dcds:literalValueString>
    </dcds:statement>
    <dcds:statement dcds:propertyURI="http://purl.org/dc/terms/date">
      <dcds:literalValueString dcds:sesURI="http://purl.org/dc/terms/W3CDTF">2015-09-08</dcds:literalValueString>
    </dcds:statement>
    <dcds:statement dcds:propertyURI="http://purl.org/dc/terms/contributor" dcds:valueRef="metacontributor" />
  </dcds:description>
  <dcds:description dcds:resourceId="metacontributor">
    <dcds:statement dcds:valueURI="http://xmlns.com/foaf/0.1/Agent" dcds:propertyURI="http://www.w3.org/1999/02/22-rdf-syntax-ns#type" />
    <dcds:statement dcds:valueURI="http://xmlns.com/foaf/0.1/Organization" dcds:propertyURI="http://purl.org/dc/terms/type" />
    <dcds:statement dcds:propertyURI="http://xmlns.com/foaf/0.1/name">
      <dcds:literalValueString xml:lang="en">Organic eprints</dcds:literalValueString>
    </dcds:statement>
    <dcds:statement dcds:valueURI="mailto:eprints@orgprints.org" dcds:propertyURI="http://xmlns.com/foaf/0.1/mbox" />
  </dcds:description>
</dcds:descriptionSet>