<dcds:descriptionSet xmlns:dcds="http://purl.org/dc/xmlns/2008/09/01/dc-ds-xml/" xmlns:xsi="http://www.w3.org/2001/XMLSchema-instance" xsi:schemaLocation="http://purl.org/dc/xmlns/2008/09/01/dc-ds-xml/ http://dublincore.org/schemas/xmls/2008/09/01/dc-ds-xml/dcds.xsd">
  <dcds:description dcds:resourceURI="http://orgprints.org/id/eprint/10657">
    <dcds:statement dcds:valueURI="http://voa3r.eu/class/Resource" dcds:propertyURI="http://www.w3.org/1999/02/22-rdf-syntax-ns#type" />
    <dcds:statement dcds:propertyURI="http://purl.org/dc/terms/title">
      <dcds:literalValueString xml:lang="en">Ethics and animal welfare in organic animal husbandry: an interdisciplinary approach</dcds:literalValueString>
    </dcds:statement>
    <dcds:statement dcds:propertyURI="http://purl.org/dc/terms/language" dcds:vesURI="http://purl.org/dc/terms/RFC5646">
      <dcds:valueString>en</dcds:valueString>
    </dcds:statement>
    <dcds:statement dcds:propertyURI="http://purl.org/dc/terms/abstract">
      <dcds:literalValueString xml:lang="en">Abstract&#xD;
&#xD;
Farm animals make importance contributions to organic farming systems. This thesis deals with the value and aims of organic farming in relation to animal welfare concerns. The organic standards and other publications from the organic movement are analyzed to define basic values. These are related to ethical theory, and ecocentric ethics is suggested as an ethical position for organic farming. It is concluded that although the main concern is to develop sustainable and environmentally friendly farming systems, animal welfare is an important aim in organic farming.&#xD;
&#xD;
Two studies have been made of Swedish organic livestock farmers to examine their values and beliefs about animal husbandry and animal welfare. The first study comprised 15 equalitative in-depth interviews. The second study was a quantitative questionnaire study, where answers were analyzed using principal component analysis (exploratory factor analysis). Both studies showed that the ecocentric position can be identified among Swedish organic livestock farmers in their perception of animal welfare.&#xD;
&#xD;
An important finding is that the animal welfare concept is understood differently in organic farming from what is usual in conventional agriculture. It is interpreted in terms of natural living, which includes the possibility of performing a natural behavior, feeds adapted to the animal's physiology and a natural environment. Thus, it is important for the organic farmers to be explicit and communicate their view of animal welfare to other groups.&#xD;
&#xD;
A literature study was performed to learn about the actual animal welfare situation in organic animal husbandry. Only 22 peer-reviewed articles were found. There were no indications in the literature that overall health is worse in organic than in conventional herds. A very careful conclusion was that animal health in organic farming is as good or perhaps better – with the important exception of parasitic diseases.&#xD;
&#xD;
The thesis also analyzes conflicting values and dilemmas in organic animal husbandry, e.g., between the ecocentric position and aspects of animal welfare. The questionnaire study revealed two groups with partially differing values: farmers who see organic farming as a life style and who believe environmental issues and natural living are important, and entrepreneurial farmers who consider making money and new challenges more important. An ethical contract is proposed as a tool to handle the dilemmas.&#xD;
&#xD;
It is concluded that it is important for organic farmers and for the organic movement to take animal health and welfare issues seriously.</dcds:literalValueString>
    </dcds:statement>
    <dcds:statement dcds:propertyURI="http://purl.org/dc/terms/bibliographicCitation" dcds:vesURI="http://www.openurl.info/registry/">
      <dcds:valueString dcds:sesURI="http://voa3r.eu/terms/EncodedSchema">BibTeX:@phdthesis{orgprints10657,
           title = {Ethics and animal welfare in organic animal husbandry: an interdisciplinary approach&#xD;
  &#xD;
},
          school = {Swedish University of Agricultural Sciences},
          author = {Vonne L. Lund},
       publisher = {Swedish University of Agricultural Sciences},
            year = {2002},
          series = {Acta Universitatis Agriculturae Sueciae},
        keywords = {ecocentric ethics, ethical contract, animal welfare, natural behavior, organic farming, organic livestock production, organic animal husbandry&#xD;
},
             url = {http://orgprints.org/10657/},
        abstract = {Abstract&#xD;
&#xD;
Farm animals make importance contributions to organic farming systems. This thesis deals with the value and aims of organic farming in relation to animal welfare concerns. The organic standards and other publications from the organic movement are analyzed to define basic values. These are related to ethical theory, and ecocentric ethics is suggested as an ethical position for organic farming. It is concluded that although the main concern is to develop sustainable and environmentally friendly farming systems, animal welfare is an important aim in organic farming.&#xD;
&#xD;
Two studies have been made of Swedish organic livestock farmers to examine their values and beliefs about animal husbandry and animal welfare. The first study comprised 15 equalitative in-depth interviews. The second study was a quantitative questionnaire study, where answers were analyzed using principal component analysis (exploratory factor analysis). Both studies showed that the ecocentric position can be identified among Swedish organic livestock farmers in their perception of animal welfare.&#xD;
&#xD;
An important finding is that the animal welfare concept is understood differently in organic farming from what is usual in conventional agriculture. It is interpreted in terms of natural living, which includes the possibility of performing a natural behavior, feeds adapted to the animal's physiology and a natural environment. Thus, it is important for the organic farmers to be explicit and communicate their view of animal welfare to other groups.&#xD;
&#xD;
A literature study was performed to learn about the actual animal welfare situation in organic animal husbandry. Only 22 peer-reviewed articles were found. There were no indications in the literature that overall health is worse in organic than in conventional herds. A very careful conclusion was that animal health in organic farming is as good or perhaps better ? with the important exception of parasitic diseases.&#xD;
&#xD;
The thesis also analyzes conflicting values and dilemmas in organic animal husbandry, e.g., between the ecocentric position and aspects of animal welfare. The questionnaire study revealed two groups with partially differing values: farmers who see organic farming as a life style and who believe environmental issues and natural living are important, and entrepreneurial farmers who consider making money and new challenges more important. An ethical contract is proposed as a tool to handle the dilemmas.&#xD;
&#xD;
It is concluded that it is important for organic farmers and for the organic movement to take animal health and welfare issues seriously.&#xD;
}
}</dcds:valueString>
    </dcds:statement>
    <dcds:statement dcds:propertyURI="http://purl.org/dc/terms/type" dcds:vesURI="http://voa3r.eu/terms/ResourceType">
      <dcds:valueString>Thesis</dcds:valueString>
    </dcds:statement>
    <dcds:statement dcds:propertyURI="http://voa3r.eu/terms/reviewStatus" dcds:vesURI="http://voa3r.eu/terms/ReviewStatus">
      <dcds:valueString>Peer Reviewed</dcds:valueString>
    </dcds:statement>
    <dcds:statement dcds:propertyURI="http://voa3r.eu/terms/publicationStatus" dcds:vesURI="http://voa3r.eu/terms/PublicationStatus">
      <dcds:valueString>Published</dcds:valueString>
    </dcds:statement>
    <dcds:statement dcds:propertyURI="http://purl.org/dc/terms/creator" dcds:valueRef="creator1" />
    <dcds:statement dcds:propertyURI="http://purl.org/dc/terms/publisher" dcds:valueRef="publisher" />
    <dcds:statement dcds:propertyURI="http://purl.org/dc/terms/subject">
      <dcds:valueString xml:lang="en">History of organics</dcds:valueString>
    </dcds:statement>
    <dcds:statement dcds:propertyURI="http://purl.org/dc/terms/subject">
      <dcds:valueString xml:lang="en">Values, standards and certification</dcds:valueString>
    </dcds:statement>
    <dcds:statement dcds:propertyURI="http://purl.org/dc/terms/subject">
      <dcds:valueString xml:lang="en">Health and welfare</dcds:valueString>
    </dcds:statement>
    <dcds:statement dcds:valueURI="http://orgprints.org/10657/" dcds:propertyURI="http://www.europeana.eu/schemas/ese/isShownAt" />
    <dcds:statement dcds:valueURI="http://orgprints.org/10657/1/index.html" dcds:propertyURI="http://www.europeana.eu/schemas/ese/isShownBy" />
    <dcds:statement dcds:propertyURI="http://purl.org/dc/terms/rights">
      <dcds:literalValueString xml:lang="en">ICROFS rights: All of the entries, statements, results etc. contained in the Organic Eprints archive have been compiled by the authors according to their best knowledge and the metadata have been scrupulously checked by the International Centre for Research in Organic Food Systems (ICROFS) and the Research Institute of Organic Agriculture (FiBL). All depositors of eprints have agreed with the Deposit Agreement below. However, the possibility of mistakes can not be ruled out entirely. Therefore, the responsible partners behind Organic Eprints, the archive staff and the depositors are not subject to any obligation and make no guarantees whatsoever regarding any of the statements etc. on this website; neither do they accept responsibility or liability for any possible mistakes contained therein. The links to other websites on the Organic Eprints pages are for informational purposes only. ICROFS, FiBL and the depositors are not responsible for the availability or content of these sites. In addition, providing links to these sites should not be interpreted as endorsement or approval by ICROFS or FiBL.
Deposit Agreement
When depositing an eprint the depositors consents with the following agreement: "In depositing this eprint (a collection of files and associated metadata), I grant Organic Eprints the right to make it permanently available on-line, with open access to all or in accordance with any access restrictions that I have specified. I understand that Organic Eprints does not assume any responsibility if there is any breach of copyright in distributing these files or metadata. For work being deposited by its own first author: I declare that this eprint is my own intellectual property and that I have the right to make it available in Organic Eprints in the manner chosen. For work being deposited by someone other than its first author: I declare that I have gained the proper permissions from someone with the right to make this eprint available in Organic Eprints in the manner chosen - or that the material is in the public domain. Clicking on the deposit button indicates your agreement to these terms."</dcds:literalValueString>
    </dcds:statement>
    <dcds:statement dcds:valueURI="http://purl.org/eprint/accessRights/OpenAccess" dcds:propertyURI="http://purl.org/dc/terms/accessRights" />
    <dcds:statement dcds:propertyURI="http://purl.org/dc/terms/date">
      <dcds:literalValueString dcds:sesURI="http://purl.org/dc/terms/W3CDTF">2002</dcds:literalValueString>
    </dcds:statement>
    <dcds:statement dcds:propertyURI="http://voa3r.eu/terms/hasMetametadata" dcds:valueRef="metametadata" />
  </dcds:description>
  <dcds:description dcds:resourceId="creator1">
    <dcds:statement dcds:valueURI="http://xmlns.com/foaf/0.1/Agent" dcds:propertyURI="http://www.w3.org/1999/02/22-rdf-syntax-ns#type" />
    <dcds:statement dcds:valueURI="http://xmlns.com/foaf/0.1/Person" dcds:propertyURI="http://purl.org/dc/terms/type" />
    <dcds:statement dcds:propertyURI="http://xmlns.com/foaf/0.1/givenName">
      <dcds:literalValueString>Vonne L.</dcds:literalValueString>
    </dcds:statement>
    <dcds:statement dcds:propertyURI="http://xmlns.com/foaf/0.1/firstName">
      <dcds:literalValueString>Vonne L.</dcds:literalValueString>
    </dcds:statement>
    <dcds:statement dcds:propertyURI="http://xmlns.com/foaf/0.1/familyName">
      <dcds:literalValueString>Lund</dcds:literalValueString>
    </dcds:statement>
    <dcds:statement dcds:propertyURI="http://xmlns.com/foaf/0.1/lastName">
      <dcds:literalValueString>Lund</dcds:literalValueString>
    </dcds:statement>
  </dcds:description>
  <dcds:description dcds:resourceId="publisher">
    <dcds:statement dcds:valueURI="http://xmlns.com/foaf/0.1/Agent" dcds:propertyURI="http://www.w3.org/1999/02/22-rdf-syntax-ns#type" />
    <dcds:statement dcds:valueURI="http://xmlns.com/foaf/0.1/Organization" dcds:propertyURI="http://purl.org/dc/terms/type" />
    <dcds:statement dcds:propertyURI="http://xmlns.com/foaf/0.1/name">
      <dcds:literalValueString>Swedish University of Agricultural Sciences</dcds:literalValueString>
    </dcds:statement>
  </dcds:description>
  <dcds:description dcds:resourceId="metametadata">
    <dcds:statement dcds:valueURI="http://voa3r.eu/class/MetaMetadata" dcds:propertyURI="http://www.w3.org/1999/02/22-rdf-syntax-ns#type" />
    <dcds:statement dcds:propertyURI="http://purl.org/dc/terms/identifier">
      <dcds:valueString>oai:orgprints.org:10657</dcds:valueString>
    </dcds:statement>
    <dcds:statement dcds:propertyURI="http://purl.org/dc/terms/type">
      <dcds:literalValueString>voa3r_dcds v1.0</dcds:literalValueString>
    </dcds:statement>
    <dcds:statement dcds:propertyURI="http://purl.org/dc/terms/date">
      <dcds:literalValueString dcds:sesURI="http://purl.org/dc/terms/W3CDTF">2015-09-08</dcds:literalValueString>
    </dcds:statement>
    <dcds:statement dcds:propertyURI="http://purl.org/dc/terms/contributor" dcds:valueRef="metacontributor" />
  </dcds:description>
  <dcds:description dcds:resourceId="metacontributor">
    <dcds:statement dcds:valueURI="http://xmlns.com/foaf/0.1/Agent" dcds:propertyURI="http://www.w3.org/1999/02/22-rdf-syntax-ns#type" />
    <dcds:statement dcds:valueURI="http://xmlns.com/foaf/0.1/Organization" dcds:propertyURI="http://purl.org/dc/terms/type" />
    <dcds:statement dcds:propertyURI="http://xmlns.com/foaf/0.1/name">
      <dcds:literalValueString xml:lang="en">Organic eprints</dcds:literalValueString>
    </dcds:statement>
    <dcds:statement dcds:valueURI="mailto:eprints@orgprints.org" dcds:propertyURI="http://xmlns.com/foaf/0.1/mbox" />
  </dcds:description>
</dcds:descriptionSet>