<dcds:descriptionSet xmlns:dcds="http://purl.org/dc/xmlns/2008/09/01/dc-ds-xml/" xmlns:xsi="http://www.w3.org/2001/XMLSchema-instance" xsi:schemaLocation="http://purl.org/dc/xmlns/2008/09/01/dc-ds-xml/ http://dublincore.org/schemas/xmls/2008/09/01/dc-ds-xml/dcds.xsd">
  <dcds:description dcds:resourceURI="http://orgprints.org/id/eprint/10384">
    <dcds:statement dcds:valueURI="http://voa3r.eu/class/Resource" dcds:propertyURI="http://www.w3.org/1999/02/22-rdf-syntax-ns#type" />
    <dcds:statement dcds:propertyURI="http://purl.org/dc/terms/title">
      <dcds:literalValueString xml:lang="de">Entwicklung eines Rückstands-Kontrollsystems im Bereich Honig aus ökologischer Bienenhaltung</dcds:literalValueString>
    </dcds:statement>
    <dcds:statement dcds:propertyURI="http://purl.org/dc/terms/language" dcds:vesURI="http://purl.org/dc/terms/RFC5646">
      <dcds:valueString>de</dcds:valueString>
    </dcds:statement>
    <dcds:statement dcds:propertyURI="http://purl.org/dc/terms/abstract">
      <dcds:literalValueString xml:lang="de">Als Gesamtziel sollte ein Rückstands-Kontrollsystem für organische Säuren im Honig entwickelt werden, die von Öko-Imkereien als Varroazide eingesetzt werden und potenziell zu Rückständen führen können. &#xD;
Diese Rückstände umfassen jede künstlich erhöhte Säure-Konzentrationen und geschmackliche Veränderungen im Honig. Sie stellen keinerlei Gesundheitsrisiko für den Konsumenten dar, verstoßen aber gegen die Honigverordnung.&#xD;
Wird die Varroa-Bekämpfung gemäß der Standardzulassung durchgeführt, wird die Rückstandsproblematik nicht berührt. In der Praxis kann jedoch aufgrund massiven Varroabefalls eine Behandlung der Völker während der aktiven Saison notwendig sein. Daraus können Rückstände der Folgetracht resultieren, die dann bei der amtlichen Honig-Überwachung auffallen. Mit eigene Untersuchungen konnten fehlende Rückstandsdaten erschlossen werden. &#xD;
Die Ergebnisse lassen sich wie folgt zusammenfassen:&#xD;
- Rückstände organischer Säuren bleiben bei Lagerung über lange Zeit im Honig weitestgehend stabil. &#xD;
- Zwischentrachtbehandlungen hatten selbst nach anschließend einsetzender Massentracht einen negativen Effekt auf Rückstandsgehalte der später geernteten Honige. Eine kalkulierbare Sicherheit ist für eine Rückstandsreduzierung bei Zwischentracht-Behandlungen mit organischen Säuren und anschließender Anwanderung einer Massentracht nicht gegeben. &#xD;
- Sensorische Erkennungsschwellen organischer Säuren im Honig zeigen, dass wenn Varroazid-Rückstände im Honig vorhanden sind, die Wahrscheinlichkeit einer geschmacklichen Auswirkung gegeben ist. &#xD;
Die Festlegung von Höchstmengenwerten bzw. action limits als Grundbestandteile des Rückstandskontrollsystems soll in einer Expertenrunde im April 2004 anlässlich eines Internationalen Symposiums „Prevention of Residues in Honey – Changes in Beekeeping Practice“ in Celle getroffen werden.</dcds:literalValueString>
    </dcds:statement>
    <dcds:statement dcds:propertyURI="http://purl.org/dc/terms/bibliographicCitation" dcds:vesURI="http://www.openurl.info/registry/">
      <dcds:valueString dcds:sesURI="http://voa3r.eu/terms/EncodedSchema">BibTeX:@unpublished{orgprints10384,
           title = {Entwicklung eines R{\"u}ckstands-Kontrollsystems im Bereich Honig aus {\"o}kologischer Bienenhaltung},
          author = {Otto Boecking and Ulrike Kubersky},
            year = {2004},
        keywords = {B{\"O}L, BOEL, FKZ 02OE554, Bienenhaltung, Bienen, Bio-Imkereien, Bio-Imker, Milben, Varroa, Honig, Varroazide, organische S{\"a}uren, R{\"u}ckst{\"a}nde, R{\"u}ckstands-Kontrollsystem},
             url = {http://orgprints.org/10384/},
        abstract = {Als Gesamtziel sollte ein R{\"u}ckstands-Kontrollsystem f{\"u}r organische S{\"a}uren im Honig entwickelt werden, die von {\"O}ko-Imkereien als Varroazide eingesetzt werden und potenziell zu R{\"u}ckst{\"a}nden f{\"u}hren k{\"o}nnen. &#xD;
Diese R{\"u}ckst{\"a}nde umfassen jede k{\"u}nstlich erh{\"o}hte S{\"a}ure-Konzentrationen und geschmackliche Ver{\"a}nderungen im Honig. Sie stellen keinerlei Gesundheitsrisiko f{\"u}r den Konsumenten dar, versto{\ss}en aber gegen die Honigverordnung.&#xD;
Wird die Varroa-Bek{\"a}mpfung gem{\"a}{\ss} der Standardzulassung durchgef{\"u}hrt, wird die R{\"u}ckstandsproblematik nicht ber{\"u}hrt. In der Praxis kann jedoch aufgrund massiven Varroabefalls eine Behandlung der V{\"o}lker w{\"a}hrend der aktiven Saison notwendig sein. Daraus k{\"o}nnen R{\"u}ckst{\"a}nde der Folgetracht resultieren, die dann bei der amtlichen Honig-{\"U}berwachung auffallen. Mit eigene Untersuchungen konnten fehlende R{\"u}ckstandsdaten erschlossen werden. &#xD;
Die Ergebnisse lassen sich wie folgt zusammenfassen:&#xD;
- R{\"u}ckst{\"a}nde organischer S{\"a}uren bleiben bei Lagerung {\"u}ber lange Zeit im Honig weitestgehend stabil. &#xD;
- Zwischentrachtbehandlungen hatten selbst nach anschlie{\ss}end einsetzender Massentracht einen negativen Effekt auf R{\"u}ckstandsgehalte der sp{\"a}ter geernteten Honige. Eine kalkulierbare Sicherheit ist f{\"u}r eine R{\"u}ckstandsreduzierung bei Zwischentracht-Behandlungen mit organischen S{\"a}uren und anschlie{\ss}ender Anwanderung einer Massentracht nicht gegeben. &#xD;
- Sensorische Erkennungsschwellen organischer S{\"a}uren im Honig zeigen, dass wenn Varroazid-R{\"u}ckst{\"a}nde im Honig vorhanden sind, die Wahrscheinlichkeit einer geschmacklichen Auswirkung gegeben ist. &#xD;
Die Festlegung von H{\"o}chstmengenwerten bzw. action limits als Grundbestandteile des R{\"u}ckstandskontrollsystems soll in einer Expertenrunde im April 2004 anl{\"a}sslich eines Internationalen Symposiums ?Prevention of Residues in Honey ? Changes in Beekeeping Practice? in Celle getroffen werden. }
}</dcds:valueString>
    </dcds:statement>
    <dcds:statement dcds:propertyURI="http://purl.org/dc/terms/type" dcds:vesURI="http://voa3r.eu/terms/ResourceType">
      <dcds:valueString>Research Report</dcds:valueString>
    </dcds:statement>
    <dcds:statement dcds:propertyURI="http://voa3r.eu/terms/reviewStatus" dcds:vesURI="http://voa3r.eu/terms/ReviewStatus">
      <dcds:valueString>Peer Reviewed</dcds:valueString>
    </dcds:statement>
    <dcds:statement dcds:propertyURI="http://voa3r.eu/terms/publicationStatus" dcds:vesURI="http://voa3r.eu/terms/PublicationStatus">
      <dcds:valueString>WorkingDraft</dcds:valueString>
    </dcds:statement>
    <dcds:statement dcds:propertyURI="http://purl.org/dc/terms/creator" dcds:valueRef="creator1" />
    <dcds:statement dcds:propertyURI="http://purl.org/dc/terms/creator" dcds:valueRef="creator2" />
    <dcds:statement dcds:propertyURI="http://purl.org/dc/terms/subject">
      <dcds:valueString xml:lang="en">Food security, food quality and human health</dcds:valueString>
    </dcds:statement>
    <dcds:statement dcds:propertyURI="http://purl.org/dc/terms/subject">
      <dcds:valueString xml:lang="en">Values, standards and certification</dcds:valueString>
    </dcds:statement>
    <dcds:statement dcds:valueURI="http://orgprints.org/10384/" dcds:propertyURI="http://www.europeana.eu/schemas/ese/isShownAt" />
    <dcds:statement dcds:valueURI="http://orgprints.org/10384/1/10384-02OE554-laves-boecking-2004-varroazide.pdf" dcds:propertyURI="http://purl.org/dc/terms/hasPart">
      <dcds:valueString>Schlussbericht / 10384-02OE554-laves-boecking-2004-varroazide.pdf</dcds:valueString>
    </dcds:statement>
    <dcds:statement dcds:valueURI="http://orgprints.org/10384/4/10384-02OE554-laves-boecking-2004-leitfaden-varroazide.pdf" dcds:propertyURI="http://purl.org/dc/terms/hasPart">
      <dcds:valueString>Leitfaden / 10384-02OE554-laves-boecking-2004-leitfaden-varroazide.pdf</dcds:valueString>
    </dcds:statement>
    <dcds:statement dcds:propertyURI="http://purl.org/dc/terms/rights">
      <dcds:literalValueString xml:lang="en">ICROFS rights: All of the entries, statements, results etc. contained in the Organic Eprints archive have been compiled by the authors according to their best knowledge and the metadata have been scrupulously checked by the International Centre for Research in Organic Food Systems (ICROFS) and the Research Institute of Organic Agriculture (FiBL). All depositors of eprints have agreed with the Deposit Agreement below. However, the possibility of mistakes can not be ruled out entirely. Therefore, the responsible partners behind Organic Eprints, the archive staff and the depositors are not subject to any obligation and make no guarantees whatsoever regarding any of the statements etc. on this website; neither do they accept responsibility or liability for any possible mistakes contained therein. The links to other websites on the Organic Eprints pages are for informational purposes only. ICROFS, FiBL and the depositors are not responsible for the availability or content of these sites. In addition, providing links to these sites should not be interpreted as endorsement or approval by ICROFS or FiBL.
Deposit Agreement
When depositing an eprint the depositors consents with the following agreement: "In depositing this eprint (a collection of files and associated metadata), I grant Organic Eprints the right to make it permanently available on-line, with open access to all or in accordance with any access restrictions that I have specified. I understand that Organic Eprints does not assume any responsibility if there is any breach of copyright in distributing these files or metadata. For work being deposited by its own first author: I declare that this eprint is my own intellectual property and that I have the right to make it available in Organic Eprints in the manner chosen. For work being deposited by someone other than its first author: I declare that I have gained the proper permissions from someone with the right to make this eprint available in Organic Eprints in the manner chosen - or that the material is in the public domain. Clicking on the deposit button indicates your agreement to these terms."</dcds:literalValueString>
    </dcds:statement>
    <dcds:statement dcds:valueURI="http://purl.org/eprint/accessRights/OpenAccess" dcds:propertyURI="http://purl.org/dc/terms/accessRights" />
    <dcds:statement dcds:propertyURI="http://purl.org/dc/terms/date">
      <dcds:literalValueString dcds:sesURI="http://purl.org/dc/terms/W3CDTF">2004</dcds:literalValueString>
    </dcds:statement>
    <dcds:statement dcds:propertyURI="http://voa3r.eu/terms/hasMetametadata" dcds:valueRef="metametadata" />
  </dcds:description>
  <dcds:description dcds:resourceId="creator1">
    <dcds:statement dcds:valueURI="http://xmlns.com/foaf/0.1/Agent" dcds:propertyURI="http://www.w3.org/1999/02/22-rdf-syntax-ns#type" />
    <dcds:statement dcds:valueURI="http://xmlns.com/foaf/0.1/Person" dcds:propertyURI="http://purl.org/dc/terms/type" />
    <dcds:statement dcds:propertyURI="http://xmlns.com/foaf/0.1/givenName">
      <dcds:literalValueString>Otto</dcds:literalValueString>
    </dcds:statement>
    <dcds:statement dcds:propertyURI="http://xmlns.com/foaf/0.1/firstName">
      <dcds:literalValueString>Otto</dcds:literalValueString>
    </dcds:statement>
    <dcds:statement dcds:propertyURI="http://xmlns.com/foaf/0.1/familyName">
      <dcds:literalValueString>Boecking</dcds:literalValueString>
    </dcds:statement>
    <dcds:statement dcds:propertyURI="http://xmlns.com/foaf/0.1/lastName">
      <dcds:literalValueString>Boecking</dcds:literalValueString>
    </dcds:statement>
  </dcds:description>
  <dcds:description dcds:resourceId="creator2">
    <dcds:statement dcds:valueURI="http://xmlns.com/foaf/0.1/Agent" dcds:propertyURI="http://www.w3.org/1999/02/22-rdf-syntax-ns#type" />
    <dcds:statement dcds:valueURI="http://xmlns.com/foaf/0.1/Person" dcds:propertyURI="http://purl.org/dc/terms/type" />
    <dcds:statement dcds:propertyURI="http://xmlns.com/foaf/0.1/givenName">
      <dcds:literalValueString>Ulrike</dcds:literalValueString>
    </dcds:statement>
    <dcds:statement dcds:propertyURI="http://xmlns.com/foaf/0.1/firstName">
      <dcds:literalValueString>Ulrike</dcds:literalValueString>
    </dcds:statement>
    <dcds:statement dcds:propertyURI="http://xmlns.com/foaf/0.1/familyName">
      <dcds:literalValueString>Kubersky</dcds:literalValueString>
    </dcds:statement>
    <dcds:statement dcds:propertyURI="http://xmlns.com/foaf/0.1/lastName">
      <dcds:literalValueString>Kubersky</dcds:literalValueString>
    </dcds:statement>
  </dcds:description>
  <dcds:description dcds:resourceId="metametadata">
    <dcds:statement dcds:valueURI="http://voa3r.eu/class/MetaMetadata" dcds:propertyURI="http://www.w3.org/1999/02/22-rdf-syntax-ns#type" />
    <dcds:statement dcds:propertyURI="http://purl.org/dc/terms/identifier">
      <dcds:valueString>oai:orgprints.org:10384</dcds:valueString>
    </dcds:statement>
    <dcds:statement dcds:propertyURI="http://purl.org/dc/terms/type">
      <dcds:literalValueString>voa3r_dcds v1.0</dcds:literalValueString>
    </dcds:statement>
    <dcds:statement dcds:propertyURI="http://purl.org/dc/terms/date">
      <dcds:literalValueString dcds:sesURI="http://purl.org/dc/terms/W3CDTF">2015-09-08</dcds:literalValueString>
    </dcds:statement>
    <dcds:statement dcds:propertyURI="http://purl.org/dc/terms/contributor" dcds:valueRef="metacontributor" />
  </dcds:description>
  <dcds:description dcds:resourceId="metacontributor">
    <dcds:statement dcds:valueURI="http://xmlns.com/foaf/0.1/Agent" dcds:propertyURI="http://www.w3.org/1999/02/22-rdf-syntax-ns#type" />
    <dcds:statement dcds:valueURI="http://xmlns.com/foaf/0.1/Organization" dcds:propertyURI="http://purl.org/dc/terms/type" />
    <dcds:statement dcds:propertyURI="http://xmlns.com/foaf/0.1/name">
      <dcds:literalValueString xml:lang="en">Organic eprints</dcds:literalValueString>
    </dcds:statement>
    <dcds:statement dcds:valueURI="mailto:eprints@orgprints.org" dcds:propertyURI="http://xmlns.com/foaf/0.1/mbox" />
  </dcds:description>
</dcds:descriptionSet>