<dcds:descriptionSet xmlns:dcds="http://purl.org/dc/xmlns/2008/09/01/dc-ds-xml/" xmlns:xsi="http://www.w3.org/2001/XMLSchema-instance" xsi:schemaLocation="http://purl.org/dc/xmlns/2008/09/01/dc-ds-xml/ http://dublincore.org/schemas/xmls/2008/09/01/dc-ds-xml/dcds.xsd">
  <dcds:description dcds:resourceURI="http://orgprints.org/id/eprint/10146">
    <dcds:statement dcds:valueURI="http://voa3r.eu/class/Resource" dcds:propertyURI="http://www.w3.org/1999/02/22-rdf-syntax-ns#type" />
    <dcds:statement dcds:propertyURI="http://purl.org/dc/terms/title">
      <dcds:literalValueString xml:lang="da">Kløvergræsmarker modvirker drivhuseffekten</dcds:literalValueString>
    </dcds:statement>
    <dcds:statement dcds:propertyURI="http://purl.org/dc/terms/language" dcds:vesURI="http://purl.org/dc/terms/RFC5646">
      <dcds:valueString>da</dcds:valueString>
    </dcds:statement>
    <dcds:statement dcds:propertyURI="http://purl.org/dc/terms/abstract">
      <dcds:literalValueString xml:lang="da">Lattergas (N2O) er en drivhusgas, som primært dannes når bakterier i jorden omsætter kvælstof. I Danmark anslås det, at landbrugets udledning af lattergas til atmosfæren udgør ca. 14 procent af det samlede udslip af drivhusgasser.&#xD;
Ved beregning af udslippet af lattergas antages det at 1.25 procent af det kvælstof, der gødes med på marken, tabes som lattergas. &#xD;
&#xD;
Dette gælder, når der er tale om gødning med handelsgødning.&#xD;
Kløverplanter har den særlige egenskab, at de er i stand til at indbygge (fiksere) kvælstof fra luften, hvorved planterne kan medvirke til at ‘gøde’ sig selv og også gøde jorden for efterfølgende afgrøder. Kløvergræs (en blanding af græs og kløver) er derfor en vigtig afgrøde på både økologiske og konventionelle mælkebrug.&#xD;
&#xD;
Imidlertid findes der stort set ingen viden om, hvor meget af det atmosfærisk fikserede kvælstof i kløverplanter, der vender tilbage til atmosfæren som lattergas. Vi har nu undersøgt dette som en del af et netop afsluttet Ph.d. studie.</dcds:literalValueString>
    </dcds:statement>
    <dcds:statement dcds:propertyURI="http://purl.org/dc/terms/bibliographicCitation" dcds:vesURI="http://www.openurl.info/registry/">
      <dcds:valueString dcds:sesURI="http://voa3r.eu/terms/EncodedSchema">BibTeX:@misc{orgprints10146,
          volume = {6},
           month = {December},
           title = {Kl{\o}vergr{\ae}smarker modvirker drivhuseffekten},
          author = {Mette S. Carter and Per Amus},
            year = {2005},
         journal = {F{\O}JOenyt},
             url = {http://orgprints.org/10146/},
        abstract = {Lattergas (N2O) er en drivhusgas, som prim{\ae}rt dannes n{\ra}r bakterier i jorden oms{\ae}tter kv{\ae}lstof. I Danmark ansl{\ra}s det, at landbrugets udledning af lattergas til atmosf{\ae}ren udg{\o}r ca. 14 procent af det samlede udslip af drivhusgasser.&#xD;
Ved beregning af udslippet af lattergas antages det at 1.25 procent af det kv{\ae}lstof, der g{\o}des med p{\ra} marken, tabes som lattergas. &#xD;
&#xD;
Dette g{\ae}lder, n{\ra}r der er tale om g{\o}dning med handelsg{\o}dning.&#xD;
Kl{\o}verplanter har den s{\ae}rlige egenskab, at de er i stand til at indbygge (fiksere) kv{\ae}lstof fra luften, hvorved planterne kan medvirke til at ?g{\o}de? sig selv og ogs{\ra} g{\o}de jorden for efterf{\o}lgende afgr{\o}der. Kl{\o}vergr{\ae}s (en blanding af gr{\ae}s og kl{\o}ver) er derfor en vigtig afgr{\o}de p{\ra} b{\ra}de {\o}kologiske og konventionelle m{\ae}lkebrug.&#xD;
&#xD;
Imidlertid findes der stort set ingen viden om, hvor meget af det atmosf{\ae}risk fikserede kv{\ae}lstof i kl{\o}verplanter, der vender tilbage til atmosf{\ae}ren som lattergas. Vi har nu unders{\o}gt dette som en del af et netop afsluttet Ph.d. studie.}
}</dcds:valueString>
    </dcds:statement>
    <dcds:statement dcds:propertyURI="http://purl.org/dc/terms/type" dcds:vesURI="http://voa3r.eu/terms/ResourceType">
      <dcds:valueString>Article</dcds:valueString>
    </dcds:statement>
    <dcds:statement dcds:propertyURI="http://voa3r.eu/terms/reviewStatus" dcds:vesURI="http://voa3r.eu/terms/ReviewStatus">
      <dcds:valueString>Peer Reviewed</dcds:valueString>
    </dcds:statement>
    <dcds:statement dcds:propertyURI="http://voa3r.eu/terms/publicationStatus" dcds:vesURI="http://voa3r.eu/terms/PublicationStatus">
      <dcds:valueString>Published</dcds:valueString>
    </dcds:statement>
    <dcds:statement dcds:propertyURI="http://purl.org/dc/terms/creator" dcds:valueRef="creator1" />
    <dcds:statement dcds:propertyURI="http://purl.org/dc/terms/creator" dcds:valueRef="creator2" />
    <dcds:statement dcds:propertyURI="http://purl.org/dc/terms/subject">
      <dcds:valueString xml:lang="en">Pasture and forage crops</dcds:valueString>
    </dcds:statement>
    <dcds:statement dcds:propertyURI="http://purl.org/dc/terms/subject">
      <dcds:valueString xml:lang="en">Air and water emissions</dcds:valueString>
    </dcds:statement>
    <dcds:statement dcds:valueURI="http://orgprints.org/10146/" dcds:propertyURI="http://www.europeana.eu/schemas/ese/isShownAt" />
    <dcds:statement dcds:valueURI="http://orgprints.org/10146/1/10146.pdf" dcds:propertyURI="http://www.europeana.eu/schemas/ese/isShownBy" />
    <dcds:statement dcds:propertyURI="http://purl.org/dc/terms/rights">
      <dcds:literalValueString xml:lang="en">ICROFS rights: All of the entries, statements, results etc. contained in the Organic Eprints archive have been compiled by the authors according to their best knowledge and the metadata have been scrupulously checked by the International Centre for Research in Organic Food Systems (ICROFS) and the Research Institute of Organic Agriculture (FiBL). All depositors of eprints have agreed with the Deposit Agreement below. However, the possibility of mistakes can not be ruled out entirely. Therefore, the responsible partners behind Organic Eprints, the archive staff and the depositors are not subject to any obligation and make no guarantees whatsoever regarding any of the statements etc. on this website; neither do they accept responsibility or liability for any possible mistakes contained therein. The links to other websites on the Organic Eprints pages are for informational purposes only. ICROFS, FiBL and the depositors are not responsible for the availability or content of these sites. In addition, providing links to these sites should not be interpreted as endorsement or approval by ICROFS or FiBL.
Deposit Agreement
When depositing an eprint the depositors consents with the following agreement: "In depositing this eprint (a collection of files and associated metadata), I grant Organic Eprints the right to make it permanently available on-line, with open access to all or in accordance with any access restrictions that I have specified. I understand that Organic Eprints does not assume any responsibility if there is any breach of copyright in distributing these files or metadata. For work being deposited by its own first author: I declare that this eprint is my own intellectual property and that I have the right to make it available in Organic Eprints in the manner chosen. For work being deposited by someone other than its first author: I declare that I have gained the proper permissions from someone with the right to make this eprint available in Organic Eprints in the manner chosen - or that the material is in the public domain. Clicking on the deposit button indicates your agreement to these terms."</dcds:literalValueString>
    </dcds:statement>
    <dcds:statement dcds:valueURI="http://purl.org/eprint/accessRights/OpenAccess" dcds:propertyURI="http://purl.org/dc/terms/accessRights" />
    <dcds:statement dcds:propertyURI="http://purl.org/dc/terms/date">
      <dcds:literalValueString dcds:sesURI="http://purl.org/dc/terms/W3CDTF">2005-12</dcds:literalValueString>
    </dcds:statement>
    <dcds:statement dcds:propertyURI="http://voa3r.eu/terms/hasMetametadata" dcds:valueRef="metametadata" />
  </dcds:description>
  <dcds:description dcds:resourceId="creator1">
    <dcds:statement dcds:valueURI="http://xmlns.com/foaf/0.1/Agent" dcds:propertyURI="http://www.w3.org/1999/02/22-rdf-syntax-ns#type" />
    <dcds:statement dcds:valueURI="http://xmlns.com/foaf/0.1/Person" dcds:propertyURI="http://purl.org/dc/terms/type" />
    <dcds:statement dcds:propertyURI="http://xmlns.com/foaf/0.1/givenName">
      <dcds:literalValueString>Mette S.</dcds:literalValueString>
    </dcds:statement>
    <dcds:statement dcds:propertyURI="http://xmlns.com/foaf/0.1/firstName">
      <dcds:literalValueString>Mette S.</dcds:literalValueString>
    </dcds:statement>
    <dcds:statement dcds:propertyURI="http://xmlns.com/foaf/0.1/familyName">
      <dcds:literalValueString>Carter</dcds:literalValueString>
    </dcds:statement>
    <dcds:statement dcds:propertyURI="http://xmlns.com/foaf/0.1/lastName">
      <dcds:literalValueString>Carter</dcds:literalValueString>
    </dcds:statement>
  </dcds:description>
  <dcds:description dcds:resourceId="creator2">
    <dcds:statement dcds:valueURI="http://xmlns.com/foaf/0.1/Agent" dcds:propertyURI="http://www.w3.org/1999/02/22-rdf-syntax-ns#type" />
    <dcds:statement dcds:valueURI="http://xmlns.com/foaf/0.1/Person" dcds:propertyURI="http://purl.org/dc/terms/type" />
    <dcds:statement dcds:propertyURI="http://xmlns.com/foaf/0.1/givenName">
      <dcds:literalValueString>Per</dcds:literalValueString>
    </dcds:statement>
    <dcds:statement dcds:propertyURI="http://xmlns.com/foaf/0.1/firstName">
      <dcds:literalValueString>Per</dcds:literalValueString>
    </dcds:statement>
    <dcds:statement dcds:propertyURI="http://xmlns.com/foaf/0.1/familyName">
      <dcds:literalValueString>Amus</dcds:literalValueString>
    </dcds:statement>
    <dcds:statement dcds:propertyURI="http://xmlns.com/foaf/0.1/lastName">
      <dcds:literalValueString>Amus</dcds:literalValueString>
    </dcds:statement>
  </dcds:description>
  <dcds:description dcds:resourceId="metametadata">
    <dcds:statement dcds:valueURI="http://voa3r.eu/class/MetaMetadata" dcds:propertyURI="http://www.w3.org/1999/02/22-rdf-syntax-ns#type" />
    <dcds:statement dcds:propertyURI="http://purl.org/dc/terms/identifier">
      <dcds:valueString>oai:orgprints.org:10146</dcds:valueString>
    </dcds:statement>
    <dcds:statement dcds:propertyURI="http://purl.org/dc/terms/type">
      <dcds:literalValueString>voa3r_dcds v1.0</dcds:literalValueString>
    </dcds:statement>
    <dcds:statement dcds:propertyURI="http://purl.org/dc/terms/date">
      <dcds:literalValueString dcds:sesURI="http://purl.org/dc/terms/W3CDTF">2015-09-08</dcds:literalValueString>
    </dcds:statement>
    <dcds:statement dcds:propertyURI="http://purl.org/dc/terms/contributor" dcds:valueRef="metacontributor" />
  </dcds:description>
  <dcds:description dcds:resourceId="metacontributor">
    <dcds:statement dcds:valueURI="http://xmlns.com/foaf/0.1/Agent" dcds:propertyURI="http://www.w3.org/1999/02/22-rdf-syntax-ns#type" />
    <dcds:statement dcds:valueURI="http://xmlns.com/foaf/0.1/Organization" dcds:propertyURI="http://purl.org/dc/terms/type" />
    <dcds:statement dcds:propertyURI="http://xmlns.com/foaf/0.1/name">
      <dcds:literalValueString xml:lang="en">Organic eprints</dcds:literalValueString>
    </dcds:statement>
    <dcds:statement dcds:valueURI="mailto:eprints@orgprints.org" dcds:propertyURI="http://xmlns.com/foaf/0.1/mbox" />
  </dcds:description>
</dcds:descriptionSet>