<dcds:descriptionSet xmlns:dcds="http://purl.org/dc/xmlns/2008/09/01/dc-ds-xml/" xmlns:xsi="http://www.w3.org/2001/XMLSchema-instance" xsi:schemaLocation="http://purl.org/dc/xmlns/2008/09/01/dc-ds-xml/ http://dublincore.org/schemas/xmls/2008/09/01/dc-ds-xml/dcds.xsd">
  <dcds:description dcds:resourceURI="http://orgprints.org/id/eprint/10452">
    <dcds:statement dcds:valueURI="http://voa3r.eu/class/Resource" dcds:propertyURI="http://www.w3.org/1999/02/22-rdf-syntax-ns#type" />
    <dcds:statement dcds:propertyURI="http://purl.org/dc/terms/title">
      <dcds:literalValueString xml:lang="en">Sheep grazing vs. cutting: regeneration and soil nutrient exploitation of the grassland weed Rumex obtusifolius</dcds:literalValueString>
    </dcds:statement>
    <dcds:statement dcds:propertyURI="http://purl.org/dc/terms/language" dcds:vesURI="http://purl.org/dc/terms/RFC5646">
      <dcds:valueString>en</dcds:valueString>
    </dcds:statement>
    <dcds:statement dcds:propertyURI="http://purl.org/dc/terms/abstract">
      <dcds:literalValueString xml:lang="en">Broad-leaved dock (Rumex obtusifolius L., Polygonaceae) is an agronomically&#xD;important perennial weed causing decreases in pasture yields and fodder quality.&#xD;Non-chemical control measures for dock are often limited to frequent pulling and&#xD;cutting, additionally it is usually avoided by grazing animals. Here, the regeneration of&#xD;R. obtusifolius in a Rumex-infested grassland grazed by a sheep breed that explicitly&#xD;feeds on dock (Ovis aries L. cv. East Prussian Skudden) was compared to cutting.&#xD;Therefore, regeneration of 90 R. obtusifolius plants of three different size classes was&#xD;monitored in three plots during three grazing and cutting cycles. Plant height and&#xD;number of fruit-stands of regrown R. obtusifolius was significantly lower, number of&#xD;leaves significantly higher after grazing than after cutting, while plant diameter was&#xD;unaffected. Initially medium and large-sized plants (&gt;40 cm diameter) were significantly&#xD;more sensitive to grazing or cutting than initially smaller sized plants. Soil&#xD;nitrate and ammonium concentrations in the vicinity of R. obtusifolius correlated with&#xD;some regrowth parameters but were not affected by grazing or cutting. Sheep-grazed&#xD;grassland communities comprised fewer legumes (p=0.002), more grasses (p=0.010)&#xD;and fewer sward gaps (p=0.025) than cut grassland. At the end of the experiment,&#xD;abundance of R. obtusifolius in sheep grazed plots was lower than in cut plots&#xD;(p=0.089) suggesting that regrowth potential of this weed was depleted by continuous&#xD;grazing and higher sward density. In conclusion, these data suggest that sheep could&#xD;be considered in grassland management schemes to both directly and indirectly control&#xD;Rumex infestations.</dcds:literalValueString>
    </dcds:statement>
    <dcds:statement dcds:propertyURI="http://purl.org/dc/terms/bibliographicCitation" dcds:vesURI="http://www.openurl.info/registry/">
      <dcds:valueString dcds:sesURI="http://voa3r.eu/terms/EncodedSchema">BibTeX:@misc{orgprints10452,          volume = {51},           title = {Sheep grazing vs. cutting: regeneration and soil nutrient exploitation of the grassland weed Rumex obtusifolius},          author = {Johann G. Zaller},            year = {2006},           pages = {837--850},         journal = {BioControl},        keywords = {cultural control, direct weed control, pasture management, ruminant&#xD;grazing, weed ecology},             url = {http://orgprints.org/10452/},        abstract = {Broad-leaved dock (Rumex obtusifolius L., Polygonaceae) is an agronomically&#xD;important perennial weed causing decreases in pasture yields and fodder quality.&#xD;Non-chemical control measures for dock are often limited to frequent pulling and&#xD;cutting, additionally it is usually avoided by grazing animals. Here, the regeneration of&#xD;R. obtusifolius in a Rumex-infested grassland grazed by a sheep breed that explicitly&#xD;feeds on dock (Ovis aries L. cv. East Prussian Skudden) was compared to cutting.&#xD;Therefore, regeneration of 90 R. obtusifolius plants of three different size classes was&#xD;monitored in three plots during three grazing and cutting cycles. Plant height and&#xD;number of fruit-stands of regrown R. obtusifolius was significantly lower, number of&#xD;leaves significantly higher after grazing than after cutting, while plant diameter was&#xD;unaffected. Initially medium and large-sized plants ({\ensuremath{&gt;}}40 cm diameter) were significantly&#xD;more sensitive to grazing or cutting than initially smaller sized plants. Soil&#xD;nitrate and ammonium concentrations in the vicinity of R. obtusifolius correlated with&#xD;some regrowth parameters but were not affected by grazing or cutting. Sheep-grazed&#xD;grassland communities comprised fewer legumes (p=0.002), more grasses (p=0.010)&#xD;and fewer sward gaps (p=0.025) than cut grassland. At the end of the experiment,&#xD;abundance of R. obtusifolius in sheep grazed plots was lower than in cut plots&#xD;(p=0.089) suggesting that regrowth potential of this weed was depleted by continuous&#xD;grazing and higher sward density. In conclusion, these data suggest that sheep could&#xD;be considered in grassland management schemes to both directly and indirectly control&#xD;Rumex infestations.}}</dcds:valueString>
    </dcds:statement>
    <dcds:statement dcds:propertyURI="http://purl.org/dc/terms/type" dcds:vesURI="http://voa3r.eu/terms/ResourceType">
      <dcds:valueString>Article</dcds:valueString>
    </dcds:statement>
    <dcds:statement dcds:propertyURI="http://voa3r.eu/terms/reviewStatus" dcds:vesURI="http://voa3r.eu/terms/ReviewStatus">
      <dcds:valueString>Peer Reviewed</dcds:valueString>
    </dcds:statement>
    <dcds:statement dcds:propertyURI="http://voa3r.eu/terms/publicationStatus" dcds:vesURI="http://voa3r.eu/terms/PublicationStatus">
      <dcds:valueString>Published</dcds:valueString>
    </dcds:statement>
    <dcds:statement dcds:propertyURI="http://purl.org/dc/terms/creator" dcds:valueRef="creator1" />
    <dcds:statement dcds:propertyURI="http://purl.org/dc/terms/subject">
      <dcds:valueString xml:lang="en">Crop health, quality, protection</dcds:valueString>
    </dcds:statement>
    <dcds:statement dcds:valueURI="http://orgprints.org/10452/" dcds:propertyURI="http://www.europeana.eu/schemas/ese/isShownAt" />
    <dcds:statement dcds:propertyURI="http://purl.org/dc/terms/rights">
      <dcds:literalValueString xml:lang="en">ICROFS rights: All of the entries, statements, results etc. contained in the Organic Eprints archive have been compiled by the authors according to their best knowledge and the metadata have been scrupulously checked by the International Centre for Research in Organic Food Systems (ICROFS) and the Research Institute of Organic Agriculture (FiBL). All depositors of eprints have agreed with the Deposit Agreement below. However, the possibility of mistakes can not be ruled out entirely. Therefore, the responsible partners behind Organic Eprints, the archive staff and the depositors are not subject to any obligation and make no guarantees whatsoever regarding any of the statements etc. on this website; neither do they accept responsibility or liability for any possible mistakes contained therein. The links to other websites on the Organic Eprints pages are for informational purposes only. ICROFS, FiBL and the depositors are not responsible for the availability or content of these sites. In addition, providing links to these sites should not be interpreted as endorsement or approval by ICROFS or FiBL.Deposit AgreementWhen depositing an eprint the depositors consents with the following agreement: "In depositing this eprint (a collection of files and associated metadata), I grant Organic Eprints the right to make it permanently available on-line, with open access to all or in accordance with any access restrictions that I have specified. I understand that Organic Eprints does not assume any responsibility if there is any breach of copyright in distributing these files or metadata. For work being deposited by its own first author: I declare that this eprint is my own intellectual property and that I have the right to make it available in Organic Eprints in the manner chosen. For work being deposited by someone other than its first author: I declare that I have gained the proper permissions from someone with the right to make this eprint available in Organic Eprints in the manner chosen - or that the material is in the public domain. Clicking on the deposit button indicates your agreement to these terms."</dcds:literalValueString>
    </dcds:statement>
    <dcds:statement dcds:valueURI="http://purl.org/eprint/accessRights/OpenAccess" dcds:propertyURI="http://purl.org/dc/terms/accessRights" />
    <dcds:statement dcds:propertyURI="http://purl.org/dc/terms/date">
      <dcds:literalValueString dcds:sesURI="http://purl.org/dc/terms/W3CDTF">2006</dcds:literalValueString>
    </dcds:statement>
    <dcds:statement dcds:propertyURI="http://voa3r.eu/terms/hasMetametadata" dcds:valueRef="metametadata" />
  </dcds:description>
  <dcds:description dcds:resourceId="creator1">
    <dcds:statement dcds:valueURI="http://xmlns.com/foaf/0.1/Agent" dcds:propertyURI="http://www.w3.org/1999/02/22-rdf-syntax-ns#type" />
    <dcds:statement dcds:valueURI="http://xmlns.com/foaf/0.1/Person" dcds:propertyURI="http://purl.org/dc/terms/type" />
    <dcds:statement dcds:propertyURI="http://xmlns.com/foaf/0.1/givenName">
      <dcds:literalValueString>Johann G.</dcds:literalValueString>
    </dcds:statement>
    <dcds:statement dcds:propertyURI="http://xmlns.com/foaf/0.1/firstName">
      <dcds:literalValueString>Johann G.</dcds:literalValueString>
    </dcds:statement>
    <dcds:statement dcds:propertyURI="http://xmlns.com/foaf/0.1/familyName">
      <dcds:literalValueString>Zaller</dcds:literalValueString>
    </dcds:statement>
    <dcds:statement dcds:propertyURI="http://xmlns.com/foaf/0.1/lastName">
      <dcds:literalValueString>Zaller</dcds:literalValueString>
    </dcds:statement>
  </dcds:description>
  <dcds:description dcds:resourceId="metametadata">
    <dcds:statement dcds:valueURI="http://voa3r.eu/class/MetaMetadata" dcds:propertyURI="http://www.w3.org/1999/02/22-rdf-syntax-ns#type" />
    <dcds:statement dcds:propertyURI="http://purl.org/dc/terms/identifier">
      <dcds:valueString>oai:orgprints.org:10452</dcds:valueString>
    </dcds:statement>
    <dcds:statement dcds:propertyURI="http://purl.org/dc/terms/type">
      <dcds:literalValueString>voa3r_dcds v1.0</dcds:literalValueString>
    </dcds:statement>
    <dcds:statement dcds:propertyURI="http://purl.org/dc/terms/date">
      <dcds:literalValueString dcds:sesURI="http://purl.org/dc/terms/W3CDTF">2015-09-08</dcds:literalValueString>
    </dcds:statement>
    <dcds:statement dcds:propertyURI="http://purl.org/dc/terms/contributor" dcds:valueRef="metacontributor" />
  </dcds:description>
  <dcds:description dcds:resourceId="metacontributor">
    <dcds:statement dcds:valueURI="http://xmlns.com/foaf/0.1/Agent" dcds:propertyURI="http://www.w3.org/1999/02/22-rdf-syntax-ns#type" />
    <dcds:statement dcds:valueURI="http://xmlns.com/foaf/0.1/Organization" dcds:propertyURI="http://purl.org/dc/terms/type" />
    <dcds:statement dcds:propertyURI="http://xmlns.com/foaf/0.1/name">
      <dcds:literalValueString xml:lang="en">Organic eprints</dcds:literalValueString>
    </dcds:statement>
    <dcds:statement dcds:valueURI="mailto:eprints@orgprints.org" dcds:propertyURI="http://xmlns.com/foaf/0.1/mbox" />
  </dcds:description>
</dcds:descriptionSet>