<dcds:descriptionSet xmlns:dcds="http://purl.org/dc/xmlns/2008/09/01/dc-ds-xml/" xmlns:xsi="http://www.w3.org/2001/XMLSchema-instance" xsi:schemaLocation="http://purl.org/dc/xmlns/2008/09/01/dc-ds-xml/ http://dublincore.org/schemas/xmls/2008/09/01/dc-ds-xml/dcds.xsd">
  <dcds:description dcds:resourceURI="http://orgprints.org/id/eprint/10736">
    <dcds:statement dcds:valueURI="http://voa3r.eu/class/Resource" dcds:propertyURI="http://www.w3.org/1999/02/22-rdf-syntax-ns#type" />
    <dcds:statement dcds:propertyURI="http://purl.org/dc/terms/title">
      <dcds:literalValueString xml:lang="es">Primera aproximación a los principios y valores de la agricultura ecológica en España</dcds:literalValueString>
    </dcds:statement>
    <dcds:statement dcds:propertyURI="http://purl.org/dc/terms/language" dcds:vesURI="http://purl.org/dc/terms/RFC5646">
      <dcds:valueString>es</dcds:valueString>
    </dcds:statement>
    <dcds:statement dcds:propertyURI="http://purl.org/dc/terms/abstract">
      <dcds:literalValueString xml:lang="es">La evolución de la Agriculura ecológica (AE), ha sido distinta incluso dentro de los países industrializados, generándose desde motivaciones y fundamentos distintos en los movimientos que la forjaron. Esto ha ocasionado distintos énfasis en sus objetivos, principios y valores que, luego han marcado el desarrollo de la misma. Este es el caso de España, donde el movimiento social e ideológico que estimuló el nacimiento y práctica de la AE puso mayor énfasis en los aspectos sociopolíticos, en detrimento quizá de los aspectos relacionados con el desarrollo de los mercados, lo que más adelante ha repercutido en su desarrollo, junto a otros factores tales como el escaso interés y apoyo gubernamental al sector o el menor desarrollo del sector industrial, con el consecuente menor impacto ambiental negativo (Alonso et al. 2000) entre otros, ha provocado una expansión tardía de su práctica y, lo que es más relevante, del consumo, que ha configurado a nuestro país con un perfil de país exportador de productos ecológicos. Esta peculiar evolución de la AE, es una seña de identidad de los países mediterráneos (a excepción de Italia), con menor grado de industrialización. En el caso español las raíces que sustentaron al movimiento que más tarde impulso la agricultura ecológica, se puede encontrar en periodos incluso preindustriales, lo que le concede una particular concepción naturista y lo vincula a las corrientes anarquistas, que lo diferencia de otros movimientos europeos y lo vincular a los movimientos sociales rurales reivindicativos.</dcds:literalValueString>
    </dcds:statement>
    <dcds:statement dcds:propertyURI="http://purl.org/dc/terms/bibliographicCitation" dcds:vesURI="http://www.openurl.info/registry/">
      <dcds:valueString dcds:sesURI="http://voa3r.eu/terms/EncodedSchema">BibTeX:@misc{orgprints10736,
           month = {October},
           title = {Primera aproximaci{\'o}n a los principios y valores de la agricultura ecol{\'o}gica en Espa{\~n}a},
          author = {V. Gonz{\'a}lvez},
            year = {2004},
             url = {http://orgprints.org/10736/},
        abstract = {La evoluci{\'o}n de la Agriculura ecol{\'o}gica (AE), ha sido distinta incluso dentro de los pa{\'i}ses industrializados, gener{\'a}ndose desde motivaciones y fundamentos distintos en los movimientos que la forjaron. Esto ha ocasionado distintos {\'e}nfasis en sus objetivos, principios y valores que, luego han marcado el desarrollo de la misma. Este es el caso de Espa{\~n}a, donde el movimiento social e ideol{\'o}gico que estimul{\'o} el nacimiento y pr{\'a}ctica de la AE puso mayor {\'e}nfasis en los aspectos sociopol{\'i}ticos, en detrimento quiz{\'a} de los aspectos relacionados con el desarrollo de los mercados, lo que m{\'a}s adelante ha repercutido en su desarrollo, junto a otros factores tales como el escaso inter{\'e}s y apoyo gubernamental al sector o el menor desarrollo del sector industrial, con el consecuente menor impacto ambiental negativo (Alonso et al. 2000) entre otros, ha provocado una expansi{\'o}n tard{\'i}a de su pr{\'a}ctica y, lo que es m{\'a}s relevante, del consumo, que ha configurado a nuestro pa{\'i}s con un perfil de pa{\'i}s exportador de productos ecol{\'o}gicos. Esta peculiar evoluci{\'o}n de la AE, es una se{\~n}a de identidad de los pa{\'i}ses mediterr{\'a}neos (a excepci{\'o}n de Italia), con menor grado de industrializaci{\'o}n. En el caso espa{\~n}ol las ra{\'i}ces que sustentaron al movimiento que m{\'a}s tarde impulso la agricultura ecol{\'o}gica, se puede encontrar en periodos incluso preindustriales, lo que le concede una particular concepci{\'o}n naturista y lo vincula a las corrientes anarquistas, que lo diferencia de otros movimientos europeos y lo vincular a los movimientos sociales rurales reivindicativos.  &#xD;
&#xD;
}
}</dcds:valueString>
    </dcds:statement>
    <dcds:statement dcds:propertyURI="http://purl.org/dc/terms/type" dcds:vesURI="http://voa3r.eu/terms/ResourceType">
      <dcds:valueString>Research Report</dcds:valueString>
    </dcds:statement>
    <dcds:statement dcds:propertyURI="http://voa3r.eu/terms/reviewStatus" dcds:vesURI="http://voa3r.eu/terms/ReviewStatus">
      <dcds:valueString>Peer Reviewed</dcds:valueString>
    </dcds:statement>
    <dcds:statement dcds:propertyURI="http://voa3r.eu/terms/publicationStatus" dcds:vesURI="http://voa3r.eu/terms/PublicationStatus">
      <dcds:valueString>Published</dcds:valueString>
    </dcds:statement>
    <dcds:statement dcds:propertyURI="http://purl.org/dc/terms/creator" dcds:valueRef="creator1" />
    <dcds:statement dcds:propertyURI="http://purl.org/dc/terms/subject">
      <dcds:valueString xml:lang="en">Spain</dcds:valueString>
    </dcds:statement>
    <dcds:statement dcds:propertyURI="http://purl.org/dc/terms/subject">
      <dcds:valueString xml:lang="en">History of organics</dcds:valueString>
    </dcds:statement>
    <dcds:statement dcds:valueURI="http://orgprints.org/10736/" dcds:propertyURI="http://www.europeana.eu/schemas/ese/isShownAt" />
    <dcds:statement dcds:propertyURI="http://purl.org/dc/terms/rights">
      <dcds:literalValueString xml:lang="en">ICROFS rights: All of the entries, statements, results etc. contained in the Organic Eprints archive have been compiled by the authors according to their best knowledge and the metadata have been scrupulously checked by the International Centre for Research in Organic Food Systems (ICROFS) and the Research Institute of Organic Agriculture (FiBL). All depositors of eprints have agreed with the Deposit Agreement below. However, the possibility of mistakes can not be ruled out entirely. Therefore, the responsible partners behind Organic Eprints, the archive staff and the depositors are not subject to any obligation and make no guarantees whatsoever regarding any of the statements etc. on this website; neither do they accept responsibility or liability for any possible mistakes contained therein. The links to other websites on the Organic Eprints pages are for informational purposes only. ICROFS, FiBL and the depositors are not responsible for the availability or content of these sites. In addition, providing links to these sites should not be interpreted as endorsement or approval by ICROFS or FiBL.
Deposit Agreement
When depositing an eprint the depositors consents with the following agreement: "In depositing this eprint (a collection of files and associated metadata), I grant Organic Eprints the right to make it permanently available on-line, with open access to all or in accordance with any access restrictions that I have specified. I understand that Organic Eprints does not assume any responsibility if there is any breach of copyright in distributing these files or metadata. For work being deposited by its own first author: I declare that this eprint is my own intellectual property and that I have the right to make it available in Organic Eprints in the manner chosen. For work being deposited by someone other than its first author: I declare that I have gained the proper permissions from someone with the right to make this eprint available in Organic Eprints in the manner chosen - or that the material is in the public domain. Clicking on the deposit button indicates your agreement to these terms."</dcds:literalValueString>
    </dcds:statement>
    <dcds:statement dcds:valueURI="http://purl.org/eprint/accessRights/OpenAccess" dcds:propertyURI="http://purl.org/dc/terms/accessRights" />
    <dcds:statement dcds:propertyURI="http://purl.org/dc/terms/date">
      <dcds:literalValueString dcds:sesURI="http://purl.org/dc/terms/W3CDTF">2004-10-02</dcds:literalValueString>
    </dcds:statement>
    <dcds:statement dcds:propertyURI="http://voa3r.eu/terms/hasMetametadata" dcds:valueRef="metametadata" />
  </dcds:description>
  <dcds:description dcds:resourceId="creator1">
    <dcds:statement dcds:valueURI="http://xmlns.com/foaf/0.1/Agent" dcds:propertyURI="http://www.w3.org/1999/02/22-rdf-syntax-ns#type" />
    <dcds:statement dcds:valueURI="http://xmlns.com/foaf/0.1/Person" dcds:propertyURI="http://purl.org/dc/terms/type" />
    <dcds:statement dcds:propertyURI="http://xmlns.com/foaf/0.1/givenName">
      <dcds:literalValueString>V.</dcds:literalValueString>
    </dcds:statement>
    <dcds:statement dcds:propertyURI="http://xmlns.com/foaf/0.1/firstName">
      <dcds:literalValueString>V.</dcds:literalValueString>
    </dcds:statement>
    <dcds:statement dcds:propertyURI="http://xmlns.com/foaf/0.1/familyName">
      <dcds:literalValueString>Gonzálvez</dcds:literalValueString>
    </dcds:statement>
    <dcds:statement dcds:propertyURI="http://xmlns.com/foaf/0.1/lastName">
      <dcds:literalValueString>Gonzálvez</dcds:literalValueString>
    </dcds:statement>
  </dcds:description>
  <dcds:description dcds:resourceId="metametadata">
    <dcds:statement dcds:valueURI="http://voa3r.eu/class/MetaMetadata" dcds:propertyURI="http://www.w3.org/1999/02/22-rdf-syntax-ns#type" />
    <dcds:statement dcds:propertyURI="http://purl.org/dc/terms/identifier">
      <dcds:valueString>oai:orgprints.org:10736</dcds:valueString>
    </dcds:statement>
    <dcds:statement dcds:propertyURI="http://purl.org/dc/terms/type">
      <dcds:literalValueString>voa3r_dcds v1.0</dcds:literalValueString>
    </dcds:statement>
    <dcds:statement dcds:propertyURI="http://purl.org/dc/terms/date">
      <dcds:literalValueString dcds:sesURI="http://purl.org/dc/terms/W3CDTF">2015-09-08</dcds:literalValueString>
    </dcds:statement>
    <dcds:statement dcds:propertyURI="http://purl.org/dc/terms/contributor" dcds:valueRef="metacontributor" />
  </dcds:description>
  <dcds:description dcds:resourceId="metacontributor">
    <dcds:statement dcds:valueURI="http://xmlns.com/foaf/0.1/Agent" dcds:propertyURI="http://www.w3.org/1999/02/22-rdf-syntax-ns#type" />
    <dcds:statement dcds:valueURI="http://xmlns.com/foaf/0.1/Organization" dcds:propertyURI="http://purl.org/dc/terms/type" />
    <dcds:statement dcds:propertyURI="http://xmlns.com/foaf/0.1/name">
      <dcds:literalValueString xml:lang="en">Organic eprints</dcds:literalValueString>
    </dcds:statement>
    <dcds:statement dcds:valueURI="mailto:eprints@orgprints.org" dcds:propertyURI="http://xmlns.com/foaf/0.1/mbox" />
  </dcds:description>
</dcds:descriptionSet>